{"type":"FeatureCollection","features":[{"id":"0","type":"Feature","properties":{"id":"existing_water_supply_zone.1","ogc_fid":1,"objectid":1,"district_n":"Bugogwa North","planning_d":"Bugogwa North","dist_area_":1476,"cons__area":113.772,"area_less_":1362.23,"pr__pop":50000,"pr__du":10869.5652174,"pr_urb_den":7.97924375281,"ex__pop":12597,"ex__du":2519.4,"gfa_m2":201552,"new__pop":37403,"new_du":8131.08695652,"dus_lo_den":5691.76086957,"gfa_m200":1138352.17391,"dus__med_d":1626.2173913,"gfa_m201":243932.608696,"dus_high_d":813.108695652,"gfa_m202":81310.8695652,"heavy_indu":0,"gfa_m203":0,"light_indu":3999.6,"gfa_m204":119988,"logistics_":0.0,"gfa_m205":0.0,"logistics1":0.0,"gfa_m206":0.0,"total_logi":0.0,"total_gfa_":0.0,"commercial":1805.35919776,"gfa_m207":21964,"agri_minin":13519.8,"total_empl":19324.7591978,"coverage":"Zone 1","shape_leng":19384.5202467,"shape_area":14761139.1474},"geometry":{"type":"MultiPolygon","coordinates":[[[[32.98556348928526,-2.416710360568066],[32.985769280087894,-2.4168759355863374],[32.98598822468833,-2.4170578617169727],[32.98629284273675,-2.4173068121620673],[32.98649274838703,-2.4174791633640065],[32.986654575401,-2.417775987369077],[32.98686400047426,-2.4180249367410394],[32.98708294459027,-2.4182930372871114],[32.987444678049656,-2.4187334865091676],[32.98759698461421,-2.419212234148445],[32.98778737043961,-2.4195090582741683],[32.98785400335263,-2.4198441816868455],[32.98800631043483,-2.4202942044091844],[32.98809198051467,-2.420772951389311],[32.98813957406382,-2.421242122469065],[32.98819668550301,-2.421759168700845],[32.98833947046187,-2.4225921882572496],[32.988377544891655,-2.422965609992949],[32.98849177550297,-2.423339033282178],[32.9885584090123,-2.4236454308747275],[32.988615521505636,-2.424066727831438],[32.98867263477408,-2.424507174992773],[32.988748788077494,-2.4248614477222246],[32.988863017891035,-2.4252540202749],[32.98896773019824,-2.4254455196111806],[32.98895820820846,-2.4257902169676875],[32.988939167710484,-2.4260487396599704],[32.989005801141026,-2.426393436731986],[32.98904387600863,-2.426747709123837],[32.98931041746009,-2.427197732580646],[32.989405609948086,-2.4274945565936967],[32.98957695791478,-2.4278009549378643],[32.989615034233324,-2.4281073531422153],[32.98966262975991,-2.4282988510707706],[32.989833977384514,-2.428672274656316],[32.990024363465345,-2.429179747103676],[32.99042417554683,-2.4301755418349473],[32.99051936821661,-2.4305106643637546],[32.990700234017126,-2.431113885865257],[32.99078590803435,-2.4313819839351125],[32.99084302378506,-2.4316022076422645],[32.99078590472527,-2.4318703047298356],[32.99061455247402,-2.432071376651756],[32.99069070645419,-2.432329900005953],[32.99072878250807,-2.43259799864873],[32.9908144564939,-2.4328852460134307],[32.99090013019513,-2.4332203693417784],[32.990985802657676,-2.433612941474746],[32.991080995452066,-2.433986364361091],[32.99123330343232,-2.434704484097003],[32.99133801673471,-2.4349055578758105],[32.99141417142466,-2.435240680195527],[32.99141416991084,-2.4354800537059536],[32.99143320615036,-2.4358439005122876],[32.99145224287709,-2.4362747716812],[32.99148079979357,-2.436562019527829],[32.99150935636244,-2.4369067170861265],[32.99151887330589,-2.4372801384736107],[32.99152839037382,-2.437634410557715],[32.99149030951881,-2.4380844315577606],[32.9914903077763,-2.4383621045641433],[32.99157598115241,-2.4388312765469644],[32.99177588893797,-2.439281298116976],[32.99211858920392,-2.440008994406476],[32.99263264213285,-2.4406792418446166],[32.99272783715547,-2.440813291085618],[32.99298486380988,-2.441157989812234],[32.99324189026054,-2.441569711942902],[32.993403720986684,-2.441991009110895],[32.99353699323829,-2.4423548573150926],[32.99366074637711,-2.4426899797000607],[32.993825489780356,-2.4433392698358483],[32.993717287328884,-2.4435047109200863],[32.99353879703953,-2.4436064530499646],[32.99346145142828,-2.4438099377291156],[32.99343765173354,-2.444001454128657],[32.99345549879709,-2.4443246373179166],[32.99352689378626,-2.444603649631228],[32.993794438299076,-2.4457180847311637],[32.99400505694892,-2.446429023537048],[32.994105010078776,-2.4469424786847673],[32.99406216959417,-2.447412845915575],[32.993915802891955,-2.4480196561727463],[32.99373730769572,-2.44847207040599],[32.99360879088623,-2.4489603904640544],[32.99357308921669,-2.449671328100297],[32.99350882586396,-2.450741324413454],[32.993498115814084,-2.4508741761168293],[32.993194672821154,-2.451665900238277],[32.9930982857911,-2.451935194986669],[32.992637766931054,-2.452987235849809],[32.9925199579205,-2.453457603472686],[32.99215939438895,-2.4546065908386123],[32.99190950036591,-2.4549871922320228],[32.99173814437203,-2.45534625088154],[32.99161676685136,-2.4556191352775336],[32.99154536747436,-2.4558668859635366],[32.99143469861155,-2.4562510789683367],[32.99135259017324,-2.456427017452537],[32.99099916895232,-2.456997919422538],[32.9908706515491,-2.4571738575597037],[32.99063860586453,-2.4576298608641847],[32.99045297003712,-2.4579278787037704],[32.990306602831744,-2.458218716043164],[32.99010311472587,-2.458843477701728],[32.989885348202606,-2.4592851194482472],[32.98964259308346,-2.459644176349212],[32.98937841794023,-2.4600068247688385],[32.98883578832761,-2.4607536635996556],[32.9882681680798,-2.461604628862398],[32.98785405544907,-2.462182711063729],[32.987468500204685,-2.4628290137739692],[32.987168622472936,-2.463475318099751],[32.98675450634353,-2.464301150131393],[32.98650460580136,-2.4649977228106166],[32.98620829574448,-2.4657912410711402],[32.98597399941099,-2.4665623174404914],[32.983243212146824,-2.463513729430738],[32.9822481760163,-2.4624028892302494],[32.96728807415764,-2.4517729833766135],[32.96573631555074,-2.4488197307757047],[32.96561327804947,-2.448714564817281],[32.96416024124138,-2.4472278117729678],[32.96264496941008,-2.445790874710887],[32.955824280466246,-2.442432615515801],[32.95550377348796,-2.4422508702601435],[32.95515266558818,-2.4419704949964354],[32.953264598348525,-2.440334061441305],[32.95204369013681,-2.4392256192184676],[32.951706806583736,-2.438891209200229],[32.951123614608036,-2.438777814030434],[32.95003373300929,-2.437998903498199],[32.94914423059936,-2.437412116905785],[32.94730398516818,-2.436227735418769],[32.94611382598581,-2.435152470603658],[32.94586551919851,-2.434928134499131],[32.945094208772254,-2.4338905020577735],[32.94529512961643,-2.4338427383524635],[32.945991241637735,-2.4336063642170487],[32.94618757894643,-2.4335734556870983],[32.94656106750814,-2.4333936331603927],[32.947498733337014,-2.433149487231917],[32.94763200314954,-2.4331638557624182],[32.947831910050496,-2.4331638635413877],[32.94857443125832,-2.432828739704433],[32.94908371871536,-2.4327760917564354],[32.94956445105608,-2.4326276852091837],[32.95039740011864,-2.432445776198028],[32.95091144654718,-2.43239312863279],[32.95130649934416,-2.4323883552313186],[32.95182530251869,-2.4324027372618544],[32.952096601730844,-2.4324697776408457],[32.95298189673458,-2.4325751427092293],[32.95374344112519,-2.432670927388653],[32.95434315922522,-2.432690099009542],[32.95490004331097,-2.4326182993612715],[32.955180865022506,-2.432565642311395],[32.95547596739947,-2.4324986214410798],[32.95603760913386,-2.43246991237092],[32.9562851126398,-2.4324555571163984],[32.95666112545153,-2.4324986601927248],[32.95685151350513,-2.4324555754252515],[32.95707046199246,-2.4323550364130484],[32.957208493048945,-2.432333494915918],[32.957258470128814,-2.4323071637344187],[32.95734890714141,-2.432216196135351],[32.95748218013054,-2.432130018567397],[32.95777490152937,-2.4320869359966633],[32.95800336460893,-2.4321037012796243],[32.958209696221374,-2.432109513298652],[32.958290014841,-2.4321364474911387],[32.95831976019919,-2.432214251597098],[32.958403052947894,-2.4322860726400757],[32.95851311887288,-2.4323279699949407],[32.95857261336556,-2.4323608891533994],[32.95880166711867,-2.4325374495383945],[32.95887901063712,-2.4325823386727645],[32.959167563759294,-2.432663143469628],[32.95934010074318,-2.4326751181445903],[32.95954833701142,-2.432669139709563],[32.95983689656082,-2.4325344889753175],[32.96000943670521,-2.432438735869587],[32.96036938866826,-2.4323818903265826],[32.96059844856186,-2.4323549653654264],[32.960827507670906,-2.432354972062862],[32.96116960683787,-2.432447747433652],[32.96130347168224,-2.432480667714853],[32.96145221083413,-2.432498627058897],[32.96148391781133,-2.432493435781482],[32.961659843768324,-2.432164837545782],[32.96090772587515,-2.431559605396639],[32.9597294185999,-2.430298715142661],[32.95945366008991,-2.4294665419842794],[32.95887703881549,-2.4289873993597793],[32.95812493244997,-2.428104777682833],[32.95757340455535,-2.426919555771],[32.95960418857169,-2.426037019694695],[32.96040645263788,-2.426390083289408],[32.961484471011985,-2.427726620979847],[32.962361949628786,-2.4281049028303947],[32.963565360508625,-2.428180586807378],[32.96533287902061,-2.427966288166643],[32.971213158346956,-2.428469791211506],[32.97148719775309,-2.4249198904204903],[32.971680916801304,-2.424533951822631],[32.97176124101677,-2.424282588824259],[32.97194271780882,-2.4235554302605227],[32.972028988245754,-2.4234417187019757],[32.97208848750595,-2.4232831216155],[32.972159884137255,-2.4231694097398875],[32.97224615434885,-2.4230646766075146],[32.97220451009815,-2.422941985766412],[32.97221343825609,-2.4227684244656476],[32.97223724036398,-2.4225858859339278],[32.972302217671825,-2.4224130359889267],[32.973568901309626,-2.4192027111968213],[32.973952502436084,-2.419021774634335],[32.97452862311125,-2.417709954169071],[32.974826165282394,-2.4173477134361834],[32.97509548603722,-2.4148242178891937],[32.97515526721189,-2.415099600415844],[32.97527901094032,-2.415420392012192],[32.97575019884665,-2.416200828402839],[32.97589298282444,-2.416473741588026],[32.97599768958226,-2.416737077619866],[32.97616902473938,-2.4173738715178583],[32.97638795090058,-2.4182931524053304],[32.97639918615929,-2.4184024192660627],[32.97664541200736,-2.418305148039131],[32.97682627865741,-2.418242908219353],[32.976973829482276,-2.4180825156291093],[32.97717373739613,-2.417893397234447],[32.97729510970477,-2.4177401867381345],[32.97775918066425,-2.4172757681443926],[32.97796622697955,-2.41711777030812],[32.97807807811271,-2.4170818628798663],[32.97858260108688,-2.4168759910441375],[32.97877774721085,-2.4167754489539885],[32.97897527271003,-2.416655753947071],[32.97912758312919,-2.4164953620926135],[32.97934414862827,-2.4163158191824583],[32.97958689110236,-2.4161602155269013],[32.97977489564799,-2.4161530366824953],[32.979905786346926,-2.416081220138649],[32.98002239694181,-2.416074040197312],[32.9800985522538,-2.415980676914803],[32.98024848121542,-2.4159064667277526],[32.98044838746073,-2.4157173478356966],[32.9805869233538,-2.4156634855067836],[32.98081432870414,-2.4157606728850487],[32.9810047123914,-2.4158115470811508],[32.98123376699955,-2.415940225911445],[32.981293261792686,-2.4160060596022466],[32.98160858297759,-2.416218527502254],[32.982233283130654,-2.4162035735898653],[32.982328475668,-2.416179635036756],[32.98294722260799,-2.4164190382656003],[32.98303944003104,-2.4164399864109143],[32.98339343783504,-2.416302338536155],[32.98358084832026,-2.4162544621284336],[32.98416092671091,-2.4162963630173397],[32.984562518195126,-2.416401103494965],[32.98464878555406,-2.4164280361866877],[32.98490164022122,-2.4164370165711295],[32.98505335183971,-2.4165178133857954],[32.98514556923761,-2.4165447470163497],[32.985481714817226,-2.416763198064367],[32.98556348928526,-2.416710360568066]]]]}},{"id":"1","type":"Feature","properties":{"id":"existing_water_supply_zone.2","ogc_fid":2,"objectid":2,"district_n":"Bugogwa South","planning_d":"Bugogwa South","dist_area_":1145,"cons__area":358.131,"area_less_":786.87,"pr__pop":10000,"pr__du":2173.91304348,"pr_urb_den":2.7627346874,"ex__pop":6597,"ex__du":1319.4,"gfa_m2":105552,"new__pop":3403,"new_du":739.782608696,"dus_lo_den":0.0,"gfa_m200":0.0,"dus__med_d":147.956521739,"gfa_m201":22193.4782609,"dus_high_d":591.826086957,"gfa_m202":59182.6086957,"heavy_indu":0,"gfa_m203":0,"light_indu":0.0,"gfa_m204":0,"logistics_":0.0,"gfa_m205":0.0,"logistics1":0.0,"gfa_m206":0.0,"total_logi":0.0,"total_gfa_":0.0,"commercial":902.679598882,"gfa_m207":10982,"agri_minin":5920.80965,"total_empl":6823.48924888,"coverage":"Zone 1","shape_leng":20464.941041,"shape_area":20034055.7389},"geometry":{"type":"MultiPolygon","coordinates":[[[[33.02926740898612,-2.4601163334432514],[33.02868269081239,-2.4610509069200828],[33.02808829243554,-2.4622516913210695],[33.027650708728245,-2.4631262032194994],[33.02734580854184,-2.4641238219338124],[33.02611913864815,-2.4670557174546315],[33.02553558610311,-2.4687738940640345],[33.02494211977166,-2.4702663548569275],[33.02429236932083,-2.472330211790497],[33.02371102344768,-2.4747724388331593],[33.0236084633192,-2.47693947856032],[33.02375798515328,-2.4775998386019227],[33.02427713447862,-2.478871906012238],[33.024976512109305,-2.480585579505544],[33.025575120156816,-2.482522891150019],[33.02576193927552,-2.4831275049887296],[33.026272567322664,-2.484230214537158],[33.027073586879425,-2.485485962911592],[33.02813717929034,-2.486712128084659],[33.02926671168571,-2.4878329137306596],[33.030159682886215,-2.4890550006844463],[33.02782507026978,-2.490255544743919],[33.02604108242671,-2.490524725319882],[33.0227406847829,-2.4898967831575187],[33.019975490902766,-2.4894482539483933],[33.016942692122186,-2.488461432591235],[33.01524790368827,-2.4887305982572756],[33.01481919749565,-2.488960568293567],[33.01480996611097,-2.4889171011669857],[33.014682041062954,-2.4888034002169475],[33.01460766520471,-2.4886627696944226],[33.014571964615456,-2.488549067703888],[33.01458981163374,-2.488348592600794],[33.01450948686253,-2.488252844349561],[33.014348837069235,-2.4881181994781874],[33.01415248609718,-2.4878907977362745],[33.014039435836374,-2.4877052844777676],[33.01388176203112,-2.487681349093954],[33.013670539208924,-2.4876963117448585],[33.01345336428921,-2.4875377302893837],[33.013292713851186,-2.4873193037683072],[33.013143963321596,-2.48710985373111],[33.01293868942927,-2.4869722172225988],[33.01264714005843,-2.4867657604319486],[33.01244781668553,-2.4866370995071465],[33.01228419115566,-2.486445602757432],[33.012072968075756,-2.4864126910308317],[33.01190042027696,-2.4864216692281094],[33.011480947680276,-2.4862182061385116],[33.01120725049198,-2.4861074989185044],[33.0109424776645,-2.4860177358160733],[33.010710430174505,-2.4860207296335024],[33.01052598145185,-2.485990810250291],[33.01017493377892,-2.485769392943723],[33.01001428542174,-2.485727503869034],[33.00993991063221,-2.485640731910601],[33.009603736792954,-2.48530561194185],[33.00944011309613,-2.4851649817641652],[33.009255664420415,-2.4849914380276035],[33.009071214913675,-2.484820886170974],[33.008955190736785,-2.4847430910657855],[33.00882429243436,-2.484713170171986],[33.00873504377477,-2.484695217519683],[33.00861307015848,-2.484749077163594],[33.00844944693859,-2.484656321887478],[33.00826499819468,-2.4845845109716937],[33.00805972506801,-2.484425927632691],[33.00788420144406,-2.4843601013260144],[33.00762537988425,-2.4843361657906806],[33.007452832205146,-2.484324198249002],[33.007321933423434,-2.4843571126694157],[33.0072178100788,-2.484288293063062],[33.007051209975785,-2.4839262425220863],[33.00688163641481,-2.4837886039599546],[33.006643639196014,-2.4836539585340627],[33.00637291708804,-2.483615061469685],[33.006239043738034,-2.4836689209520144],[33.006164669780624,-2.4836838826445433],[33.006048646062524,-2.4836479766860613],[33.0058612234219,-2.483495377636087],[33.005476024324935,-2.4832909552693256],[33.00532941733939,-2.48310903221192],[33.00525706584699,-2.4829788135479314],[33.005196138304875,-2.4828620000597104],[33.004823196284896,-2.482645369169193],[33.00468039858314,-2.4826238256051774],[33.004555449965025,-2.482584329619901],[33.00441622234281,-2.4825268804218563],[33.004255573526976,-2.4824442981775543],[33.00410920563519,-2.482411982975542],[33.00397711761091,-2.4823832585449073],[33.00392713857592,-2.4823796678642345],[33.003755780237455,-2.482329400352999],[33.00345233471849,-2.482214501838073],[33.003102479165435,-2.4819452084975624],[33.002923981141876,-2.4817584983726975],[33.00277404295518,-2.4816220561751225],[33.00247059680227,-2.4815179299247063],[33.002156441105996,-2.481453299141513],[33.001863705613424,-2.4813635351517696],[33.001667357977624,-2.481302494910479],[33.0015352701199,-2.4812773610650174],[33.001381762982746,-2.481273771308999],[33.001267524259056,-2.4812522273438797],[33.000885539604084,-2.4810691079513933],[33.00076059123782,-2.481018839112337],[33.00061779372737,-2.480893168251072],[33.00045000587573,-2.4808069947124833],[33.000282218961246,-2.480796223171444],[33.00009301185123,-2.4807926323676655],[32.999921653858884,-2.4807818607809673],[32.99974315730234,-2.4807710882658767],[32.99951825017806,-2.4807351826088326],[32.99936117296199,-2.4806561896921697],[32.99923979489908,-2.4805628343591324],[32.99912912652371,-2.480433572522889],[32.999036308158324,-2.480333036432337],[32.998979188921275,-2.4802360902893517],[32.998772131965374,-2.4801463247696662],[32.998615054814444,-2.4801140098504235],[32.99846511714636,-2.4800709224281996],[32.99832945929452,-2.480042197425797],[32.99809443813614,-2.4800285530354205],[32.998047314282196,-2.4800170630314695],[32.9979659197568,-2.4800012637954034],[32.99788166928222,-2.4799768480032003],[32.997760291302804,-2.479932324756778],[32.99765604915196,-2.479869129932951],[32.997573226255305,-2.47982747922099],[32.997467556654605,-2.4797298145744193],[32.99744185301751,-2.4797082713489327],[32.99738901730838,-2.4796680564726628],[32.997410437715104,-2.47955172137471],[32.997410437829465,-2.4794928350050456],[32.997371882926956,-2.4794124062877967],[32.99734332338549,-2.4793650097958952],[32.99724907685111,-2.479238621220994],[32.99719053023949,-2.479151010794463],[32.99707914781663,-2.4790892516986256],[32.996972049719716,-2.479061963313398],[32.99679783698269,-2.479021748128771],[32.99670359030774,-2.4789829698176935],[32.99663790323516,-2.478955680603445],[32.99654222916465,-2.478868070052617],[32.9964922504911,-2.478784768795134],[32.99647368677278,-2.478600929782015],[32.99646511902806,-2.4785477892609173],[32.99642656429064,-2.478437198982486],[32.99632089399247,-2.478336661758271],[32.996243784042484,-2.4782993192512217],[32.99613525784132,-2.4781872929732063],[32.996002456287066,-2.478126970417017],[32.99590821052313,-2.4781126077088746],[32.995586915976546,-2.4779330768858125],[32.995449831251165,-2.4777937614061862],[32.99534273350731,-2.47770471493796],[32.99518422851806,-2.477611359096147],[32.9950599948686,-2.4775711438628947],[32.99495289690249,-2.47755247186014],[32.994894349352386,-2.4775338009421852],[32.99482437889322,-2.4775079483148725],[32.99464302627198,-2.477418900591459],[32.99454735253076,-2.4773097467175997],[32.99446738703454,-2.4771991562083073],[32.994377424141476,-2.477137396972527],[32.99426318685934,-2.4770986184009374],[32.99410753760211,-2.4770900002634515],[32.99391904565247,-2.4769980799244062],[32.993846218422235,-2.4769636097803085],[32.99360060702904,-2.4769377571619424],[32.99344638614635,-2.4769449371623766],[32.993300732388846,-2.476921956560006],[32.99323932981642,-2.476906158037907],[32.993125092594774,-2.4768659426734736],[32.993042269981466,-2.47683290822248],[32.9929680152689,-2.476795566443229],[32.99292232020031,-2.4767467339730374],[32.99288233815685,-2.4766591234520012],[32.992865202694816,-2.476605981955267],[32.99278095182314,-2.476545660240246],[32.99270098620508,-2.4764925183961464],[32.9926210196621,-2.4764451224196673],[32.992411107999345,-2.4763144236646815],[32.99231686273322,-2.4762426110220526],[32.99221833294187,-2.4761966507024904],[32.99212979842016,-2.4761736703064026],[32.99197700540581,-2.4761377637901743],[32.991767093668685,-2.476037225561124],[32.991507203272214,-2.475922325463218],[32.99137583046054,-2.4758806740472403],[32.9912358892669,-2.475781571978406],[32.99117020351567,-2.475731303524628],[32.991064533559125,-2.4756709806514805],[32.99096600378529,-2.4756350743843702],[32.99084748224043,-2.475612093696751],[32.9907289607994,-2.4755747505789136],[32.990586163123446,-2.47556182384322],[32.99049191745674,-2.4755675681357103],[32.99039909952366,-2.475544587592702],[32.990276293593254,-2.475524479306584],[32.99011350465129,-2.4755776185976925],[32.9900363938892,-2.4755733097445276],[32.98991073198476,-2.4755560738867715],[32.98978649868675,-2.475515858156854],[32.98975936810163,-2.475445482543192],[32.989569448672974,-2.475300421071159],[32.98941522869917,-2.475214245326331],[32.98926386361548,-2.475151049458068],[32.98909964710788,-2.475099344306846],[32.98896398995335,-2.4750720541304716],[32.988886880052235,-2.475076362662044],[32.98842421836924,-2.4749485336053367],[32.98832854386266,-2.4749025730204566],[32.9882257310933,-2.474826451736136],[32.9881429089581,-2.4747675646222693],[32.98806008650932,-2.474744584004685],[32.988008680309534,-2.474737402781485],[32.98797155293956,-2.4747345299599517],[32.98793585313566,-2.474727347972153],[32.987873023357935,-2.474694314283917],[32.98770166673375,-2.474631118052962],[32.98759314190152,-2.4745779765376335],[32.98746748060824,-2.474509035736886],[32.98733182386091,-2.4744487131848762],[32.987210446848536,-2.4743926981261173],[32.987081930456135,-2.47433237471285],[32.98703909134749,-2.474313703599978],[32.98679348141567,-2.4742031109880163],[32.986626409083,-2.474160022048091],[32.986527879859764,-2.4740925181266893],[32.98647790079996,-2.4740379404211374],[32.9864193552697,-2.4739359670928818],[32.9863922250256,-2.473852664779182],[32.986357954500455,-2.473765054117541],[32.986323684112065,-2.473664517729477],[32.986286037478244,-2.4736011661756945],[32.98820605969866,-2.4734953108293922],[32.98861682685009,-2.4734413705394758],[32.98898071145877,-2.4718525072565436],[32.98933337701647,-2.470312623438834],[32.98597399941099,-2.4665623174404914],[32.98620829574448,-2.4657912410711402],[32.98650460580136,-2.4649977228106166],[32.98675450634353,-2.464301150131393],[32.987168622472936,-2.463475318099751],[32.987468500204685,-2.4628290137739692],[32.98785405544907,-2.462182711063729],[32.9882681680798,-2.461604628862398],[32.98883578832761,-2.4607536635996556],[32.98937841794023,-2.4600068247688385],[32.98964259308346,-2.459644176349212],[32.989885348202606,-2.4592851194482472],[32.99010311472587,-2.458843477701728],[32.990306602831744,-2.458218716043164],[32.99045297003712,-2.4579278787037704],[32.99063860586453,-2.4576298608641847],[32.9908706515491,-2.4571738575597037],[32.99099916895232,-2.456997919422538],[32.99135259017324,-2.456427017452537],[32.99143469861155,-2.4562510789683367],[32.99154536747436,-2.4558668859635366],[32.99161676685136,-2.4556191352775336],[32.99173814437203,-2.45534625088154],[32.99190950036591,-2.4549871922320228],[32.99215939438895,-2.4546065908386123],[32.9925199579205,-2.453457603472686],[32.992637766931054,-2.452987235849809],[32.9930982857911,-2.451935194986669],[32.993194672821154,-2.451665900238277],[32.993498115814084,-2.4508741761168293],[32.99350882586396,-2.450741324413454],[32.99357308921669,-2.449671328100297],[32.99360879088623,-2.4489603904640544],[32.99373730769572,-2.44847207040599],[32.993915802891955,-2.4480196561727463],[32.99406216959417,-2.447412845915575],[32.994105010078776,-2.4469424786847673],[32.99400505694892,-2.446429023537048],[32.993794438299076,-2.4457180847311637],[32.99352689378626,-2.444603649631228],[32.99345549879709,-2.4443246373179166],[32.99343765173354,-2.444001454128657],[32.99346145142828,-2.4438099377291156],[32.99353879703953,-2.4436064530499646],[32.993717287328884,-2.4435047109200863],[32.993825489780356,-2.4433392698358483],[32.99386602926314,-2.4432772858586165],[32.99387792983263,-2.4430139518310314],[32.99393147796978,-2.442702738409446],[32.99396122664713,-2.4425471321630425],[32.99430035788796,-2.4420025095042237],[32.994687086680244,-2.441362129586619],[32.99552004016533,-2.439734247582815],[32.995954365776804,-2.438866441663958],[32.99604361059153,-2.4384834097698658],[32.99603766189787,-2.4383038635676275],[32.996341094106015,-2.437442042736372],[32.996721872647974,-2.4362929472062507],[32.99696580792151,-2.4356106722515283],[32.99728113853886,-2.4345992295177923],[32.997459628446805,-2.433916953415731],[32.99757862077514,-2.433767331954869],[32.99775710868477,-2.433593770789029],[32.99794154669883,-2.4333843003682767],[32.99807243751335,-2.43309702664328],[32.99822117865318,-2.4327319497250204],[32.998316372239806,-2.4325703578142424],[32.99854840623364,-2.4323848271605946],[32.998893482904144,-2.4321753567688273],[32.99918501230239,-2.4319000534024138],[32.99936350064992,-2.431750430908499],[32.9995181895388,-2.4315110366371284],[32.99968477853179,-2.4313314904817296],[32.99989301357668,-2.4312357322367255],[33.000065551680905,-2.4312357322392915],[33.00023808976732,-2.431133989219214],[33.00039872855705,-2.431032246180438],[33.00049392176802,-2.4308766397384933],[33.0006545604967,-2.430750956872975],[33.00075570282587,-2.4305654258902956],[33.001076980065335,-2.43023027305203],[33.00167788727852,-2.429691632905368],[33.0019753656242,-2.4293923891197244],[33.00216872710838,-2.429197880351676],[33.00273096137174,-2.4287968929398276],[33.00298976715409,-2.428587421657985],[33.003209900660856,-2.4284348066439336],[33.00342408502737,-2.4283151080374843],[33.003620420976645,-2.428210372609504],[33.00395359641511,-2.427950029435927],[33.004313544756975,-2.4276777166474393],[33.004444434272834,-2.4275729813066134],[33.00461399703291,-2.427486199990084],[33.0047359626174,-2.4273425625942626],[33.004920398806696,-2.427160022903163],[33.00515243113572,-2.427016385062272],[33.00538446437437,-2.4268877094412855],[33.00553022746408,-2.4267620260464153],[33.00565814297781,-2.426624373264459],[33.005800932547224,-2.426549562260805],[33.00597049383979,-2.4263819847484025],[33.00672013532468,-2.425627887098226],[33.006984890104945,-2.4254483395317297],[33.00735812662096,-2.425273388207531],[33.00749540719328,-2.4256262527024384],[33.007968061384915,-2.427290145055139],[33.0082043948289,-2.4289540386567756],[33.008736131965094,-2.430499079934136],[33.00968143362778,-2.431687569714251],[33.010626739702765,-2.433113757681984],[33.01109938676072,-2.4331137538592618],[33.01139479755305,-2.433767424207425],[33.011572048385226,-2.4347182200043576],[33.01228103468341,-2.436263258172867],[33.012251519046046,-2.43896708707721],[33.01313775197347,-2.440512123945832],[33.01479204460116,-2.44199772629459],[33.01491021040997,-2.4422948494419856],[33.0166236045727,-2.4450877941886713],[33.02305787516443,-2.451559245344279],[33.02646020424759,-2.455190703916974],[33.02827150272301,-2.4574678674268213],[33.02901323227865,-2.4579652001858454],[33.029161698426094,-2.459159613026389],[33.02926740898612,-2.4601163334432514]]]]}},{"id":"2","type":"Feature","properties":{"id":"existing_water_supply_zone.3","ogc_fid":3,"objectid":4,"district_n":"Buhongwa","planning_d":"Buhongwa","dist_area_":3259,"cons__area":420.0,"area_less_":2839.4,"pr__pop":150000,"pr__du":32608.6956522,"pr_urb_den":11.4843613623,"ex__pop":30504,"ex__du":6100.8,"gfa_m2":488064,"new__pop":119496,"new_du":25977.3913043,"dus_lo_den":2597.73913043,"gfa_m200":519547.826087,"dus__med_d":10390.9565217,"gfa_m201":1558643.47826,"dus_high_d":12988.6956522,"gfa_m202":1298869.56522,"heavy_indu":63000,"gfa_m203":2520000,"light_indu":7200.0,"gfa_m204":216000,"logistics_":14674.0,"gfa_m205":1027180.0,"logistics1":34239.6,"gfa_m206":410875.2,"total_logi":48913.6,"total_gfa_":1438055.2,"commercial":39131.5962518,"gfa_m207":476075,"agri_minin":0.0,"total_empl":158245.196252,"coverage":"Zone 3","shape_leng":24444.4321112,"shape_area":32586539.0653},"geometry":{"type":"MultiPolygon","coordinates":[[[[32.965802011652265,-2.5823074558441315],[32.96721163184825,-2.5827611475187897],[32.970143629036365,-2.5843490113199805],[32.97301923772033,-2.586390523345302],[32.97431609448312,-2.586787497038734],[32.975782090949465,-2.5881484900051936],[32.97916519280222,-2.589849756047088],[32.979620684340716,-2.590067543490274],[32.98260469011658,-2.5914943070293246],[32.984972868970665,-2.5930821277268348],[32.98617872898269,-2.594625633160196],[32.9868335737401,-2.5954638365796856],[32.988645606203235,-2.5983737741848167],[32.9903294518602,-2.601077844153446],[32.99337427555339,-2.6060680655793824],[32.99462612872707,-2.607194519846414],[32.9955169475718,-2.607996105684219],[32.998110719343806,-2.6105479201302666],[32.99968953980729,-2.6123625402483945],[33.00081727330292,-2.6150844671092353],[33.00166307787943,-2.6186002889528153],[33.0025882231117,-2.6206936637108864],[33.00279082172464,-2.621152093434202],[33.00369301705745,-2.6223429332358985],[33.00453882513403,-2.6232502396332196],[33.00482076768286,-2.6249514424772586],[33.00425690149569,-2.6266526492934363],[33.00430667926488,-2.6272032789564883],[33.00442606961978,-2.6285239737021744],[33.00476439750156,-2.6296581076889445],[33.00477657129024,-2.6299274183911208],[33.004820789601794,-2.63090565801675],[33.0045388576649,-2.6322666222115267],[33.00279084786718,-2.633344056686628],[33.00177587474268,-2.63442148694591],[33.001701218312476,-2.634909507684101],[33.001459878828,-2.6349309054533507],[33.00088192972538,-2.6351277326092224],[32.99990525419138,-2.635825580033677],[32.99927441369649,-2.6359840545750215],[32.999069598123334,-2.635626582664941],[32.99894684347262,-2.635562928489277],[32.998847862305695,-2.635511601997346],[32.99848512084537,-2.635658783680603],[32.997558592763795,-2.6351832692884316],[32.99727051061754,-2.635135177551793],[32.997090241498235,-2.6349941742849055],[32.99693064647523,-2.634570898435316],[32.995786693451805,-2.6340598340152206],[32.99518040929214,-2.6337929050080535],[32.99429877452661,-2.6338261206705096],[32.994057226366465,-2.6338573033232175],[32.99374655237574,-2.634178229344978],[32.992991756685015,-2.6337953364106714],[32.99255438696121,-2.6337573167507067],[32.99222375407626,-2.6338498754150574],[32.99174276273033,-2.6337789569706613],[32.99105435557257,-2.634029326296139],[32.990252229743696,-2.63400281837991],[32.989380521415775,-2.6342181800111466],[32.9884191315808,-2.633891906037627],[32.98749268217527,-2.6334395403600914],[32.986988321460906,-2.6334833153355044],[32.98648373800579,-2.63357349032361],[32.985976921355075,-2.6342504382784724],[32.98499089865597,-2.6343959649440607],[32.984073491873716,-2.634610781265232],[32.98322634137641,-2.63438861685127],[32.98268763445596,-2.6344210824576595],[32.98217110479494,-2.634660594433636],[32.98148269612164,-2.634853250157268],[32.98148172781776,-2.635117916942894],[32.98118232392153,-2.6355311925631884],[32.98094130768893,-2.635622094840492],[32.98003681392696,-2.635411324992627],[32.979589496055624,-2.6355362337879122],[32.97913075504784,-2.6356378946226804],[32.97828218847089,-2.6357954509797517],[32.97808612151116,-2.636105429781516],[32.97768382715142,-2.6364601801992515],[32.97722441451354,-2.6367116324780993],[32.97687916634987,-2.637089992261359],[32.976763438135805,-2.6374002446583873],[32.976613884017375,-2.6375605260113884],[32.97641900817091,-2.63759435058738],[32.97612109383499,-2.6375702839375355],[32.97588007572607,-2.6376728542596704],[32.97564966082145,-2.637994139140705],[32.9751682945982,-2.638015115399767],[32.974869859216014,-2.6381749402821244],[32.973950733021454,-2.6387925362057967],[32.973043553001226,-2.639283587140154],[32.972284805203834,-2.6399480405635316],[32.970544283536206,-2.6396071727528962],[32.96985646803659,-2.6396389949944403],[32.96888350506085,-2.6394048781724004],[32.96842491108356,-2.639437520507837],[32.96798923990352,-2.6394931376438584],[32.96749734463795,-2.6392725992112114],[32.96710781716589,-2.6392595646244015],[32.96683245144623,-2.639350552789042],[32.96653483563285,-2.639257107443744],[32.96629419107348,-2.6392447081075425],[32.965742787517044,-2.639622155287279],[32.965203403851916,-2.639827106542729],[32.964412400118746,-2.63991590915096],[32.96340255198206,-2.640279954011139],[32.962198423055824,-2.6405282109982715],[32.961533004675346,-2.6407442847979294],[32.96091343024033,-2.6409601769315363],[32.96014400110952,-2.6413944182089013],[32.95961604161301,-2.64161076498802],[32.959374777083404,-2.6418126952777823],[32.9592233617745,-2.6415810412146934],[32.958977016716545,-2.6412147938151285],[32.9586521271308,-2.6407372355487073],[32.95822727275149,-2.6400765537451494],[32.95777742777675,-2.6393979186507375],[32.95746325019395,-2.638916770521824],[32.95698841397855,-2.638198637066257],[32.95665281609347,-2.6376887623285743],[32.95624224408981,-2.637063986739813],[32.95569243586412,-2.636205818089025],[32.955285200425045,-2.6355109538997126],[32.95502457925125,-2.635058530933603],[32.9547461089712,-2.6345522485707553],[32.95448191798427,-2.6340639198674434],[32.95433197381083,-2.6337766677039016],[32.95414632588026,-2.633453508710829],[32.95407135372771,-2.6333134729792405],[32.95392497851602,-2.633051354833632],[32.95374647107227,-2.632753329981054],[32.95356796225202,-2.6324948023212187],[32.95337160310395,-2.6322147281367068],[32.953196664099046,-2.6319813344935703],[32.952993161807115,-2.6317335764624046],[32.95268612414073,-2.6313852778113054],[32.95248262158707,-2.631173426095524],[32.9521862929007,-2.6308825772452034],[32.95175429555269,-2.6304660524814985],[32.95125803466995,-2.629988486526914],[32.95083674825296,-2.629586325152352],[32.95014769511014,-2.6289256292155803],[32.94950148665758,-2.6282972520306815],[32.94908734269031,-2.6278914986380015],[32.94829832662476,-2.627123082023279],[32.94786633215557,-2.626699374290488],[32.94729152922617,-2.6261428108594815],[32.94667745584036,-2.6255431565422853],[32.94611693507452,-2.6249937730231307],[32.945663519968285,-2.6245592938654707],[32.94527793675986,-2.624257667944082],[32.94478881773531,-2.6238555006732334],[32.944406803837005,-2.6235718278447706],[32.944014078491605,-2.6233061067144927],[32.943439269956706,-2.6229470222057825],[32.94272879227461,-2.622516120224329],[32.94223252990052,-2.62221448919336],[32.941857654012914,-2.622002626915075],[32.941493489362195,-2.621823080605386],[32.94105434696478,-2.621632759091323],[32.940647337345396,-2.6214568013327617],[32.940308163289416,-2.6212987989862633],[32.94002968379082,-2.621155162751817],[32.93987616479279,-2.62105820953616],[32.93960125785656,-2.6208750761629256],[32.93940846725156,-2.620720671477708],[32.9392156789777,-2.620537542912907],[32.93903360187167,-2.6203292809079075],[32.93889793790405,-2.6201533358224025],[32.93875870570351,-2.6199486648872954],[32.93855521134489,-2.619636274298367],[32.938383849846495,-2.61935261001948],[32.938019709019215,-2.618695515241958],[32.93771982704195,-2.6181820464408325],[32.93741637600302,-2.617661397558373],[32.937191464366315,-2.617277193788994],[32.93698440456355,-2.6168965817013734],[32.93682375274942,-2.616648823245469],[32.93658098959793,-2.616282570759468],[32.93643104689257,-2.616070720099884],[32.93617400192956,-2.6157188291881384],[32.9360454799511,-2.615542884165372],[32.93591338764966,-2.615345395832013],[32.93574202639973,-2.615079684397441],[32.935595657085905,-2.6148175632391335],[32.93540287743168,-2.6144764479445732],[32.93529577809254,-2.6142825507547247],[32.93506373210076,-2.6138085820573767],[32.93462820129825,-2.6129145047204005],[32.9342426487731,-2.612124556425475],[32.93376070652595,-2.611180206670336],[32.9335322316284,-2.6107170103446364],[32.93323592858073,-2.6101137764947513],[32.93295033499304,-2.6095392679063742],[32.932736143243716,-2.609050937361327],[32.93266839856094,-2.608863056620458],[32.93307606961876,-2.608306215335988],[32.934006497537325,-2.6072855423729213],[32.93489461703884,-2.606605107853966],[32.9360364624108,-2.60613733481506],[32.937516627216425,-2.605627048677769],[32.9396312024546,-2.603713297702733],[32.9419572284837,-2.601586902623127],[32.94436781026083,-2.599843277155702],[32.95014488224143,-2.5958561050655975],[32.9500967297437,-2.59569066475356],[32.95006674526006,-2.5955542213477365],[32.950046374234134,-2.5954312712754115],[32.950012145644905,-2.5953132613135255],[32.9500035828579,-2.5951638921556426],[32.95001359184277,-2.594863720034228],[32.95002788018762,-2.594678446268175],[32.95005216454802,-2.5945003545432748],[32.950100729141326,-2.5942719949737096],[32.95019712720265,-2.593945732408374],[32.95028215424264,-2.593806402068111],[32.95041242560553,-2.5935018567469452],[32.950599524941765,-2.5930408337356337],[32.95084518188727,-2.59245055058558],[32.95103228167878,-2.591969419249027],[32.95117653342315,-2.5916132394436975],[32.9513593477631,-2.5911435977914437],[32.95146789262828,-2.5908836441125316],[32.95167498630966,-2.590378097821181],[32.951876367144266,-2.5898797320123244],[32.95204775556122,-2.5894258879762515],[32.95222628341253,-2.5890093872957167],[32.95238910205794,-2.5886043749986776],[32.952486220723564,-2.588370273081735],[32.95260619151567,-2.588067231643555],[32.95276901044686,-2.5876478578027275],[32.952886126437626,-2.5873275822631974],[32.95294182667753,-2.5871724714441693],[32.95299467488209,-2.5869527293133108],[32.95302752799622,-2.5867789460807775],[32.95305609925682,-2.5865261700002042],[32.95306895844374,-2.5863423328021415],[32.95306753854698,-2.5861312060814043],[32.95305897554889,-2.5859789653427687],[32.95304898685325,-2.5857491667441415],[32.95301186486545,-2.585516496467977],[32.95298902048233,-2.5853757432986857],[32.95294332861319,-2.5852033938314154],[32.95288906759283,-2.5850224266093504],[32.95282623800767,-2.5848414590650677],[32.952759123751655,-2.5846834711805045],[32.95268915172925,-2.5845441529345994],[32.95258348106368,-2.584340204856002],[32.95249066018434,-2.584183650874834],[32.9523307233896,-2.583940921831584],[32.95219077778948,-2.5837570779640395],[32.95203083756635,-2.5835847241396084],[32.95191373886928,-2.583472693960435],[32.951760937639996,-2.5833534798580233],[32.951543872949294,-2.5832256467490216],[32.9512368408144,-2.583044669750602],[32.9508869661938,-2.5828335295465012],[32.950345733225774,-2.5825103560209226],[32.94996586960731,-2.582293470338111],[32.94963313320132,-2.582088075425872],[32.94931324900829,-2.5818898616845374],[32.94900478897309,-2.581708884095837],[32.948710609703554,-2.5815566308856726],[32.94843782209105,-2.581440822307214],[32.94899926169502,-2.581059339270218],[32.95012700279306,-2.580095368817696],[32.95148023516466,-2.5803789553092082],[32.95418667833993,-2.5816266063579048],[32.9561601172241,-2.582874226508351],[32.956613937534414,-2.583239378901417],[32.95671361232749,-2.5832241486817455],[32.95758430303532,-2.5830911059819672],[32.959374078358046,-2.5828176269778753],[32.96399768276702,-2.5823641126036563],[32.965802011652265,-2.5823074558441315]]]]}},{"id":"3","type":"Feature","properties":{"id":"existing_water_supply_zone.4","ogc_fid":4,"objectid":5,"district_n":"Buswelu North","planning_d":"Buswelu North","dist_area_":3730,"cons__area":545.0,"area_less_":3185.17,"pr__pop":170492,"pr__du":37063.4782609,"pr_urb_den":11.6362637664,"ex__pop":9451,"ex__du":1890.2,"gfa_m2":151216,"new__pop":161041,"new_du":35008.9130435,"dus_lo_den":3500.89130435,"gfa_m200":700178.26087,"dus__med_d":14003.5652174,"gfa_m201":2100534.78261,"dus_high_d":17504.4565217,"gfa_m202":1750445.65217,"heavy_indu":0,"gfa_m203":0,"light_indu":9000.0,"gfa_m204":270000,"logistics_":5502.75,"gfa_m205":385192.5,"logistics1":12839.85,"gfa_m206":154078.2,"total_logi":18342.6,"total_gfa_":539270.7,"commercial":20496.1367746,"gfa_m207":249356,"agri_minin":0.0,"total_empl":47838.7367746,"coverage":"Zone 2","shape_leng":30592.1093697,"shape_area":37308275.2412},"geometry":{"type":"MultiPolygon","coordinates":[[[[32.986286037478244,-2.4736011661756945],[32.986323684112065,-2.473664517729477],[32.986357954500455,-2.473765054117541],[32.9863922250256,-2.473852664779182],[32.9864193552697,-2.4739359670928818],[32.98647790079996,-2.4740379404211374],[32.986527879859764,-2.4740925181266893],[32.986626409083,-2.474160022048091],[32.98679348141567,-2.4742031109880163],[32.98703909134749,-2.474313703599978],[32.987081930456135,-2.47433237471285],[32.987210446848536,-2.4743926981261173],[32.98733182386091,-2.4744487131848762],[32.98746748060824,-2.474509035736886],[32.98759314190152,-2.4745779765376335],[32.98770166673375,-2.474631118052962],[32.987873023357935,-2.474694314283917],[32.98793585313566,-2.474727347972153],[32.98797155293956,-2.4747345299599517],[32.988008680309534,-2.474737402781485],[32.98806008650932,-2.474744584004685],[32.9881429089581,-2.4747675646222693],[32.9882257310933,-2.474826451736136],[32.98832854386266,-2.4749025730204566],[32.98842421836924,-2.4749485336053367],[32.988886880052235,-2.475076362662044],[32.98896398995335,-2.4750720541304716],[32.98909964710788,-2.475099344306846],[32.98926386361548,-2.475151049458068],[32.98941522869917,-2.475214245326331],[32.989569448672974,-2.475300421071159],[32.98975936810163,-2.475445482543192],[32.98978649868675,-2.475515858156854],[32.98991073198476,-2.4755560738867715],[32.9900363938892,-2.4755733097445276],[32.99011350465129,-2.4755776185976925],[32.990276293593254,-2.475524479306584],[32.99039909952366,-2.475544587592702],[32.99049191745674,-2.4755675681357103],[32.990586163123446,-2.47556182384322],[32.9907289607994,-2.4755747505789136],[32.99084748224043,-2.475612093696751],[32.99096600378529,-2.4756350743843702],[32.991064533559125,-2.4756709806514805],[32.99117020351567,-2.475731303524628],[32.9912358892669,-2.475781571978406],[32.99137583046054,-2.4758806740472403],[32.991507203272214,-2.475922325463218],[32.991767093668685,-2.476037225561124],[32.99197700540581,-2.4761377637901743],[32.99212979842016,-2.4761736703064026],[32.99221833294187,-2.4761966507024904],[32.99231686273322,-2.4762426110220526],[32.992411107999345,-2.4763144236646815],[32.9926210196621,-2.4764451224196673],[32.99270098620508,-2.4764925183961464],[32.99278095182314,-2.476545660240246],[32.992865202694816,-2.476605981955267],[32.99288233815685,-2.4766591234520012],[32.99292232020031,-2.4767467339730374],[32.9929680152689,-2.476795566443229],[32.993042269981466,-2.47683290822248],[32.993125092594774,-2.4768659426734736],[32.99323932981642,-2.476906158037907],[32.993300732388846,-2.476921956560006],[32.99344638614635,-2.4769449371623766],[32.99360060702904,-2.4769377571619424],[32.993846218422235,-2.4769636097803085],[32.99391904565247,-2.4769980799244062],[32.99410753760211,-2.4770900002634515],[32.99426318685934,-2.4770986184009374],[32.994377424141476,-2.477137396972527],[32.99446738703454,-2.4771991562083073],[32.99454735253076,-2.4773097467175997],[32.99464302627198,-2.477418900591459],[32.99482437889322,-2.4775079483148725],[32.994894349352386,-2.4775338009421852],[32.99495289690249,-2.47755247186014],[32.9950599948686,-2.4775711438628947],[32.99518422851806,-2.477611359096147],[32.99534273350731,-2.47770471493796],[32.995449831251165,-2.4777937614061862],[32.995586915976546,-2.4779330768858125],[32.99590821052313,-2.4781126077088746],[32.996002456287066,-2.478126970417017],[32.99613525784132,-2.4781872929732063],[32.996243784042484,-2.4782993192512217],[32.99632089399247,-2.478336661758271],[32.99642656429064,-2.478437198982486],[32.99646511902806,-2.4785477892609173],[32.99647368677278,-2.478600929782015],[32.9964922504911,-2.478784768795134],[32.99654222916465,-2.478868070052617],[32.99663790323516,-2.478955680603445],[32.99670359030774,-2.4789829698176935],[32.99679783698269,-2.479021748128771],[32.996972049719716,-2.479061963313398],[32.99707914781663,-2.4790892516986256],[32.99719053023949,-2.479151010794463],[32.99724907685111,-2.479238621220994],[32.99734332338549,-2.4793650097958952],[32.997371882926956,-2.4794124062877967],[32.997410437829465,-2.4794928350050456],[32.997410437715104,-2.47955172137471],[32.99738901730838,-2.4796680564726628],[32.99744185301751,-2.4797082713489327],[32.997467556654605,-2.4797298145744193],[32.997573226255305,-2.47982747922099],[32.99765604915196,-2.479869129932951],[32.997760291302804,-2.479932324756778],[32.99788166928222,-2.4799768480032003],[32.9979659197568,-2.4800012637954034],[32.998047314282196,-2.4800170630314695],[32.99809443813614,-2.4800285530354205],[32.99832945929452,-2.480042197425797],[32.99846511714636,-2.4800709224281996],[32.998615054814444,-2.4801140098504235],[32.998772131965374,-2.4801463247696662],[32.998979188921275,-2.4802360902893517],[32.999036308158324,-2.480333036432337],[32.99912912652371,-2.480433572522889],[32.99923979489908,-2.4805628343591324],[32.99936117296199,-2.4806561896921697],[32.99951825017806,-2.4807351826088326],[32.99974315730234,-2.4807710882658767],[32.999921653858884,-2.4807818607809673],[33.00009301185123,-2.4807926323676655],[33.000282218961246,-2.480796223171444],[33.00045000587573,-2.4808069947124833],[33.00061779372737,-2.480893168251072],[33.00076059123782,-2.481018839112337],[33.000885539604084,-2.4810691079513933],[33.001267524259056,-2.4812522273438797],[33.001381762982746,-2.481273771308999],[33.0015352701199,-2.4812773610650174],[33.001667357977624,-2.481302494910479],[33.001863705613424,-2.4813635351517696],[33.002156441105996,-2.481453299141513],[33.00247059680227,-2.4815179299247063],[33.00277404295518,-2.4816220561751225],[33.002923981141876,-2.4817584983726975],[33.003102479165435,-2.4819452084975624],[33.00345233471849,-2.482214501838073],[33.003755780237455,-2.482329400352999],[33.00392713857592,-2.4823796678642345],[33.00397711761091,-2.4823832585449073],[33.00410920563519,-2.482411982975542],[33.004255573526976,-2.4824442981775543],[33.00441622234281,-2.4825268804218563],[33.004555449965025,-2.482584329619901],[33.00468039858314,-2.4826238256051774],[33.004823196284896,-2.482645369169193],[33.005196138304875,-2.4828620000597104],[33.00525706584699,-2.4829788135479314],[33.00532941733939,-2.48310903221192],[33.005476024324935,-2.4832909552693256],[33.0058612234219,-2.483495377636087],[33.006048646062524,-2.4836479766860613],[33.006164669780624,-2.4836838826445433],[33.006239043738034,-2.4836689209520144],[33.00637291708804,-2.483615061469685],[33.006643639196014,-2.4836539585340627],[33.00688163641481,-2.4837886039599546],[33.007051209975785,-2.4839262425220863],[33.0072178100788,-2.484288293063062],[33.007321933423434,-2.4843571126694157],[33.007452832205146,-2.484324198249002],[33.00762537988425,-2.4843361657906806],[33.00788420144406,-2.4843601013260144],[33.00805972506801,-2.484425927632691],[33.00826499819468,-2.4845845109716937],[33.00844944693859,-2.484656321887478],[33.00861307015848,-2.484749077163594],[33.00873504377477,-2.484695217519683],[33.00882429243436,-2.484713170171986],[33.008955190736785,-2.4847430910657855],[33.009071214913675,-2.484820886170974],[33.009255664420415,-2.4849914380276035],[33.00944011309613,-2.4851649817641652],[33.009603736792954,-2.48530561194185],[33.00993991063221,-2.485640731910601],[33.01001428542174,-2.485727503869034],[33.01017493377892,-2.485769392943723],[33.01052598145185,-2.485990810250291],[33.010710430174505,-2.4860207296335024],[33.0109424776645,-2.4860177358160733],[33.01120725049198,-2.4861074989185044],[33.011480947680276,-2.4862182061385116],[33.01190042027696,-2.4864216692281094],[33.012072968075756,-2.4864126910308317],[33.01228419115566,-2.486445602757432],[33.01244781668553,-2.4866370995071465],[33.01264714005843,-2.4867657604319486],[33.01293868942927,-2.4869722172225988],[33.013143963321596,-2.48710985373111],[33.013292713851186,-2.4873193037683072],[33.01345336428921,-2.4875377302893837],[33.013670539208924,-2.4876963117448585],[33.01388176203112,-2.487681349093954],[33.014039435836374,-2.4877052844777676],[33.01415248609718,-2.4878907977362745],[33.014348837069235,-2.4881181994781874],[33.01450948686253,-2.488252844349561],[33.01458981163374,-2.488348592600794],[33.014571964615456,-2.488549067703888],[33.01460766520471,-2.4886627696944226],[33.014682041062954,-2.4888034002169475],[33.01480996611097,-2.4889171011669857],[33.01481919749565,-2.488960568293567],[33.01524790368827,-2.4887305982572756],[33.016942692122186,-2.488461432591235],[33.019975490902766,-2.4894482539483933],[33.0227406847829,-2.4898967831575187],[33.02604108242671,-2.490524725319882],[33.02782507026978,-2.490255544743919],[33.030159682886215,-2.4890550006844463],[33.03058651615903,-2.4896391488881013],[33.03141794144713,-2.4903189776396975],[33.034402642958156,-2.494842571713149],[33.03608353374388,-2.496455040436874],[33.037085871395824,-2.4975333088328697],[33.03791739093063,-2.498638988028219],[33.038342642840014,-2.4991223596571954],[33.03866776344445,-2.499712287361208],[33.03875390894572,-2.500488067605489],[33.0387734887927,-2.500664397621034],[33.03834814096138,-2.5010524241545933],[33.03783165076352,-2.5014141032587927],[33.0359893741607,-2.5021181025245838],[33.03396529964582,-2.5028710528599776],[33.03229231383968,-2.50321825581735],[33.031651092737185,-2.5038000690467284],[33.02901261592617,-2.5056612084383625],[33.02743147313138,-2.5070511512951428],[33.026795993994014,-2.508063145861474],[33.02669539139667,-2.5082233537194925],[33.02615097203227,-2.5092325541327205],[33.02615584808863,-2.5094425094061674],[33.02606694622455,-2.509407952740925],[33.02570558678557,-2.5092495364278626],[33.025510426312024,-2.5093069899073024],[33.02524862611338,-2.5093979563394657],[33.024963027205956,-2.5095080733580146],[33.02475834767601,-2.5096086141395113],[33.024572708062855,-2.5097283038075022],[33.02441562933834,-2.5098336305033353],[33.024187150915516,-2.509996408150847],[33.0237063959806,-2.510484738047146],[33.02336367915288,-2.510767203776805],[33.02314472007358,-2.5109204064320787],[33.02282104121365,-2.511121484989387],[33.02263540195068,-2.51128426161325],[33.02181668692352,-2.5119401568947386],[33.02138828964284,-2.51236145987031],[33.021193131958945,-2.5125768983142196],[33.02101701331204,-2.5127588247336843],[33.02043153731587,-2.513366840349893],[33.020188779216426,-2.513634941258187],[33.01729193609306,-2.516774356135222],[33.01653033562085,-2.517480515295893],[33.01622093572015,-2.517791703531861],[33.01579253514234,-2.518246517241112],[33.01488813214475,-2.5190125206853873],[33.01422172877815,-2.5195630847705983],[33.01343632232893,-2.5200179015622726],[33.012222512202676,-2.520783906310452],[33.01108406524532,-2.5212107971956668],[33.01016061039571,-2.5211533551268324],[33.00991308634108,-2.5211533570433575],[33.00922763668888,-2.5212299619206604],[33.00765681390397,-2.521478919972542],[33.00640967536157,-2.5216895742004852],[33.00574326473447,-2.521708727505508],[33.005210136167676,-2.521756603852349],[33.004419964945235,-2.5219672551531036],[33.00370595405704,-2.522388553214993],[33.002887222274516,-2.5228864500296875],[33.002544496550485,-2.5230300748367758],[33.00203040819158,-2.523192849108205],[33.0011735936818,-2.5234705218966065],[32.99864122973783,-2.5239588427071697],[32.997974817602895,-2.524131189835197],[32.99717512275428,-2.5244471604208294],[32.996223105461425,-2.5247535545330053],[32.99462371479831,-2.5251365452286487],[32.99429050778203,-2.525213142709516],[32.993871619699235,-2.525299315243555],[32.99348129219114,-2.5253854877859014],[32.99280535879659,-2.5255482575611694],[32.99059667197683,-2.5262950858987927],[32.990215863231946,-2.526467431064586],[32.98979697351277,-2.526678076174799],[32.98944472459506,-2.5269270211458843],[32.98917815593597,-2.527262140280139],[32.9888259050257,-2.5277121578794026],[32.988740220917684,-2.5280568540097685],[32.9886640557964,-2.5284015493111163],[32.98840700806388,-2.528669644998871],[32.98819756170357,-2.528937740164679],[32.98811187758083,-2.5291579623522256],[32.987969072455385,-2.5294260580895926],[32.987816746876724,-2.5296462796332624],[32.98768346203108,-2.529866501339576],[32.98759777839638,-2.530019699225205],[32.987502573423114,-2.5303165201760316],[32.987502571041794,-2.5305654679568956],[32.98748352767849,-2.5308335648247846],[32.98744544495641,-2.5310442118797623],[32.98730263985888,-2.53127400898902],[32.98710271181335,-2.5315516786925065],[32.98691230377118,-2.5319059482622817],[32.98680026599854,-2.532033324250302],[32.986552163968774,-2.532315391207022],[32.9865432394452,-2.532234602465558],[32.986531339949806,-2.5321687750228414],[32.9865075391354,-2.53212688449791],[32.9864212641011,-2.5319443620622604],[32.98637961429839,-2.531824675506881],[32.98634986482929,-2.5316900277457766],[32.98631119044424,-2.531600262974694],[32.986278465572894,-2.5315224658821376],[32.98622193953448,-2.531438684726643],[32.986153513570216,-2.531417739760973],[32.986061285959835,-2.5314356910981837],[32.985989884089356,-2.531432698421261],[32.98593930915155,-2.5313818309776193],[32.9858946830484,-2.531321987884539],[32.98580245777202,-2.5312082845645634],[32.98571618181672,-2.5311245030593024],[32.985606104909614,-2.531016784240542],[32.985543629039775,-2.530956940031342],[32.98545735295111,-2.530888119838859],[32.985353226347264,-2.5308043381080356],[32.98528480090224,-2.530741501914599],[32.98518364920415,-2.530651736395624],[32.98513009909025,-2.530558978608667],[32.985085473985926,-2.530496142678338],[32.98498333164601,-2.5303515204288347],[32.98493573267297,-2.5302078967127866],[32.984858382043775,-2.5300582879332447],[32.98483458256809,-2.5299864756205452],[32.984763183117494,-2.529783008105636],[32.98473938365196,-2.5297111957909237],[32.9846917843782,-2.5295974938209183],[32.98467988492933,-2.5295376501674305],[32.98463228413419,-2.529477806089663],[32.98450733242352,-2.5293760717119045],[32.984334780286204,-2.5292623673195567],[32.98428718063224,-2.529184570898954],[32.984263381096525,-2.529046931253749],[32.98425743219431,-2.5289870876684124],[32.9841979323793,-2.5288374790646087],[32.984096783185564,-2.528634011146038],[32.9839837321776,-2.5284963703935364],[32.983918281839465,-2.5284245584506224],[32.983858781202116,-2.5283467609606993],[32.98382903173715,-2.5282390429884676],[32.98381713315441,-2.528113372908643],[32.98383498506692,-2.528011639339662],[32.98397779236224,-2.5276226609906676],[32.98403729545717,-2.5274969908895026],[32.984049197850545,-2.527311476684625],[32.98400754892277,-2.52714989976667],[32.98396589971179,-2.527012259891029],[32.98341849954446,-2.5262103547742463],[32.98334709990798,-2.5260547621647325],[32.983299501039376,-2.525929090711458],[32.98317455177049,-2.525671763603886],[32.98307340122731,-2.525534122922164],[32.98299605315036,-2.5252947487489523],[32.982978203856625,-2.525193015622535],[32.98296630639353,-2.5249895487771963],[32.98296630818409,-2.5248519094131394],[32.9829901110413,-2.5246484430361535],[32.982984162915876,-2.5245347406379883],[32.983245260429996,-2.5236544410717676],[32.983345227623104,-2.523180484701953],[32.983516597609594,-2.522663442005702],[32.98373080632749,-2.5222325733660886],[32.98394501543151,-2.521758618366179],[32.98384148482221,-2.521701167445342],[32.983686782821486,-2.5216353381785135],[32.983585632159,-2.5215994313324335],[32.98347258158139,-2.5214797437608354],[32.983282180313495,-2.5213421019470754],[32.98316913001622,-2.52120446111185],[32.98313938328182,-2.5209710722630163],[32.983044186758974,-2.5205880746616796],[32.98296089136639,-2.5201272813541307],[32.98288354502775,-2.5197801895409233],[32.98276455205045,-2.5190620702281508],[32.98269315835157,-2.518559386766594],[32.96930033256997,-2.5097641300491937],[32.9691575342232,-2.509632472005435],[32.96905043459605,-2.5095905791779978],[32.96894333511689,-2.509542701627418],[32.96888978749995,-2.5094289989181746],[32.96887193983862,-2.509351202632674],[32.96877674233585,-2.509219544779341],[32.968622045135014,-2.5090459961049625],[32.968413797270145,-2.508890398448846],[32.96835429961985,-2.508800632621367],[32.96824125153138,-2.5086809437240674],[32.96809250387868,-2.50854928451432],[32.96802110497315,-2.508477471618756],[32.96786045784701,-2.5083278597566285],[32.9677890598436,-2.508220140371088],[32.967693862236956,-2.508100450962867],[32.967557014967674,-2.5079927299404403],[32.967432066329735,-2.50790296243984],[32.96727736842061,-2.5077713029888806],[32.96717622032468,-2.5076935045855184],[32.96656932399183,-2.507436163628154],[32.96650387384155,-2.5074002563752575],[32.966378925316306,-2.507346394347187],[32.96623612599203,-2.507274578606326],[32.96612902665147,-2.507232685540879],[32.965968378039676,-2.5071548854972883],[32.96580772960223,-2.5070711007196196],[32.96567088091694,-2.506993301263661],[32.96555783166513,-2.506933454756352],[32.96543883243165,-2.506891561320231],[32.96523058307748,-2.506819743733488],[32.965129434069134,-2.5067838354596845],[32.96496878382386,-2.5067718626290554],[32.96480218236274,-2.506789810475979],[32.96461178277979,-2.506741931225657],[32.96451658347664,-2.5067000383516356],[32.96424883807204,-2.5064965643188684],[32.96387994177107,-2.5062990712435873],[32.96374309278836,-2.5062392248255656],[32.96357649468482,-2.506137486371435],[32.96336229753268,-2.5060118104165165],[32.96320165023807,-2.505898103558048],[32.96263045786353,-2.505550996501731],[32.962392460528235,-2.5054432720408384],[32.96223776204561,-2.5053594869988896],[32.96200571498092,-2.505227825592254],[32.96183316883916,-2.505084197362704],[32.961595174092615,-2.5048926921848995],[32.96144047764909,-2.5047430797148547],[32.96131553166959,-2.5045874833945354],[32.961142986039306,-2.5044318856459142],[32.96106563858028,-2.5043481036721307],[32.96089309230177,-2.5042164429389717],[32.96076219460559,-2.504108721388885],[32.96044090347026,-2.5037975273506214],[32.960119609594926,-2.50358208233158],[32.96004226207548,-2.503474362344915],[32.95972096980459,-2.503211042227889],[32.959572229852405,-2.5028759162415346],[32.959500840526054,-2.502516854685438],[32.95944729878062,-2.502247558967233],[32.9593223773791,-2.5013379390921946],[32.95928073578784,-2.501062659019239],[32.95918554796701,-2.500667691123162],[32.95907250789058,-2.500338549997265],[32.95889997107363,-2.499925626414724],[32.95887023041726,-2.4996204258393546],[32.95863820134947,-2.498956158614083],[32.95851921281577,-2.4986030801982886],[32.958519222382904,-2.4982978805533906],[32.958471630851584,-2.498016615542128],[32.95833479574166,-2.4975797568651084],[32.958281252154826,-2.4973822722351153],[32.958269356115004,-2.4972326639360127],[32.95825170883804,-2.4971007589906073],[32.95813747163365,-2.497039715773638],[32.95799110580341,-2.4969284026252194],[32.95781261102887,-2.4967775920214996],[32.95772693423436,-2.49667705238049],[32.95761626917428,-2.49652983476791],[32.95757343125091,-2.496465202983085],[32.957516316653454,-2.4963251678494998],[32.957494901510735,-2.496159999879483],[32.95750204552887,-2.4960486916514957],[32.95751989726339,-2.495973290250896],[32.95757344999846,-2.495879936766941],[32.957594876526464,-2.4956896361911847],[32.95761986938354,-2.4955926909505775],[32.95767699403793,-2.4954454787608897],[32.957684135645586,-2.4953808476884567],[32.957676998052385,-2.4953198078883108],[32.957644870730924,-2.4952300415528597],[32.95764487486284,-2.4951007807555996],[32.95761988752985,-2.495025377061566],[32.9575770494238,-2.4949679269341782],[32.95754492359195,-2.49486020826037],[32.95751636639463,-2.4947740328661885],[32.957494948855384,-2.494684266873933],[32.95748424232192,-2.494583730551176],[32.95747710589363,-2.4944867842684144],[32.9574592568513,-2.4944508781126835],[32.95740541279997,-2.4943458511729126],[32.95734472450788,-2.4943171243757374],[32.95718407666254,-2.4942524887370507],[32.957141235900565,-2.4943063461532997],[32.95705912511224,-2.4943422490412166],[32.95696630471306,-2.4943458368250875],[32.95683421562547,-2.4943458324802954],[32.956702128766594,-2.494277606894457],[32.956580752381846,-2.49418783848572],[32.95644509722187,-2.494062163110589],[32.95633443039063,-2.493979575788585],[32.95623090377063,-2.493904169449201],[32.95611667055224,-2.493706683603633],[32.95604170616069,-2.493563056977562],[32.955970312293786,-2.493383525795602],[32.955909627062375,-2.493265033635245],[32.95585608166817,-2.4931106370408718],[32.955831095908124,-2.4929921460783384],[32.95574542651571,-2.492708486692718],[32.955677601986864,-2.492557679532782],[32.95564190537242,-2.4924463698621335],[32.9554955476051,-2.4921160312457027],[32.95546342200832,-2.4920083125201797],[32.95539202781735,-2.491843142812112],[32.95532420518491,-2.4916384768156776],[32.95526708891588,-2.4915343471580096],[32.95522068287238,-2.4914158563564666],[32.95501720670745,-2.4910783340762204],[32.95494224058292,-2.4909670230387335],[32.9548815549406,-2.490866484070807],[32.95483871891837,-2.490755175036558],[32.954785174400605,-2.4906079582452363],[32.95475304726226,-2.4905217835715163],[32.954724489478636,-2.490460742109992],[32.95469236287955,-2.490385339017473],[32.95463217412105,-2.4902233117424872],[32.954605403498455,-2.490115592275159],[32.95456970742547,-2.4899929129719127],[32.954465587020536,-2.489906136873305],[32.95438526479111,-2.4898343220248607],[32.95433469145899,-2.4897924299737326],[32.95430196826037,-2.489750538542203],[32.954230572145136,-2.4896488031329147],[32.95416810182741,-2.4895261219802682],[32.95415025621524,-2.4894213956249764],[32.95416215982026,-2.489310686497665],[32.95416216281496,-2.4892239140064203],[32.9541532404387,-2.489146117824085],[32.95411159313102,-2.489077296214288],[32.954025324015504,-2.488933669980701],[32.95397772790319,-2.4888468958218213],[32.9539420294307,-2.4887960276564085],[32.95393013131259,-2.4887481522305057],[32.953927158564646,-2.488691301401685],[32.95389146072126,-2.488622480898311],[32.95383196558037,-2.4885147602649185],[32.953814117339114,-2.488460900818047],[32.95378734431827,-2.4884249942983123],[32.95375462096175,-2.488389087568527],[32.953727847357044,-2.4883442044268884],[32.95370405020634,-2.4882753834328764],[32.953668351863755,-2.488221523354718],[32.95363265442355,-2.488167663275647],[32.95359695573233,-2.4881497087736344],[32.953540432989875,-2.488083879430244],[32.95346566214234,-2.4879785349364636],[32.953351430187126,-2.487796607298954],[32.9532895541772,-2.487686493575107],[32.953165800950266,-2.487552440591999],[32.95309440482701,-2.4874566889318994],[32.95299921019892,-2.4873322115924625],[32.95292781342121,-2.487255610107956],[32.952851656776545,-2.4871933699563997],[32.952637465198166,-2.487025801984311],[32.95251846782781,-2.4869683480413634],[32.95236139023589,-2.4869587677168776],[32.95217099328359,-2.486930035977017],[32.952047236578046,-2.4868725818186523],[32.95199011942671,-2.486805555444975],[32.951942523673694,-2.486714592365022],[32.95190444876633,-2.4865901170351115],[32.95190445292247,-2.486475217737758],[32.95187589505115,-2.4864225548160057],[32.95177927196427,-2.486303822302374],[32.951693597717075,-2.486188920763845],[32.9515865026856,-2.4860883799386735],[32.95145084764156,-2.4859950197090375],[32.95130091089368,-2.485951926927066],[32.951072438686786,-2.4858154759811213],[32.95092250568178,-2.485671847176208],[32.95070117385041,-2.4855138523627422],[32.95060836015903,-2.485377406416623],[32.95058694469577,-2.4852481448071355],[32.95056553147014,-2.4850829767142564],[32.95050127863456,-2.484917807009191],[32.9504370247446,-2.484781362125379],[32.95035135007898,-2.484659278842344],[32.9502656791864,-2.48443665866782],[32.95014430615241,-2.484293030855277],[32.94998723312658,-2.4841709448412495],[32.94980873934512,-2.484063220404175],[32.94955884628744,-2.4839554923033527],[32.94938749486145,-2.4837975000932753],[32.94915902623985,-2.4835820560067967],[32.949001956965496,-2.483366614650085],[32.94890914986107,-2.4830434572261737],[32.94886631644678,-2.4829070130979933],[32.94879492575859,-2.482684394288217],[32.94877351410095,-2.4824617765151693],[32.94880922023521,-2.482303792271577],[32.9488877625056,-2.482210440093952],[32.94890918650179,-2.4820883608711894],[32.94888777297669,-2.481937555160561],[32.948766401421,-2.4817652014931117],[32.948645028789194,-2.481621573544533],[32.94847367860185,-2.481442037146874],[32.948398477570606,-2.4812924262659175],[32.948348502347365,-2.4811727381384356],[32.94831994584186,-2.481091350314988],[32.948324709426785,-2.481005176025893],[32.94829377299058,-2.4809190003359367],[32.94826521621478,-2.480844794169856],[32.94822713902059,-2.480792130795723],[32.94818668217375,-2.4807274978957485],[32.94818906527246,-2.4806508990581553],[32.94816764747364,-2.4806125987500525],[32.948117669127505,-2.4805742973172724],[32.94805103332513,-2.480495301874058],[32.947962978993814,-2.4803971553966484],[32.94782732534533,-2.48028943238948],[32.94771309034224,-2.4801984656128764],[32.94762503643161,-2.4800907444731446],[32.9475203207557,-2.4800069597172025],[32.947417986772855,-2.47990641965392],[32.947365629727585,-2.4798561486671016],[32.94725377557541,-2.4797484265523866],[32.947191899534594,-2.4796837936698504],[32.94705624573634,-2.4795832513389446],[32.94695628970716,-2.479516223029251],[32.94683253401466,-2.4794563754110914],[32.94672067883042,-2.4793989212440426],[32.94659692239286,-2.4793582228844686],[32.94643508734472,-2.4793031605540574],[32.94634464911185,-2.4792816137095812],[32.94624469259406,-2.479250490925976],[32.94607274159441,-2.4792183681915176],[32.94585259894385,-2.479122610052525],[32.945650308016724,-2.4789849623189673],[32.945435222791446,-2.4786624772404586],[32.94534093694236,-2.4784104548385755],[32.94521004713821,-2.4782249358914243],[32.94506726073225,-2.477943666415657],[32.944936373974485,-2.4776863353788285],[32.94473409178561,-2.4773452207504025],[32.94457345551908,-2.47708788843144],[32.94444851508535,-2.476908353470908],[32.94435332455615,-2.4767228359427658],[32.94427003072223,-2.476609130069173],[32.944026103350204,-2.47617824917367],[32.94387736450381,-2.4759807599085626],[32.94368102907919,-2.4757353944912723],[32.943556088889785,-2.475555860352753],[32.94330620657902,-2.47524466433768],[32.94298492978919,-2.4748556702257973],[32.94290758492728,-2.474777871009401],[32.94274099647664,-2.4745803808475952],[32.942568458958235,-2.4743769065957397],[32.942437567608195,-2.4742452462013955],[32.94237212233371,-2.4741494942307654],[32.942288830243164,-2.474023819708673],[32.94221148689918,-2.4738921616307494],[32.94205679940915,-2.473689885037558],[32.94198540377924,-2.473618069840406],[32.941880690177726,-2.473527103893762],[32.941804533516844,-2.4734744377582696],[32.941742657299265,-2.473426560925402],[32.941652223266,-2.4733403824583764],[32.94160938737523,-2.4732637816344107],[32.94156179190266,-2.4731728181857684],[32.94149991780271,-2.473077066330945],[32.94143328433671,-2.472962164077038],[32.94130001512658,-2.4727850223428343],[32.941223861056294,-2.4726749074282637],[32.94118102415785,-2.472622243643829],[32.94110486931911,-2.472550428188586],[32.94101443369645,-2.472502550049795],[32.94090971575255,-2.472492969827765],[32.940790718549685,-2.4724929645029676],[32.94070504103152,-2.4724929606625015],[32.940581284680825,-2.4724690180523816],[32.940471808923014,-2.4724259258887624],[32.940438490733,-2.472392412694774],[32.94020883002423,-2.4722983287502576],[32.940153617237776,-2.4722561962064984],[32.94005651959863,-2.4721546977261384],[32.93996894144926,-2.472074265146166],[32.93982424680006,-2.4719402099867076],[32.93977855381921,-2.4718923328958815],[32.93968907066306,-2.471829134201571],[32.939611011903175,-2.4717525317078364],[32.93953866564905,-2.4716625242508163],[32.93949487686466,-2.471616562527451],[32.93946631767146,-2.4716108162553243],[32.93941110328899,-2.4716050687615123],[32.939386353111956,-2.47156868345176],[32.939355891858725,-2.471534212264848],[32.93932733475243,-2.471482506269476],[32.93930068112943,-2.4714480352560186],[32.93925308296453,-2.4714212235350943],[32.93919786989651,-2.471386751207425],[32.93915979215144,-2.471359939920883],[32.93913313862234,-2.4713235536142526],[32.93910267744051,-2.4712680178514237],[32.939100775356835,-2.471220143658245],[32.93911220262067,-2.4711435443487346],[32.93910458998368,-2.471086094347645],[32.93909126342639,-2.471053539233541],[32.93907222579398,-2.47102289914618],[32.939049380509815,-2.4709731086979523],[32.93906270965437,-2.4709290639767514],[32.939066519487206,-2.4709003402316028],[32.93907223320588,-2.4708601257392497],[32.939072234426646,-2.4708333152991218],[32.939060812134734,-2.4708007602723754],[32.938997983820926,-2.47074713830548],[32.938965618072,-2.470718411987095],[32.938921829949706,-2.4706590450252626],[32.93890659922636,-2.4706245754361618],[32.93887613949361,-2.4705575488333102],[32.93883996540325,-2.4705249926608293],[32.93879046540708,-2.4704656263354074],[32.938729541293824,-2.4704139188294563],[32.9386705189678,-2.470396681199428],[32.93861720960376,-2.4703756141567172],[32.93857342010178,-2.4703468872989456],[32.938516304769486,-2.4702702857147383],[32.93848965154319,-2.470228154430417],[32.938466806117724,-2.470182193647522],[32.938466808230636,-2.470136233926987],[32.93845157833623,-2.470103678718073],[32.93841921224367,-2.470063462456535],[32.938394463285476,-2.4700213321636784],[32.93837923374672,-2.4699811166989334],[32.938344964650604,-2.4699332409967085],[32.938312599288345,-2.469896854407824],[32.93824786652115,-2.4698489763779365],[32.938202173667584,-2.469801100138976],[32.93817361637649,-2.4697551390843926],[32.93812735398938,-2.4696910493487203],[32.93808356574645,-2.469616362754633],[32.93802645084049,-2.469551251080079],[32.93797314319398,-2.4694746487467008],[32.93792174034639,-2.469386557475108],[32.93785320045227,-2.4693482547928904],[32.937756102307134,-2.4692659054290487],[32.93767233094599,-2.4692103671260774],[32.93759617573161,-2.4691548291770222],[32.93751621075311,-2.4691261005792793],[32.93746860939816,-2.4691701427619677],[32.937407682799204,-2.4691739704621187],[32.93729725578178,-2.4691299199004972],[32.93725727343086,-2.4691126831107644],[32.93718492594935,-2.4690552309338223],[32.93716208085784,-2.469003525164172],[32.93714685100772,-2.4689709699407807],[32.937097349434886,-2.468947987729311],[32.937028809138326,-2.468900109460428],[32.936983116000505,-2.4688598925308196],[32.93694503891301,-2.4688215912523774],[32.93689553888327,-2.468766054533325],[32.936840327521544,-2.4686990276099503],[32.93676607573096,-2.468643489705127],[32.936695632374054,-2.4685898663635335],[32.93666897941914,-2.4685439062733745],[32.93659853644094,-2.4684634733915716],[32.93652511172278,-2.468380487246462],[32.936496555517884,-2.4683134615867504],[32.936471806751605,-2.4682502657842345],[32.938103493125006,-2.4673853955696594],[32.941596586616356,-2.465877666250586],[32.9445664436203,-2.469543814873513],[32.94755903172804,-2.4688149540204036],[32.9516019348364,-2.4678302723639507],[32.95800680125619,-2.4717126581951434],[32.960762508449875,-2.4733830453531547],[32.96310652239475,-2.4748038748440795],[32.96607800627022,-2.4699472225799632],[32.97466785651487,-2.472015002566413],[32.982199784688625,-2.473826440511351],[32.98482570107984,-2.47368167566252],[32.986286037478244,-2.4736011661756945]]]]}},{"id":"4","type":"Feature","properties":{"id":"existing_water_supply_zone.5","ogc_fid":5,"objectid":7,"district_n":"Butimba","planning_d":"Butimba","dist_area_":1917,"cons__area":372.2048,"area_less_":1544.8,"pr__pop":125000,"pr__du":27173.9130435,"pr_urb_den":17.5905703285,"ex__pop":37555,"ex__du":7511.0,"gfa_m2":600880,"new__pop":87445,"new_du":19009.7826087,"dus_lo_den":1900.97826087,"gfa_m200":380195.652174,"dus__med_d":13306.8478261,"gfa_m201":1996027.17391,"dus_high_d":3801.95652174,"gfa_m202":380195.652174,"heavy_indu":0,"gfa_m203":0,"light_indu":21991.2,"gfa_m204":659736,"logistics_":7337.0,"gfa_m205":513590.0,"logistics1":17119.8,"gfa_m206":205437.6,"total_logi":24456.8,"total_gfa_":719027.6,"commercial":18690.7775769,"gfa_m207":227392,"agri_minin":0.0,"total_empl":65138.7775769,"coverage":"Zone 3","shape_leng":23753.3863734,"shape_area":19026189.5465},"geometry":{"type":"MultiPolygon","coordinates":[[[[32.90949049960948,-2.5599314915883586],[32.90944687739532,-2.560486758545274],[32.910404644709615,-2.560980329349446],[32.91099237560004,-2.5611133683982468],[32.91143317866951,-2.5611429543615936],[32.91218254142192,-2.5612316720363104],[32.91284375568671,-2.561128273828236],[32.91365192052609,-2.5608180008563224],[32.913960485119965,-2.5608032440455237],[32.91446007242289,-2.5606702787834728],[32.914784886160106,-2.560583830362764],[32.914915571973204,-2.5606555324834397],[32.91523881660088,-2.560832884877824],[32.91575308961111,-2.560832918022507],[32.91654653430097,-2.5609068583984076],[32.917057863600775,-2.5609545088039805],[32.91728121040299,-2.560892128575493],[32.917558853559136,-2.560814584232057],[32.91767792242407,-2.5610990404243608],[32.91779545240732,-2.5613798206409353],[32.918015839570934,-2.561616276319026],[32.91816397354482,-2.5617056782182503],[32.91823623426884,-2.5617492884092905],[32.91831252312589,-2.5617953298293368],[32.9183445915717,-2.5618582784842037],[32.91841253795583,-2.562030073242151],[32.91850068652682,-2.562236965075915],[32.91866230507656,-2.5623995286400896],[32.919059020597544,-2.5625473294751604],[32.91916460486956,-2.5625811237389393],[32.91932724313485,-2.5622917765290203],[32.920326677743304,-2.5631194149320797],[32.92107935078995,-2.5637268689679114],[32.92149287401688,-2.564076976634302],[32.922293082733596,-2.5647262697440465],[32.92229314749969,-2.564726323126322],[32.92333439754162,-2.565579150037829],[32.923810397650136,-2.5659561896455205],[32.92446192335222,-2.566497808474341],[32.92480404862309,-2.5667790908364667],[32.92523840044735,-2.567120221955294],[32.92591967708801,-2.5676797950190986],[32.92642245471503,-2.568086756954668],[32.92757077360724,-2.5690154843391046],[32.928076565133786,-2.569403399705833],[32.92876081880362,-2.5699689552659875],[32.929171372395885,-2.570298115247147],[32.929412349136584,-2.5705015950388335],[32.930054953984445,-2.5710252573922094],[32.93049525855649,-2.571381347505367],[32.930893910977346,-2.571722474801388],[32.931366941753105,-2.5720965196105245],[32.93176857027906,-2.572440639605938],[32.93210177422442,-2.572700974477926],[32.93246175299499,-2.5730032009091435],[32.932815781839814,-2.573293459326168],[32.933166836245135,-2.573577731881152],[32.9335625191458,-2.57385901568209],[32.933943327703545,-2.5741043921686573],[32.934502641955994,-2.574421588797151],[32.935298444443184,-2.574814402677407],[32.93593500203369,-2.5750929241474747],[32.93662686074803,-2.575445013347446],[32.937251631179834,-2.5757532363556592],[32.937581867145944,-2.575911836927593],[32.93790912885655,-2.576058468763797],[32.93823936484169,-2.576220061067983],[32.93864695366066,-2.576411578748213],[32.93898314142449,-2.5765552188435468],[32.93939668049725,-2.576761696979605],[32.939836995503946,-2.576974160959078],[32.94055697317956,-2.5772793949808683],[32.941250457713885,-2.577621025962945],[32.94153178502941,-2.5777445546024276],[32.94183167684161,-2.5778738289877174],[32.94205445342472,-2.577949960300427],[32.94230722118423,-2.5780275287260914],[32.94253856937926,-2.5780763704492617],[32.94290558308622,-2.5781410182322007],[32.94379085390872,-2.578293455630299],[32.94431978957101,-2.5785987071070684],[32.94477348186702,-2.5789597544421303],[32.94504766545798,-2.5791852554158945],[32.94541895425201,-2.579486879822881],[32.945634588398214,-2.5796534928062167],[32.946551806489154,-2.5803928243909726],[32.946765593953366,-2.5805626769007985],[32.94691982291939,-2.5806818907509887],[32.94698694076579,-2.5807307256851337],[32.94717544392274,-2.5808513767255103],[32.9473753709534,-2.5809720291178224],[32.94764384592541,-2.581105610012948],[32.94830623187306,-2.5813883559964994],[32.94843782209105,-2.581440822307214],[32.948710609703554,-2.5815566308856726],[32.94900478897309,-2.581708884095837],[32.94931324900829,-2.5818898616845374],[32.94963313320132,-2.582088075425872],[32.94996586960731,-2.582293470338111],[32.950345733225774,-2.5825103560209226],[32.9508869661938,-2.5828335295465012],[32.9512368408144,-2.583044669750602],[32.951543872949294,-2.5832256467490216],[32.951760937639996,-2.5833534798580233],[32.95191373886928,-2.583472693960435],[32.95203083756635,-2.5835847241396084],[32.95219077778948,-2.5837570779640395],[32.9523307233896,-2.583940921831584],[32.95249066018434,-2.584183650874834],[32.95258348106368,-2.584340204856002],[32.95268915172925,-2.5845441529345994],[32.952759123751655,-2.5846834711805045],[32.95282623800767,-2.5848414590650677],[32.95288906759283,-2.5850224266093504],[32.95294332861319,-2.5852033938314154],[32.95298902048233,-2.5853757432986857],[32.95301186486545,-2.585516496467977],[32.95304898685325,-2.5857491667441415],[32.95305897554889,-2.5859789653427687],[32.95306753854698,-2.5861312060814043],[32.95306895844374,-2.5863423328021415],[32.95305609925682,-2.5865261700002042],[32.95302752799622,-2.5867789460807775],[32.95299467488209,-2.5869527293133108],[32.95294182667753,-2.5871724714441693],[32.952886126437626,-2.5873275822631974],[32.95276901044686,-2.5876478578027275],[32.95260619151567,-2.588067231643555],[32.952486220723564,-2.588370273081735],[32.95238910205794,-2.5886043749986776],[32.95222628341253,-2.5890093872957167],[32.95204775556122,-2.5894258879762515],[32.951876367144266,-2.5898797320123244],[32.95167498630966,-2.590378097821181],[32.95146789262828,-2.5908836441125316],[32.9513593477631,-2.5911435977914437],[32.95117653342315,-2.5916132394436975],[32.95103228167878,-2.591969419249027],[32.95084518188727,-2.59245055058558],[32.950599524941765,-2.5930408337356337],[32.95041242560553,-2.5935018567469452],[32.95028215424264,-2.593806402068111],[32.95019712720265,-2.593945732408374],[32.950100729141326,-2.5942719949737096],[32.95005216454802,-2.5945003545432748],[32.95002788018762,-2.594678446268175],[32.95001359184277,-2.594863720034228],[32.9500035828579,-2.5951638921556426],[32.950012145644905,-2.5953132613135255],[32.950046374234134,-2.5954312712754115],[32.95006674526006,-2.5955542213477365],[32.9500967297437,-2.59569066475356],[32.95014488224143,-2.5958561050655975],[32.94436781026083,-2.599843277155702],[32.9419572284837,-2.601586902623127],[32.9396312024546,-2.603713297702733],[32.937516627216425,-2.605627048677769],[32.9360364624108,-2.60613733481506],[32.93489461703884,-2.606605107853966],[32.934006497537325,-2.6072855423729213],[32.93307606961876,-2.608306215335988],[32.93266839856094,-2.608863056620458],[32.93258799626767,-2.6086448943247937],[32.9325076814002,-2.6083396901330693],[32.93246901240461,-2.608178111063127],[32.93242142998505,-2.6077831453440075],[32.9323887201512,-2.607433061613527],[32.932361960515635,-2.607112899899859],[32.932335203823534,-2.6067209262892908],[32.9322935737009,-2.60628406977759],[32.932263836722385,-2.6060087899919484],[32.932231122750174,-2.6057544551425345],[32.93217460988114,-2.605431299911784],[32.932052653120856,-2.6049166433466824],[32.93192772073175,-2.604398993803299],[32.931787912371846,-2.6038693758432956],[32.931594565144586,-2.6030914056571968],[32.931413116441256,-2.6023433568826047],[32.93124356324285,-2.601697043233804],[32.931079960646805,-2.6010417532855334],[32.931029393254704,-2.6008263148106585],[32.93091338251067,-2.6004163830410167],[32.9308033190935,-2.6000393669961017],[32.93071705006493,-2.599811958042509],[32.930624831448476,-2.5995785649573437],[32.930532610085066,-2.599363125066777],[32.930398739813725,-2.599102799861271],[32.930214294626815,-2.598752707638319],[32.929931677583085,-2.5982350500269744],[32.92969368335098,-2.5978011752495576],[32.92929801979705,-2.59708902057294],[32.92898862786985,-2.596523485443818],[32.92889938091724,-2.5963589124058553],[32.92874170937671,-2.5960896099882667],[32.92864056206733,-2.5959190515567783],[32.92852453727071,-2.5957484922730103],[32.92845313797148,-2.5956557312151882],[32.92835793656169,-2.595542023699019],[32.928271661743295,-2.595446270790891],[32.928161584149244,-2.5953415381091918],[32.928024730117855,-2.595236805697684],[32.92790275170004,-2.5951500255156525],[32.9277391200206,-2.595051276243013],[32.92756953793437,-2.5949615023036063],[32.927239298249695,-2.594805890063003],[32.92682872906781,-2.594623345081529],[32.92645386225948,-2.594455762451777],[32.92615337389581,-2.594306137275893],[32.92594901306672,-2.5941962727512946],[32.925880547779485,-2.5947812423542707],[32.92585036127255,-2.5948533320345466],[32.92542939899665,-2.595858644804803],[32.92435801228623,-2.5968225955382698],[32.923683998835024,-2.5975703982501526],[32.9224620244217,-2.5970351311227793],[32.92072821312202,-2.596184422034707],[32.91990472843526,-2.5957702702252208],[32.91912126870951,-2.595376247694301],[32.916509554975505,-2.5939191333398033],[32.916379831048495,-2.593846757357735],[32.91564687752504,-2.5929394007576616],[32.914970294591946,-2.592258873587516],[32.91418092982366,-2.591748459507297],[32.91356068863275,-2.591748417147656],[32.912827676329414,-2.5917483666929804],[32.9120382571273,-2.592031845530767],[32.9114180158342,-2.592031801207857],[32.910797790415344,-2.591804931476887],[32.91064489867217,-2.5917235133536365],[32.90983927106963,-2.591294501863116],[32.90968465417971,-2.591134779383405],[32.907753160225724,-2.589139493656467],[32.90656911078518,-2.5885156326086416],[32.905822578234556,-2.5881930574883203],[32.90559065795809,-2.5880674429075303],[32.904555925794405,-2.587690576063988],[32.903770953496625,-2.5874572652288124],[32.903057336862574,-2.5872957296418972],[32.90236157019836,-2.587026540119221],[32.90195126007328,-2.5867035463044337],[32.90159447669949,-2.5863087853805116],[32.901309063898175,-2.5858243200685793],[32.90109500596542,-2.5854295710536075],[32.90086311122347,-2.5849989350308635],[32.90059706025919,-2.5846949692448034],[32.90059553450832,-2.5845682979737723],[32.89966782558383,-2.5844964544672737],[32.89735623510087,-2.5843151728061],[32.89740547858215,-2.5838092123964995],[32.89726014415617,-2.583337662459322],[32.89723728276693,-2.5832617919972067],[32.89710941372166,-2.582837432560036],[32.89670600706303,-2.5821124505149076],[32.89635296018493,-2.5816248700359186],[32.895727030421114,-2.5805018467623055],[32.89531852090616,-2.5797670929525958],[32.89456032952063,-2.579491287030663],[32.893809413794635,-2.579102219846057],[32.893573488326474,-2.578710857792633],[32.89279564036853,-2.578412650235978],[32.89225987806765,-2.578066188057733],[32.89194389422459,-2.5776087375378505],[32.891446527302705,-2.5775308804137245],[32.891153063273265,-2.577484941814021],[32.890748661434536,-2.5773286335966232],[32.89042118398805,-2.5772020572585137],[32.88957629522849,-2.5764266123485635],[32.88925970059672,-2.5758908362532176],[32.888917648022975,-2.575220787118536],[32.8887697687098,-2.5749509498020604],[32.888438026296974,-2.5746894568073917],[32.88773566606981,-2.5732971280762738],[32.88758042711199,-2.573158084801118],[32.88739341216543,-2.572990580844407],[32.88709287669072,-2.5727214002026857],[32.88669846433082,-2.5721225334604534],[32.8868436949238,-2.571580765261539],[32.88686253298084,-2.5714376453621344],[32.88711567991193,-2.5712076311114482],[32.88777220475069,-2.571334277135704],[32.887941028325336,-2.571366843719549],[32.8882724304182,-2.5711860336888686],[32.88851659808065,-2.571052817565246],[32.888845776156536,-2.5708732195018325],[32.88899151006412,-2.5708350523042407],[32.88924075076744,-2.5704980120445318],[32.88932986371176,-2.5704881556822214],[32.88952844326745,-2.570512175978001],[32.889635725707315,-2.5705251534974836],[32.889730951951584,-2.5705703858122253],[32.889887672590476,-2.5706448276889136],[32.89053337642956,-2.5709515334177895],[32.89101119400545,-2.571398775744883],[32.891905164304866,-2.5717662573872375],[32.89289394488148,-2.572332895293246],[32.89304343508438,-2.572418562811375],[32.89326913961563,-2.5724149574971666],[32.89363235838908,-2.57240915615433],[32.89396635971624,-2.572403821817401],[32.89413558369468,-2.572406537411383],[32.8947533847801,-2.5724471109836125],[32.895729030613886,-2.572493335582788],[32.896515125773206,-2.5721443539097675],[32.8965627154376,-2.5715944647828595],[32.89701439533405,-2.5715945014617256],[32.89751362253837,-2.5715706328720414],[32.89751363969177,-2.5713554569104806],[32.89703821161902,-2.5710446085670053],[32.897204753958526,-2.570291329752079],[32.89688032272218,-2.570017863778612],[32.89613963092023,-2.569772793615015],[32.89561780801362,-2.5695962434272284],[32.8949706801486,-2.5692594546919874],[32.89417620188589,-2.5689250047504313],[32.89348399362049,-2.5687379430081325],[32.89325138662225,-2.568456736746855],[32.89318657524665,-2.5678778946450627],[32.89280124776348,-2.5672706174934046],[32.89261172491903,-2.5670598921619074],[32.89218358982511,-2.5663138259181326],[32.891596118709195,-2.565829482262035],[32.89121942637329,-2.565289703580822],[32.89066813326897,-2.564593831774937],[32.89005096887365,-2.5642119883657877],[32.88956454539869,-2.5641101946735194],[32.88944409078601,-2.5638380229288367],[32.88928279250944,-2.563570961084528],[32.88893266328606,-2.5629912535219663],[32.888833097584154,-2.5626908998194042],[32.88866199594768,-2.5621747460129924],[32.88823782219608,-2.5617785444806813],[32.887988124341206,-2.5615029984523385],[32.88748360525745,-2.5610624530995185],[32.88772760224078,-2.560211661218781],[32.88791072997189,-2.5597393348373214],[32.88793992658205,-2.5596646322534284],[32.888077827543725,-2.559574968858831],[32.8883918605514,-2.5593707828521604],[32.888469739447196,-2.5593338283717015],[32.8889086814213,-2.5593769021813175],[32.88968522894527,-2.559453104100962],[32.89008332362853,-2.5598525734585684],[32.8905277253921,-2.560330139987416],[32.890948916480006,-2.5602999367936516],[32.8917914659438,-2.5605721698297397],[32.89197204980593,-2.5609955472106622],[32.89237304704119,-2.5614460367229674],[32.89246798245125,-2.561552689993947],[32.892932135868804,-2.5617580888179723],[32.89316868019117,-2.5618627653484456],[32.893989539815976,-2.562365070920812],[32.894508677189854,-2.5624520382213345],[32.89488483895631,-2.5629091519836993],[32.89499226937124,-2.562987166400099],[32.89513358827287,-2.5630897891713365],[32.89532380415316,-2.5632279197344934],[32.8961292496639,-2.5636171032958868],[32.896340995554304,-2.5637844044349443],[32.897397605148896,-2.56413986168937],[32.89784717557308,-2.5645948797829146],[32.89896852864347,-2.565087299681004],[32.89923169500488,-2.5651252028154192],[32.899450981063204,-2.5651518613297237],[32.89983337562455,-2.5651603686432662],[32.90032698447925,-2.5651688474535193],[32.90120500509634,-2.5646888731538575],[32.90220275886079,-2.564200674489853],[32.90268828085777,-2.56390296936543],[32.90335396728756,-2.5638685502976855],[32.90390872635679,-2.5639685634392886],[32.90428283585091,-2.564276376238135],[32.9050084051154,-2.564634335583147],[32.90508681307239,-2.5647287368625054],[32.9054975508171,-2.5652232539324022],[32.90633689794191,-2.565238095363935],[32.906776963346594,-2.564675631699036],[32.906973621264086,-2.5645208490149276],[32.9072067535965,-2.564323478503107],[32.90739392770614,-2.564161797497511],[32.90758942303041,-2.563909305203686],[32.907768187790865,-2.563748111170927],[32.90800726576766,-2.563529310901545],[32.908074382023436,-2.56346563995733],[32.90816685898864,-2.5633771716409686],[32.90853055069434,-2.562705918636488],[32.908484445843975,-2.5621096164012465],[32.90834947935684,-2.5619217892863695],[32.908131488894995,-2.561618420211743],[32.908037506694455,-2.5612956104402533],[32.90804427914174,-2.56093535264401],[32.90815332211869,-2.560711985882435],[32.908783756185905,-2.5605388637414874],[32.90925760199891,-2.5603126078944785],[32.90949049960948,-2.5599314915883586]]]]}},{"id":"5","type":"Feature","properties":{"id":"existing_water_supply_zone.6","ogc_fid":6,"objectid":9,"district_n":"Fella West","planning_d":"Fella West","dist_area_":1344,"cons__area":258.0,"area_less_":1085.6,"pr__pop":10000,"pr__du":2173.91304348,"pr_urb_den":2.0024991189,"ex__pop":4136,"ex__du":827.2,"gfa_m2":66176,"new__pop":5864,"new_du":1274.7826087,"dus_lo_den":0.0,"gfa_m200":0.0,"dus__med_d":254.956521739,"gfa_m201":38243.4782609,"dus_high_d":1019.82608696,"gfa_m202":101982.608696,"heavy_indu":126000,"gfa_m203":5040000,"light_indu":0.0,"gfa_m204":0,"logistics_":22011.0,"gfa_m205":1540770.0,"logistics1":51359.4,"gfa_m206":616312.8,"total_logi":73370.4,"total_gfa_":2157082.8,"commercial":902.679598882,"gfa_m207":10982,"agri_minin":0.0,"total_empl":200273.079599,"coverage":"Zone 3","shape_leng":17463.2084414,"shape_area":13443411.6261},"geometry":{"type":"MultiPolygon","coordinates":[[[[33.03163123588543,-2.6196071117049806],[33.03157233928245,-2.61961408223246],[33.03141702640706,-2.619973356546326],[33.031192111573624,-2.620637619947487],[33.031099289999744,-2.620953593799401],[33.03097790722815,-2.6212982931201374],[33.03087080482768,-2.621567589335244],[33.03076012992405,-2.6218332957113404],[33.03055306137065,-2.622253398933137],[33.03031386087204,-2.622738134078044],[33.03013178326379,-2.6231546448920278],[33.02977833772459,-2.6239158578835315],[33.029421321183115,-2.624677070854286],[33.02906544768522,-2.625440771662965],[33.02883457700083,-2.6259482463789747],[33.02837283418839,-2.626923698445444],[33.02803961781862,-2.6276328467082593],[33.02776590286527,-2.628222307635103],[33.02743863738866,-2.6289583835920918],[33.02725417955007,-2.629467053914023],[33.02716195263888,-2.6297752468649476],[33.02705782466932,-2.6301702141854415],[33.0269269226219,-2.6306728985817407],[33.02681089553327,-2.6310828265345165],[33.02669486588098,-2.631417949763001],[33.02660561132292,-2.6316543315986554],[33.02654015768134,-2.6317889802126646],[33.02649255685895,-2.631958384048405],[33.02649256207021,-2.6322054341985663],[33.0265572174481,-2.632353202948956],[33.026677037747795,-2.6325459919401335],[33.0268972144938,-2.6327763833076214],[33.027108466679415,-2.63303071092486],[33.02726913840567,-2.6332371665207632],[33.0273643507491,-2.633353857527318],[33.027396164267486,-2.633401845724797],[33.02759643381299,-2.63380866081712],[33.02774223093381,-2.634077950171411],[33.027858273163666,-2.6343113364851094],[33.02791183159382,-2.63444298968397],[33.027998119689705,-2.634634485545375],[33.0280606050887,-2.634805036837881],[33.02814986956568,-2.6350533832192142],[33.02832244776651,-2.6355171633991215],[33.028590246008136,-2.6363759036467935],[33.02867653673856,-2.6366721258563754],[33.02883721386909,-2.6371209449202375],[33.02899193967439,-2.6375518118016275],[33.02916154417116,-2.638045512702528],[33.02927163907558,-2.6383716541890725],[33.0294382688708,-2.6388713398148362],[33.029595972768846,-2.6393740175242715],[33.02978342940072,-2.639843780895541],[33.02989947494113,-2.640214805169563],[33.030003619265116,-2.640543939521586],[33.0301137146869,-2.6408730737176254],[33.0302803432478,-2.641330868100784],[33.03053028855952,-2.6420908692752247],[33.031000426289346,-2.643488192590464],[33.03118788489324,-2.6440626811870076],[33.03124739725222,-2.6442781144479097],[33.031317045435834,-2.6445877329814205],[33.03136047855407,-2.6449752835668097],[33.03142594085334,-2.645214653658362],[33.03147800514869,-2.6453542636905305],[33.031640173951665,-2.645543784125308],[33.03185440222061,-2.6457143312874027],[33.03205375387032,-2.6459058247979215],[33.03233344333682,-2.646190072252041],[33.03249114164568,-2.6463965253638024],[33.03255957749322,-2.6465311716390816],[33.03259230784107,-2.646596997055936],[33.03265776983814,-2.646743610995584],[33.032702404415076,-2.6469231390751746],[33.03270835940428,-2.647072746483531],[33.032690510614124,-2.6472073941272556],[33.03265480934497,-2.647336057542083],[33.03258935563476,-2.6474736983400735],[33.032440594369625,-2.6476921298094536],[33.03220852653108,-2.6479973348113286],[33.031890174298304,-2.648392307083004],[33.03161050101789,-2.648727435799694],[33.031155287767646,-2.6492959550311648],[33.03030755107331,-2.650357287475859],[33.03024173763675,-2.6504431050828274],[33.03012986788278,-2.650587927621549],[33.02999181585835,-2.6507638694203197],[33.02966215796669,-2.6511827783825255],[33.02934559009392,-2.651586128532841],[33.02908852777816,-2.651921255232494],[33.02888978039085,-2.6521666163394366],[33.02861724629148,-2.6525196964992523],[33.028360183533955,-2.6528524300705065],[33.02823284154863,-2.653004434432492],[33.028019812427445,-2.6532653550417282],[33.02778774141616,-2.6535633784714885],[33.02762469658745,-2.6537704391992825],[33.02734026052186,-2.6541259132216197],[33.027114140243256,-2.654421542511249],[33.0268094718904,-2.6548177101030386],[33.02660120199726,-2.6550714487212734],[33.026287013494795,-2.655474798028625],[33.02618585411124,-2.6556279985581286],[33.02582762903423,-2.656038529418885],[33.0256860063527,-2.656230030122322],[33.02541585083388,-2.656579518698054],[33.02526232598569,-2.6567805942134792],[33.02500050010354,-2.657090587124189],[33.02477437861414,-2.6573802312798502],[33.02457800938963,-2.6576423478931495],[33.02434474741709,-2.65794037069173],[33.02411148450298,-2.658241984265624],[33.02392463664472,-2.6584957229112414],[33.023715175461504,-2.65875664179507],[33.023571171196195,-2.6589218114275917],[33.0234200261462,-2.6591192967495685],[33.023231987722376,-2.6593694444913134],[33.02312606660914,-2.659515463215603],[33.02296064060864,-2.6597189325442194],[33.022827346218556,-2.6598757233087205],[33.02265540407355,-2.660082579975608],[33.022454839056145,-2.6603508845840107],[33.02235129890716,-2.660484934702062],[33.022197772762624,-2.6606680566354584],[33.02209562049924,-2.6607903381539937],[33.02177666686604,-2.6611697484875534],[33.02166598652498,-2.661327736568252],[33.02148984867421,-2.661570702190062],[33.021397018576174,-2.6617047520391295],[33.021241112460345,-2.661880693158014],[33.02106259378776,-2.662111690263967],[33.02094120100998,-2.6622577090624775],[33.02078886464818,-2.662439634762202],[33.0205829717407,-2.6626347267766413],[33.02032828284044,-2.662822637925837],[33.020190226988305,-2.6629315545013994],[33.0200771648616,-2.6630296990980873],[33.01998152812624,-2.6630839709831995],[33.019792721130784,-2.6631721296189834],[33.01966180939803,-2.6632322682294314],[33.01949637700885,-2.6634402317188495],[33.01926311397705,-2.6638184430893683],[33.01905246138734,-2.664124843096103],[33.018884653292,-2.664364217390318],[33.018715656233866,-2.6646323164278036],[33.018568080879206,-2.664860919718927],[33.01835742780008,-2.665157744084082],[33.01820390242604,-2.6654114804431486],[33.01808013133507,-2.6657501936484755],[33.017950410278814,-2.666176278110696],[33.01781354878996,-2.666613134214718],[33.017699298162775,-2.6668692638145752],[33.01760510512206,-2.6670615364179757],[33.017126077144624,-2.667719816708269],[33.01662026912268,-2.66833321418811],[33.01578121992772,-2.6691620513967176],[33.015129616128235,-2.6697724582269573],[33.01422510597678,-2.670562396885446],[33.01349614089086,-2.6711967416283913],[33.01269576683051,-2.6719836860977795],[33.01234764969371,-2.6723577084686587],[33.01138660383397,-2.6732763080136195],[33.01074689773585,-2.673844822199879],[33.010223229013256,-2.6741769553122516],[33.01016676171079,-2.6742128721186873],[33.00901758661504,-2.6717238434759363],[33.00805980963544,-2.6706689562339014],[33.00591622310981,-2.669889264841188],[33.0028604806872,-2.6698892748912457],[32.99884696865923,-2.6708524424435067],[32.99934866053735,-2.6654862418391305],[32.99917858015643,-2.6634337656030884],[32.99916622993198,-2.6632847225889638],[32.998755767686575,-2.6545245130903377],[32.99816289745799,-2.636453709197873],[32.99858120670665,-2.635983760847679],[32.99894684347262,-2.635562928489277],[32.999069598123334,-2.635626582664941],[32.99927441369649,-2.6359840545750215],[32.99990525419138,-2.635825580033677],[33.00088192972538,-2.6351277326092224],[33.001459878828,-2.6349309054533507],[33.001701218312476,-2.634909507684101],[33.00269025427286,-2.6348218171430045],[33.003833392688946,-2.634627611205325],[33.004446811388924,-2.634661828268889],[33.005935032808544,-2.634713623422021],[33.00778585318431,-2.6330113736710903],[33.008776765846264,-2.632440244539322],[33.009652699502645,-2.632324186367228],[33.01042248170486,-2.632490886015986],[33.0114191870458,-2.632692497053857],[33.011812157517646,-2.6326914873317633],[33.012529020016416,-2.6324175292797074],[33.013234566568975,-2.631955491124091],[33.01352121770917,-2.63162462940415],[33.01407144421145,-2.631120381069797],[33.01421603168658,-2.630987876377446],[33.01551093502596,-2.630471191466924],[33.016504383108426,-2.6304809161376035],[33.01660911610846,-2.630481941595849],[33.01855904302399,-2.630179618189944],[33.0220436936234,-2.6291959737406843],[33.02454868702523,-2.627458318258495],[33.02593699996104,-2.625295323368091],[33.02796973709257,-2.6224021778769684],[33.028373076855196,-2.6199216688144604],[33.02917247682005,-2.617968763286779],[33.0291753600556,-2.617539523792219],[33.02931117809871,-2.617619522033955],[33.029614661599076,-2.6179031708360676],[33.03017878556493,-2.6184202013542195],[33.030607234432225,-2.618843879898038],[33.030810746693405,-2.6189946794709154],[33.0312320522842,-2.6192424194433355],[33.031442704012896,-2.619393218731752],[33.03155695819528,-2.619490160807526],[33.03163123588543,-2.6196071117049806]]]]}},{"id":"6","type":"Feature","properties":{"id":"existing_water_supply_zone.7","ogc_fid":7,"objectid":11,"district_n":"Igoma North","planning_d":"Igoma North","dist_area_":1373,"cons__area":120.0,"area_less_":1253.43,"pr__pop":150000,"pr__du":32608.6956522,"pr_urb_den":26.0155697982,"ex__pop":44617,"ex__du":8923.4,"gfa_m2":713872,"new__pop":105383,"new_du":22909.3478261,"dus_lo_den":2290.93478261,"gfa_m200":458186.956522,"dus__med_d":9163.73913043,"gfa_m201":1374560.86957,"dus_high_d":11454.673913,"gfa_m202":1145467.3913,"heavy_indu":0,"gfa_m203":0,"light_indu":9000.0,"gfa_m204":270000,"logistics_":0.0,"gfa_m205":0.0,"logistics1":0.0,"gfa_m206":0.0,"total_logi":0.0,"total_gfa_":0.0,"commercial":19593.4571757,"gfa_m207":238374,"agri_minin":0.0,"total_empl":28593.4571757,"coverage":"Zone 2","shape_leng":16579.3397454,"shape_area":13728649.8512},"geometry":{"type":"MultiPolygon","coordinates":[[[[32.98919345390624,-2.538640439446918],[32.990261240991906,-2.5388790945918585],[32.99142276610769,-2.5390852556128745],[32.99153926038095,-2.5391059319138733],[32.99244139049818,-2.5397864196755204],[32.992774341958174,-2.5402523199040377],[32.994170470938506,-2.5422059225100213],[32.99620027012732,-2.5443229873755007],[32.99680169384985,-2.545381518523944],[32.9980797186623,-2.547649796465956],[32.99823991858542,-2.548025738815146],[32.99841652478941,-2.5484401814493984],[32.99853078701698,-2.54870832380182],[32.999658462322145,-2.5502205087254377],[33.00000467413116,-2.5507306540671983],[32.99994443206098,-2.5509219838832156],[33.00056206420355,-2.5525095136733094],[33.000839007596845,-2.5529191138436067],[33.001699415757834,-2.5541916643022424],[33.003238190441195,-2.556008386128779],[33.00464316258598,-2.558228822535424],[33.005713618287075,-2.5593726804760464],[33.00665027047887,-2.560785684596662],[33.00812215480945,-2.562265968579466],[33.00925952390339,-2.563948113078042],[33.01119973755512,-2.565361104229543],[33.01172880936438,-2.566176967843474],[33.01197366926454,-2.566554557767878],[33.01198833975876,-2.5665771801035455],[33.01212799554906,-2.5667925396637887],[33.012168389801374,-2.566854830922147],[33.01219594528571,-2.5669148894581504],[33.0069125716377,-2.5687424866044504],[33.003110125410124,-2.5706595654997635],[32.99989647631194,-2.572568365848234],[32.99677016540042,-2.572977158545589],[32.99427405230709,-2.5725004620142227],[32.98998576969979,-2.572698511680974],[32.98973788069824,-2.572671381736159],[32.98940476754683,-2.5727212995271826],[32.989088209057584,-2.572805076440979],[32.988888753702575,-2.572853428265881],[32.98869643952568,-2.5728649164868385],[32.98858302883928,-2.572830857366893],[32.988372741278006,-2.5728170395124805],[32.98812330414385,-2.5727863971236027],[32.987957647519636,-2.5727672454001667],[32.987652989947854,-2.572801712228307],[32.98739022292723,-2.572855329563734],[32.98706081156153,-2.5729798000551547],[32.98655050871042,-2.5732076769096457],[32.98639437160728,-2.573255550203949],[32.986273099044205,-2.5732654646073643],[32.98535265070327,-2.5735978476805155],[32.98508845526414,-2.5736193877484816],[32.98498848817022,-2.5737199233460775],[32.98477427492251,-2.5738420007131975],[32.98458148219986,-2.5739856223508637],[32.98435298898085,-2.574028705840262],[32.98412449574674,-2.5740717901931505],[32.983967407111166,-2.5740861506157624],[32.98378175578025,-2.5741076923049397],[32.98358182384909,-2.574179500812156],[32.983396172748236,-2.574251310379206],[32.98311055480388,-2.57438774892346],[32.98283207706514,-2.574502644357528],[32.98258216237654,-2.5745816336795992],[32.981810995388926,-2.574825782692342],[32.98164676524458,-2.5748760482619852],[32.98104697042423,-2.5749119458904848],[32.98083989830209,-2.5749191235274234],[32.98039719421831,-2.5748688488350413],[32.98019726408727,-2.5748042144983496],[32.9798402452191,-2.5746964913626242],[32.979433243865635,-2.5745887673180246],[32.97898339860697,-2.5745672168095273],[32.978826310094675,-2.574567214199328],[32.97845500838716,-2.5745887510936827],[32.97827649704584,-2.57465337837996],[32.9780480027679,-2.5747395488234246],[32.97784093177611,-2.5746820956432956],[32.97761958197303,-2.5745600118498397],[32.97720543997809,-2.574452286966812],[32.97683414254853,-2.574287113149083],[32.97637715789218,-2.574193749610028],[32.976091543906556,-2.574078846004193],[32.975605997764184,-2.5740285679323804],[32.975327523793915,-2.573963932224606],[32.975070469977254,-2.573935202413136],[32.97475629320456,-2.5738849282745555],[32.97454764896279,-2.573836186055834],[32.97394726017587,-2.573633559609783],[32.97385275847406,-2.5737141969767694],[32.97353857544441,-2.573972712681347],[32.97321011068823,-2.5742671344450003],[32.97287450550056,-2.574575917458522],[32.972360387706175,-2.5749852332705667],[32.972153309928885,-2.575250932598129],[32.97206048195904,-2.5753801912070453],[32.971917669349,-2.5756028047220454],[32.97173201223404,-2.575868503545226],[32.97156063681375,-2.5761342035641412],[32.971374979645915,-2.5764358087697077],[32.97117503964377,-2.576780499899622],[32.97082515716194,-2.5768810286608788],[32.97061808287128,-2.576967198246789],[32.97014681274384,-2.5770892671405994],[32.9698469110556,-2.5772616078709585],[32.969639836299415,-2.5773621396891775],[32.96928995319913,-2.577477029511951],[32.96896863233473,-2.5775703767979903],[32.96879011906452,-2.577678089918718],[32.9685544830839,-2.577749896066226],[32.96838311118088,-2.5778360661674],[32.96648683858735,-2.577824858676463],[32.96631083494766,-2.575875986203924],[32.966271445503146,-2.575443701073459],[32.966036368843426,-2.574616154012074],[32.965683732454096,-2.5741629650774516],[32.965135187536404,-2.573473330839677],[32.964998744726635,-2.573301793505554],[32.964919695301475,-2.5729610357148136],[32.964782570496475,-2.5723699291425306],[32.9646258580273,-2.571660601630057],[32.96421445901208,-2.5708133418181522],[32.96370509644523,-2.5702222254918157],[32.96337011275849,-2.5698298370684305],[32.963301176675074,-2.5697534750902924],[32.96351718067842,-2.5695934132038922],[32.9638894274399,-2.5693175753684607],[32.96420289924856,-2.569041736672942],[32.96453596246017,-2.5687461936891687],[32.96490374897015,-2.568425866827913],[32.96504434834725,-2.5682940397393055],[32.9652608644066,-2.5680762972750424],[32.9653604583508,-2.567976140487253],[32.96571147202769,-2.567918681409792],[32.96655390940728,-2.5677807804937016],[32.967082882480256,-2.567623167099973],[32.96749430777752,-2.5674655504883273],[32.96782737336288,-2.566992675583783],[32.96812127433361,-2.5658104781619513],[32.968082111055274,-2.5650223394198464],[32.968395592998334,-2.5642539142156817],[32.968807035701104,-2.563288455515014],[32.96912051729545,-2.562460918543241],[32.969277267283076,-2.561692489271855],[32.96933606795662,-2.5605890984533914],[32.969453632193975,-2.5598994817941927],[32.9695711972298,-2.559170456503239],[32.969571218111575,-2.55828380209069],[32.96949286788256,-2.5576138836671585],[32.96942930095898,-2.5570703655524993],[32.96957124779759,-2.5570227825801517],[32.969923893345985,-2.5569045705150115],[32.97031572360859,-2.556766655407701],[32.970648778204826,-2.5566090358811993],[32.970472460910045,-2.5564119968951355],[32.97021777728999,-2.556274066720679],[32.970139414543375,-2.5561755483345965],[32.97007045562408,-2.5560888521146774],[32.9702961490991,-2.5559785179628842],[32.9717067369514,-2.5552889295019545],[32.97195951762716,-2.554155038313411],[32.97190075595431,-2.553623044685265],[32.971860295104435,-2.553256731576177],[32.97192035569382,-2.5532092722875133],[32.972194638176745,-2.5529925412880496],[32.972586466885076,-2.5527758118454615],[32.97284115924209,-2.5525196716671243],[32.97289993733614,-2.5522832320660807],[32.972841173627444,-2.551790645269589],[32.97277785536012,-2.5511316662269143],[32.97277690741416,-2.550993885774687],[32.97278794732807,-2.550029649155382],[32.97371611404718,-2.548394282741466],[32.9738593788882,-2.54810612387503],[32.97403571039661,-2.5475630513523666],[32.97416062694051,-2.54721757546198],[32.97418999871604,-2.5471640601609806],[32.974410405727035,-2.5468980674657034],[32.97462664120235,-2.5466410983076444],[32.974774076619155,-2.546321749248024],[32.97504958283832,-2.546033591921254],[32.97524857698913,-2.5458269680779737],[32.97536916981262,-2.54566785307513],[32.975347136813994,-2.5452910248338614],[32.975303059684855,-2.5451247756742164],[32.97523007212548,-2.5433726986756744],[32.97367678007879,-2.543007985812936],[32.97256805338668,-2.542746758701155],[32.972856767255735,-2.5427743243582617],[32.97379723501192,-2.5420544522947415],[32.97385121286525,-2.54201826194775],[32.97515045774092,-2.5411471670239103],[32.97656420202603,-2.5402229993568612],[32.97665403379527,-2.5401642757224927],[32.9782498147928,-2.539616279590619],[32.97880612382602,-2.5394252413047025],[32.979736343608394,-2.5391058002288065],[32.98191651201237,-2.538274130512628],[32.98220577259776,-2.5381947934527975],[32.984397382909066,-2.5375936826258085],[32.98471698607833,-2.537593684648212],[32.98620165250647,-2.5375937023132304],[32.987254137003994,-2.5378961496720684],[32.98780448233887,-2.538122588833541],[32.98890804226097,-2.5385766480380454],[32.98919345390624,-2.538640439446918]]]]}},{"id":"7","type":"Feature","properties":{"id":"existing_water_supply_zone.8","ogc_fid":8,"objectid":12,"district_n":"Igoma South","planning_d":"Igoma South","dist_area_":2571,"cons__area":355.0,"area_less_":2216.34,"pr__pop":100000,"pr__du":21739.1304348,"pr_urb_den":9.8085719857,"ex__pop":5600,"ex__du":1120.0,"gfa_m2":89600,"new__pop":94400,"new_du":20521.7391304,"dus_lo_den":2052.17391304,"gfa_m200":410434.782609,"dus__med_d":8208.69565217,"gfa_m201":1231304.34783,"dus_high_d":10260.8695652,"gfa_m202":1026086.95652,"heavy_indu":0,"gfa_m203":0,"light_indu":7200.0,"gfa_m204":216000,"logistics_":0.0,"gfa_m205":0.0,"logistics1":0.0,"gfa_m206":0.0,"total_logi":0.0,"total_gfa_":0.0,"commercial":17788.097978,"gfa_m207":216410,"agri_minin":0.0,"total_empl":24988.097978,"coverage":"Zone 3","shape_leng":24480.171955,"shape_area":25709407.695},"geometry":{"type":"MultiPolygon","coordinates":[[[[33.01954775773165,-2.58748651933518],[33.02049807211064,-2.5894189920053243],[33.02111373901033,-2.5907604790363536],[33.02147290271281,-2.591850973417554],[33.022656530182644,-2.5933070711998285],[33.023965519519045,-2.5945508707512257],[33.0247195115628,-2.5963421941327245],[33.02514341624033,-2.5985428250469425],[33.025480760504166,-2.5994557740643622],[33.02689422834884,-2.603281004705224],[33.0273682771672,-2.607749567999515],[33.02744158563077,-2.608440594896813],[33.027629337969614,-2.609110571014532],[33.02772139012115,-2.6094390492064625],[33.02819895102146,-2.6101912738591664],[33.02887817565806,-2.6112611444251046],[33.02922799989479,-2.6131414499142753],[33.02918611032764,-2.615939176606566],[33.0291753600556,-2.617539523792219],[33.02917247682005,-2.617968763286779],[33.028373076855196,-2.6199216688144604],[33.02796973709257,-2.6224021778769684],[33.02593699996104,-2.625295323368091],[33.02454868702523,-2.627458318258495],[33.0220436936234,-2.6291959737406843],[33.01855904302399,-2.630179618189944],[33.01660911610846,-2.630481941595849],[33.016504383108426,-2.6304809161376035],[33.01551093502596,-2.630471191466924],[33.01421603168658,-2.630987876377446],[33.01407144421145,-2.631120381069797],[33.01352121770917,-2.63162462940415],[33.013234566568975,-2.631955491124091],[33.012529020016416,-2.6324175292797074],[33.011812157517646,-2.6326914873317633],[33.0114191870458,-2.632692497053857],[33.01042248170486,-2.632490886015986],[33.009652699502645,-2.632324186367228],[33.008776765846264,-2.632440244539322],[33.00778585318431,-2.6330113736710903],[33.005935032808544,-2.634713623422021],[33.004446811388924,-2.634661828268889],[33.003833392688946,-2.634627611205325],[33.00269025427286,-2.6348218171430045],[33.001701218312476,-2.634909507684101],[33.00177587474268,-2.63442148694591],[33.00279084786718,-2.633344056686628],[33.0045388576649,-2.6322666222115267],[33.004820789601794,-2.63090565801675],[33.00477657129024,-2.6299274183911208],[33.00476439750156,-2.6296581076889445],[33.00442606961978,-2.6285239737021744],[33.00430667926488,-2.6272032789564883],[33.00425690149569,-2.6266526492934363],[33.00482076768286,-2.6249514424772586],[33.00453882513403,-2.6232502396332196],[33.00369301705745,-2.6223429332358985],[33.00279082172464,-2.621152093434202],[33.0025882231117,-2.6206936637108864],[33.00166307787943,-2.6186002889528153],[33.00081727330292,-2.6150844671092353],[32.99968953980729,-2.6123625402483945],[32.998110719343806,-2.6105479201302666],[32.9955169475718,-2.607996105684219],[32.99462612872707,-2.607194519846414],[32.99337427555339,-2.6060680655793824],[32.9903294518602,-2.601077844153446],[32.988645606203235,-2.5983737741848167],[32.9868335737401,-2.5954638365796856],[32.98617872898269,-2.594625633160196],[32.984972868970665,-2.5930821277268348],[32.98260469011658,-2.5914943070293246],[32.979620684340716,-2.590067543490274],[32.97916519280222,-2.589849756047088],[32.975782090949465,-2.5881484900051936],[32.97431609448312,-2.586787497038734],[32.97301923772033,-2.586390523345302],[32.970143629036365,-2.5843490113199805],[32.96721163184825,-2.5827611475187897],[32.965802011652265,-2.5823074558441315],[32.96629092163216,-2.5798178651175143],[32.96641118349325,-2.5785845435993715],[32.96648683858735,-2.577824858676463],[32.96838311118088,-2.5778360661674],[32.9685544830839,-2.577749896066226],[32.96879011906452,-2.577678089918718],[32.96896863233473,-2.5775703767979903],[32.96928995319913,-2.577477029511951],[32.969639836299415,-2.5773621396891775],[32.9698469110556,-2.5772616078709585],[32.97014681274384,-2.5770892671405994],[32.97061808287128,-2.576967198246789],[32.97082515716194,-2.5768810286608788],[32.97117503964377,-2.576780499899622],[32.971374979645915,-2.5764358087697077],[32.97156063681375,-2.5761342035641412],[32.97173201223404,-2.575868503545226],[32.971917669349,-2.5756028047220454],[32.97206048195904,-2.5753801912070453],[32.972153309928885,-2.575250932598129],[32.972360387706175,-2.5749852332705667],[32.97287450550056,-2.574575917458522],[32.97321011068823,-2.5742671344450003],[32.97353857544441,-2.573972712681347],[32.97385275847406,-2.5737141969767694],[32.97394726017587,-2.573633559609783],[32.97454764896279,-2.573836186055834],[32.97475629320456,-2.5738849282745555],[32.975070469977254,-2.573935202413136],[32.975327523793915,-2.573963932224606],[32.975605997764184,-2.5740285679323804],[32.976091543906556,-2.574078846004193],[32.97637715789218,-2.574193749610028],[32.97683414254853,-2.574287113149083],[32.97720543997809,-2.574452286966812],[32.97761958197303,-2.5745600118498397],[32.97784093177611,-2.5746820956432956],[32.9780480027679,-2.5747395488234246],[32.97827649704584,-2.57465337837996],[32.97845500838716,-2.5745887510936827],[32.978826310094675,-2.574567214199328],[32.97898339860697,-2.5745672168095273],[32.979433243865635,-2.5745887673180246],[32.9798402452191,-2.5746964913626242],[32.98019726408727,-2.5748042144983496],[32.98039719421831,-2.5748688488350413],[32.98083989830209,-2.5749191235274234],[32.98104697042423,-2.5749119458904848],[32.98164676524458,-2.5748760482619852],[32.981810995388926,-2.574825782692342],[32.98258216237654,-2.5745816336795992],[32.98283207706514,-2.574502644357528],[32.98311055480388,-2.57438774892346],[32.983396172748236,-2.574251310379206],[32.98358182384909,-2.574179500812156],[32.98378175578025,-2.5741076923049397],[32.983967407111166,-2.5740861506157624],[32.98412449574674,-2.5740717901931505],[32.98435298898085,-2.574028705840262],[32.98458148219986,-2.5739856223508637],[32.98477427492251,-2.5738420007131975],[32.98498848817022,-2.5737199233460775],[32.98508845526414,-2.5736193877484816],[32.98535265070327,-2.5735978476805155],[32.986273099044205,-2.5732654646073643],[32.98639437160728,-2.573255550203949],[32.98655050871042,-2.5732076769096457],[32.98706081156153,-2.5729798000551547],[32.98739022292723,-2.572855329563734],[32.987652989947854,-2.572801712228307],[32.987957647519636,-2.5727672454001667],[32.98812330414385,-2.5727863971236027],[32.988372741278006,-2.5728170395124805],[32.98858302883928,-2.572830857366893],[32.98869643952568,-2.5728649164868385],[32.988888753702575,-2.572853428265881],[32.989088209057584,-2.572805076440979],[32.98940476754683,-2.5727212995271826],[32.98973788069824,-2.572671381736159],[32.98998576969979,-2.572698511680974],[32.99427405230709,-2.5725004620142227],[32.99677016540042,-2.572977158545589],[32.99989647631194,-2.572568365848234],[33.003110125410124,-2.5706595654997635],[33.0069125716377,-2.5687424866044504],[33.01219594528571,-2.5669148894581504],[33.012168389801374,-2.566854830922147],[33.01212799554906,-2.5667925396637887],[33.01198833975876,-2.5665771801035455],[33.01197366926454,-2.566554557767878],[33.01172880936438,-2.566176967843474],[33.01185097060431,-2.566054050818829],[33.01194617387362,-2.565891276683309],[33.011993774300215,-2.565632753967507],[33.01203185414181,-2.565431680933238],[33.01206316003479,-2.56531203620236],[33.01207743951231,-2.565751769736917],[33.01296497026111,-2.566628894167397],[33.01317372706477,-2.566835203012332],[33.01437629364205,-2.5680236664475626],[33.015572691240855,-2.5709132807831883],[33.01615587565237,-2.572773262247575],[33.016188358235226,-2.573458678822093],[33.016222580281415,-2.57504095666401],[33.01630118743322,-2.5783602939264236],[33.01588574538077,-2.580851746348674],[33.01659788360599,-2.5827907862174744],[33.0182327341177,-2.5848123961783305],[33.01954775773165,-2.58748651933518]]]]}},{"id":"8","type":"Feature","properties":{"id":"existing_water_supply_zone.9","ogc_fid":9,"objectid":13,"district_n":"Ilemela","planning_d":"Ilemela","dist_area_":1882,"cons__area":94.0,"area_less_":1788.15,"pr__pop":135000,"pr__du":29347.826087,"pr_urb_den":16.4123961004,"ex__pop":75691,"ex__du":15138.2,"gfa_m2":1211056,"new__pop":59309,"new_du":12893.2608696,"dus_lo_den":1289.32608696,"gfa_m200":257865.217391,"dus__med_d":9025.2826087,"gfa_m201":1353792.3913,"dus_high_d":2578.65217391,"gfa_m202":257865.217391,"heavy_indu":0,"gfa_m203":0,"light_indu":21991.2,"gfa_m204":659736,"logistics_":0.0,"gfa_m205":0.0,"logistics1":0.0,"gfa_m206":0.0,"total_logi":0.0,"total_gfa_":0.0,"commercial":18690.7775769,"gfa_m207":227392,"agri_minin":0.0,"total_empl":40681.9775769,"coverage":"Zone 2","shape_leng":19665.6752121,"shape_area":18815711.8753},"geometry":{"type":"MultiPolygon","coordinates":[[[[32.938103493125006,-2.4673853955696594],[32.936471806751605,-2.4682502657842345],[32.936496555517884,-2.4683134615867504],[32.93652511172278,-2.468380487246462],[32.93659853644094,-2.4684634733915716],[32.93666897941914,-2.4685439062733745],[32.936695632374054,-2.4685898663635335],[32.93676607573096,-2.468643489705127],[32.936840327521544,-2.4686990276099503],[32.93689553888327,-2.468766054533325],[32.93694503891301,-2.4688215912523774],[32.936983116000505,-2.4688598925308196],[32.937028809138326,-2.468900109460428],[32.937097349434886,-2.468947987729311],[32.93714685100772,-2.4689709699407807],[32.93716208085784,-2.469003525164172],[32.93718492594935,-2.4690552309338223],[32.93725727343086,-2.4691126831107644],[32.93729725578178,-2.4691299199004972],[32.937407682799204,-2.4691739704621187],[32.93746860939816,-2.4691701427619677],[32.93751621075311,-2.4691261005792793],[32.93759617573161,-2.4691548291770222],[32.93767233094599,-2.4692103671260774],[32.937756102307134,-2.4692659054290487],[32.93785320045227,-2.4693482547928904],[32.93792174034639,-2.469386557475108],[32.93797314319398,-2.4694746487467008],[32.93802645084049,-2.469551251080079],[32.93808356574645,-2.469616362754633],[32.93812735398938,-2.4696910493487203],[32.93817361637649,-2.4697551390843926],[32.938202173667584,-2.469801100138976],[32.93824786652115,-2.4698489763779365],[32.938312599288345,-2.469896854407824],[32.938344964650604,-2.4699332409967085],[32.93837923374672,-2.4699811166989334],[32.938394463285476,-2.4700213321636784],[32.93841921224367,-2.470063462456535],[32.93845157833623,-2.470103678718073],[32.938466808230636,-2.470136233926987],[32.938466806117724,-2.470182193647522],[32.93848965154319,-2.470228154430417],[32.938516304769486,-2.4702702857147383],[32.93857342010178,-2.4703468872989456],[32.93861720960376,-2.4703756141567172],[32.9386705189678,-2.470396681199428],[32.938729541293824,-2.4704139188294563],[32.93879046540708,-2.4704656263354074],[32.93883996540325,-2.4705249926608293],[32.93887613949361,-2.4705575488333102],[32.93890659922636,-2.4706245754361618],[32.938921829949706,-2.4706590450252626],[32.938965618072,-2.470718411987095],[32.938997983820926,-2.47074713830548],[32.939060812134734,-2.4708007602723754],[32.939072234426646,-2.4708333152991218],[32.93907223320588,-2.4708601257392497],[32.939066519487206,-2.4709003402316028],[32.93906270965437,-2.4709290639767514],[32.939049380509815,-2.4709731086979523],[32.93907222579398,-2.47102289914618],[32.93909126342639,-2.471053539233541],[32.93910458998368,-2.471086094347645],[32.93911220262067,-2.4711435443487346],[32.939100775356835,-2.471220143658245],[32.93910267744051,-2.4712680178514237],[32.93913313862234,-2.4713235536142526],[32.93915979215144,-2.471359939920883],[32.93919786989651,-2.471386751207425],[32.93925308296453,-2.4714212235350943],[32.93930068112943,-2.4714480352560186],[32.93932733475243,-2.471482506269476],[32.939355891858725,-2.471534212264848],[32.939386353111956,-2.47156868345176],[32.93941110328899,-2.4716050687615123],[32.93946631767146,-2.4716108162553243],[32.93949487686466,-2.471616562527451],[32.93953866564905,-2.4716625242508163],[32.939611011903175,-2.4717525317078364],[32.93968907066306,-2.471829134201571],[32.93977855381921,-2.4718923328958815],[32.93982424680006,-2.4719402099867076],[32.93996894144926,-2.472074265146166],[32.94005651959863,-2.4721546977261384],[32.940153617237776,-2.4722561962064984],[32.94020883002423,-2.4722983287502576],[32.940438490733,-2.472392412694774],[32.940471808923014,-2.4724259258887624],[32.940581284680825,-2.4724690180523816],[32.94070504103152,-2.4724929606625015],[32.940790718549685,-2.4724929645029676],[32.94090971575255,-2.472492969827765],[32.94101443369645,-2.472502550049795],[32.94110486931911,-2.472550428188586],[32.94118102415785,-2.472622243643829],[32.941223861056294,-2.4726749074282637],[32.94130001512658,-2.4727850223428343],[32.94143328433671,-2.472962164077038],[32.94149991780271,-2.473077066330945],[32.94156179190266,-2.4731728181857684],[32.94160938737523,-2.4732637816344107],[32.941652223266,-2.4733403824583764],[32.941742657299265,-2.473426560925402],[32.941804533516844,-2.4734744377582696],[32.941880690177726,-2.473527103893762],[32.94198540377924,-2.473618069840406],[32.94205679940915,-2.473689885037558],[32.94221148689918,-2.4738921616307494],[32.942288830243164,-2.474023819708673],[32.94237212233371,-2.4741494942307654],[32.942437567608195,-2.4742452462013955],[32.942568458958235,-2.4743769065957397],[32.94274099647664,-2.4745803808475952],[32.94290758492728,-2.474777871009401],[32.94298492978919,-2.4748556702257973],[32.94330620657902,-2.47524466433768],[32.943556088889785,-2.475555860352753],[32.94368102907919,-2.4757353944912723],[32.94387736450381,-2.4759807599085626],[32.944026103350204,-2.47617824917367],[32.94427003072223,-2.476609130069173],[32.94435332455615,-2.4767228359427658],[32.94444851508535,-2.476908353470908],[32.94457345551908,-2.47708788843144],[32.94473409178561,-2.4773452207504025],[32.944936373974485,-2.4776863353788285],[32.94506726073225,-2.477943666415657],[32.94521004713821,-2.4782249358914243],[32.94534093694236,-2.4784104548385755],[32.945435222791446,-2.4786624772404586],[32.945650308016724,-2.4789849623189673],[32.94585259894385,-2.479122610052525],[32.94607274159441,-2.4792183681915176],[32.94624469259406,-2.479250490925976],[32.94634464911185,-2.4792816137095812],[32.94643508734472,-2.4793031605540574],[32.94659692239286,-2.4793582228844686],[32.94672067883042,-2.4793989212440426],[32.94683253401466,-2.4794563754110914],[32.94695628970716,-2.479516223029251],[32.94705624573634,-2.4795832513389446],[32.947191899534594,-2.4796837936698504],[32.94725377557541,-2.4797484265523866],[32.947365629727585,-2.4798561486671016],[32.947417986772855,-2.47990641965392],[32.9475203207557,-2.4800069597172025],[32.94762503643161,-2.4800907444731446],[32.94771309034224,-2.4801984656128764],[32.94782732534533,-2.48028943238948],[32.947962978993814,-2.4803971553966484],[32.94805103332513,-2.480495301874058],[32.948117669127505,-2.4805742973172724],[32.94816764747364,-2.4806125987500525],[32.94818906527246,-2.4806508990581553],[32.94818668217375,-2.4807274978957485],[32.94822713902059,-2.480792130795723],[32.94826521621478,-2.480844794169856],[32.94829377299058,-2.4809190003359367],[32.948324709426785,-2.481005176025893],[32.94831994584186,-2.481091350314988],[32.948348502347365,-2.4811727381384356],[32.948398477570606,-2.4812924262659175],[32.94847367860185,-2.481442037146874],[32.948645028789194,-2.481621573544533],[32.948766401421,-2.4817652014931117],[32.94888777297669,-2.481937555160561],[32.94890918650179,-2.4820883608711894],[32.9488877625056,-2.482210440093952],[32.94880922023521,-2.482303792271577],[32.94877351410095,-2.4824617765151693],[32.94879492575859,-2.482684394288217],[32.94886631644678,-2.4829070130979933],[32.94890914986107,-2.4830434572261737],[32.949001956965496,-2.483366614650085],[32.94915902623985,-2.4835820560067967],[32.94938749486145,-2.4837975000932753],[32.94955884628744,-2.4839554923033527],[32.94980873934512,-2.484063220404175],[32.94998723312658,-2.4841709448412495],[32.95014430615241,-2.484293030855277],[32.9502656791864,-2.48443665866782],[32.95035135007898,-2.484659278842344],[32.9504370247446,-2.484781362125379],[32.95050127863456,-2.484917807009191],[32.95056553147014,-2.4850829767142564],[32.95058694469577,-2.4852481448071355],[32.95060836015903,-2.485377406416623],[32.95070117385041,-2.4855138523627422],[32.95092250568178,-2.485671847176208],[32.951072438686786,-2.4858154759811213],[32.95130091089368,-2.485951926927066],[32.95145084764156,-2.4859950197090375],[32.9515865026856,-2.4860883799386735],[32.951693597717075,-2.486188920763845],[32.95177927196427,-2.486303822302374],[32.95187589505115,-2.4864225548160057],[32.95190445292247,-2.486475217737758],[32.95190444876633,-2.4865901170351115],[32.951942523673694,-2.486714592365022],[32.95199011942671,-2.486805555444975],[32.952047236578046,-2.4868725818186523],[32.95217099328359,-2.486930035977017],[32.95236139023589,-2.4869587677168776],[32.95251846782781,-2.4869683480413634],[32.952637465198166,-2.487025801984311],[32.952851656776545,-2.4871933699563997],[32.95292781342121,-2.487255610107956],[32.95299921019892,-2.4873322115924625],[32.95309440482701,-2.4874566889318994],[32.953165800950266,-2.487552440591999],[32.9532895541772,-2.487686493575107],[32.953351430187126,-2.487796607298954],[32.95346566214234,-2.4879785349364636],[32.953540432989875,-2.488083879430244],[32.95359695573233,-2.4881497087736344],[32.95363265442355,-2.488167663275647],[32.953668351863755,-2.488221523354718],[32.95370405020634,-2.4882753834328764],[32.953727847357044,-2.4883442044268884],[32.95375462096175,-2.488389087568527],[32.95378734431827,-2.4884249942983123],[32.953814117339114,-2.488460900818047],[32.95383196558037,-2.4885147602649185],[32.95389146072126,-2.488622480898311],[32.953927158564646,-2.488691301401685],[32.95393013131259,-2.4887481522305057],[32.9539420294307,-2.4887960276564085],[32.95397772790319,-2.4888468958218213],[32.954025324015504,-2.488933669980701],[32.95411159313102,-2.489077296214288],[32.9541532404387,-2.489146117824085],[32.95416216281496,-2.4892239140064203],[32.95416215982026,-2.489310686497665],[32.95415025621524,-2.4894213956249764],[32.95416810182741,-2.4895261219802682],[32.954230572145136,-2.4896488031329147],[32.95430196826037,-2.489750538542203],[32.95433469145899,-2.4897924299737326],[32.95438526479111,-2.4898343220248607],[32.954465587020536,-2.489906136873305],[32.95456970742547,-2.4899929129719127],[32.954605403498455,-2.490115592275159],[32.95463217412105,-2.4902233117424872],[32.95469236287955,-2.490385339017473],[32.954724489478636,-2.490460742109992],[32.95475304726226,-2.4905217835715163],[32.954785174400605,-2.4906079582452363],[32.95483871891837,-2.490755175036558],[32.9548815549406,-2.490866484070807],[32.95494224058292,-2.4909670230387335],[32.95501720670745,-2.4910783340762204],[32.95522068287238,-2.4914158563564666],[32.95526708891588,-2.4915343471580096],[32.95532420518491,-2.4916384768156776],[32.95539202781735,-2.491843142812112],[32.95546342200832,-2.4920083125201797],[32.9554955476051,-2.4921160312457027],[32.95564190537242,-2.4924463698621335],[32.955677601986864,-2.492557679532782],[32.95574542651571,-2.492708486692718],[32.955831095908124,-2.4929921460783384],[32.95585608166817,-2.4931106370408718],[32.955909627062375,-2.493265033635245],[32.955970312293786,-2.493383525795602],[32.95604170616069,-2.493563056977562],[32.95611667055224,-2.493706683603633],[32.95623090377063,-2.493904169449201],[32.95633443039063,-2.493979575788585],[32.95644509722187,-2.494062163110589],[32.956580752381846,-2.49418783848572],[32.956702128766594,-2.494277606894457],[32.95683421562547,-2.4943458324802954],[32.95696630471306,-2.4943458368250875],[32.95705912511224,-2.4943422490412166],[32.957141235900565,-2.4943063461532997],[32.95718407666254,-2.4942524887370507],[32.95734472450788,-2.4943171243757374],[32.95740541279997,-2.4943458511729126],[32.9574592568513,-2.4944508781126835],[32.95747710589363,-2.4944867842684144],[32.95748424232192,-2.494583730551176],[32.957494948855384,-2.494684266873933],[32.95751636639463,-2.4947740328661885],[32.95754492359195,-2.49486020826037],[32.9575770494238,-2.4949679269341782],[32.95761988752985,-2.495025377061566],[32.95764487486284,-2.4951007807555996],[32.957644870730924,-2.4952300415528597],[32.957676998052385,-2.4953198078883108],[32.957684135645586,-2.4953808476884567],[32.95767699403793,-2.4954454787608897],[32.95761986938354,-2.4955926909505775],[32.957594876526464,-2.4956896361911847],[32.95757344999846,-2.495879936766941],[32.95751989726339,-2.495973290250896],[32.95750204552887,-2.4960486916514957],[32.957494901510735,-2.496159999879483],[32.957516316653454,-2.4963251678494998],[32.95757343125091,-2.496465202983085],[32.95761626917428,-2.49652983476791],[32.95772693423436,-2.49667705238049],[32.95781261102887,-2.4967775920214996],[32.95799110580341,-2.4969284026252194],[32.95813747163365,-2.497039715773638],[32.95825170883804,-2.4971007589906073],[32.958269356115004,-2.4972326639360127],[32.958281252154826,-2.4973822722351153],[32.95833479574166,-2.4975797568651084],[32.958471630851584,-2.498016615542128],[32.958519222382904,-2.4982978805533906],[32.95851921281577,-2.4986030801982886],[32.95863820134947,-2.498956158614083],[32.95887023041726,-2.4996204258393546],[32.95889997107363,-2.499925626414724],[32.95907250789058,-2.500338549997265],[32.95918554796701,-2.500667691123162],[32.95928073578784,-2.501062659019239],[32.9593223773791,-2.5013379390921946],[32.95944729878062,-2.502247558967233],[32.959500840526054,-2.502516854685438],[32.959572229852405,-2.5028759162415346],[32.95972096980459,-2.503211042227889],[32.95608044538854,-2.5066368076322276],[32.95581586351651,-2.507041101165751],[32.955604034535206,-2.5072900408700423],[32.955511205591705,-2.5075198362350792],[32.9554397891616,-2.5080153346104264],[32.95538742561271,-2.508115869674453],[32.95531840354647,-2.508163741399532],[32.955249382694255,-2.508175707553526],[32.95516846229492,-2.5081757047720523],[32.955006622476986,-2.508146975283086],[32.95484478307648,-2.5081062763470388],[32.95474244180173,-2.5081134535482903],[32.95465437990128,-2.508168506232618],[32.95453061351842,-2.508331275270974],[32.954399705515065,-2.5085251627473424],[32.95423786101832,-2.5086304807921325],[32.95403079474883,-2.508795640736715],[32.95385704648114,-2.508982344986355],[32.953623798834364,-2.5091810165210346],[32.95340721298154,-2.5093102695525045],[32.9531549275719,-2.5094036156977824],[32.952931203044734,-2.509504144481797],[32.95274080026807,-2.5095472248079194],[32.95254563566769,-2.5096309982681935],[32.9524599529356,-2.5096836570006227],[32.95225765154046,-2.5096884364658423],[32.952102949341594,-2.5097363057765056],[32.95187446232241,-2.509891889037908],[32.95165311513494,-2.510040291771913],[32.95135798940427,-2.5101479992828604],[32.951112842174005,-2.5102964010330533],[32.95088673136096,-2.5105285840074414],[32.95062730215482,-2.510746403270501],[32.95044403145716,-2.5109833746529726],[32.95029884550254,-2.5111198115238493],[32.95012271186585,-2.5114453514515573],[32.950051301267365,-2.511703871116406],[32.95003225575545,-2.5118355259240697],[32.94992753316389,-2.5118881837518554],[32.94985613207766,-2.5118953617527793],[32.94978711290286,-2.5118570596436207],[32.949727615353915,-2.5117948208571743],[32.949608617174015,-2.5117277919950354],[32.94948723708449,-2.5117062432277177],[32.94933729723152,-2.5116703318364113],[32.94913737378879,-2.511701441829382],[32.948937450400955,-2.5117540967571155],[32.94878036813398,-2.5117899961453403],[32.948678897921205,-2.5118274140171803],[32.948549293888014,-2.5116314224517433],[32.94831128961048,-2.511703225047828],[32.948132782752545,-2.5118378644791326],[32.947862049605966,-2.511978485809808],[32.94766569587111,-2.512044305241143],[32.947490167016824,-2.512095165058814],[32.947356291489236,-2.512095159648795],[32.94721646431868,-2.5121250748318538],[32.94699333374397,-2.5121968777862436],[32.94680590551459,-2.5122537208333258],[32.94670475390178,-2.5122626933098022],[32.94651732723223,-2.5122806388507297],[32.9463358460306,-2.5123763804424697],[32.94591338551681,-2.5125648682668023],[32.94548794620451,-2.5128042236182813],[32.945333240423636,-2.51292390322754],[32.945264809105176,-2.513049571163531],[32.94523802935884,-2.513169256137741],[32.94514580301428,-2.51317523696315],[32.944988123236676,-2.513253026132582],[32.944773917096704,-2.513357742730571],[32.944699538919835,-2.513417582167325],[32.944607313060246,-2.513411594434616],[32.94445261319413,-2.5133876507966604],[32.94436633652141,-2.5134115841473013],[32.94425625641315,-2.5134953599737373],[32.94401527782271,-2.5135432236983544],[32.943890323672214,-2.513609045621064],[32.943857595893114,-2.5136688877095805],[32.943714789350906,-2.5137795910172116],[32.94352736076314,-2.5138364344869837],[32.943322079388416,-2.513926189900253],[32.94311977120275,-2.5140727970068824],[32.94294721460362,-2.5141924755404563],[32.942866885195336,-2.51426727593467],[32.942765733655605,-2.514291208522942],[32.94258128144689,-2.5142882084850484],[32.94239682764864,-2.5143420591117387],[32.94190891549414,-2.5145095984707653],[32.94131985139212,-2.5146861087907593],[32.94085276543601,-2.514826718841336],[32.94069211151811,-2.5148805703051322],[32.94064451431215,-2.5148177327320975],[32.94057907020983,-2.5146561533861833],[32.940492796232775,-2.5146172519804577],[32.940391643677415,-2.514662129515474],[32.94024946139938,-2.5148041329988016],[32.93986567175624,-2.5150434883759414],[32.939725840825645,-2.5151452147544404],[32.939526498442056,-2.5154743429059536],[32.939374767008545,-2.5155850462096483],[32.939095108956636,-2.5157017273105993],[32.93893147682112,-2.515806444386616],[32.93866902026355,-2.515968780998911],[32.93850216122142,-2.5155969827643556],[32.93720217054933,-2.513553276963295],[32.936857088699455,-2.513101444858598],[32.93579268953093,-2.5117668908012005],[32.93535717181572,-2.5112426429097487],[32.9344861531436,-2.5098961288894444],[32.93380195098601,-2.508850634434833],[32.933543138378155,-2.5085843192455703],[32.9328708169341,-2.507961916421428],[32.93270422535566,-2.507776394445008],[32.932501938896955,-2.507495120647271],[32.93231214972793,-2.5071617845509087],[32.932148865879924,-2.5067846225403616],[32.93197037434387,-2.5063253167256803],[32.93182759326795,-2.505957633573239],[32.93170765416084,-2.505693359995527],[32.931645276668654,-2.505594135370231],[32.93140729549183,-2.5052090539718264],[32.930902776481005,-2.5044143101513163],[32.93045537038198,-2.5037536185798315],[32.930260227685764,-2.503413699178688],[32.92949214321701,-2.502259283545885],[32.92896264052829,-2.5013915296023193],[32.92809103598463,-2.5001048540162087],[32.92747823943929,-2.499141345859421],[32.92715696689533,-2.4986595908493037],[32.926986080056395,-2.498363096996358],[32.92696740887909,-2.498324530527612],[32.92693456911313,-2.498255589160192],[32.926893160763484,-2.498180902352062],[32.92685032820149,-2.4980458942756947],[32.92678433100651,-2.4977970432943395],[32.92677751547625,-2.4977773137211257],[32.92666615566048,-2.4973564904360086],[32.9266090425835,-2.4971505380657724],[32.92650554067173,-2.4969001659440675],[32.92595522604922,-2.4958558719772133],[32.925036040696476,-2.494356749411945],[32.92434292959929,-2.493312446618039],[32.92423583756922,-2.493186769631495],[32.923649799735756,-2.492597280897289],[32.92271867129799,-2.491923991089832],[32.9218321550274,-2.4914601537276457],[32.92105273467722,-2.4910741189551153],[32.92060054777778,-2.4909125153193754],[32.92063033455616,-2.4902961325653803],[32.92061196704886,-2.489004716675491],[32.92051442750601,-2.488341649070434],[32.920497591018204,-2.4881637270554045],[32.920490643012585,-2.488090306030582],[32.9205001719528,-2.4879347140583254],[32.920709649964735,-2.487266877230535],[32.92072870163533,-2.487058624888772],[32.92069062980741,-2.4869317548461027],[32.92060495883162,-2.4868072758123843],[32.92045026668942,-2.4866995488856536],[32.91949115689955,-2.486388306292244],[32.91938882023201,-2.486345212811247],[32.91925792486106,-2.4862997236840054],[32.91891236878107,-2.4860363932012257],[32.918484008233946,-2.4854834155574124],[32.917573737173704,-2.484391819825499],[32.917420244546115,-2.4841548319098687],[32.916888378285506,-2.4832463789324852],[32.91616017608927,-2.48217992864236],[32.91552835382004,-2.4812678788546934],[32.91480724571377,-2.480944678806782],[32.913395257119035,-2.4802827220103305],[32.91261703380591,-2.479928399257023],[32.91174599032639,-2.4795956129955687],[32.911634133131166,-2.479578849215116],[32.91124382703757,-2.4794734993156715],[32.91092967134901,-2.479487840526256],[32.910220438416005,-2.4795739668175107],[32.910120480608626,-2.4795619914884313],[32.90989676733901,-2.479526069759679],[32.9094054499197,-2.4793878168603487],[32.909555190695386,-2.4788923401408347],[32.910497858580456,-2.4755935475980224],[32.91077400436956,-2.4744492596317818],[32.9113477810355,-2.4719841525956068],[32.91137183808346,-2.4718807955684623],[32.91194997371777,-2.4699822356909142],[32.91217849974366,-2.469125218398092],[32.9127212526017,-2.4670473097184087],[32.91309738503501,-2.4653667837426725],[32.91344495873175,-2.4636623168676066],[32.91352592110898,-2.462953714050076],[32.91356405100464,-2.4621445625359475],[32.913407082517956,-2.460535820730086],[32.91339760381171,-2.459903818119951],[32.91344045926746,-2.4596309107536425],[32.913568996587365,-2.459262251738168],[32.913797487272966,-2.4589223258157777],[32.91398788976861,-2.458730822799655],[32.914283007641586,-2.4585249622930228],[32.91493987750615,-2.458165912625129],[32.91580618224673,-2.4577063299903568],[32.9175911495338,-2.4567488631259895],[32.91933880200222,-2.4557948013898883],[32.91953459746774,-2.456056590896457],[32.91989004783698,-2.455669627039355],[32.92019765326015,-2.4553347502983573],[32.921720848661316,-2.4546406563418377],[32.92307731680104,-2.4562325718901428],[32.92181590648967,-2.4570463698149614],[32.92465680979545,-2.4594882567667815],[32.92561317643351,-2.459537221556038],[32.92790382127211,-2.460375157284731],[32.93099770151084,-2.4611532875816637],[32.93305031512848,-2.4628589325922055],[32.935697870709106,-2.4656118645284755],[32.93781001313534,-2.4669285222802526],[32.938103493125006,-2.4673853955696594]]]]}},{"id":"9","type":"Feature","properties":{"id":"existing_water_supply_zone.10","ogc_fid":10,"objectid":15,"district_n":"Kisesa South","planning_d":"Kisesa South","dist_area_":1022,"cons__area":445.0,"area_less_":576.6,"pr__pop":15000,"pr__du":3260.86956522,"pr_urb_den":5.65534090395,"ex__pop":10670,"ex__du":2134.0,"gfa_m2":170720,"new__pop":4330,"new_du":941.304347826,"dus_lo_den":0.0,"gfa_m200":0.0,"dus__med_d":188.260869565,"gfa_m201":28239.1304348,"dus_high_d":753.043478261,"gfa_m202":75304.3478261,"heavy_indu":0,"gfa_m203":0,"light_indu":0.0,"gfa_m204":0,"logistics_":0.0,"gfa_m205":0.0,"logistics1":0.0,"gfa_m206":0.0,"total_logi":0.0,"total_gfa_":0.0,"commercial":902.679598882,"gfa_m207":10982,"agri_minin":0.0,"total_empl":902.679598882,"coverage":"Zone 3","shape_leng":13953.8062574,"shape_area":10216653.5849},"geometry":{"type":"MultiPolygon","coordinates":[[[[33.03163123588543,-2.6196071117049806],[33.03155695819528,-2.619490160807526],[33.031442704012896,-2.619393218731752],[33.0312320522842,-2.6192424194433355],[33.030810746693405,-2.6189946794709154],[33.030607234432225,-2.618843879898038],[33.03017878556493,-2.6184202013542195],[33.029614661599076,-2.6179031708360676],[33.02931117809871,-2.617619522033955],[33.0291753600556,-2.617539523792219],[33.02918611032764,-2.615939176606566],[33.02922799989479,-2.6131414499142753],[33.02887817565806,-2.6112611444251046],[33.02819895102146,-2.6101912738591664],[33.02772139012115,-2.6094390492064625],[33.027629337969614,-2.609110571014532],[33.02744158563077,-2.608440594896813],[33.0273682771672,-2.607749567999515],[33.02689422834884,-2.603281004705224],[33.025480760504166,-2.5994557740643622],[33.02514341624033,-2.5985428250469425],[33.0247195115628,-2.5963421941327245],[33.023965519519045,-2.5945508707512257],[33.022656530182644,-2.5933070711998285],[33.02147290271281,-2.591850973417554],[33.02111373901033,-2.5907604790363536],[33.02049807211064,-2.5894189920053243],[33.01954775773165,-2.58748651933518],[33.01991631200586,-2.58726381732619],[33.02000199562111,-2.587169981370805],[33.02019050177576,-2.586980395690819],[33.02059416960419,-2.5865973932372563],[33.02080659216964,-2.5864132996159053],[33.02090453856903,-2.586356100843716],[33.02095404509448,-2.586319714993321],[33.020999743433755,-2.586269924907294],[33.021056866242446,-2.58620098537511],[33.02115974970703,-2.5860438577200027],[33.02129868789599,-2.5861090620075986],[33.02136152528277,-2.586172255476235],[33.02139008757312,-2.586191404247308],[33.021420554103045,-2.586199063975772],[33.02144721157807,-2.5861952338537715],[33.021473868570375,-2.5861626780405444],[33.02151165300901,-2.5861018767517905],[33.02156145713407,-2.586057352937182],[33.02157949541393,-2.5860402190861023],[33.02159382628748,-2.58601139272695],[33.02159754438327,-2.5859103682694826],[33.021687125187185,-2.5858390433179768],[33.02173282325278,-2.585775848003691],[33.02176709597581,-2.5856800984284876],[33.02181726418255,-2.5855168521158483],[33.021941604469,-2.585410557398191],[33.022064133698024,-2.585346886663824],[33.022136489579076,-2.5853028410282706],[33.022189803623085,-2.5852453905211337],[33.02228809586383,-2.5851165787080133],[33.0223802128666,-2.585065379107329],[33.022454473452854,-2.5850385682916865],[33.022521117015415,-2.5850002676928616],[33.02259347252267,-2.584937071872105],[33.02262012922254,-2.584891111737369],[33.02264595266404,-2.5848317473198206],[33.022781026799805,-2.584831744893466],[33.02280102012345,-2.5848298292457703],[33.022852431204214,-2.5848068484885895],[33.022884800485286,-2.5847723790642774],[33.02293637935271,-2.584675112836635],[33.023052361565895,-2.5846785414170244],[33.02311710197795,-2.5847130099787523],[33.023193268068155,-2.5847474783275963],[33.0232484875842,-2.5847513069834864],[33.023280857201655,-2.5847359868034983],[33.02333417248924,-2.584701516077238],[33.02335892486851,-2.584663216206752],[33.02345217878669,-2.584460004033234],[33.02363033488538,-2.5842552278214956],[33.0236997541832,-2.584199784518234],[33.02377972686239,-2.5841614836034457],[33.02383494553402,-2.5841212678630137],[33.02394847886149,-2.5840201327568297],[33.024111955112886,-2.583946312830472],[33.02430264234082,-2.583933471237185],[33.024386423780484,-2.583939214581981],[33.02444735550224,-2.5839353837358314],[33.024493053986596,-2.583904742778006],[33.024523518479086,-2.5838549528595016],[33.02449678488428,-2.5836858136922225],[33.02452852314397,-2.58353988030492],[33.02465489743259,-2.5835504684735886],[33.024738203575694,-2.5836342473238756],[33.0247715274508,-2.583703664754962],[33.024804851051115,-2.5837587197918634],[33.02486435461734,-2.5837754748998516],[33.02493575870677,-2.5837395679636814],[33.02501192223066,-2.5836892976314765],[33.02511188610999,-2.583545672623621],[33.025197567316496,-2.5833158735326993],[33.025302288639075,-2.5830597422464567],[33.02532370753002,-2.5829544182033297],[33.025323705398755,-2.582846700705525],[33.025302879967825,-2.58261985673096],[33.02531982672789,-2.582500537698537],[33.02555060404465,-2.582408774782242],[33.02590921120233,-2.5822913450868517],[33.0260139367262,-2.5822530435245064],[33.02609962202892,-2.5822362854840843],[33.02615912565751,-2.5822147402132005],[33.02622338855644,-2.582171652607882],[33.026273370118716,-2.5821094142316143],[33.026318591963076,-2.582047176857047],[33.02648758008649,-2.5819538182272024],[33.02653809680243,-2.581887769158338],[33.026692268031496,-2.5817192287710005],[33.02677319002532,-2.581575603127314],[33.02677775361006,-2.581359693960444],[33.0269774612637,-2.5813369451180335],[33.02727735997854,-2.5813405286125826],[33.027448730166704,-2.5813369349892676],[33.02753441505394,-2.5813046175173233],[33.02773156063402,-2.581197438546796],[33.02793427893978,-2.581247159184973],[33.02804495690423,-2.5813333310989757],[33.028144924836155,-2.5813979591987017],[33.028310079673155,-2.5814298974795418],[33.02842697528546,-2.5815415759262104],[33.02856621543393,-2.581599022365361],[33.0287739401854,-2.58161551066474],[33.02895180265065,-2.581728275145446],[33.029137454144774,-2.581739042454847],[33.02923385022849,-2.5817390402325326],[33.02944964219336,-2.5816639110938953],[33.02957658993432,-2.5816600395617],[33.02997288365101,-2.58165284859253],[33.03039495973051,-2.581655081324619],[33.031103054422395,-2.581679001146353],[33.031644540315376,-2.58177473671144],[33.03185280237379,-2.5817627629785904],[33.03238238454655,-2.581732827816091],[33.03280485952553,-2.5816789581926964],[33.033994929135964,-2.581529319068225],[33.03442930315098,-2.581421589839087],[33.03475062022325,-2.581295910352818],[33.03500648229242,-2.5811642487944177],[33.03530994267072,-2.580882978131025],[33.036303629142026,-2.580009240692005],[33.03649998484066,-2.5797758468492558],[33.03670229032195,-2.5795424528038455],[33.036886747127475,-2.579404808228571],[33.037112637722885,-2.579138103537051],[33.037179338754044,-2.5790290894384933],[33.037333009966595,-2.5789260502469533],[33.03743416625639,-2.578920063460602],[33.03757459235725,-2.5788614127930978],[33.037781660954955,-2.578724964359719],[33.03803871198909,-2.578581332745182],[33.03831004429076,-2.57845206394482],[33.038452850241704,-2.5783515228726377],[33.03855281258753,-2.578250983992951],[33.03871703743543,-2.5780858119253502],[33.03885270154766,-2.577956546241454],[33.039002646958885,-2.5778416434012965],[33.039195435447255,-2.5777411007078253],[33.039409644345064,-2.5776261949271664],[33.03958815121742,-2.577504109481856],[33.03990232511447,-2.577353294964893],[33.03992374509679,-2.5773245704102496],[33.040366445496325,-2.577159389334066],[33.04060207573317,-2.577037301928137],[33.04085198543169,-2.576872126841481],[33.04102335140101,-2.576757222170318],[33.04114473541418,-2.576663863139678],[33.04127325916638,-2.5765633222166366],[33.041337521009055,-2.5764843274175773],[33.04165883163455,-2.576247337882496],[33.04176593514989,-2.5761683416545313],[33.04208724891342,-2.576031888759865],[33.042201493267875,-2.57595289225868],[33.042258615321565,-2.5759098031799668],[33.04272273165088,-2.575593815908338],[33.04287267787462,-2.5755219997936294],[33.04305832530566,-2.5754358191534035],[33.0433153762905,-2.575328092914997],[33.04343130808142,-2.575247928256432],[33.04396156653851,-2.5749853654674104],[33.04405082901333,-2.5750551830511053],[33.044107953025204,-2.5750982682443384],[33.04417221857251,-2.5751341715378544],[33.04427932505778,-2.5751485301980583],[33.044372150189965,-2.5751485269562564],[33.044536378370054,-2.5751126156758777],[33.04466490494543,-2.5751054295109914],[33.04517186420711,-2.5748253462793445],[33.0452432674699,-2.5747966189519853],[33.04582877135197,-2.574559618931092],[33.04625004892541,-2.574387255853012],[33.04660706484213,-2.574265162917094],[33.04684983443676,-2.5741574364944024],[33.047049764608964,-2.57413588506126],[33.047228272633255,-2.5740784288661698],[33.04742820421572,-2.5740712406703516],[33.04819281148186,-2.573962585152949],[33.048543879164875,-2.5739146968396684],[33.048992252158634,-2.5738535360912795],[33.04896418136494,-2.5750730304212093],[33.04898564763674,-2.576239969582287],[33.04898958458893,-2.5769802780824826],[33.049087050233545,-2.5776707954459965],[33.04936096007691,-2.5788912053111304],[33.04952878830827,-2.5796129072904583],[33.049625200411874,-2.5800545449777204],[33.04978946157173,-2.580855238829504],[33.04987516645457,-2.581329193413787],[33.04993587455861,-2.5817097920842786],[33.04998944184207,-2.5820688488036505],[33.050085865320256,-2.5827690094386124],[33.05010729871043,-2.583063436212786],[33.05012517093255,-2.5835948420941413],[33.05012518443651,-2.583939538526063],[33.05009664207008,-2.58443863063738],[33.05004312628801,-2.5854224532217827],[33.04999674154858,-2.5861549350660815],[33.04997532746383,-2.5863093304584592],[33.04989680530322,-2.586916141984083],[33.0498575483596,-2.5873146986785596],[33.04975046652804,-2.5879610085602978],[33.04955414074996,-2.58893406422483],[33.04948632196034,-2.589318259630793],[33.049297131484266,-2.5901548736355253],[33.04915434944629,-2.5908873591663024],[33.049093668025286,-2.591206923068792],[33.04902941408667,-2.591497762331225],[33.04895087846033,-2.591749107614276],[33.04886877052894,-2.5919537741405745],[33.04874025244864,-2.5922266626651624],[33.04836540174847,-2.59291606988225],[33.04799055141218,-2.593601886164624],[33.04770851849784,-2.5940794437587473],[33.04748003683157,-2.5944456928085264],[33.04720871292976,-2.5948909351950844],[33.04706234342529,-2.595185368249267],[33.04694810374165,-2.5954043982358814],[33.0467874550104,-2.5957526914195395],[33.04659824558467,-2.5961440718955484],[33.04651613649641,-2.5963595107345685],[33.046441171636715,-2.596639578687791],[33.04637096939007,-2.596998640039589],[33.04628530526275,-2.5975922860946876],[33.04618060917766,-2.598458817275465],[33.046118747287494,-2.5991003373562704],[33.04607591500928,-2.5994067349910117],[33.0458284357765,-2.601039263755513],[33.04568090272167,-2.6021020829577766],[33.045552397004215,-2.6027914785123096],[33.04538106285659,-2.6039069602971567],[33.045267037400635,-2.6045876790464293],[33.04511830640183,-2.6054554094939704],[33.044921975441476,-2.6064518032560087],[33.04481786454851,-2.6070951196773],[33.044722678854306,-2.607696545553833],[33.044544199138315,-2.608695932302484],[33.04447280682875,-2.609090898142899],[33.0443615560317,-2.6097539629240996],[33.04423542540417,-2.6103332486985233],[33.04419496885443,-2.610529535738938],[33.04407597634351,-2.611053765586696],[33.04395936092491,-2.611460701481107],[33.04380466996809,-2.61208786221349],[33.04376183053691,-2.6122147321879825],[33.04368566996009,-2.6123775079265315],[33.043540486220294,-2.6126240655794186],[33.04326677432853,-2.6129974961422],[33.04296688251542,-2.6133900767865823],[33.04268519929289,-2.613803123247579],[33.04253049379442,-2.614051477876411],[33.042390663169165,-2.614242980466493],[33.042206202878475,-2.6144344845485223],[33.041977113608205,-2.6145930764964156],[33.04170934615543,-2.614769621994642],[33.04078880664377,-2.6153141463861305],[33.04035860243823,-2.6155715632145773],[33.0399628999611,-2.615801972084478],[33.038775790389366,-2.616481228543484],[33.0378445456781,-2.616965985511522],[33.0375142957154,-2.617118595007897],[33.03686569685893,-2.6174357827965125],[33.03598800477527,-2.6178636871039047],[33.034931799118894,-2.618381359121904],[33.03471460737559,-2.6185070358113642],[33.03442303546266,-2.618659643420686],[33.034193943131214,-2.6188032726494126],[33.03400055473813,-2.618952885567701],[33.0337089855113,-2.6192132113408766],[33.03347691914103,-2.6194346362359826],[33.03325973155026,-2.619662046299775],[33.033051469535344,-2.619946305796121],[33.03289157569723,-2.6201133506490257],[33.03224176701589,-2.619768672215606],[33.03193471464971,-2.6196286470976746],[33.031782293087964,-2.619589235180238],[33.03163123588543,-2.6196071117049806]]]]}},{"id":"10","type":"Feature","properties":{"id":"existing_water_supply_zone.11","ogc_fid":11,"objectid":16,"district_n":"Mahina","planning_d":"Mahina","dist_area_":2710,"cons__area":387.0,"area_less_":2322.63,"pr__pop":135000,"pr__du":29347.826087,"pr_urb_den":12.6356010587,"ex__pop":98820,"ex__du":19764.0,"gfa_m2":1581120,"new__pop":36180,"new_du":7865.2173913,"dus_lo_den":786.52173913,"gfa_m200":157304.347826,"dus__med_d":5505.65217391,"gfa_m201":825847.826087,"dus_high_d":1573.04347826,"gfa_m202":157304.347826,"heavy_indu":0,"gfa_m203":0,"light_indu":21991.2,"gfa_m204":659736,"logistics_":0.0,"gfa_m205":0.0,"logistics1":0.0,"gfa_m206":0.0,"total_logi":0.0,"total_gfa_":0.0,"commercial":18690.7775769,"gfa_m207":227392,"agri_minin":0.0,"total_empl":40681.9775769,"coverage":"Zone 2","shape_leng":38445.0439431,"shape_area":27100318.7717},"geometry":{"type":"MultiPolygon","coordinates":[[[[32.930985660957404,-2.5340959085077697],[32.93126412380698,-2.5341641445322267],[32.93162112972047,-2.5342252039183206],[32.93250293805066,-2.5342934715252463],[32.93294086712723,-2.534333588752854],[32.93337522398329,-2.5344114079564277],[32.93399998115042,-2.5345790001691446],[32.9352435433626,-2.534956075457094],[32.935609473054114,-2.5350398742819538],[32.93597838057477,-2.5350817829026107],[32.936719170954326,-2.5351566233636906],[32.93742128382875,-2.5352583904539765],[32.93835842404628,-2.5354379651214227],[32.939358041182395,-2.535638487179965],[32.939587119649595,-2.535680388188625],[32.94092826891815,-2.5360239491546546],[32.94216707018329,-2.5365123259809046],[32.94303102296238,-2.536742161939422],[32.94454472946403,-2.5370689714229426],[32.946351181485184,-2.537489146511036],[32.948661014482255,-2.5380206476234464],[32.94943928428558,-2.53831510715634],[32.95018542451395,-2.538598792503401],[32.952088258569724,-2.539424699557859],[32.95262376886603,-2.539557571807824],[32.95382688830972,-2.5397371441800947],[32.95567261854063,-2.5401249929901266],[32.95730057516744,-2.5404841071585533],[32.95767186489465,-2.5405379782047373],[32.958118127872744,-2.5405487643844884],[32.9603030391529,-2.540369304093916],[32.9618453278445,-2.540275995597257],[32.963173406477544,-2.5403119407519186],[32.96390884551805,-2.5404268599025674],[32.96453003891324,-2.5406135884043572],[32.96536186486613,-2.5409690784854053],[32.96559034969672,-2.541044487454784],[32.96652571231704,-2.5412743096668393],[32.96901406385645,-2.5418811819416987],[32.971245370859116,-2.5424341840119347],[32.97256805338668,-2.542746758701155],[32.97367678007879,-2.543007985812936],[32.97523007212548,-2.5433726986756744],[32.975303059684855,-2.5451247756742164],[32.975347136813994,-2.5452910248338614],[32.97536916981262,-2.54566785307513],[32.97524857698913,-2.5458269680779737],[32.97504958283832,-2.546033591921254],[32.974774076619155,-2.546321749248024],[32.97462664120235,-2.5466410983076444],[32.974410405727035,-2.5468980674657034],[32.97418999871604,-2.5471640601609806],[32.97416062694051,-2.54721757546198],[32.97403571039661,-2.5475630513523666],[32.9738593788882,-2.54810612387503],[32.97371611404718,-2.548394282741466],[32.97278794732807,-2.550029649155382],[32.97277690741416,-2.550993885774687],[32.97277785536012,-2.5511316662269143],[32.972841173627444,-2.551790645269589],[32.97289993733614,-2.5522832320660807],[32.97284115924209,-2.5525196716671243],[32.972586466885076,-2.5527758118454615],[32.972194638176745,-2.5529925412880496],[32.97192035569382,-2.5532092722875133],[32.971860295104435,-2.553256731576177],[32.97190075595431,-2.553623044685265],[32.97195951762716,-2.554155038313411],[32.9717067369514,-2.5552889295019545],[32.9702961490991,-2.5559785179628842],[32.97007045562408,-2.5560888521146774],[32.970139414543375,-2.5561755483345965],[32.97021777728999,-2.556274066720679],[32.970472460910045,-2.5564119968951355],[32.970648778204826,-2.5566090358811993],[32.97031572360859,-2.556766655407701],[32.969923893345985,-2.5569045705150115],[32.96957124779759,-2.5570227825801517],[32.96942930095898,-2.5570703655524993],[32.96949286788256,-2.5576138836671585],[32.969571218111575,-2.55828380209069],[32.9695711972298,-2.559170456503239],[32.969453632193975,-2.5598994817941927],[32.96933606795662,-2.5605890984533914],[32.969277267283076,-2.561692489271855],[32.96912051729545,-2.562460918543241],[32.968807035701104,-2.563288455515014],[32.968395592998334,-2.5642539142156817],[32.968082111055274,-2.5650223394198464],[32.96812127433361,-2.5658104781619513],[32.96782737336288,-2.566992675583783],[32.96749430777752,-2.5674655504883273],[32.967082882480256,-2.567623167099973],[32.96655390940728,-2.5677807804937016],[32.96571147202769,-2.567918681409792],[32.9653604583508,-2.567976140487253],[32.9652608644066,-2.5680762972750424],[32.96504434834725,-2.5682940397393055],[32.96490374897015,-2.568425866827913],[32.96453596246017,-2.5687461936891687],[32.96420289924856,-2.569041736672942],[32.9638894274399,-2.5693175753684607],[32.96351718067842,-2.5695934132038922],[32.963301176675074,-2.5697534750902924],[32.96337011275849,-2.5698298370684305],[32.96370509644523,-2.5702222254918157],[32.96421445901208,-2.5708133418181522],[32.9646258580273,-2.571660601630057],[32.964782570496475,-2.5723699291425306],[32.964919695301475,-2.5729610357148136],[32.964998744726635,-2.573301793505554],[32.965135187536404,-2.573473330839677],[32.965683732454096,-2.5741629650774516],[32.966036368843426,-2.574616154012074],[32.966271445503146,-2.575443701073459],[32.96631083494766,-2.575875986203924],[32.96648683858735,-2.577824858676463],[32.96641118349325,-2.5785845435993715],[32.96629092163216,-2.5798178651175143],[32.965802011652265,-2.5823074558441315],[32.96399768276702,-2.5823641126036563],[32.959374078358046,-2.5828176269778753],[32.95758430303532,-2.5830911059819672],[32.95671361232749,-2.5832241486817455],[32.956613937534414,-2.583239378901417],[32.9561601172241,-2.582874226508351],[32.95418667833993,-2.5816266063579048],[32.95148023516466,-2.5803789553092082],[32.95012700279306,-2.580095368817696],[32.94899926169502,-2.581059339270218],[32.94843782209105,-2.581440822307214],[32.94830623187306,-2.5813883559964994],[32.94764384592541,-2.581105610012948],[32.9473753709534,-2.5809720291178224],[32.94717544392274,-2.5808513767255103],[32.94698694076579,-2.5807307256851337],[32.94691982291939,-2.5806818907509887],[32.946765593953366,-2.5805626769007985],[32.946551806489154,-2.5803928243909726],[32.945634588398214,-2.5796534928062167],[32.94541895425201,-2.579486879822881],[32.94504766545798,-2.5791852554158945],[32.94477348186702,-2.5789597544421303],[32.94431978957101,-2.5785987071070684],[32.94379085390872,-2.578293455630299],[32.94290558308622,-2.5781410182322007],[32.94253856937926,-2.5780763704492617],[32.94230722118423,-2.5780275287260914],[32.94205445342472,-2.577949960300427],[32.94183167684161,-2.5778738289877174],[32.94153178502941,-2.5777445546024276],[32.941250457713885,-2.577621025962945],[32.94055697317956,-2.5772793949808683],[32.939836995503946,-2.576974160959078],[32.93939668049725,-2.576761696979605],[32.93898314142449,-2.5765552188435468],[32.93864695366066,-2.576411578748213],[32.93823936484169,-2.576220061067983],[32.93790912885655,-2.576058468763797],[32.937581867145944,-2.575911836927593],[32.937251631179834,-2.5757532363556592],[32.93662686074803,-2.575445013347446],[32.93593500203369,-2.5750929241474747],[32.935298444443184,-2.574814402677407],[32.934502641955994,-2.574421588797151],[32.933943327703545,-2.5741043921686573],[32.9335625191458,-2.57385901568209],[32.933166836245135,-2.573577731881152],[32.932815781839814,-2.573293459326168],[32.93246175299499,-2.5730032009091435],[32.93210177422442,-2.572700974477926],[32.93176857027906,-2.572440639605938],[32.931366941753105,-2.5720965196105245],[32.930893910977346,-2.571722474801388],[32.93049525855649,-2.571381347505367],[32.930054953984445,-2.5710252573922094],[32.929412349136584,-2.5705015950388335],[32.929171372395885,-2.570298115247147],[32.92876081880362,-2.5699689552659875],[32.928076565133786,-2.569403399705833],[32.92757077360724,-2.5690154843391046],[32.92642245471503,-2.568086756954668],[32.92591967708801,-2.5676797950190986],[32.92523840044735,-2.567120221955294],[32.92480404862309,-2.5667790908364667],[32.92446192335222,-2.566497808474341],[32.923810397650136,-2.5659561896455205],[32.92333439754162,-2.565579150037829],[32.92229314749969,-2.564726323126322],[32.922293082733596,-2.5647262697440465],[32.92387808539237,-2.562342778289639],[32.923914082150574,-2.5621075539421634],[32.92400405533656,-2.56183614411686],[32.924085027445024,-2.561655205477538],[32.9241839952133,-2.561401890516722],[32.92422898122522,-2.5612752327655457],[32.924273962981836,-2.5612209523969574],[32.924309967057326,-2.5608590676069967],[32.924327962722835,-2.5607866912886],[32.924350144330006,-2.560618112101547],[32.924363967297516,-2.5604157593205],[32.92439995807689,-2.560280053853432],[32.92426481294502,-2.5602173299332938],[32.92409410508723,-2.560261941357837],[32.92398615233905,-2.560334312320052],[32.92398614914337,-2.5603885953589494],[32.92385120925271,-2.560460964701786],[32.923680285976026,-2.5605423790519937],[32.92359032941996,-2.5605333264972896],[32.923572332646216,-2.560623797150499],[32.92350935946224,-2.5606780764165884],[32.92336542165688,-2.56078663385871],[32.92330244523131,-2.5608951961515207],[32.92321248165812,-2.561003756817264],[32.92299658348468,-2.561021838154837],[32.922942610290704,-2.5610037405514166],[32.922852656412736,-2.560949452079881],[32.92270872827393,-2.5608951603347],[32.92260077973714,-2.5608951537928766],[32.92243885801959,-2.56087704961754],[32.92225894760914,-2.5608137084624976],[32.92218698574038,-2.560750373868153],[32.92204305874639,-2.560677987703893],[32.92198908995454,-2.560587512679426],[32.92197110400402,-2.5604970398528217],[32.9217192351375,-2.560316080978037],[32.921593304027056,-2.560171318486659],[32.92152134387642,-2.560080842338251],[32.92127966610277,-2.5599193254756774],[32.921226397393355,-2.5598119358696114],[32.92125342173259,-2.5596734759868696],[32.92128424124648,-2.5595810311622054],[32.92115255419875,-2.5595198949107267],[32.92103561339806,-2.5594656046487683],[32.9208197165724,-2.559465591280437],[32.920801726279784,-2.559447495819566],[32.92080173071754,-2.559375118438725],[32.92074775651512,-2.559375115090298],[32.92074776095576,-2.559302737709467],[32.920774748055464,-2.5593027393839187],[32.92080173626456,-2.559284646712554],[32.92074776317605,-2.559266549019018],[32.920621830052475,-2.559157975126342],[32.92049589806373,-2.559031306876534],[32.92049590029083,-2.5589951181861474],[32.920549874477054,-2.5589951215447195],[32.920616230604374,-2.55904940870658],[32.920616233778695,-2.5589977502556165],[32.92062184450584,-2.5589227486382087],[32.92056787810988,-2.5587960848658757],[32.92051390393195,-2.5587960815083237],[32.92048691572942,-2.5588141741739445],[32.92044581563666,-2.5587793553803055],[32.92039172177836,-2.5586777775933776],[32.92038262142259,-2.5585514224033274],[32.920351999802776,-2.558497514725546],[32.920280039272704,-2.55841608568298],[32.92020879328147,-2.558359392555946],[32.92017209430285,-2.558361795906566],[32.92010012651954,-2.558397980098203],[32.919938202916605,-2.5584160643061153],[32.91988422763352,-2.5584341552675567],[32.91984824373654,-2.558452247355578],[32.91979426957392,-2.558452243968074],[32.91974029653526,-2.558434146233262],[32.91969532031615,-2.5583979547166886],[32.919674716688355,-2.558410682793163],[32.91965033847395,-2.5584522349235805],[32.91966832761161,-2.5584884247450055],[32.91969429540964,-2.558504056272908],[32.91968631337621,-2.5585788976011004],[32.919659325167274,-2.5585969902490775],[32.91963233470663,-2.5586512715863003],[32.91961434050204,-2.5586965063165152],[32.919596347422164,-2.5587236467015244],[32.919542373248554,-2.5587236433030167],[32.91949739702539,-2.5586874517795017],[32.91941644140998,-2.5585969749505653],[32.91939845453549,-2.558524596436144],[32.919380466533966,-2.558470312266309],[32.91936247966306,-2.558397933751351],[32.91935348622831,-2.55836174449377],[32.919308507763155,-2.5583617416536897],[32.91927252159984,-2.5584160224149883],[32.91912858824087,-2.5584522020013543],[32.919074612946005,-2.558470292928169],[32.91894866982902,-2.5585245679780932],[32.91882272783856,-2.558560748670635],[32.91855285472923,-2.5585969201818513],[32.918480886890165,-2.5586331042802613],[32.91841791702711,-2.5586331002602685],[32.91833695577475,-2.5586330950871448],[32.91824699424829,-2.558705466710368],[32.918193020077254,-2.558705463254869],[32.91812105279594,-2.5587326001603157],[32.91811152871394,-2.55880891877977],[32.91804907862533,-2.558868303126537],[32.91790514518571,-2.5589044825720557],[32.91779719452538,-2.5589406643173667],[32.91779718992005,-2.5590130416933414],[32.91772521973285,-2.5590854144353616],[32.91756329601977,-2.5591034983381804],[32.91738338206423,-2.559103486712878],[32.91732041681219,-2.55903110526304],[32.917185482513766,-2.5590130021773243],[32.91704155484649,-2.558958709805928],[32.91689762719175,-2.558904417418663],[32.91680767488983,-2.5588320341884616],[32.91677169793496,-2.558741560126492],[32.91668174681824,-2.55865108254426],[32.916681749151834,-2.5586148938570936],[32.916682637632235,-2.558452044821839],[32.91671775058813,-2.55832538670513],[32.91673574313841,-2.558307293534119],[32.91677172474129,-2.5583253902224428],[32.91687968817766,-2.5580901707808152],[32.91689769003023,-2.5579273228563046],[32.91695166649239,-2.5578911376776228],[32.91695165719069,-2.558035892428875],[32.916987632978,-2.558144460830463],[32.917005617387595,-2.5582530280624396],[32.91707758059947,-2.5582892214230806],[32.9171135668493,-2.558234940726364],[32.91715121448422,-2.5581965017344],[32.91723951464401,-2.5581082884827304],[32.91734018871395,-2.5580286636007377],[32.91748276077395,-2.5580386219913627],[32.91745543202543,-2.5577826042543594],[32.917383476925814,-2.5576197505059586],[32.91726299396271,-2.5575092360273133],[32.91726654572857,-2.5574207051543083],[32.91725755351707,-2.5573664215392906],[32.91727554836203,-2.557312139671221],[32.917257560465885,-2.5572578554738477],[32.91725756625632,-2.5571673837524966],[32.91723058731251,-2.5570407215951536],[32.9171316359554,-2.5570226208395037],[32.91689774819251,-2.5570226056549785],[32.91682578272729,-2.5570226009742067],[32.91669984899241,-2.5569321210526934],[32.91661887968161,-2.557058776182472],[32.91657388958859,-2.557239716687345],[32.91653789867279,-2.557366374745527],[32.916456932826115,-2.5574387468312474],[32.91648391754594,-2.557474937282768],[32.916483912869715,-2.557547314658066],[32.916465919157616,-2.5575835021697872],[32.91648389884026,-2.557764446783445],[32.916483883640346,-2.557999673251734],[32.91639391620661,-2.5581625164612833],[32.916393906841435,-2.558307271209827],[32.916357924073516,-2.558307268854582],[32.91627568837029,-2.558276190956557],[32.91626797067113,-2.5582529799315457],[32.916222913178885,-2.5581816264574813],[32.91610472584449,-2.5582254395834574],[32.9157875919812,-2.558152740075165],[32.91575719909401,-2.5581534491792666],[32.915541498041236,-2.558065972311629],[32.91540142752026,-2.5579351020404983],[32.91520932681437,-2.5577913125610863],[32.91506838944717,-2.5576836481925898],[32.91505054752429,-2.557585955647746],[32.91503865610706,-2.5575314999313132],[32.91499196615791,-2.5574712869947085],[32.914906892484325,-2.5574253253202563],[32.91486201489319,-2.5574103782134205],[32.91486005357787,-2.5573869468130668],[32.91484671103316,-2.557348168841997],[32.914792740501404,-2.5572938822154647],[32.91473876639408,-2.557293878615998],[32.91464881074335,-2.5572757782687887],[32.91461282920089,-2.5572576815223425],[32.914576847659475,-2.5572395847749116],[32.9145768500507,-2.557203396088878],[32.914594842613816,-2.5571853029481586],[32.91461283398134,-2.557185304150208],[32.914666806889606,-2.5572034020979078],[32.91473877236088,-2.5572034069005722],[32.914738773554205,-2.557185312557471],[32.914702792012896,-2.5571672158135725],[32.914648819105565,-2.557149117867416],[32.914630828933355,-2.557131022322823],[32.91457685722418,-2.557094830030651],[32.91450489175925,-2.557094825219074],[32.914486900393044,-2.557094824015547],[32.91445091945662,-2.557067680093234],[32.91439694595826,-2.5570586293081625],[32.91434297186131,-2.5570586256923136],[32.91432497809753,-2.5570948131724034],[32.91430698673142,-2.5570948119663437],[32.91425301383317,-2.5570767140037427],[32.9142170311015,-2.5570767115893616],[32.91419903853484,-2.557094804724668],[32.914217028700314,-2.5571129002751265],[32.914235017665945,-2.557149090168223],[32.91423501526519,-2.557185278853965],[32.91421702389785,-2.557185277646594],[32.91418104356546,-2.557149086545408],[32.91412707186878,-2.5571128942346544],[32.9140551064037,-2.5571128893977195],[32.91405510760656,-2.5570947950549163],[32.91392916804476,-2.5570947865805898],[32.91392916924937,-2.557076692237841],[32.91389318651801,-2.5570766898143424],[32.91389319374854,-2.5569681237578417],[32.91387520238439,-2.556968122545765],[32.9138752035897,-2.5569500282030035],[32.91382122949803,-2.5569500245652783],[32.91382123070409,-2.556931930222538],[32.913767256613255,-2.5569319265825596],[32.913767257820055,-2.55691383223984],[32.91389319736369,-2.55691384072952],[32.91391118752232,-2.5569319362841063],[32.91391118691992,-2.5569409834554984],[32.913929176476884,-2.5569681261812374],[32.913929173495326,-2.557012913298483],[32.91398314575417,-2.5570405071856244],[32.91401912728127,-2.557058603949358],[32.91409109274326,-2.5570586087882172],[32.914127076676145,-2.557040516863273],[32.914172055089374,-2.557040519884215],[32.91419904453894,-2.5570043330102274],[32.91419904634014,-2.5569771914958697],[32.91418105677727,-2.5569500487737353],[32.91418105797828,-2.5569319544308233],[32.91418106038029,-2.556895765744984],[32.91410909492719,-2.556895760911499],[32.91409110356394,-2.556895759702494],[32.91403713067724,-2.5568776617311038],[32.913965165225434,-2.556877656889549],[32.913947172658226,-2.556895750021343],[32.91392918129505,-2.55689574881006],[32.913929183704084,-2.5568595601244395],[32.91394717627101,-2.556841466992879],[32.91396516943942,-2.556814326689621],[32.91394717867948,-2.556805278307209],[32.91389320459376,-2.5568052746727274],[32.91383923171385,-2.5567871766931773],[32.91382124517611,-2.5567147981092417],[32.913785266074235,-2.556660512654655],[32.91373129440913,-2.5566243203279737],[32.91364134123798,-2.5565700312262107],[32.913623353505386,-2.5565157469824875],[32.913605364565385,-2.5564795570812917],[32.91360536577424,-2.556461462738516],[32.9136593398452,-2.556461466384659],[32.91369532135163,-2.5564795631569743],[32.91374929421663,-2.5564976611421852],[32.91374929542347,-2.556479566799345],[32.913731306480365,-2.5564433768997974],[32.91365934467752,-2.556389089013398],[32.91362336438266,-2.5563528978973284],[32.913623366195466,-2.5563257563830937],[32.91356040068559,-2.556262421927668],[32.91353341183967,-2.5562895616171333],[32.91355140137993,-2.5563167043478985],[32.91356938789765,-2.5563890829353975],[32.91356938668834,-2.5564071772781776],[32.913538350739096,-2.556433489782509],[32.91349742489456,-2.556352889382934],[32.913471713989495,-2.556317913087901],[32.91346144944847,-2.556244320891424],[32.91340747659837,-2.5562262228944848],[32.91338948766827,-2.556190032990425],[32.913389490091724,-2.5561538443049026],[32.9134074826558,-2.5561357511806513],[32.91340748931872,-2.556036232295278],[32.91337151085848,-2.5559728996582805],[32.91337151207037,-2.5559548053154653],[32.91338950584343,-2.555918617848487],[32.91331754529663,-2.555846235601056],[32.91326357003849,-2.555864326284157],[32.91326356761177,-2.5559005149697294],[32.9132275836999,-2.5559186068713795],[32.91317361329607,-2.555864320179565],[32.913173614510676,-2.555846225836815],[32.913173619369005,-2.555773848465758],[32.913155636525296,-2.555647186844626],[32.913056384971476,-2.5555876641886073],[32.912939751949196,-2.5554752759101103],[32.91292176669588,-2.5553848029715516],[32.91281382779134,-2.555249088047284],[32.91275986475274,-2.5550862352823973],[32.91268791832795,-2.5548057680592],[32.91254399316317,-2.5547243336856376],[32.91250801172193,-2.5547062368826436],[32.912400073528566,-2.5545614747540357],[32.91228314214787,-2.554380523314655],[32.91218419230274,-2.5543443278419065],[32.91214821456187,-2.554271948001078],[32.91219319287646,-2.5542719510883054],[32.91223817609874,-2.554199576802841],[32.91223817855251,-2.5541633881172543],[32.912256171716805,-2.5541362478367984],[32.91222019213659,-2.554091009512033],[32.912184213172665,-2.5540367240149053],[32.91213024411819,-2.553964342938826],[32.91209426639021,-2.5538919630965027],[32.91205828866617,-2.553819583253222],[32.912031302916525,-2.553801487055756],[32.91200431347773,-2.553837673886111],[32.91202446922528,-2.5538630878716426],[32.9120402924287,-2.5538919593880194],[32.91205827637349,-2.554000526681088],[32.91209425410223,-2.5540729065243286],[32.91211224173944,-2.5541271907883414],[32.912112239282195,-2.5541633794738283],[32.9120942479579,-2.5541633782380413],[32.91200429625707,-2.554090994684529],[32.911986307394535,-2.554054804761853],[32.91198630862487,-2.5540367104191426],[32.91200430425259,-2.5539733814568217],[32.91198631723699,-2.553910050020013],[32.91196832776206,-2.5538829072684583],[32.911927708142635,-2.553891951645167],[32.91186037984023,-2.553882899838619],[32.91180640649583,-2.5538738489489488],[32.91175243623601,-2.553819562200383],[32.91171645359734,-2.5538195597187734],[32.911662479639396,-2.5538195559944623],[32.911626498853686,-2.553792411996413],[32.911518551558785,-2.553783357366726],[32.91151855032202,-2.5538014517092837],[32.91146457636513,-2.553801447976652],[32.9114465838084,-2.5538195410744513],[32.91150055405494,-2.553873827835466],[32.91150055158082,-2.5539100165205024],[32.911662473465505,-2.5539100277074933],[32.911626487118454,-2.553964308250968],[32.91150054786961,-2.553964299548019],[32.911410596216854,-2.553891915954184],[32.911320639616044,-2.553891909724058],[32.91128465325552,-2.553946190257452],[32.91121268176645,-2.554036656978407],[32.91119469044436,-2.5540366557300347],[32.91121268673098,-2.5539642796090267],[32.911248674335546,-2.553891904735404],[32.91126666751614,-2.553864764469335],[32.911230686737895,-2.5538376204604267],[32.91123068797869,-2.5538195261180214],[32.91105077478822,-2.5538195136265096],[32.91102378656605,-2.5538376060929036],[32.91112271955488,-2.5539348067274665],[32.91112272888325,-2.553982367707121],[32.911086746240656,-2.553982365207648],[32.9110687487036,-2.5540728356688622],[32.91105075738107,-2.5540728344184482],[32.91101477722389,-2.5540366432323998],[32.91097879582432,-2.5540185463876153],[32.91096980140799,-2.5540004514195984],[32.910960806991895,-2.5539823564515216],[32.910996792122624,-2.553946170270039],[32.910906836764426,-2.5539280696684803],[32.9108348727291,-2.553909970314303],[32.910816882655574,-2.553891874718502],[32.91078090126292,-2.553873777868351],[32.91072692855194,-2.553855679762359],[32.910600990566344,-2.553837576629171],[32.91049304640561,-2.5537832860579956],[32.91040309106693,-2.5537651854216312],[32.910367110936754,-2.553728994218135],[32.91036711281596,-2.5537018527051174],[32.91034912337851,-2.553674709932008],[32.91034912463156,-2.5536566155899925],[32.910331134568445,-2.5536385199876532],[32.91031314575935,-2.5536023300430593],[32.910241185514934,-2.5535299476303552],[32.91021419979792,-2.553511851395598],[32.91018721282646,-2.5535118495022777],[32.91014223579659,-2.5534937520035164],[32.910097257511545,-2.553493748845159],[32.91006127614054,-2.5534756519754085],[32.91006127802598,-2.553448510462508],[32.91004328859841,-2.553421367685341],[32.9100432904842,-2.553394226172429],[32.90998931843334,-2.553367080865305],[32.90993534953143,-2.55329469970119],[32.909935350790064,-2.5532766053592666],[32.909953347134405,-2.5532042292571857],[32.909935360858796,-2.55313185062369],[32.90991737206751,-2.5530956606738786],[32.90979144173268,-2.5529689914122735],[32.909773454208306,-2.5529147071186196],[32.909737480425,-2.5527880441886004],[32.90970150664835,-2.5526613812575603],[32.90966552909219,-2.5525890013515067],[32.90964754284013,-2.5525166227141183],[32.90962955153993,-2.5525166214444983],[32.90961155518857,-2.5525889975425367],[32.90959356262431,-2.55260709061433],[32.909557580021456,-2.5526070880732292],[32.909539592511486,-2.552552803776499],[32.90953960009413,-2.5524442377247523],[32.90957558711373,-2.5523809100691914],[32.909539611467466,-2.5522813886467706],[32.90944966004279,-2.5522090049211954],[32.90944966257254,-2.552172816237188],[32.90951263084226,-2.552190915030037],[32.909593596724,-2.5521185433796534],[32.909611593068895,-2.5520461672811128],[32.90959360682635,-2.5519737886427034],[32.90959361061458,-2.551919505616258],[32.90957562311162,-2.5518652213197117],[32.90957563574072,-2.551684277897811],[32.90961161958031,-2.551666186095246],[32.909665593445474,-2.551666189902835],[32.90970157223897,-2.551720475466797],[32.90971957109323,-2.5516119106812427],[32.90971957487564,-2.551557627654286],[32.90971957865798,-2.551503344627283],[32.909791548841696,-2.5514309723276156],[32.90984552773315,-2.5513585987575205],[32.90988151533526,-2.55128622391938],[32.909953491784435,-2.5511233798968105],[32.9098815342102,-2.5510148087814586],[32.909827554076664,-2.551105276696579],[32.90977357189281,-2.5512250809664425],[32.9097735651162,-2.5513224050061147],[32.90975557257234,-2.5513404980812706],[32.909719590004514,-2.5513404955459817],[32.90971959063485,-2.5513314483747864],[32.909719591265194,-2.551322401203589],[32.90973758885086,-2.551231930759257],[32.909647634962184,-2.551195735733364],[32.90955767602721,-2.5512319180707226],[32.90946771961574,-2.55123191171698],[32.9092608173361,-2.5512680857637786],[32.90894597624785,-2.5511775917145916],[32.90890999304941,-2.551186636327743],[32.90883803237917,-2.551123301011956],[32.90874809508814,-2.5508518794778663],[32.908748114197216,-2.550580464346572],[32.90867616950265,-2.5502909497457935],[32.9087301445831,-2.550272859248519],[32.90880211920451,-2.550137156804537],[32.908838106191325,-2.550073829166293],[32.909000028854734,-2.5500557463304245],[32.90908999787133,-2.549874809289249],[32.9088920990621,-2.5498024178682397],[32.90869419695528,-2.549777181178248],[32.90851696953459,-2.5497771685421458],[32.90843921013786,-2.549844601508686],[32.90839927180807,-2.5497996939260603],[32.90833321292985,-2.549779363829124],[32.90816873131223,-2.5497427680105607],[32.90803122327875,-2.549627583141129],[32.90798402710492,-2.5494459261299576],[32.90792203670762,-2.5493406714144333],[32.907904679738394,-2.5492000047516696],[32.907924626400124,-2.5489879956809625],[32.90794200286968,-2.5488539314229373],[32.90800560083527,-2.5488060004552997],[32.90808112593605,-2.548696821894903],[32.908155332748684,-2.54846647356555],[32.908196451783645,-2.5483005378172816],[32.90819646034416,-2.5481795617572214],[32.90806265224458,-2.5481422705897137],[32.908064622858824,-2.548083396263718],[32.908154584171854,-2.54801102533772],[32.90808263076065,-2.5478481710997847],[32.90807365949793,-2.5475043779449877],[32.90806467413759,-2.5473596225587403],[32.90810065723394,-2.547350577965106],[32.90826257764444,-2.547359636723833],[32.908334555336076,-2.5471786984382523],[32.90826260578082,-2.54696156118023],[32.90822662333599,-2.5469615586074323],[32.90820863723184,-2.5468891799489213],[32.908136685151305,-2.546708231370098],[32.90808272302528,-2.546545378418996],[32.90808272558751,-2.546509189733024],[32.908118711861434,-2.546454909280344],[32.90811871570312,-2.5464006262512395],[32.90808273967912,-2.546310151959789],[32.90801077610796,-2.546292052461399],[32.907974794964424,-2.546273955539215],[32.90793882023673,-2.546165386901021],[32.907902854498225,-2.545930157860479],[32.907911855234914,-2.545857781133435],[32.907947835083505,-2.545893972400161],[32.90795682683956,-2.5459482560744418],[32.90797481420077,-2.54600254039352],[32.90801978581453,-2.546093015332451],[32.9080467758334,-2.5460477814080775],[32.90802879039097,-2.545966355575234],[32.908046785443446,-2.545912073834602],[32.90810076674997,-2.5458035116402304],[32.908082780666604,-2.5457311329794297],[32.908010822253985,-2.5456406561092404],[32.90795686018347,-2.5454778031522087],[32.90789388584459,-2.545550176009539],[32.90786688620382,-2.545731117504736],[32.90781291001937,-2.545767302316547],[32.90777697129253,-2.5451520920654005],[32.907776979000445,-2.5450435260058857],[32.90783096542559,-2.5448625864474668],[32.907992903463885,-2.5446183244206333],[32.90807387085958,-2.5445188113278325],[32.90824479481756,-2.5444102574861756],[32.90835274194017,-2.5444102651922833],[32.90858663564812,-2.544292668622478],[32.90858664519515,-2.544156961043057],[32.9085554934817,-2.544003258230008],[32.908316799141986,-2.543849337966363],[32.908280835937376,-2.5435779202394535],[32.90819988714902,-2.5434150653626135],[32.908082955398704,-2.5432612550798863],[32.90792105472484,-2.5429807811579535],[32.90788508136493,-2.542854118171957],[32.9078851134124,-2.5424017595710384],[32.90792110598057,-2.54225700739564],[32.90793911250855,-2.542039876553595],[32.90793912147428,-2.541913216143799],[32.9079571190292,-2.541822745710307],[32.90799311541078,-2.541623710497508],[32.90802910794239,-2.541478958316023],[32.90806509662916,-2.541388489166402],[32.90810108658895,-2.541279925670915],[32.90813707398711,-2.5412075508631897],[32.90819105635352,-2.541080894304632],[32.908209047494495,-2.5410808955886828],[32.9082090513243,-2.5410266125546825],[32.908191060184066,-2.5410266112706608],[32.90819106401453,-2.540972328236641],[32.90822705267492,-2.5408818590808173],[32.908281027365184,-2.5408637685856474],[32.90837099452328,-2.5407009258930855],[32.90846095656694,-2.540610460572723],[32.90858689450942,-2.5406104695277096],[32.90862288186119,-2.5405380947039413],[32.90864087553554,-2.5405019072915938],[32.90873083373976,-2.540465724986218],[32.90874882867886,-2.540411443227044],[32.90876682488486,-2.5403390671223587],[32.90878481982053,-2.540284785362451],[32.90879381792181,-2.5402485973097653],[32.908761608849005,-2.540267884502943],[32.908730845160804,-2.5403028758800597],[32.908694859091405,-2.540357156362465],[32.90862270243896,-2.54040302040474],[32.90858690976222,-2.5403933373874574],[32.908478964244864,-2.5403752353681663],[32.90840700226647,-2.5403390415570315],[32.908317049161894,-2.5403028464601034],[32.908209102380354,-2.540302838763444],[32.90817312011991,-2.5403028361958793],[32.90808316319101,-2.540320924117383],[32.907998798795866,-2.5403772837812246],[32.90796621700465,-2.5403751987918617],[32.907939230947996,-2.5403661496887673],[32.907959453212065,-2.5402992626757226],[32.90813714296833,-2.5402304562478606],[32.908209107485156,-2.540230461383851],[32.90831705298601,-2.5402485634252514],[32.90839801052184,-2.540284757881667],[32.908568926257956,-2.5402847700386793],[32.90862290282459,-2.5402395380102423],[32.90849696682615,-2.5402123875425047],[32.90833505176203,-2.5401399986372173],[32.908335054310776,-2.540103809947206],[32.908460992203786,-2.540103818912729],[32.90860491741303,-2.5401581121793666],[32.90869487432465,-2.5401400242206593],[32.90871287052935,-2.540067648116381],[32.9087308667319,-2.539995272011693],[32.908766852789284,-2.5399409915275424],[32.9088208325034,-2.5398505236264697],[32.90888380397167,-2.5398143393958166],[32.909072713300155,-2.5397781640664436],[32.90921664481161,-2.539741985536817],[32.909270620702934,-2.539705800651978],[32.90918067014009,-2.5396334169246213],[32.909154186142494,-2.5395713604969488],[32.909189674536364,-2.539506757140192],[32.90924365041842,-2.5394705722560214],[32.90927963013507,-2.5395067634841557],[32.90930661366328,-2.5395520012502963],[32.90928861876034,-2.539606283019305],[32.90930660672993,-2.5396515201513714],[32.90934258519306,-2.539705805723523],[32.909432534511225,-2.5397962837856416],[32.9094325307343,-2.539850566822586],[32.90946850920802,-2.5399048523914294],[32.90952247755302,-2.5399772335700965],[32.90952247377959,-2.540031516607016],[32.90949548708889,-2.5400315147091885],[32.909486489008664,-2.5400677027676704],[32.90950447510386,-2.540140081415501],[32.90962787792444,-2.540310372357302],[32.9096303991838,-2.5403391280685654],[32.90960341248663,-2.5403391261727695],[32.90957642578949,-2.5403391242764086],[32.909504465038545,-2.540284836180058],[32.90946848277729,-2.540284833648737],[32.90945048975826,-2.5403119739009754],[32.90946847900115,-2.540339116685304],[32.909504457489184,-2.5403934022532506],[32.90950445245609,-2.540465779635273],[32.909522438557,-2.540538158282619],[32.909522431008384,-2.5406467243554176],[32.90950443861436,-2.5406648174353927],[32.90946845634261,-2.5406648149036934],[32.909471584721274,-2.540565395742369],[32.90943248918292,-2.5404476802258023],[32.90941449679054,-2.540465773304632],[32.90941449301188,-2.5405200563409585],[32.909396499358394,-2.5405562437648856],[32.90936051204833,-2.5406286186118163],[32.90930653359788,-2.5407009921892505],[32.90928854120018,-2.540719085266054],[32.90925256018907,-2.5407009883829654],[32.909252563974746,-2.540646705347045],[32.90925256776037,-2.5405924223110765],[32.909270559525915,-2.5405833764073646],[32.909288553813916,-2.540538141812672],[32.909273981959146,-2.540511414532183],[32.909234587984194,-2.540429571933754],[32.90923459303221,-2.5403571945522327],[32.90925258794889,-2.5403029127851005],[32.90923459808009,-2.5402848171706247],[32.90919861203172,-2.5403390976679168],[32.909144631058545,-2.5404476599296566],[32.90907266020627,-2.5405381265719047],[32.90905466274934,-2.5406285970263736],[32.90903666908443,-2.540664784444789],[32.90905465769078,-2.540700974407213],[32.9090726462981,-2.5407371643694],[32.90907264503365,-2.5407552587145936],[32.909036662759846,-2.5407552561707254],[32.908982693146214,-2.5407009693175717],[32.90894670960782,-2.5407190611163846],[32.90894670707545,-2.5407552498066526],[32.90896469441446,-2.54080953411536],[32.908982681754885,-2.540863818423821],[32.90898267922337,-2.540900007114039],[32.90894669694565,-2.5409000045675096],[32.90891071973493,-2.54082762463966],[32.90883876025449,-2.5407552421614605],[32.908802776712704,-2.5407733339561034],[32.908784783038755,-2.540809521370583],[32.908820764045856,-2.540827618266597],[32.908892723529114,-2.540900000745828],[32.908883724158244,-2.540954283143799],[32.90892869694098,-2.541026663709273],[32.90892869314122,-2.5410809467443682],[32.90891069439859,-2.5411895115403738],[32.90885671970245,-2.541207602061698],[32.90883871714776,-2.541370449890892],[32.908856708293065,-2.541370451166029],[32.9088566981508,-2.541515205925071],[32.90882247867029,-2.5415454120082366],[32.90880272978309,-2.5414428247193164],[32.9087847627421,-2.5410990308903907],[32.90874878426637,-2.54104474530332],[32.90871280198487,-2.5410447427501017],[32.90860485005616,-2.5411171124638456],[32.90860484497159,-2.541189489843198],[32.90862282975961,-2.5412799628456324],[32.90862282594671,-2.541334245880037],[32.908550858824,-2.5413704294544686],[32.90844290049128,-2.5415332708762097],[32.90842490807008,-2.5415513639398335],[32.908406909277744,-2.5416599287261907],[32.90844289093913,-2.5416689784608906],[32.908478877693604,-2.541605650816077],[32.908550842287184,-2.541605655935724],[32.90864079802939,-2.541605662329622],[32.90865857367165,-2.5416385744914005],[32.9086947651241,-2.5416961378866234],[32.90873074361457,-2.5417504234752033],[32.908721746769494,-2.541768517181408],[32.90869475369225,-2.5418589869889203],[32.90869474734091,-2.541949458712232],[32.90867675555239,-2.5419585046068582],[32.90862277637142,-2.542039925322941],[32.9086407649837,-2.5420761152906146],[32.90871272706342,-2.542112309091381],[32.90871272452315,-2.5421484977805897],[32.90860477758728,-2.542148490111558],[32.9086047737723,-2.5422027731451684],[32.90855080030224,-2.5422027693071714],[32.90851482180763,-2.5421484837137753],[32.90850583132168,-2.542076105695631],[32.90846085852883,-2.542003725116141],[32.908406877421136,-2.5421122873392297],[32.908388883716505,-2.542148474746306],[32.908406872323546,-2.542184664717006],[32.90840686722581,-2.5422570420946977],[32.90838887351904,-2.5422932295016154],[32.908352891203364,-2.54229322693707],[32.90829891262597,-2.542365600465705],[32.908298908797896,-2.542419883498657],[32.90828091380946,-2.542474165248062],[32.908262918819446,-2.5425284469971134],[32.90822693394318,-2.5425646331172738],[32.90817295279133,-2.5426731953279846],[32.908172947679596,-2.5427455727046224],[32.908172942567724,-2.5428179500811763],[32.90826289711607,-2.5428360508487415],[32.908316868059984,-2.5428722433881643],[32.908352856769085,-2.5427817742332213],[32.90838883909828,-2.5427817767982623],[32.90840682898818,-2.5427998724246588],[32.90842480995696,-2.542944628460476],[32.90847877581469,-2.5430531983702633],[32.90856872274843,-2.543179865182532],[32.90856871256683,-2.5433246199361386],[32.90848774847036,-2.54337889720587],[32.90847874906182,-2.5434331795975758],[32.90847874523965,-2.5434874626298565],[32.90849673641408,-2.543487463911096],[32.90853272003626,-2.5434693721287047],[32.908550713756554,-2.5434331847209135],[32.90858669992155,-2.543378904248577],[32.908604691094524,-2.5433789055282503],[32.908622677815416,-2.543442237012308],[32.90856869856621,-2.5435236577217886],[32.90853271494296,-2.5435417495051356],[32.908514713578704,-2.5436865029769042],[32.90856867819968,-2.5438131672270345],[32.90858666683318,-2.5438493571952567],[32.908640636555624,-2.5439036440663916],[32.908640640371665,-2.5438493610342325],[32.908622653008855,-2.5437950767226467],[32.908622658097656,-2.5437226993463318],[32.90864065054735,-2.5437046062815747],[32.90865864172485,-2.5437046075606555],[32.90869462280872,-2.5437227044621933],[32.9087486052349,-2.5435960478872417],[32.908802587650186,-2.5434693913093787],[32.90882058390166,-2.5433970152089755],[32.908808388464145,-2.5433602674443407],[32.908766612921696,-2.5433608226897126],[32.90874861920838,-2.543397010100823],[32.908694643146475,-2.543433194955498],[32.90869464695954,-2.5433789119228405],[32.90876661927159,-2.5432703509683],[32.908847582081314,-2.5432341680245845],[32.90883859664694,-2.543089412631602],[32.90878462567892,-2.543053220113358],[32.908784629487656,-2.542998937080228],[32.90882062197553,-2.5428541848780046],[32.90885660430719,-2.542854187430022],[32.908874592936556,-2.5428903773945892],[32.90892856009798,-2.5429808529424105],[32.90907248817378,-2.542998957477394],[32.90908148249232,-2.5430170524582993],[32.90909047301508,-2.543089430472707],[32.90903649570912,-2.543143709687201],[32.908946534789905,-2.543216080694783],[32.90892853854825,-2.5432884567975087],[32.90894652338275,-2.543378929794191],[32.90900049816899,-2.5433608392729585],[32.90901849187489,-2.5433246518580277],[32.90914530491261,-2.543215124000748],[32.909144435140966,-2.543252283390022],[32.909108447737175,-2.543324658223514],[32.90912643005464,-2.543451319906957],[32.909180401048836,-2.5434875124115512],[32.909180393462854,-2.5435960784781],[32.909234366991726,-2.5435960822917556],[32.90924337016058,-2.543487516860406],[32.909234383417804,-2.5433608558136385],[32.909306355684805,-2.5432522948271705],[32.90936538364,-2.543125849377632],[32.90946829891111,-2.542926608039266],[32.90961222950662,-2.5429085238242317],[32.909792142432295,-2.5428904421187966],[32.909828129785815,-2.5428180672638425],[32.909846128479714,-2.5427095024559274],[32.90986411964405,-2.5427095037176364],[32.909864129678944,-2.542564748957357],[32.909810156191966,-2.5425647451716915],[32.909774172611776,-2.5425828369916634],[32.90977417763405,-2.542510459611597],[32.9099901016318,-2.5420762104616044],[32.91008006491648,-2.5419676506840414],[32.91013403962934,-2.541949560112118],[32.9103319423235,-2.5419495739286084],[32.91049386021989,-2.5419857739014438],[32.9105118501295,-2.5420038694992773],[32.91056581737271,-2.5420943449824427],[32.91067376306712,-2.5421124468322587],[32.91069175173842,-2.542148636773282],[32.91083568099466,-2.542148646763012],[32.91096162528847,-2.5420581837621192],[32.91112356052973,-2.5418410628146866],[32.91124397110617,-2.5417050360285938],[32.911382329237355,-2.5416275583428667],[32.91149931457786,-2.5415528566530514],[32.91162437285493,-2.5415528652533523],[32.91173224211185,-2.5414508938303157],[32.91184698357303,-2.5414344267980384],[32.911896162137495,-2.541371530600797],[32.91196918237365,-2.541298153073892],[32.91202729789134,-2.5412771902262845],[32.912089884611696,-2.5412502366434464],[32.91220307000958,-2.5412442542413967],[32.912255286609955,-2.5412442578048213],[32.912334260111344,-2.5412906896650607],[32.91240131218055,-2.541344608149365],[32.91244452672856,-2.5413206496533416],[32.91250116151722,-2.541206834637855],[32.912613133801685,-2.5411012445466836],[32.91273189267571,-2.5410977414017384],[32.91280233536276,-2.5410550353778083],[32.91288675392021,-2.5409801495001187],[32.91290305867184,-2.5409222269802885],[32.91299471067387,-2.540791718656633],[32.91299471672334,-2.540701246920978],[32.91304870222846,-2.5405203070982854],[32.91306669699039,-2.5404660252723996],[32.91308468812528,-2.5404660264879575],[32.913066706660196,-2.5403212704942413],[32.91306671391218,-2.540212704410398],[32.91307570947787,-2.5402127050181487],[32.91310269496681,-2.540230801188357],[32.91312068489055,-2.5402488967506414],[32.913174653457624,-2.5403212777834],[32.91322863409492,-2.5402127153402714],[32.913246627638635,-2.540176527858615],[32.91324663487521,-2.5400679617739956],[32.91326463323942,-2.5399593969019842],[32.91328263642212,-2.539778454639248],[32.91340859115134,-2.5395251422522946],[32.91346256932865,-2.5394527684916186],[32.913462575342415,-2.5393622967528633],[32.91342660272837,-2.539217539550969],[32.91340862966079,-2.538946123123473],[32.91339065419195,-2.5387108953906394],[32.913390667429056,-2.5385118575631784],[32.913390678258644,-2.538349008431141],[32.91340867177041,-2.538312820945075],[32.91357060612651,-2.538095699645882],[32.91360660513221,-2.5378423811849853],[32.91367857672172,-2.537733819920529],[32.91376854179031,-2.5375890711592355],[32.913768548975995,-2.537480505068539],[32.91376040800958,-2.5373309547326106],[32.91372328941854,-2.537307856620493],[32.91364728167226,-2.5373060755671184],[32.913603092703035,-2.537281200112606],[32.91360309494118,-2.537247446010284],[32.9136278427462,-2.5372314595035013],[32.913697852236574,-2.537219989664557],[32.91381030824553,-2.537219997193652],[32.91389802156624,-2.5372539100593623],[32.91396855336403,-2.5372338608051526],[32.91409413516716,-2.5371869912519465],[32.91418237035786,-2.537082457032587],[32.914101316483325,-2.537075206653341],[32.91384053967478,-2.5370824342160545],[32.91378656760646,-2.5370643362565586],[32.91369661336383,-2.53704623588485],[32.91359766477981,-2.537010040555143],[32.913461703331365,-2.5370522138794036],[32.91333679281025,-2.537028117381213],[32.913210860018275,-2.5369557315098286],[32.91321086724863,-2.5368471654196205],[32.91322886676684,-2.5367205061925544],[32.913246863270096,-2.5366390828360283],[32.91317490436612,-2.5365576534206937],[32.913075952214314,-2.5365757410976335],[32.91299500080435,-2.536449075194825],[32.91297701757739,-2.5363314607153007],[32.9129950128823,-2.53626813171059],[32.91309396501151,-2.536250044039003],[32.91313894029168,-2.5362862357684706],[32.9131299423413,-2.5363224238591124],[32.913075963074945,-2.536412891961829],[32.91310294607429,-2.5364671768273235],[32.913246873507454,-2.5364852808739045],[32.91337280866225,-2.5365214780437157],[32.913372818283,-2.536376723255083],[32.91333684334414,-2.5362681547440813],[32.913390824990834,-2.5361414979320434],[32.913572437231295,-2.536012899111616],[32.91371467273132,-2.53601485921299],[32.91373266260762,-2.536032954766248],[32.91373265422561,-2.536159615208237],[32.913714660754465,-2.5361958027014313],[32.91357072974565,-2.536231981754131],[32.9136426892572,-2.5363043639736502],[32.91376862560405,-2.5363224667558555],[32.91385858218982,-2.536304378423367],[32.913930546500964,-2.536304383231901],[32.9140747069203,-2.5363360579631786],[32.91412831087352,-2.536438693588806],[32.914203340912906,-2.536479083364308],[32.91429014304108,-2.536456852090634],[32.91433609237273,-2.5365098815409253],[32.91441352559725,-2.536597979929884],[32.914558187290886,-2.536668121418603],[32.91464599371624,-2.5367635939293387],[32.914848060744006,-2.536774897269087],[32.91517189909278,-2.5367930129804863],[32.91556770179549,-2.536811133328838],[32.915567718792815,-2.5365487652603216],[32.915243885790666,-2.5364492250776465],[32.91524389049707,-2.536376847679729],[32.91535184402412,-2.5362682886778427],[32.915351852249174,-2.5361416282307028],[32.91509998425351,-2.5360330455650724],[32.91501003949726,-2.5358701904905003],[32.91501004421557,-2.5357978130923424],[32.915028038824794,-2.5357435312298398],[32.915028052975615,-2.5355263990345587],[32.915064036289486,-2.535508307056287],[32.91508202382152,-2.53556259129058],[32.91510000782027,-2.535671158573538],[32.91513599113727,-2.535653066593403],[32.9151719744533,-2.5356349746122233],[32.915207958945075,-2.535598788280302],[32.91518997258423,-2.535526409697891],[32.91511801420322,-2.5354359332126717],[32.91506404571864,-2.5353635522588296],[32.914992082636886,-2.535345453165683],[32.914902126130784,-2.5353635415803653],[32.91490212140728,-2.5354359189788305],[32.91488412856929,-2.535463059315436],[32.91484814407271,-2.5354992456382206],[32.914812160165205,-2.5355263847851424],[32.91475818696279,-2.535526381217139],[32.91472220601132,-2.5355082844877184],[32.9146322512678,-2.535499231358825],[32.91457828221565,-2.5354358975602747],[32.91457828577177,-2.535381614511894],[32.91454230482689,-2.535363517777628],[32.91445235424976,-2.535291134413553],[32.91439839055983,-2.535146376035367],[32.914326439387374,-2.5349473334112207],[32.9143264453305,-2.5348568616637706],[32.91434443698271,-2.53484781568431],[32.91438042088029,-2.5348206765498347],[32.91438044226005,-2.5344949782572592],[32.91443441660618,-2.534476887489957],[32.91445241596557,-2.534350228235712],[32.91452438728358,-2.5342416669088283],[32.9145783604325,-2.534241670484808],[32.91457835806284,-2.5342778591844044],[32.91450638674712,-2.5343864205143216],[32.91448838857852,-2.5344949854197227],[32.91447039396607,-2.5345492672756174],[32.914488382647455,-2.534585457168091],[32.91452436475618,-2.534585459553656],[32.9145603516058,-2.5345130845393986],[32.914578342659205,-2.5345130857312688],[32.914614311736514,-2.5347121259610854],[32.91474024912983,-2.534712134294291],[32.91479423411859,-2.534531194363955],[32.914794244755925,-2.534368345215352],[32.91483024812256,-2.534042649293371],[32.91508212749265,-2.5339702885004667],[32.915190067888524,-2.53406076735352],[32.915190062007134,-2.5341512391041836],[32.915190053772854,-2.5342778995548896],[32.915010139142865,-2.534341217936294],[32.91504611594252,-2.5344226448819986],[32.91504611122878,-2.5344950222818436],[32.91493815841889,-2.534594534090432],[32.91501011851116,-2.534657869060107],[32.91511805895712,-2.5347483479199377],[32.915118056601955,-2.534784536619747],[32.915100060833126,-2.5348569128348],[32.915136035885524,-2.534965481302775],[32.91529795424975,-2.534983586300114],[32.91535192977931,-2.5349474011448456],[32.91536993610259,-2.5347121757758164],[32.9154239163119,-2.5346036132165857],[32.9155138715872,-2.5346036191133967],[32.91553186147052,-2.5346217146421512],[32.915693769273226,-2.534802668740324],[32.91607155354393,-2.535236957794276],[32.91632345978784,-2.534748426706278],[32.916431407292066,-2.534730339356271],[32.916557352796055,-2.5346036870578206],[32.91659334994802,-2.534368462826883],[32.91664734275901,-2.5340608623531793],[32.91665633828308,-2.5340608629344836],[32.916683322544166,-2.5340970533796954],[32.91678256896373,-2.5340876733424462],[32.91678228485326,-2.5339161162588817],[32.91668333525484,-2.5338980155202218],[32.91668333756576,-2.533861826818429],[32.916746308533824,-2.533825642182295],[32.916755315600255,-2.5336446992531387],[32.91673733263986,-2.533518037634979],[32.91662938292778,-2.5335723137163653],[32.916845311166256,-2.5330114027652257],[32.916827350109486,-2.532540948472212],[32.916927200215056,-2.532231456448901],[32.91702527728513,-2.5321338383022405],[32.917124236518696,-2.5319981370220614],[32.91713238455976,-2.531957063366716],[32.917257063424564,-2.531953899424682],[32.91740309274966,-2.5320705323027295],[32.917575846472005,-2.5321791546927184],[32.918050769512114,-2.532070573584319],[32.918068762804296,-2.5320343860222536],[32.91826666403398,-2.5320343985683134],[32.91826667196251,-2.5319077381030386],[32.91824868320906,-2.5318715482594034],[32.91824870246636,-2.531563944271183],[32.91819473509029,-2.5314734690910123],[32.917996833945985,-2.5314734565367076],[32.917960851919844,-2.531473454250847],[32.9179428620437,-2.531455358755359],[32.91792487671656,-2.5313648858508526],[32.917897893611666,-2.5313106010785194],[32.917834927350604,-2.5312744083686693],[32.91778995096392,-2.5312563111535997],[32.91776296330964,-2.5312744037872816],[32.91770899027899,-2.5312744003486096],[32.91770899141905,-2.531256305996474],[32.917780958306544,-2.531211074700393],[32.917798951024075,-2.5311839343175406],[32.917798956717846,-2.531093462556471],[32.9178169477256,-2.531093463701611],[32.91781695171025,-2.531030133468755],[32.91776297812001,-2.5310391772087852],[32.91774498483411,-2.5310753647673456],[32.91766851734965,-2.5311658316553434],[32.91765502238197,-2.531192972323141],[32.91763702909087,-2.5312291598799375],[32.91765501724842,-2.531274396907681],[32.91767300483689,-2.5313286811112343],[32.9176730019854,-2.5313739169914697],[32.91765500926255,-2.5314010573723094],[32.917672997993236,-2.5314372472237414],[32.917690986724885,-2.531473437074934],[32.91769997995079,-2.5315096263525034],[32.91771797096423,-2.531509627499211],[32.917735960837895,-2.5315277229977395],[32.91777194058669,-2.53156391399408],[32.917780936093806,-2.5315639145669757],[32.9177809349546,-2.5315820089190546],[32.917744953495514,-2.5315729594510485],[32.917717967544064,-2.5315639105553895],[32.91769098273343,-2.531536767307134],[32.91765500298768,-2.53150057630862],[32.91761002602524,-2.5314915262631867],[32.91760102823534,-2.531527714393146],[32.9175650439237,-2.5315639008001805],[32.91760102481028,-2.5315819974491496],[32.917619014112496,-2.5316091401252643],[32.91756503821268,-2.531654372560024],[32.91745709212059,-2.5316543656628414],[32.917367140478966,-2.531600076852677],[32.91722321580372,-2.531545784577095],[32.917133265901874,-2.531464354223392],[32.91704331830992,-2.5313467351600862],[32.91696236221226,-2.53129244690063],[32.91688140266684,-2.531292441691539],[32.916845418342625,-2.5313286280782106],[32.91673747227944,-2.5313286211217525],[32.91675545925337,-2.5313919525126343],[32.916807517206,-2.5314051104616584],[32.9168813934543,-2.531437196505351],[32.91692880653725,-2.531486389956847],[32.91693535785891,-2.5315729076166678],[32.91693535383067,-2.531636237847551],[32.916883201221374,-2.5316826483125774],[32.916881381937884,-2.5316181400221383],[32.91688138712038,-2.53153671543965],[32.91686339956259,-2.5314824312262454],[32.91683160050761,-2.531467362916264],[32.91675545521668,-2.531455282743413],[32.91673697433707,-2.5314492000401185],[32.916730092794964,-2.53142066842254],[32.91668349751651,-2.5313557591676026],[32.916593545351205,-2.5313105174808315],[32.91659354304012,-2.53134670618404],[32.91659353957345,-2.531400989238812],[32.91653956133565,-2.53148241033304],[32.916582988302146,-2.531492419316006],[32.91665267264263,-2.531425850173018],[32.916692486673824,-2.5314552786819844],[32.91671946915365,-2.531518610653628],[32.91670147179269,-2.5316181284267127],[32.91666548399028,-2.5317085978623153],[32.91655753558375,-2.531744779592708],[32.91651255804338,-2.531744776684774],[32.91648557267641,-2.5317266805878282],[32.91644959180238,-2.5317085839081934],[32.916413607454764,-2.5317447702818034],[32.9164315938389,-2.5318171488521295],[32.9164315892068,-2.531889526257629],[32.91635962397545,-2.5319076159482226],[32.91628765758219,-2.531943799986018],[32.916269666563416,-2.53194379881918],[32.91626966888402,-2.531907610116623],[32.91630565324014,-2.531871423747405],[32.916341636435,-2.5318533317284286],[32.91631465338758,-2.531799046925283],[32.91619771293984,-2.531780944987947],[32.916071775824626,-2.5317809368065647],[32.9160357978639,-2.531717604237495],[32.915963830890675,-2.531762835432992],[32.9159098531814,-2.5318352093230283],[32.91587386298681,-2.531961867436386],[32.91581988643066,-2.5320161469709426],[32.915721276626414,-2.532087783310035],[32.915568003967074,-2.5321427909769887],[32.915280141758565,-2.5322332438692183],[32.91519018547179,-2.5322513323123146],[32.91511822138186,-2.5322513275816996],[32.91506424949164,-2.5322332296804833],[32.914992287759226,-2.5321970362416883],[32.91483036856462,-2.532197025567565],[32.9147584021156,-2.5322332095179587],[32.91467743542126,-2.5323417702712416],[32.914650444154205,-2.5324141458884895],[32.9146144585548,-2.5324684265595345],[32.91454249445398,-2.532468421796411],[32.91448852374891,-2.532432229520858],[32.914398572185064,-2.5323779405068585],[32.91433560716346,-2.5323236532782265],[32.91423666010252,-2.532269363656253],[32.91421867026909,-2.532251268110459],[32.91421867502453,-2.532178890709545],[32.91423667079987,-2.532106514504044],[32.91425466776137,-2.5320160439478383],[32.91427266115621,-2.531979856442157],[32.914326637179336,-2.5319346241495806],[32.91434463591227,-2.53181701206597],[32.91443459217865,-2.5317989236810523],[32.91445258437997,-2.5317808305229335],[32.9145425406426,-2.531762742130347],[32.91465048673554,-2.531762749271532],[32.91481240705593,-2.5317446656157414],[32.91501031411345,-2.53165420690578],[32.91520821527004,-2.5316542199187917],[32.91533415354336,-2.5316361338330817],[32.915496080866525,-2.531509483984509],[32.91581991909148,-2.531509505139673],[32.91596384369927,-2.5315637975696457],[32.9161437561573,-2.5315276205649493],[32.91623371354349,-2.531491437701678],[32.916341670050336,-2.5313285955375306],[32.91652159056247,-2.5311657580174125],[32.916629541231394,-2.531093387584752],[32.91670150526031,-2.5310933922289762],[32.91707931526566,-2.5311115108972535],[32.91731319492964,-2.5311658089509383],[32.91751109602392,-2.5311658216084942],[32.917592065837155,-2.531002977608624],[32.917619056911434,-2.5309306019217743],[32.91761906033486,-2.530876318865171],[32.917798972659305,-2.530840141624772],[32.917834954667846,-2.530840143914571],[32.917834950115314,-2.5309125213237995],[32.91787093212586,-2.53091252361266],[32.91792490173101,-2.5309668101010603],[32.917924894909284,-2.5310753762148965],[32.91788891061921,-2.5311115626319265],[32.917906898215485,-2.5311658468326104],[32.91797885997817,-2.531202040110343],[32.91799684701131,-2.531265371485992],[32.918014829502646,-2.5314010802703635],[32.91807043052478,-2.5314186235601572],[32.91812277557531,-2.5314010871202264],[32.918197016500514,-2.531399271534186],[32.918212732902354,-2.53136490411689],[32.91824872062595,-2.5312738402343298],[32.91836914073349,-2.5312598129684445],[32.91841048390321,-2.531219368370575],[32.91844663074262,-2.5311296923286006],[32.918414432926625,-2.5310754072369583],[32.9184144385309,-2.530985681866368],[32.918464635304915,-2.530912561234125],[32.918409188515284,-2.530845505489587],[32.91837468875707,-2.5307768479072346],[32.91839268428212,-2.530704471633807],[32.91837470119334,-2.5305778100285123],[32.918329725387814,-2.5305506656562655],[32.9182037883844,-2.530550657686747],[32.91814081761532,-2.5305868424024567],[32.91804712099566,-2.530636016910779],[32.917854082200186,-2.5305048133540757],[32.91767306755662,-2.530333491737668],[32.91767307838752,-2.5301615953896976],[32.91769107736084,-2.5300349360688776],[32.917763045318985,-2.529971610418165],[32.91776304987381,-2.5298992330079626],[32.917673102896835,-2.5297725668109385],[32.91752917498106,-2.529772557631568],[32.91747519401424,-2.5298992146523083],[32.91742121761049,-2.529953494260674],[32.91740322776231,-2.5299353987581568],[32.91742122675781,-2.5298087394413904],[32.91743922346328,-2.5297182688289435],[32.91735826630285,-2.5296820749481066],[32.91733127867611,-2.529700167574105],[32.91722333503827,-2.5296639719579623],[32.91722333847641,-2.5296096889007886],[32.91724133748375,-2.5294830295862885],[32.91733129698833,-2.5294106579346702],[32.91738526994146,-2.529410661386585],[32.917475221436135,-2.529464950192463],[32.917493208994586,-2.529519234399046],[32.91751119541243,-2.529591612957918],[32.91756517293838,-2.529519238992279],[32.91752919210822,-2.5295011423435936],[32.91752919324997,-2.52948304799102],[32.91756517750336,-2.5294468615819063],[32.917583173052186,-2.529374485319064],[32.91760116859889,-2.5293021090558216],[32.91766344961068,-2.5292477404003506],[32.91778108298188,-2.52922974310435],[32.91790702781123,-2.529103090641007],[32.917961000752456,-2.5291030940684562],[32.91803296240499,-2.52913928734071],[32.91810492406161,-2.5291754806090645],[32.91814090602459,-2.529175482888836],[32.91814090829084,-2.529139294182935],[32.91810492859608,-2.5291031031973037],[32.91801497709825,-2.529048814434899],[32.91792502788009,-2.5289583369606197],[32.917889050469306,-2.5288859572634093],[32.917835077537156,-2.528885953833249],[32.917799092169176,-2.5289402346038248],[32.91767314620635,-2.5290849814099166],[32.917637163106214,-2.5291030734699427],[32.91752921722472,-2.5291030665857375],[32.91751122738632,-2.5290849710848113],[32.917475248853286,-2.5290306857295577],[32.917439267466285,-2.5290216362550475],[32.91742127362965,-2.529066870987229],[32.91738528823963,-2.5291211517453926],[32.91730432882788,-2.5291211465672685],[32.917269594787264,-2.5291030499915004],[32.91726959837382,-2.529046379383939],[32.91736294947815,-2.5289687452031853],[32.91731333919673,-2.5288859205588237],[32.917241383306234,-2.5287592554842484],[32.91707947026641,-2.5286687733434037],[32.91700751211316,-2.528578296961726],[32.91688158565633,-2.528415439696479],[32.91684560371543,-2.5284154373823386],[32.91684561177025,-2.528288776914176],[32.916791651529145,-2.528089735562472],[32.91666571707384,-2.5280535387456915],[32.916557769549854,-2.52808067331205],[32.916449817397385,-2.5281801852791252],[32.916521776645155,-2.528252567337946],[32.9165577539627,-2.528324947070871],[32.91656280800877,-2.528445821290858],[32.91650377065653,-2.528487792757672],[32.91637782459967,-2.52863253943529],[32.916251887787325,-2.5286325312816356],[32.91616193756266,-2.5285601480412594],[32.91608098864013,-2.5283972936178345],[32.91608099676897,-2.5282706331521165],[32.91591008373596,-2.5282525276936227],[32.91587409830812,-2.528306808409084],[32.91583811404189,-2.528342994771269],[32.915712172593636,-2.528415363974208],[32.91575714535529,-2.5284877443144027],[32.915757139526114,-2.5285782160745836],[32.91591006279,-2.5285782260321743],[32.915910060462494,-2.5286144147363525],[32.915748139376035,-2.528650592896309],[32.91578008956895,-2.5286921215165483],[32.91583807968177,-2.5288767781567767],[32.9158920438796,-2.5290124893101575],[32.91585606192317,-2.5290124869679174],[32.91573013732298,-2.5288224880671333],[32.91564054782643,-2.5286944692059157],[32.91556315942465,-2.528697999789052],[32.91555023049011,-2.528777240444612],[32.915514246201845,-2.5288134267967655],[32.91549624470001,-2.5289762747868716],[32.91547825138266,-2.529012462313924],[32.91537030551462,-2.5290124552496396],[32.91535230457723,-2.5291662560606856],[32.915460250457926,-2.529166263126905],[32.9155142251526,-2.5291391251290216],[32.91563117002496,-2.529084849713529],[32.915685137126765,-2.5291753249951388],[32.915856045616735,-2.5292658078945762],[32.915874033687025,-2.5293110449456098],[32.9158470408062,-2.5294105621235325],[32.915829047492004,-2.5294467496553406],[32.915748083397716,-2.5295191217860533],[32.91564013631916,-2.529537209094584],[32.91549620609696,-2.529573388392838],[32.91542424215398,-2.529573383684273],[32.91535228582844,-2.5294557656865697],[32.91531630561886,-2.5294286218015465],[32.91517237774965,-2.529428612360907],[32.91508242048048,-2.5294647951552682],[32.91507349951428,-2.5295361179790214],[32.91502700303016,-2.5295865800683153],[32.915071631010164,-2.5296351780975375],[32.91508240402116,-2.5297181160749873],[32.91508240166969,-2.5297543047777187],[32.914965459070125,-2.5297723914375627],[32.91497445162112,-2.5298176279078386],[32.91497444691199,-2.5298900053129603],[32.915064401273455,-2.5298990584057535],[32.91508239108768,-2.5299171539397483],[32.91511836836695,-2.529989533709651],[32.91511836131468,-2.5300980998174065],[32.91513635113233,-2.5301161953507116],[32.91523530159432,-2.5301162018473984],[32.91526228632386,-2.53014334514491],[32.91519031941384,-2.530188576300477],[32.9151003644435,-2.5301885703914095],[32.91504639263785,-2.530170472491743],[32.91499242201092,-2.5301342802386637],[32.91499242436523,-2.5300980915362397],[32.91501041828307,-2.5300531201147356],[32.915041321410285,-2.5300531221474865],[32.91506417526932,-2.5299854390149106],[32.915028268325,-2.5299796618414176],[32.914996669237375,-2.529989042588505],[32.91494855511697,-2.529973881783653],[32.91490547041952,-2.5299442883490215],[32.91486884417288,-2.5299471719850155],[32.914812112094474,-2.5299500551990413],[32.9147740203455,-2.5298998508138784],[32.91475751579935,-2.529824949062677],[32.91475349885779,-2.5298043176183325],[32.91474770095476,-2.5297814441663165],[32.914758563295905,-2.5297633306279703],[32.91477109165987,-2.5297305399663594],[32.914801889207226,-2.5296941280203153],[32.91483993645825,-2.529654074158376],[32.91481637986352,-2.5296141492286828],[32.91478373948395,-2.5295349462910286],[32.91473645647702,-2.5295349431717504],[32.91468917602105,-2.5295372036542734],[32.914643024213426,-2.5294749714179745],[32.91459461698179,-2.529457996622515],[32.91455633887096,-2.529493068182395],[32.91452931336319,-2.5296084739766296],[32.91447977680533,-2.529666172680019],[32.91441110735848,-2.5296333567412415],[32.91447190992157,-2.529451199505591],[32.91446966196682,-2.529382182072833],[32.91441337661691,-2.5293357907624627],[32.91434480674124,-2.529211425552445],[32.91434481266963,-2.529120953796523],[32.914344823340194,-2.5289581046355303],[32.914326834735085,-2.528921914740539],[32.91429085990032,-2.528813346247328],[32.91427287604448,-2.528704778946522],[32.91427289028134,-2.5284876467307136],[32.91429088362379,-2.5284514592210248],[32.91430888170842,-2.5283428943054367],[32.91429089074015,-2.528342893112719],[32.914254911176705,-2.5283067020237553],[32.91425491354972,-2.528270513320958],[32.914308888822994,-2.528234328196888],[32.914326885124396,-2.52815290480773],[32.91432689045882,-2.528071480226047],[32.91429090971566,-2.5280533834896364],[32.91420096082999,-2.5279629057656994],[32.914111006015155,-2.527962899792995],[32.91411100363844,-2.527999088495837],[32.91414698200171,-2.5280533739399775],[32.91414697725008,-2.5281257513456015],[32.91420094539695,-2.5281981323343454],[32.91420094183527,-2.5282524153885224],[32.91416495990133,-2.5282524129999175],[32.914093000788434,-2.5281800308143305],[32.91405701766741,-2.5281981227741244],[32.91409299484484,-2.528270502571033],[32.91409299127858,-2.528324785624991],[32.914003036439105,-2.5283247796439183],[32.91396705807485,-2.5282704941959597],[32.91394907425199,-2.5281619268908724],[32.913940081150784,-2.5281257375895003],[32.91385912419169,-2.52808954349514],[32.913787165104964,-2.5280171612932296],[32.91378716629781,-2.5279990669419723],[32.913859130151046,-2.5279990717387295],[32.913859132534725,-2.5279628830361283],[32.91382315418604,-2.527908597584394],[32.913769190844015,-2.527763839175429],[32.91364326368142,-2.5276190759602395],[32.91364326487608,-2.527600981608933],[32.91366125702822,-2.5275828884589915],[32.913679247985726,-2.5275828896601107],[32.91376919800176,-2.5276552730674062],[32.91380518707332,-2.527546709358143],[32.913805190650436,-2.5274924263039122],[32.91376021922441,-2.5274019515480837],[32.91362529064604,-2.527347659488584],[32.91360730447182,-2.5272752808813213],[32.913481376774534,-2.52713956482715],[32.913427409308866,-2.52705813663433],[32.91337343645838,-2.5270581330204607],[32.91321151910772,-2.527040027814075],[32.913175538408936,-2.5270219310478383],[32.9131215643587,-2.527040021774734],[32.91312156195549,-2.527076210477169],[32.91306758429517,-2.5271485842552104],[32.91297762833539,-2.5271666725567195],[32.91283370072403,-2.527166662864259],[32.91280671550297,-2.5271485666941045],[32.91276173631524,-2.5271757051875277],[32.91277072877467,-2.527220941671796],[32.91286967539582,-2.527275231395163],[32.912887664541294,-2.527302374133703],[32.91281569650736,-2.5273656995126683],[32.912779712186165,-2.5274018857882705],[32.912725735700654,-2.5274561651996272],[32.91281568082885,-2.5276009260749475],[32.91283366575686,-2.5276913990423697],[32.91283366334506,-2.527727587744144],[32.91277967598732,-2.5279447163144173],[32.91276167778307,-2.528053281205212],[32.912779661505596,-2.528161848523537],[32.91272568498762,-2.528216127933128],[32.91274366870892,-2.5283246952516416],[32.91272566989151,-2.52844230731629],[32.91268968372486,-2.5285056351135164],[32.91264469904702,-2.5286141981779955],[32.91256376024656,-2.52830658874487],[32.912347878346935,-2.5281618193205104],[32.912311907336935,-2.527998967725691],[32.91229392972239,-2.5277999286490824],[32.91229394185604,-2.5276189851428312],[32.91234791472811,-2.5276189888025615],[32.912356907781884,-2.5276551781136507],[32.912383899067024,-2.527582802539729],[32.91232993589856,-2.5274380440759443],[32.912222004739604,-2.5272209045448344],[32.91216803795839,-2.527130429126823],[32.912168040388025,-2.5270942404253462],[32.91202411522135,-2.52705804194171],[32.91198813332236,-2.527058039493674],[32.91198813453964,-2.527039945143004],[32.91202412008841,-2.52698566453893],[32.912060104417925,-2.526949478284437],[32.91209608631399,-2.5269494807303667],[32.91213206942533,-2.526931388824522],[32.91213207064055,-2.5269132944737454],[32.91211408090847,-2.5268951989006503],[32.91207810266172,-2.5268409134029737],[32.91202413347214,-2.5267866266808436],[32.91193418361491,-2.5267142431566088],[32.911934184832774,-2.5266961488058652],[32.91196117124951,-2.5266961506428482],[32.911988158883354,-2.526678058128494],[32.91197016915644,-2.5266599625535124],[32.91193418970411,-2.526623771402835],[32.91193419092192,-2.5266056770520646],[32.91200615469494,-2.5266056819492597],[32.91206012387655,-2.526659968672011],[32.91209610637245,-2.52665092394224],[32.91207811725228,-2.5266237811932957],[32.91204214083856,-2.5265423541684333],[32.91195219160537,-2.526460923470311],[32.911898223654525,-2.526388542392512],[32.91182626111286,-2.5263704431389455],[32.911718320355966,-2.5262980583743344],[32.91171832279723,-2.5262618696728083],[32.911754304674055,-2.5262618721275762],[32.91179028533128,-2.526279968932145],[32.911988180789706,-2.52635235981362],[32.912060144548896,-2.526352364707322],[32.912078138527924,-2.526307130052809],[32.91202417118416,-2.5262257018046004],[32.91202417361691,-2.526189513102731],[32.912042165770586,-2.5261714199750016],[32.9120601567079,-2.526171421197964],[32.912132115597764,-2.5262438034912593],[32.91222206786233,-2.52627999829952],[32.91229402919263,-2.52631619188215],[32.912276041891985,-2.5262619076092716],[32.912240066081615,-2.526171433413829],[32.912087365373495,-2.526090010228551],[32.91202418456384,-2.5260266639440614],[32.9117903085029,-2.5259361762660153],[32.911556420248466,-2.526026632054554],[32.91139449080772,-2.5261894701323717],[32.91123257237282,-2.526189459033317],[32.911412495217476,-2.5259904335069914],[32.91143048860094,-2.525954246037197],[32.91139452143173,-2.525737111364941],[32.9111786437656,-2.525538058706804],[32.91123260427986,-2.5257190059171917],[32.91123260059859,-2.5257732889692344],[32.911196618735694,-2.525773286500436],[32.91116064301325,-2.525682812277378],[32.91105270235049,-2.5256104274597493],[32.91098073986457,-2.525592328160862],[32.91094476293082,-2.5255199482828568],[32.91087280414733,-2.525447565926422],[32.91083682845573,-2.5253570916950023],[32.910782858145375,-2.5253208992743734],[32.91067491383005,-2.525302797478255],[32.91058496044242,-2.525284696916272],[32.91053098890577,-2.525266598835932],[32.910548982302515,-2.5252304113784843],[32.91058496538563,-2.5252123195142437],[32.91067492247193,-2.525176137024375],[32.91063894556601,-2.525103757138394],[32.91058497527162,-2.525067564709934],[32.910531001889126,-2.525076608155654],[32.91051300911252,-2.525103748437744],[32.91045903263442,-2.52515802775658],[32.91038706708629,-2.5251851643018175],[32.91035108090383,-2.525248492036485],[32.91031509285847,-2.525338961295488],[32.910297101933445,-2.5253389600486713],[32.91022514071505,-2.525302766358288],[32.910207141103,-2.5254294255622303],[32.910171154284065,-2.5255018004662038],[32.910171149317414,-2.5255741778670706],[32.91026109899666,-2.5256465615089505],[32.910261096515704,-2.525682750209398],[32.91024310186371,-2.5257370320122647],[32.910225104728056,-2.5258275025151073],[32.91019811833051,-2.525827500642549],[32.910135143858035,-2.5259179680215587],[32.91015313230673,-2.5259541579710962],[32.910171119514494,-2.5260084422704763],[32.91015312858034,-2.5260084410213275],[32.910117147954686,-2.5259903441722225],[32.91011714919731,-2.5259722498221633],[32.91008116981628,-2.5259360586220487],[32.910009209816124,-2.5258817705690104],[32.909991213906444,-2.5259541467177327],[32.9099372398614,-2.5259722373120828],[32.90991924955053,-2.525963188884717],[32.90991925017321,-2.5259541417097346],[32.9099372435967,-2.5259179542621433],[32.909928250620695,-2.5258817649360177],[32.90988327702737,-2.5258274787544495],[32.90988327951892,-2.5257912900544643],[32.909919261381006,-2.5257912925598025],[32.90995524759978,-2.5257279648389885],[32.9099912350592,-2.5256465427668897],[32.910045212198575,-2.525583216294347],[32.909973251596654,-2.5255379754148084],[32.90997325532982,-2.525483692364433],[32.90999124750079,-2.525465599265678],[32.90999125496531,-2.5253570331646964],[32.91007222158592,-2.525248472691163],[32.91018917624339,-2.5250494429572994],[32.910171189046636,-2.5249951586577737],[32.91011721380166,-2.5250313436117677],[32.91009922412337,-2.52501324801202],[32.9101532105424,-2.524814213905197],[32.91020718949959,-2.524723745897824],[32.9102611659692,-2.5246694665888394],[32.91017121759636,-2.5245789885977388],[32.90997332251284,-2.5245065974494976],[32.90968546665133,-2.524524671751282],[32.909640480627836,-2.5246513290645067],[32.90964947109166,-2.5247237070931585],[32.909631477677955,-2.5247598945377536],[32.90959548834895,-2.5248684581262837],[32.90952352092529,-2.524922736148679],[32.90950552250287,-2.525031300991352],[32.90949651828729,-2.525157960812484],[32.909343592943614,-2.525194138810429],[32.90919966807327,-2.5251579400217588],[32.909082734619496,-2.525049365713994],[32.90907373161958,-2.525157931180882],[32.90907371528246,-2.5253931577275375],[32.90914567144841,-2.525501728879812],[32.90912767549737,-2.525574105015429],[32.90920194255412,-2.5258131908718435],[32.90919962038047,-2.525845525311877],[32.909145646330195,-2.5258636158730043],[32.90910966886458,-2.52580028312249],[32.90905570550116,-2.525664571708329],[32.908965765956886,-2.52544743318812],[32.90888481560622,-2.5253207670435134],[32.90887582266309,-2.52528457771093],[32.90891180451024,-2.525284580243775],[32.90900175283966,-2.52537505831996],[32.90900176038597,-2.525266492221801],[32.90898377323637,-2.52521220790764],[32.90894779894144,-2.5251036392785875],[32.90889383562114,-2.524967927857803],[32.90885786071,-2.5248684064012163],[32.90878589829919,-2.5248503069826462],[32.90869594371154,-2.524850300641001],[32.90862397246521,-2.524958861660926],[32.908516015572964,-2.5251217031821374],[32.90848002234686,-2.525284549783625],[32.90846202509758,-2.5253750202584113],[32.90844401645573,-2.5256283398768233],[32.90842602299598,-2.525664527302462],[32.90839004113888,-2.5256645247557303],[32.90837205147694,-2.525646429132714],[32.90839004873679,-2.525555958659941],[32.90837206287584,-2.5254835799889905],[32.90835407575001,-2.525429295667115],[32.90835408081684,-2.5253569182697406],[32.90833609369333,-2.525302633947595],[32.908291113849415,-2.5253388194600195],[32.908246142880145,-2.5252483445255804],[32.90824614605044,-2.5252031086522346],[32.90830012705448,-2.5250854992062313],[32.90835410614879,-2.524995031281593],[32.9084260761536,-2.524904564627153],[32.908480055231486,-2.5248140966964034],[32.90855202395381,-2.5247417243836505],[32.90860599922745,-2.5247055394958884],[32.908641983583166,-2.5246693533362574],[32.90864198484553,-2.5246512589865526],[32.908606003016054,-2.5246512564468455],[32.90851604717844,-2.5246693444428403],[32.90846207063909,-2.5247236236764343],[32.9083721109964,-2.52479599471076],[32.90828214627403,-2.5249407431361846],[32.90819218787526,-2.5249950198074624],[32.908120224198356,-2.5249950147013474],[32.90806625271127,-2.5249769165198193],[32.908030275957245,-2.524904536566534],[32.90794032709249,-2.5248231056004466],[32.907796402944065,-2.524777859483826],[32.90777841839965,-2.5246873864560646],[32.90772445075542,-2.52461500521311],[32.90772445203044,-2.524596910863857],[32.90774244421872,-2.5245788177967916],[32.907724457130385,-2.5245245334667907],[32.907598524572926,-2.524470241436972],[32.9075985258496,-2.52445214708774],[32.907472590747865,-2.5244340437444173],[32.90732866345882,-2.524434033450463],[32.90734665693019,-2.5243978460398515],[32.907418621851804,-2.5243797568385964],[32.90754455950217,-2.5243616714885078],[32.90763451405334,-2.5243616779089213],[32.90767049459824,-2.524379774824631],[32.907760444053295,-2.524452158633648],[32.90782340714949,-2.524524540515608],[32.907841390421794,-2.5246331078923236],[32.90788636643426,-2.5246512054426704],[32.90797632100619,-2.5246512118400686],[32.908138240505544,-2.5246331289901818],[32.90826418197565,-2.5245607605220974],[32.908444101229286,-2.5244160184604456],[32.90855204922488,-2.5243798373898856],[32.90869597777441,-2.5243617531978058],[32.90874095757309,-2.5243255676690994],[32.90853406336867,-2.5243074587200733],[32.908462101625865,-2.5242803121097688],[32.90848009443203,-2.5242531718569543],[32.908749958070985,-2.5242531909036288],[32.90878593862949,-2.5242712877888285],[32.90901981919807,-2.524289398594075],[32.9091097724923,-2.5243074992618575],[32.909181732369184,-2.5243617873618005],[32.909226704630214,-2.524434167916223],[32.90934363679068,-2.5245608365605903],[32.90941560545259,-2.5244884641972813],[32.90955954712582,-2.524280389231598],[32.90963152512347,-2.5240723092272965],[32.90963152762026,-2.5240361205265347],[32.909667511929605,-2.523999934336307],[32.9098294251042,-2.5240723230233777],[32.9100453122654,-2.52412662109088],[32.91013526680672,-2.524126627336964],[32.910207229199465,-2.5241447266799777],[32.910153261438616,-2.5240723455335448],[32.90997335858183,-2.5239818612850935],[32.90986541812511,-2.523909476373855],[32.90984742971059,-2.5238732864204225],[32.909955372651055,-2.523909482631899],[32.91045010770308,-2.524126649149048],[32.91053106308313,-2.524180937797899],[32.91073794497447,-2.5243799899367736],[32.91094483800296,-2.5244161928860533],[32.911088766532984,-2.524398108426936],[32.91117871618671,-2.524470492005351],[32.91144857622005,-2.5245247935446202],[32.91164647383742,-2.5245609957678954],[32.91179039628236,-2.5246333829875125],[32.912024269682384,-2.5247600593619626],[32.91216818488869,-2.5249410126492053],[32.9123840698809,-2.525031499037419],[32.91254598334317,-2.525103887393431],[32.91273487476727,-2.5253029380104195],[32.91273486994275,-2.5253753154165564],[32.91274385696372,-2.525501976483628],[32.91267188661091,-2.525601490562521],[32.91283378871257,-2.525845775223741],[32.91304067362557,-2.5260086383079057],[32.91335551739497,-2.525972470726],[32.91338250499528,-2.525954378181151],[32.913490451801295,-2.525936291051002],[32.913585538382364,-2.5259091558770197],[32.91364337653804,-2.5259091597383727],[32.913669302357505,-2.525882138458533],[32.91368835566411,-2.525882021211589],[32.91376931248358,-2.525918215313058],[32.913895244264936,-2.525990601107231],[32.91394921469283,-2.526026793401651],[32.91394920993406,-2.526099170809275],[32.91393121542693,-2.526153452668252],[32.91391321972797,-2.5262258288787223],[32.91393120590683,-2.5262982074830496],[32.913985173969486,-2.5263705884799372],[32.91400316253228,-2.5264067783796484],[32.91412908962378,-2.5265515415599893],[32.914165067950044,-2.5266058270035576],[32.91420104746574,-2.5266420180943263],[32.91420104390625,-2.526696301149871],[32.914165063202134,-2.5266782044109157],[32.91412908249903,-2.5266601076709856],[32.91412908368651,-2.5266420133191665],[32.91409310179695,-2.526642010930085],[32.91411108917851,-2.5266962951801677],[32.91412907537398,-2.5267686737817905],[32.91418303990588,-2.5268953378262604],[32.91420102848097,-2.526931527723349],[32.914201026107726,-2.526967716426882],[32.91418303278465,-2.527003903936807],[32.91421901231142,-2.5270400950272354],[32.914219011125,-2.5270581893789807],[32.91427298397671,-2.5270581929575635],[32.914272985162384,-2.527040098605793],[32.91429097611271,-2.5270400997981444],[32.9143449454097,-2.5270943864290984],[32.914344943040284,-2.527130575132672],[32.91432695090371,-2.5271486682927993],[32.91432694971873,-2.527166762644564],[32.91438091902231,-2.5272210492741363],[32.914398907607136,-2.5272572391686223],[32.914398906423095,-2.527275333520391],[32.914362924515856,-2.5272753311382163],[32.91433594045527,-2.52723914064745],[32.91423699021335,-2.527239134089341],[32.91423698665452,-2.527293417144413],[32.91425497523623,-2.5273296070407554],[32.9142729638189,-2.527365796936862],[32.91434492526854,-2.5274019904087983],[32.91445286626727,-2.5274743749611446],[32.91447085485737,-2.5275105648546705],[32.9144888375337,-2.5276372265065303],[32.91452481590357,-2.527691511940672],[32.914614767156934,-2.5277458009391567],[32.91461476479437,-2.5277819896426053],[32.914560791912315,-2.5277819860772643],[32.914524807625895,-2.5278181724024575],[32.91456078836616,-2.5278362691323184],[32.91459676792587,-2.5278724602128912],[32.914614752981024,-2.5279629331595235],[32.91463274276308,-2.527981028699227],[32.914686715653446,-2.5279810322618457],[32.91474069208278,-2.527926752767027],[32.914794667328785,-2.527890567621531],[32.91481266182684,-2.5278362857516594],[32.914866639422755,-2.5277639118992337],[32.91486664295611,-2.527709628843681],[32.91486664413389,-2.5276915344918196],[32.91490262958481,-2.5276372538047003],[32.914920622897625,-2.5276010662847512],[32.9149206240746,-2.527582971932833],[32.91488464451332,-2.5275467808610674],[32.91484866495404,-2.5275105897883483],[32.91484866848779,-2.527456306732597],[32.91484867319934,-2.5273839293248552],[32.91483069049064,-2.5272572676764073],[32.914812701893666,-2.5272210777875195],[32.914776722345096,-2.527184886712979],[32.914776723523865,-2.527166792361007],[32.9148486896887,-2.5271306083970924],[32.91490266372128,-2.527112517597452],[32.91492065349615,-2.5271306131331346],[32.91497462870384,-2.5270944279783696],[32.91501061060667,-2.527094430343354],[32.91501060590462,-2.527166807751741],[32.915010602378004,-2.527221090807974],[32.915010600026875,-2.5272572795121047],[32.91499260084226,-2.5273839387938875],[32.91495661422591,-2.5274563138360784],[32.91497460282995,-2.5274925037230713],[32.915010585919404,-2.527474411736437],[32.91515451474657,-2.527456326835721],[32.9151904978327,-2.52743823484395],[32.91526246165772,-2.527438239561547],[32.91547835430279,-2.5274201593380856],[32.91553232717119,-2.5274201628646193],[32.91567625365422,-2.527438266610019],[32.91582018014176,-2.5274563703395305],[32.91589214164199,-2.5274925637269394],[32.91601807718164,-2.5275106662644133],[32.916027071498824,-2.5275287612010504],[32.91610803080933,-2.527528766455881],[32.916179995800555,-2.527510676770055],[32.91623397099121,-2.527474491562303],[32.91630593482016,-2.527474496221899],[32.916323926934915,-2.527456403033559],[32.91632393387975,-2.5273478369177687],[32.91637790905974,-2.5273116517035557],[32.916395901171214,-2.527293558514057],[32.91635992041855,-2.5272754618347473],[32.916359923889246,-2.527221178776667],[32.916395906953255,-2.5272030867505064],[32.916431890016284,-2.527184994723307],[32.916467873078346,-2.527166902695068],[32.916467876544424,-2.527112619636741],[32.91639591273508,-2.527112614986823],[32.91634193872105,-2.527130705849479],[32.91625198164174,-2.5271668887330017],[32.91623398721288,-2.5272211706258223],[32.916162018759415,-2.527293543373084],[32.916215990464636,-2.527311641223521],[32.916233980260934,-2.5273297367415832],[32.91623397910224,-2.5273478310941924],[32.916162012961,-2.5273840151359592],[32.916090047976574,-2.5274021048210478],[32.91605677648284,-2.527428875065832],[32.91605406838666,-2.527365913780787],[32.91607206050325,-2.5273478205959865],[32.916090057261975,-2.5272573500006947],[32.91612604033046,-2.5272392579822114],[32.91616202455762,-2.5272030716100775],[32.916180016670445,-2.527184978423602],[32.9161800178298,-2.5271668840709713],[32.91618002014849,-2.5271306953656922],[32.916198012260054,-2.5271126021789034],[32.91621600552993,-2.5270764146391675],[32.916233997640234,-2.52705832145182],[32.91632395355515,-2.5270402329219928],[32.916377927565605,-2.5270221420599435],[32.91652185748353,-2.5269859626517626],[32.9165398501656,-2.52695882228352],[32.9165218597926,-2.5269497739460607],[32.91652186094712,-2.526931679593201],[32.916539853051276,-2.5269135864013488],[32.916575836104364,-2.5268954943697253],[32.91661181973309,-2.526868355160605],[32.91661182030972,-2.5268593079841417],[32.91693565739192,-2.5268593288210863],[32.91700762004056,-2.526877427793612],[32.917061591741664,-2.5268955256087002],[32.917061590594614,-2.5269136199618183],[32.91702560754731,-2.5269317120071557],[32.91697163469698,-2.526931708543616],[32.916890674272196,-2.526949797697114],[32.91693565049918,-2.5269678949394336],[32.916971631252046,-2.5269859916028015],[32.9170615825651,-2.527040280433499],[32.91713354293332,-2.5270945681055577],[32.91720550445274,-2.5271307614206466],[32.91727746597624,-2.527166954731841],[32.91740339808096,-2.527239340193653],[32.91745736980285,-2.5272574379927955],[32.91749335171246,-2.527257440288855],[32.91760129288248,-2.527329824584036],[32.91767325556721,-2.527347923520549],[32.91770923634122,-2.5273660201639667],[32.91770923178798,-2.527438397577045],[32.91778119220563,-2.527492685214327],[32.91787114358827,-2.527546973990534],[32.91794310401876,-2.5276012616191292],[32.9181050215239,-2.5276193662374857],[32.91828492547269,-2.5277098493865773],[32.91839286785421,-2.527764139264347],[32.918518802335186,-2.5278003359137218],[32.918518797825975,-2.527872713327761],[32.91848281307893,-2.5279179469433726],[32.91846481929434,-2.5279631816925736],[32.918446826072646,-2.527999369264737],[32.918464814781835,-2.528035559106325],[32.91850079333081,-2.52808984443536],[32.918536771882714,-2.5281441297634424],[32.9185367685011,-2.5281984128237043],[32.918518774150435,-2.5282526947500803],[32.91853676173764,-2.5283069789440797],[32.91857274142357,-2.5283431699178314],[32.91867169176,-2.5283431761469233],[32.918716668060924,-2.5283612733292706],[32.91871666693613,-2.5283793676827138],[32.91869867484026,-2.528397460904755],[32.918554747072186,-2.528397451844565],[32.918500776414874,-2.528361259736177],[32.91848277867606,-2.5284698247217356],[32.918518755545726,-2.528551251580258],[32.9186266951905,-2.5286507773236626],[32.91866267319958,-2.528714109825081],[32.91875262414093,-2.528777445719497],[32.918806593698584,-2.528831732171262],[32.91886056775284,-2.528813641207403],[32.918896553074035,-2.528759360405606],[32.918968518100044,-2.528741270565878],[32.919058475780176,-2.5286960403186116],[32.9190944605301,-2.5286508066875957],[32.91913944020503,-2.528614620795018],[32.91916642554769,-2.528632716836533],[32.919139436847814,-2.528668903855678],[32.91911244758669,-2.5287141380509497],[32.919166419954095,-2.5287231886043084],[32.919211398511564,-2.5287050970628537],[32.91931035222714,-2.5286508201830844],[32.91937332398649,-2.5285965410514866],[32.919490263089784,-2.5286327370480697],[32.91954423601373,-2.5286327404087707],[32.91961620213734,-2.52859655617865],[32.91979611187965,-2.5285965673545334],[32.91988606564238,-2.528614667286983],[32.9200120013575,-2.5286327694404402],[32.92011994389029,-2.528687059177973],[32.920209896560095,-2.5287232534422106],[32.9202458763049,-2.5287594443710075],[32.92026386507448,-2.5287956341890596],[32.92029984482273,-2.528831825116426],[32.92029984371964,-2.528849919470438],[32.92037180763161,-2.5288499239061784],[32.920371805427365,-2.5288861126142494],[32.92035381334649,-2.5289042058596944],[32.92033582126511,-2.5289222991048668],[32.92038979420212,-2.52892230243064],[32.92040778407949,-2.528940397892765],[32.92044376493689,-2.528958494462255],[32.92046175481551,-2.528976589923655],[32.92051572665475,-2.528994687598306],[32.920551707515216,-2.5290127841648684],[32.92055170641551,-2.5290308785189395],[32.92058768837669,-2.5290308807304567],[32.920587690575076,-2.5289946920222803],[32.92060568155518,-2.5289946931276472],[32.9206236714366,-2.529012788586871],[32.92067764108384,-2.5290670749631032],[32.92069562986952,-2.52910326477548],[32.92069562767403,-2.5291394534836886],[32.92071361755866,-2.5291575489417193],[32.920731610735565,-2.5291213613371757],[32.920767592699384,-2.5291213635437635],[32.92078558258481,-2.5291394590008225],[32.92078557929525,-2.5291937420632147],[32.920749595135334,-2.5292299285652673],[32.92076758282831,-2.5292842127307704],[32.92085753555805,-2.5293204069514577],[32.92100146015506,-2.529374698820982],[32.92103744431233,-2.5293385123119063],[32.92100146343589,-2.5293204157584652],[32.92098347354498,-2.5293023203042915],[32.92094749376465,-2.5292661293952228],[32.920947494858964,-2.5292480350410482],[32.92100146781023,-2.529248038341702],[32.92103744868471,-2.5292661348951007],[32.921145390222634,-2.5293385189036828],[32.92119936208701,-2.529356616550449],[32.921253333952954,-2.529374714195001],[32.92132529680635,-2.5293928129328638],[32.921379266498846,-2.5294470992808753],[32.92150520340573,-2.5294471069374205],[32.92154118646537,-2.5294290147683687],[32.921631141397924,-2.5294290202272705],[32.92177506712452,-2.5294652176574477],[32.92190100187192,-2.5295014139845193],[32.92197296258184,-2.5295557013958536],[32.92200893915982,-2.5296461753409325],[32.92211687970647,-2.52973665362513],[32.92224281664348,-2.5297366612106513],[32.92229679069245,-2.5297185701032086],[32.92237775122586,-2.529700480615051],[32.922350766890126,-2.529664290284138],[32.92226081409244,-2.529628096165567],[32.92223382976147,-2.529591905832315],[32.92208090743373,-2.5295738022646166],[32.92204492653559,-2.5295557057396456],[32.922044927614834,-2.5295376113850767],[32.92220684650898,-2.529537621143886],[32.9222608173213,-2.5295738131016305],[32.92233278020125,-2.5295919117841033],[32.92240474200903,-2.5296281048173266],[32.922458713904305,-2.529646202412323],[32.922512686873965,-2.5296462056503684],[32.92253068108155,-2.5295919236649462],[32.92262063495613,-2.5296100234101107],[32.92271958432826,-2.5296281236871554],[32.92280054271334,-2.529646222881864],[32.92287250880914,-2.5296100384699165],[32.922926482844915,-2.529591947335698],[32.92296246375702,-2.5296100438365197],[32.922962461623854,-2.529646232546396],[32.92301643139659,-2.5297005188282435],[32.92308839429523,-2.529718617469133],[32.92316035825985,-2.5297186217510754],[32.92323232009882,-2.529754814739054],[32.9232497267073,-2.529764615675928],[32.923262302660156,-2.529791005230401],[32.92328628670088,-2.529863384075062],[32.92330427450822,-2.5299176682082534],[32.92334025543471,-2.5299357646988936],[32.923376234240216,-2.5299900498985854],[32.923439201662624,-2.530008147986909],[32.923475182593535,-2.5300262444739],[32.923511163525475,-2.5300443409599116],[32.92352915240345,-2.530080530735129],[32.92354714128239,-2.5301167205101045],[32.923574126190125,-2.53014386363955],[32.92355613360505,-2.5301710041075767],[32.923529148167674,-2.530152908155276],[32.92349316829198,-2.530116717314678],[32.92346618391641,-2.530080527006089],[32.92343020298414,-2.530062430518823],[32.923394219931325,-2.530080522740571],[32.92341220986704,-2.5300986181623206],[32.92344818867987,-2.530152903360094],[32.92350215849369,-2.5302071896224665],[32.92357412142756,-2.530225288237211],[32.92359211030964,-2.5302614780115738],[32.923736038300504,-2.5302614865171633],[32.92373603935664,-2.5302433921620784],[32.92377202135394,-2.5302433942859555],[32.92382599329505,-2.530261491825012],[32.92391594618247,-2.5302976858369024],[32.923987908075034,-2.530333878784064],[32.92398790702235,-2.5303519731392297],[32.92405987102337,-2.5303519773721295],[32.92407786044648,-2.530379119962522],[32.924059867868266,-2.5304062604376814],[32.92403288136675,-2.53040625885078],[32.92400589328655,-2.5304333987960383],[32.92402388165733,-2.5304786357422895],[32.92407785256036,-2.5305148276263094],[32.924185795425544,-2.5305691170326154],[32.92418579385048,-2.53059625856538],[32.924185792275395,-2.5306234000981345],[32.924158805769316,-2.530623398513728],[32.92410483380838,-2.530605300988089],[32.92407784782849,-2.5305962522244383],[32.92404186634724,-2.5305872029312293],[32.92401487773716,-2.530623390054036],[32.924041861086955,-2.5306776747067405],[32.924095829895855,-2.530750055300348],[32.924149797660036,-2.530840530246887],[32.924176781019746,-2.5308948148968886],[32.92420376228172,-2.5309852882564887],[32.92420375755682,-2.531066712854235],[32.92422174646749,-2.5311029026202156],[32.924212750437206,-2.5311119492698135],[32.92420374863159,-2.5312205148719067],[32.924185753418,-2.5312928912356156],[32.92416776135413,-2.5313109845340853],[32.9241497703406,-2.5313109834773386],[32.924149765086284,-2.5314014552520145],[32.924167756101056,-2.531401456308798],[32.924167752949124,-2.531455739373563],[32.92420373498016,-2.531455741486426],[32.924203737080475,-2.5314195527765575],[32.9242217280955,-2.5314195538325976],[32.92422173229502,-2.5313471764127686],[32.92423972330907,-2.531347177468528],[32.924257712749075,-2.531374320056505],[32.92425771222438,-2.531383367233991],[32.924311685268094,-2.5313833703990585],[32.924347669393526,-2.531347183797818],[32.9243296815245,-2.5312928996785],[32.92429370264433,-2.5312386145042174],[32.924293704741956,-2.531202425794147],[32.92434767777823,-2.531202428957482],[32.92436567088594,-2.531166241301274],[32.924329690959304,-2.531130050483022],[32.92427572002407,-2.5310938586089056],[32.92423974010193,-2.53105766778824],[32.92423974220091,-2.5310214790781087],[32.92427572526903,-2.531003386833514],[32.924347690354395,-2.5309852966963398],[32.92438424403087,-2.530931015771634],[32.92445564164148,-2.530894831239771],[32.92447363788024,-2.530804360515984],[32.9245096198936,-2.5308043626197807],[32.92450961361956,-2.530912928751174],[32.924500618115474,-2.530912928225296],[32.92449162156542,-2.5309310220545624],[32.92443764540006,-2.5309853019631],[32.924401660240065,-2.531039582922573],[32.92445563013023,-2.5310938691466385],[32.92450959897908,-2.5311662497236815],[32.92450958642894,-2.5313833819850013],[32.924491593845055,-2.5314105224655865],[32.924473600737215,-2.5314467101234097],[32.92450958015346,-2.5314919481153737],[32.9245455621858,-2.53149195021874],[32.92456355215678,-2.531510045625114],[32.92458153899339,-2.5315824240964178],[32.92463551204572,-2.5315824272481966],[32.92463551413415,-2.531546238538042],[32.92472547026201,-2.531528149430793],[32.92476145438043,-2.5314919628178782],[32.92476145646531,-2.5314557741075663],[32.92481542951265,-2.531455777251665],[32.92485141154423,-2.531455779346477],[32.92485140842064,-2.5315100624120532],[32.92484240874698,-2.5315824393091093],[32.92490537626794,-2.531600537328423],[32.92499533135714,-2.5316005425576065],[32.925031313392864,-2.531600544647525],[32.92506729335211,-2.531636735446924],[32.925103270199955,-2.531727209311057],[32.92513925016463,-2.5317634001085407],[32.92513924808997,-2.5317995888189886],[32.92510326604865,-2.531799586731914],[32.92506728504572,-2.531781490288646],[32.92504929298677,-2.531799583599422],[32.92506728193071,-2.531835773354204],[32.92510326293512,-2.5318538697975015],[32.92513924394056,-2.5318719662398195],[32.92515723392509,-2.531890061638213],[32.92517522287324,-2.531926251391564],[32.9252291917959,-2.531998631939778],[32.925247182301376,-2.5320076801593694],[32.925265172807116,-2.532016728378717],[32.925265171771436,-2.5320348227339218],[32.925247180229505,-2.532043868869764],[32.92523818419944,-2.5320529155263847],[32.925229188687354,-2.5320529150053472],[32.92517521561482,-2.5320529118778072],[32.925175213540925,-2.5320891005881148],[32.92515722251627,-2.5320890995450847],[32.925157224590656,-2.532052910834792],[32.925121242542374,-2.53205290874801],[32.92510325255616,-2.5320348133491106],[32.92508526049409,-2.532052906660224],[32.92504927740717,-2.532070998926541],[32.92501329535846,-2.5320709968367354],[32.92499530537355,-2.5320529014363733],[32.92499530641298,-2.5320348070812875],[32.92496831987723,-2.532034805512921],[32.9249413333415,-2.53203480394399],[32.92487836267606,-2.5320709889910287],[32.92483338303197,-2.5321071750826696],[32.92483337990683,-2.532161458147649],[32.92486935987541,-2.5321976489525344],[32.924887349860455,-2.532215744354615],[32.92489947682567,-2.532198125682037],[32.9249413239796,-2.5321976531393773],[32.925013284966134,-2.532251940387333],[32.92510323594828,-2.5323243230305796],[32.925103234910225,-2.532342417385628],[32.925139216966485,-2.5323424194731508],[32.92513922111667,-2.532270042052872],[32.92512123008952,-2.5322700410092653],[32.92512123527833,-2.5321795692338362],[32.9251392283792,-2.53214338156718],[32.92517521043002,-2.532143383653535],[32.92517520835603,-2.5321795723637908],[32.925157215774256,-2.532206712853388],[32.92517520524502,-2.5322338554291317],[32.92522917521618,-2.5322881416222573],[32.92524716572559,-2.5322971898419233],[32.925265156235255,-2.5323062380613477],[32.925283145191834,-2.5323424278132105],[32.92531912621317,-2.5323605242508496],[32.92535510723553,-2.5323786206875076],[32.92541807583612,-2.532378624327779],[32.925391091361156,-2.532342434057723],[32.92535511240836,-2.5322881489117535],[32.92535511447743,-2.532251960201413],[32.92537310550443,-2.532251961241752],[32.925445066512545,-2.532306248466211],[32.925488043346526,-2.5323243453032758],[32.925535019587336,-2.5323424423696954],[32.925624971636424,-2.5323967306222834],[32.925732912664216,-2.5324872086147154],[32.92580487472899,-2.532523401464458],[32.92596034654062,-2.5326411458400857],[32.92598477683086,-2.5326681666376465],[32.92598477375291,-2.5327224497035594],[32.92594879168548,-2.5327224476393],[32.92587683063314,-2.532668160441991],[32.92580486958686,-2.532613873240798],[32.925786877525994,-2.5326319665615733],[32.92582285753439,-2.532668157340776],[32.92587682857818,-2.532704349152517],[32.92589481858439,-2.5327224445410295],[32.92594878963248,-2.532758636349852],[32.925966779127286,-2.532785778915034],[32.92602074966726,-2.532831017898588],[32.92602074864171,-2.532849112253864],[32.92607472174819,-2.5328491153470227],[32.926110702794915,-2.5328672117631834],[32.926110701770604,-2.5328853061184855],[32.92620065695079,-2.532885311266297],[32.92629060906568,-2.532939599473937],[32.92636257117139,-2.5329757922935077],[32.92641654224328,-2.533011984083309],[32.926488504356634,-2.5330481768960347],[32.926560467492216,-2.533066275349414],[32.92661444213444,-2.5330391368870755],[32.9265604695285,-2.533030086638541],[32.92652448948939,-2.53299389587922],[32.92645252635832,-2.5329757974239446],[32.926416545813694,-2.5329486538394184],[32.92632659216071,-2.532921507173467],[32.92630860214569,-2.532903411790774],[32.926308603167264,-2.532885317435395],[32.92630860418885,-2.532867223080011],[32.926344586260555,-2.5328672251343542],[32.926380568332306,-2.5328672271876966],[32.92641654938401,-2.5328853235954605],[32.9264705204538,-2.532921515382993],[32.92652449254523,-2.5329396128128834],[32.926596454657805,-2.5329758056196],[32.926650427770234,-2.5329758086888323],[32.92670439986661,-2.53299390611132],[32.926758372979904,-2.5329939091760587],[32.9268303361167,-2.5330120076144245],[32.9268753126981,-2.533030104519731],[32.926938284370955,-2.532975825019939],[32.92701025054517,-2.5329396403813917],[32.927046233630826,-2.5329215480605605],[32.92708222075886,-2.5328310783158847],[32.92706423477849,-2.5327406055205475],[32.92706423528401,-2.5327315583426815],[32.92706423578952,-2.5327225111648137],[32.9271362029563,-2.5326682321628042],[32.9271901811029,-2.5325777634300035],[32.92724415621653,-2.5325415777622076],[32.92724416025034,-2.532469200338715],[32.92722617224563,-2.5324149162567156],[32.92720818222456,-2.5323968208862544],[32.9271722001651,-2.5323968188563684],[32.927154208125735,-2.532414912196914],[32.927118225055665,-2.5324330045213554],[32.92710023402548,-2.53243300350527],[32.92706425297603,-2.532414907116522],[32.92706425398694,-2.532396812760691],[32.92714521463033,-2.532378722977427],[32.92715421064987,-2.53236967630724],[32.927190199267855,-2.5322520650241995],[32.92722618132332,-2.5322520670534674],[32.92724417134272,-2.5322701624236705],[32.927316129410485,-2.532378732613955],[32.927316123365934,-2.5324872987494973],[32.92746004960341,-2.5325234955591815],[32.92749603166659,-2.5325234975811437],[32.927603975849316,-2.5325596923530256],[32.92771191903625,-2.532613981472063],[32.927783887172005,-2.532541608076806],[32.927864846815886,-2.532541612604527],[32.92801777158579,-2.532523526786857],[32.92810772973433,-2.532469248732339],[32.92821567343354,-2.5325144906315797],[32.92846754341699,-2.532595929220292],[32.92864745374711,-2.532595939179904],[32.928719417879364,-2.532595943156728],[32.92880937008444,-2.5326502311915045],[32.928935299440845,-2.5327949929845315],[32.92915118205055,-2.5329759484209546],[32.92932208907757,-2.533120712646375],[32.92961892953775,-2.533337861152328],[32.93040760912248,-2.5338626402842324],[32.930607238593694,-2.5339666275466164],[32.93078573912015,-2.5340420390367777],[32.930985660957404,-2.5340959085077697]]]]}},{"id":"11","type":"Feature","properties":{"id":"existing_water_supply_zone.12","ogc_fid":12,"objectid":17,"district_n":"Mkolani North","planning_d":"Mkolani North","dist_area_":1917,"cons__area":372.0,"area_less_":1544.8,"pr__pop":115000,"pr__du":25000.0,"pr_urb_den":16.1833247022,"ex__pop":21709,"ex__du":4341.8,"gfa_m2":347344,"new__pop":93291,"new_du":20280.6521739,"dus_lo_den":2028.06521739,"gfa_m200":405613.043478,"dus__med_d":14196.4565217,"gfa_m201":2129468.47826,"dus_high_d":4056.13043478,"gfa_m202":405613.043478,"heavy_indu":0,"gfa_m203":0,"light_indu":6000.0,"gfa_m204":180000,"logistics_":0.0,"gfa_m205":0.0,"logistics1":0.0,"gfa_m206":0.0,"total_logi":0.0,"total_gfa_":0.0,"commercial":17788.097978,"gfa_m207":216410,"agri_minin":0.0,"total_empl":23788.097978,"coverage":"Zone 3","shape_leng":21439.3429996,"shape_area":19174618.4354},"geometry":{"type":"MultiPolygon","coordinates":[[[[32.89735623510087,-2.5843151728061],[32.89966782558383,-2.5844964544672737],[32.90059553450832,-2.5845682979737723],[32.90059706025919,-2.5846949692448034],[32.90086311122347,-2.5849989350308635],[32.90109500596542,-2.5854295710536075],[32.901309063898175,-2.5858243200685793],[32.90159447669949,-2.5863087853805116],[32.90195126007328,-2.5867035463044337],[32.90236157019836,-2.587026540119221],[32.903057336862574,-2.5872957296418972],[32.903770953496625,-2.5874572652288124],[32.904555925794405,-2.587690576063988],[32.90559065795809,-2.5880674429075303],[32.905822578234556,-2.5881930574883203],[32.90656911078518,-2.5885156326086416],[32.907753160225724,-2.589139493656467],[32.90968465417971,-2.591134779383405],[32.90983927106963,-2.591294501863116],[32.91064489867217,-2.5917235133536365],[32.910797790415344,-2.591804931476887],[32.9114180158342,-2.592031801207857],[32.9120382571273,-2.592031845530767],[32.912827676329414,-2.5917483666929804],[32.91356068863275,-2.591748417147656],[32.91418092982366,-2.591748459507297],[32.914970294591946,-2.592258873587516],[32.91564687752504,-2.5929394007576616],[32.916379831048495,-2.593846757357735],[32.916509554975505,-2.5939191333398033],[32.91912126870951,-2.595376247694301],[32.91990472843526,-2.5957702702252208],[32.92072821312202,-2.596184422034707],[32.9224620244217,-2.5970351311227793],[32.923683998835024,-2.5975703982501526],[32.92435801228623,-2.5968225955382698],[32.92542939899665,-2.595858644804803],[32.92585036127255,-2.5948533320345466],[32.925880547779485,-2.5947812423542707],[32.92594901306672,-2.5941962727512946],[32.92615337389581,-2.594306137275893],[32.92645386225948,-2.594455762451777],[32.92682872906781,-2.594623345081529],[32.927239298249695,-2.594805890063003],[32.92756953793437,-2.5949615023036063],[32.9277391200206,-2.595051276243013],[32.92790275170004,-2.5951500255156525],[32.928024730117855,-2.595236805697684],[32.928161584149244,-2.5953415381091918],[32.928271661743295,-2.595446270790891],[32.92835793656169,-2.595542023699019],[32.92845313797148,-2.5956557312151882],[32.92852453727071,-2.5957484922730103],[32.92864056206733,-2.5959190515567783],[32.92874170937671,-2.5960896099882667],[32.92889938091724,-2.5963589124058553],[32.92898862786985,-2.596523485443818],[32.92929801979705,-2.59708902057294],[32.92969368335098,-2.5978011752495576],[32.929931677583085,-2.5982350500269744],[32.930214294626815,-2.598752707638319],[32.930398739813725,-2.599102799861271],[32.930532610085066,-2.599363125066777],[32.930624831448476,-2.5995785649573437],[32.93071705006493,-2.599811958042509],[32.9308033190935,-2.6000393669961017],[32.93091338251067,-2.6004163830410167],[32.931029393254704,-2.6008263148106585],[32.931079960646805,-2.6010417532855334],[32.93124356324285,-2.601697043233804],[32.931413116441256,-2.6023433568826047],[32.931594565144586,-2.6030914056571968],[32.931787912371846,-2.6038693758432956],[32.93192772073175,-2.604398993803299],[32.932052653120856,-2.6049166433466824],[32.93217460988114,-2.605431299911784],[32.932231122750174,-2.6057544551425345],[32.932263836722385,-2.6060087899919484],[32.9322935737009,-2.60628406977759],[32.932335203823534,-2.6067209262892908],[32.932361960515635,-2.607112899899859],[32.9323887201512,-2.607433061613527],[32.93242142998505,-2.6077831453440075],[32.93246901240461,-2.608178111063127],[32.9325076814002,-2.6083396901330693],[32.93258799626767,-2.6086448943247937],[32.93266839856094,-2.608863056620458],[32.932618115980645,-2.6089317372996113],[32.9310389914475,-2.6145456228979267],[32.93047504749507,-2.615963259996631],[32.930140292535846,-2.617267497058088],[32.930023855936575,-2.617721145289601],[32.929403522543375,-2.619138779501811],[32.92861403034027,-2.6204996969379892],[32.92579993009542,-2.623010582217778],[32.92461034614665,-2.6240719883112047],[32.92297505593503,-2.6251493158479278],[32.92105787275025,-2.625489436041306],[32.91998652826217,-2.625319247516019],[32.91891515852933,-2.6255460050364565],[32.91761824842899,-2.6256593333031497],[32.91724362805466,-2.6256756892467976],[32.91632134100664,-2.625715954411356],[32.914911669052074,-2.6256024454492333],[32.913332818494595,-2.6257724566346],[32.91175393667216,-2.6263961193797702],[32.91079531486503,-2.626963117991282],[32.91028780243818,-2.6273600301712827],[32.907355522254036,-2.6293445493573775],[32.90515625605397,-2.6314992392699232],[32.90419761017514,-2.6322930601239434],[32.903408043245015,-2.634164320212289],[32.90305545299008,-2.6345760342608076],[32.897044941004125,-2.626369895375138],[32.893471734336416,-2.6183043751825585],[32.89075476388142,-2.618273610745634],[32.88886518017451,-2.6104940740695772],[32.886705638962944,-2.610146637110571],[32.88581309241428,-2.609787497048821],[32.88480151235678,-2.609697639440108],[32.88373042085557,-2.6096676188097896],[32.883240096761824,-2.609239304402312],[32.882985816747365,-2.608963528821152],[32.88378603880938,-2.608452394703598],[32.88427695568294,-2.6081315429603302],[32.88489004670825,-2.6071249006869843],[32.885013705609,-2.6069218630958213],[32.88546661577029,-2.6058572867837606],[32.88519003128769,-2.6053715006834883],[32.88509025887026,-2.6051962617039877],[32.884921453984845,-2.604899777257002],[32.88452999233066,-2.604408118830563],[32.88431333572564,-2.6043529374624073],[32.8840277794331,-2.604280208162148],[32.883698640284564,-2.604020298151528],[32.883542155638665,-2.6037266781009953],[32.88334609728423,-2.60335880525241],[32.88295129185711,-2.6023610535856805],[32.8825886884496,-2.6020804665336086],[32.882169027319,-2.6020707476854033],[32.8818499233995,-2.6021187861539707],[32.88183220269491,-2.601997388848012],[32.88184808379591,-2.6016149236450095],[32.88211214349562,-2.601716118270036],[32.88229950886664,-2.6017879214006014],[32.882554569215756,-2.6013715291108435],[32.882631510543504,-2.6011034690676014],[32.88247528520241,-2.600726188060254],[32.88262719314687,-2.6001316222502586],[32.88280434651712,-2.5998864617487834],[32.88320505157538,-2.5994842452741977],[32.88311558126238,-2.5991805411074926],[32.88338631183379,-2.5987241371914642],[32.884077607418085,-2.5982247066588458],[32.884224447615765,-2.5979381071522405],[32.88460177600913,-2.597521520230175],[32.88482532051208,-2.596583260022012],[32.88491650853345,-2.595930154062088],[32.88474482745622,-2.59537039072155],[32.884519311852756,-2.595220458662433],[32.88430710831155,-2.595102283310563],[32.88376298317762,-2.594671045692846],[32.88337277339444,-2.5942995333488414],[32.8832020401892,-2.5941942981889565],[32.88281751487326,-2.593640938351097],[32.88263077773684,-2.593451112520354],[32.88240324428242,-2.5934058446678243],[32.882097056197196,-2.593376242714208],[32.88180604776558,-2.59326032137665],[32.881544460541335,-2.593105951417949],[32.88132178814996,-2.5931041056605038],[32.88121341071304,-2.593103207020838],[32.88119022311689,-2.592877930631386],[32.881203322926275,-2.5926468068646784],[32.881207883258696,-2.5925663473096483],[32.881353364240645,-2.5923941945177855],[32.881464288136186,-2.592339468746835],[32.881556215884366,-2.5921432490737337],[32.88163722441975,-2.5919657487445966],[32.88183946971693,-2.5917816571585996],[32.88201234006156,-2.5911558814745255],[32.881744789100075,-2.590310580513066],[32.88157462332531,-2.5899142094953853],[32.88150698521578,-2.5897947797646257],[32.88176493011173,-2.5894454027341296],[32.882068410904154,-2.58891418112309],[32.882030313733104,-2.588422374975318],[32.88173634469426,-2.5878624831225543],[32.881563764517324,-2.587584723733182],[32.8814710011599,-2.587327934078321],[32.8818543663342,-2.5867039893189916],[32.88190714669265,-2.5866193553759174],[32.88186306759109,-2.5863001865208988],[32.881843865019725,-2.586085747176826],[32.8817743473813,-2.585942011190525],[32.881621258939894,-2.5856335493896907],[32.88173094490695,-2.585349570268906],[32.88196339963266,-2.5853343927678236],[32.882136571624876,-2.585162363639161],[32.88221000803675,-2.5850894132936513],[32.882254622636765,-2.5850450927064403],[32.8823994936816,-2.5846368070256025],[32.88227494581475,-2.5841588340571815],[32.881527257496344,-2.5840599195167515],[32.88133380713449,-2.58384370596692],[32.881480248841875,-2.583203922755141],[32.88166675452798,-2.5829705235239397],[32.88178853918515,-2.5822045119927837],[32.88191060255611,-2.582130960939505],[32.882012368352655,-2.5820696406452512],[32.88221780782503,-2.5823491256061093],[32.88245519523705,-2.5834711753931394],[32.882757302823904,-2.584162044462108],[32.88279302901545,-2.584201115213652],[32.88286146449411,-2.584275958745207],[32.883334909299855,-2.5843586935369003],[32.883658347176755,-2.5843330031632585],[32.883831298373394,-2.5843892281547993],[32.88437175051365,-2.584604600068484],[32.88472014364905,-2.5842420796361005],[32.88483139243743,-2.584126318702021],[32.885327026103916,-2.584555199090913],[32.88551296297802,-2.5846512967707356],[32.885517091067385,-2.584753077688004],[32.88543565659117,-2.5849971626727286],[32.88534260458265,-2.5853742389330017],[32.88541998668749,-2.5856396470801797],[32.88548782802752,-2.58587233349773],[32.88561324625392,-2.586199470228898],[32.8856782425087,-2.5863690044939345],[32.88595240118544,-2.5867696383831813],[32.88607292901468,-2.587051178758458],[32.886258679082125,-2.5872495481291797],[32.88646024712247,-2.5874631488843205],[32.886437010528816,-2.5875566519010222],[32.88632034695227,-2.5880261039271906],[32.88681666612592,-2.5881725559697215],[32.886966379067395,-2.5882167321824725],[32.886980302343225,-2.5884468063095762],[32.887087035334034,-2.5889623745649684],[32.8871790533065,-2.5894021434907324],[32.887351624754466,-2.5897956289070643],[32.88738318299556,-2.5899722802216623],[32.88741148957226,-2.590226564013592],[32.88743955975236,-2.590478730747965],[32.8876787376245,-2.5906522005802577],[32.88826459600127,-2.591077107204929],[32.88875252290194,-2.5911984727381463],[32.88900850624237,-2.5914043751647307],[32.88928466221672,-2.591577989096054],[32.889578216312074,-2.591689987003013],[32.89052594267694,-2.5916165162160265],[32.891510083335746,-2.5911117407635706],[32.89195436951131,-2.590883861925219],[32.892194488137974,-2.590759711998206],[32.892690731686294,-2.5904150583855894],[32.89322638996755,-2.5899267380789475],[32.89479257301063,-2.588878575912987],[32.89512087041428,-2.5884281441397614],[32.89545368317299,-2.587828095201305],[32.89570182103725,-2.5873807118387546],[32.89591305437778,-2.5872599550745248],[32.8961113320979,-2.587146605024261],[32.89681937556711,-2.5863276234265333],[32.897296539640635,-2.5849285185642854],[32.89735623510087,-2.5843151728061]]]]}},{"id":"12","type":"Feature","properties":{"id":"existing_water_supply_zone.13","ogc_fid":13,"objectid":18,"district_n":"Mkolani South","planning_d":"Mkolani South","dist_area_":1433,"cons__area":273.6369,"area_less_":1159.36,"pr__pop":120000,"pr__du":26086.9565217,"pr_urb_den":22.5011700608,"ex__pop":15006,"ex__du":3001.2,"gfa_m2":240096,"new__pop":104994,"new_du":22824.7826087,"dus_lo_den":2282.47826087,"gfa_m200":456495.652174,"dus__med_d":9129.91304348,"gfa_m201":1369486.95652,"dus_high_d":11412.3913043,"gfa_m202":1141239.13043,"heavy_indu":0,"gfa_m203":0,"light_indu":7200.0,"gfa_m204":216000,"logistics_":0.0,"gfa_m205":0.0,"logistics1":0.0,"gfa_m206":0.0,"total_logi":0.0,"total_gfa_":0.0,"commercial":18690.7775769,"gfa_m207":227392,"agri_minin":0.0,"total_empl":25890.7775769,"coverage":"Zone 3","shape_leng":18859.3229941,"shape_area":14330408.4842},"geometry":{"type":"MultiPolygon","coordinates":[[[[32.94667745584036,-2.6255431565422853],[32.94729152922617,-2.6261428108594815],[32.94786633215557,-2.626699374290488],[32.94829832662476,-2.627123082023279],[32.94908734269031,-2.6278914986380015],[32.94950148665758,-2.6282972520306815],[32.95014769511014,-2.6289256292155803],[32.95083674825296,-2.629586325152352],[32.95125803466995,-2.629988486526914],[32.95175429555269,-2.6304660524814985],[32.9521862929007,-2.6308825772452034],[32.95248262158707,-2.631173426095524],[32.95268612414073,-2.6313852778113054],[32.952993161807115,-2.6317335764624046],[32.953196664099046,-2.6319813344935703],[32.95337160310395,-2.6322147281367068],[32.95356796225202,-2.6324948023212187],[32.95374647107227,-2.632753329981054],[32.95392497851602,-2.633051354833632],[32.95407135372771,-2.6333134729792405],[32.95414632588026,-2.633453508710829],[32.95433197381083,-2.6337766677039016],[32.95448191798427,-2.6340639198674434],[32.9547461089712,-2.6345522485707553],[32.95502457925125,-2.635058530933603],[32.955285200425045,-2.6355109538997126],[32.95569243586412,-2.636205818089025],[32.95624224408981,-2.637063986739813],[32.95665281609347,-2.6376887623285743],[32.95698841397855,-2.638198637066257],[32.95746325019395,-2.638916770521824],[32.95777742777675,-2.6393979186507375],[32.95822727275149,-2.6400765537451494],[32.9586521271308,-2.6407372355487073],[32.958977016716545,-2.6412147938151285],[32.9592233617745,-2.6415810412146934],[32.959374777083404,-2.6418126952777823],[32.95932857807716,-2.6418513622547843],[32.95905261109421,-2.642137727638669],[32.958753350921185,-2.642447068365056],[32.95859169716368,-2.6427803831922843],[32.958200894636164,-2.643123910854973],[32.95799414542435,-2.6432267502260505],[32.957981523980116,-2.643537184306751],[32.95808351414088,-2.643859835046279],[32.957840996956826,-2.6443192382751795],[32.95751985936016,-2.6443982832266966],[32.95699361889127,-2.6441774689441533],[32.95652315057959,-2.644336831885248],[32.95616841624886,-2.64420882819728],[32.95592949108944,-2.6437589946151006],[32.954863191819925,-2.643927199955663],[32.95411027553723,-2.6430266191704814],[32.95376749042092,-2.6427605835411283],[32.95337885944208,-2.642494365147735],[32.9529092893319,-2.64245798408724],[32.95262384785264,-2.642169337841166],[32.95237267525111,-2.6419495264009285],[32.952213419055276,-2.6416266929590786],[32.95183598962819,-2.6414179122619346],[32.95137739322818,-2.6415080764751218],[32.951010936730285,-2.6414147133665185],[32.95042435796736,-2.641987621665656],[32.95011569410098,-2.6417906922745544],[32.949664885330215,-2.641953150250605],[32.94912936199545,-2.6419822312685786],[32.94869496181529,-2.641738895249789],[32.94866091503468,-2.641681094212832],[32.948271012701,-2.6417371586367175],[32.94782406500448,-2.6417468176227454],[32.9473191000445,-2.6419748291162035],[32.94700893613826,-2.6421806877280867],[32.94672267133242,-2.6420989967232584],[32.946597761136935,-2.6418108979412938],[32.946254377311796,-2.641705956768351],[32.946196057813424,-2.6419817461987236],[32.94603455272526,-2.6422342844375493],[32.94571424041027,-2.6420950635081732],[32.94526714393895,-2.642150582543512],[32.94471505787254,-2.642677538141733],[32.94415372506405,-2.642617541080473],[32.94399409215296,-2.6424561668282127],[32.94351242386915,-2.642546327060667],[32.94322563426113,-2.6426139722441016],[32.94282423184344,-2.642681431124198],[32.94224095055246,-2.642414296453536],[32.94159860177097,-2.642549764765145],[32.94053147493746,-2.642948250535905],[32.93987710071761,-2.6432448156837896],[32.93948659400627,-2.6434847690314154],[32.938350322037785,-2.64400934071338],[32.93800588615843,-2.644169064726537],[32.93656997115504,-2.6450835641508124],[32.935408068727966,-2.6462525213107613],[32.93464824713731,-2.647158370080347],[32.93333866119342,-2.648016158296164],[32.93256801379577,-2.64878397346995],[32.93215254933222,-2.6495644719295712],[32.931965484376576,-2.650495858734356],[32.931736593696385,-2.651041510226139],[32.93116927942792,-2.6517545777161],[32.93045935895279,-2.6518013750205545],[32.92972666834359,-2.651614277089164],[32.92907243751226,-2.6518762824786855],[32.92857806001751,-2.6523112432063325],[32.92801438911884,-2.6528615274448],[32.92719962078008,-2.6532149702031176],[32.92672801640377,-2.653650203811337],[32.92646226030608,-2.6542244745215298],[32.92593391119905,-2.6545443757461737],[32.92506308242917,-2.654517910780972],[32.92496034627957,-2.6544023062575604],[32.92450015989166,-2.654895156497184],[32.92420171678208,-2.6549975320950674],[32.92377806450731,-2.6549267707274105],[32.92337718338671,-2.654879258211841],[32.923088144393375,-2.655166394292466],[32.922781121514,-2.6549456135455647],[32.92255400814992,-2.6543923881474036],[32.92240633313053,-2.654023782226473],[32.92210931906626,-2.653803780910495],[32.92189189593765,-2.6536992932679557],[32.921478836640134,-2.6538702239225853],[32.92106698572741,-2.653695985514153],[32.92047145058536,-2.653636066779891],[32.91988968401855,-2.6528972978479204],[32.919651901008024,-2.652159727257182],[32.91956202276819,-2.6516876460972174],[32.91936865364318,-2.651307097314336],[32.91925599981921,-2.6508579889951775],[32.917368636411254,-2.649929724149249],[32.91644401476215,-2.6490053209595654],[32.915563427217094,-2.648530021044596],[32.914957529127314,-2.648182277260066],[32.91429323246134,-2.6480991051212857],[32.9133857057921,-2.647601166738391],[32.91314315870389,-2.6471988235036994],[32.91310537983689,-2.6470913297562486],[32.9127878695985,-2.6462340656627963],[32.91231424822654,-2.6441903036237058],[32.91212392781154,-2.6437567032574405],[32.911757601760044,-2.6429221112289687],[32.911176370875204,-2.6420915278615613],[32.910788050498645,-2.6417675872407687],[32.90966772915906,-2.6410954378473646],[32.9079758687605,-2.6400070722577746],[32.907165312995794,-2.639547779852078],[32.90652367258601,-2.6391842014272817],[32.90433626847703,-2.6386666682212088],[32.904184819226444,-2.63863083520383],[32.90315788559936,-2.6383878645286964],[32.90214304910787,-2.6384860251383855],[32.90112862595458,-2.638451964379141],[32.90100342720687,-2.638447761024003],[32.89966210993773,-2.6384027231288316],[32.899656653724264,-2.6384025399343765],[32.89979894121172,-2.6379633844250385],[32.90165987091822,-2.6362056249168115],[32.90305545299008,-2.6345760342608076],[32.903408043245015,-2.634164320212289],[32.90419761017514,-2.6322930601239434],[32.90515625605397,-2.6314992392699232],[32.907355522254036,-2.6293445493573775],[32.91028780243818,-2.6273600301712827],[32.91079531486503,-2.626963117991282],[32.91175393667216,-2.6263961193797702],[32.913332818494595,-2.6257724566346],[32.914911669052074,-2.6256024454492333],[32.91632134100664,-2.625715954411356],[32.91724362805466,-2.6256756892467976],[32.91761824842899,-2.6256593333031497],[32.91891515852933,-2.6255460050364565],[32.91998652826217,-2.625319247516019],[32.92105787275025,-2.625489436041306],[32.92297505593503,-2.6251493158479278],[32.92461034614665,-2.6240719883112047],[32.92579993009542,-2.623010582217778],[32.92861403034027,-2.6204996969379892],[32.929403522543375,-2.619138779501811],[32.930023855936575,-2.617721145289601],[32.930140292535846,-2.617267497058088],[32.93047504749507,-2.615963259996631],[32.9310389914475,-2.6145456228979267],[32.932618115980645,-2.6089317372996113],[32.93266839856094,-2.608863056620458],[32.932736143243716,-2.609050937361327],[32.93295033499304,-2.6095392679063742],[32.93323592858073,-2.6101137764947513],[32.9335322316284,-2.6107170103446364],[32.93376070652595,-2.611180206670336],[32.9342426487731,-2.612124556425475],[32.93462820129825,-2.6129145047204005],[32.93506373210076,-2.6138085820573767],[32.93529577809254,-2.6142825507547247],[32.93540287743168,-2.6144764479445732],[32.935595657085905,-2.6148175632391335],[32.93574202639973,-2.615079684397441],[32.93591338764966,-2.615345395832013],[32.9360454799511,-2.615542884165372],[32.93617400192956,-2.6157188291881384],[32.93643104689257,-2.616070720099884],[32.93658098959793,-2.616282570759468],[32.93682375274942,-2.616648823245469],[32.93698440456355,-2.6168965817013734],[32.937191464366315,-2.617277193788994],[32.93741637600302,-2.617661397558373],[32.93771982704195,-2.6181820464408325],[32.938019709019215,-2.618695515241958],[32.938383849846495,-2.61935261001948],[32.93855521134489,-2.619636274298367],[32.93875870570351,-2.6199486648872954],[32.93889793790405,-2.6201533358224025],[32.93903360187167,-2.6203292809079075],[32.9392156789777,-2.620537542912907],[32.93940846725156,-2.620720671477708],[32.93960125785656,-2.6208750761629256],[32.93987616479279,-2.62105820953616],[32.94002968379082,-2.621155162751817],[32.940308163289416,-2.6212987989862633],[32.940647337345396,-2.6214568013327617],[32.94105434696478,-2.621632759091323],[32.941493489362195,-2.621823080605386],[32.941857654012914,-2.622002626915075],[32.94223252990052,-2.62221448919336],[32.94272879227461,-2.622516120224329],[32.943439269956706,-2.6229470222057825],[32.944014078491605,-2.6233061067144927],[32.944406803837005,-2.6235718278447706],[32.94478881773531,-2.6238555006732334],[32.94527793675986,-2.624257667944082],[32.945663519968285,-2.6245592938654707],[32.94611693507452,-2.6249937730231307],[32.94667745584036,-2.6255431565422853]]]]}},{"id":"13","type":"Feature","properties":{"id":"existing_water_supply_zone.14","ogc_fid":14,"objectid":20,"district_n":"Nyakato East","planning_d":"Nyakato East","dist_area_":1558,"cons__area":145.0,"area_less_":1412.99,"pr__pop":60000,"pr__du":13043.4782609,"pr_urb_den":9.2311185931,"ex__pop":42738,"ex__du":8547.6,"gfa_m2":683808,"new__pop":17262,"new_du":3752.60869565,"dus_lo_den":375.260869565,"gfa_m200":75052.173913,"dus__med_d":2626.82608696,"gfa_m201":394023.913043,"dus_high_d":750.52173913,"gfa_m202":75052.173913,"heavy_indu":0,"gfa_m203":0,"light_indu":21991.2,"gfa_m204":659736,"logistics_":0.0,"gfa_m205":0.0,"logistics1":0.0,"gfa_m206":0.0,"total_logi":0.0,"total_gfa_":0.0,"commercial":15982.7387802,"gfa_m207":194446,"agri_minin":0.0,"total_empl":37973.9387802,"coverage":"Zone 2","shape_leng":16820.0698205,"shape_area":15577345.7534},"geometry":{"type":"MultiPolygon","coordinates":[[[[32.986552163968774,-2.532315391207022],[32.98653752220144,-2.532466312576472],[32.986546209669285,-2.5326804351090955],[32.98655810830718,-2.532830043103013],[32.9865670089528,-2.5329588696814045],[32.98656703218889,-2.5329736663526603],[32.98655513062063,-2.5331083136729093],[32.986623554420525,-2.533437450971444],[32.986659254334484,-2.533500286754339],[32.98671142296419,-2.533592969368825],[32.9867544553251,-2.5336379270824456],[32.98680192602645,-2.533688560139094],[32.98680800555885,-2.5337426533195706],[32.9868050301315,-2.5338024967980806],[32.986760402953806,-2.5339251743577877],[32.986706849286556,-2.534068797865973],[32.98675147500376,-2.5341795078207916],[32.98676932320359,-2.534341084391159],[32.986831797962004,-2.534532583171429],[32.986976642949436,-2.5348273319687893],[32.98707277530111,-2.534945503643797],[32.987123350788465,-2.535050229836185],[32.987159051787714,-2.535101097083339],[32.987193461871684,-2.5351578630810794],[32.98721855150058,-2.535232752305782],[32.987245327014804,-2.5352955897919336],[32.98726336891634,-2.535342371152656],[32.98727989268549,-2.5354491850917085],[32.987340760880265,-2.5355569729436955],[32.98740771305489,-2.5356354488787147],[32.987513079365755,-2.535666617454653],[32.9875865627724,-2.5356977992861336],[32.98768563352525,-2.5357803214165124],[32.98779392553001,-2.5358729592836697],[32.987853425565,-2.535980678339451],[32.98787722571331,-2.5361063484806134],[32.98791292539956,-2.5362080825966435],[32.98794846046148,-2.5363110426035136],[32.988037877589235,-2.5363576916247026],[32.98811522909067,-2.5363935979015877],[32.98824018191527,-2.5364773795953486],[32.98825937467723,-2.536593205445168],[32.98846628607177,-2.5366688797743073],[32.9886150395861,-2.5367287246037207],[32.98878164409418,-2.536764631626083],[32.988847095526594,-2.53678856923498],[32.98902947465509,-2.5368238448683056],[32.9891267537533,-2.536680854037296],[32.989210056357116,-2.536656917696782],[32.98924694716368,-2.5367598478232556],[32.98931358832349,-2.536831660404585],[32.9893754688488,-2.5369274099838544],[32.989461150487,-2.537051884565605],[32.98949447081505,-2.5371763596202825],[32.989521587963274,-2.5372822888000703],[32.98952778913402,-2.537439668242269],[32.989527787671726,-2.5376215917401073],[32.98951350625991,-2.5377412777306283],[32.98951350521938,-2.5378705393770162],[32.989546824481415,-2.538018950564321],[32.98958014491863,-2.5381338500750856],[32.98969438775554,-2.538234386925186],[32.989739749437966,-2.5382648021115544],[32.98961822835653,-2.5383811026914462],[32.989527786424105,-2.5384481253095137],[32.98941354221942,-2.538515148630356],[32.98919345390624,-2.538640439446918],[32.98890804226097,-2.5385766480380454],[32.98780448233887,-2.538122588833541],[32.987254137003994,-2.5378961496720684],[32.98620165250647,-2.5375937023132304],[32.98471698607833,-2.537593684648212],[32.984397382909066,-2.5375936826258085],[32.98220577259776,-2.5381947934527975],[32.98191651201237,-2.538274130512628],[32.979736343608394,-2.5391058002288065],[32.97880612382602,-2.5394252413047025],[32.9782498147928,-2.539616279590619],[32.97665403379527,-2.5401642757224927],[32.97656420202603,-2.5402229993568612],[32.97515045774092,-2.5411471670239103],[32.97385121286525,-2.54201826194775],[32.97379723501192,-2.5420544522947415],[32.972856767255735,-2.5427743243582617],[32.97256805338668,-2.542746758701155],[32.971245370859116,-2.5424341840119347],[32.96901406385645,-2.5418811819416987],[32.96652571231704,-2.5412743096668393],[32.96559034969672,-2.541044487454784],[32.96536186486613,-2.5409690784854053],[32.96453003891324,-2.5406135884043572],[32.96390884551805,-2.5404268599025674],[32.963173406477544,-2.5403119407519186],[32.9618453278445,-2.540275995597257],[32.9603030391529,-2.540369304093916],[32.958118127872744,-2.5405487643844884],[32.95767186489465,-2.5405379782047373],[32.95730057516744,-2.5404841071585533],[32.95567261854063,-2.5401249929901266],[32.95382688830972,-2.5397371441800947],[32.95262376886603,-2.539557571807824],[32.952088258569724,-2.539424699557859],[32.95018542451395,-2.538598792503401],[32.94943928428558,-2.53831510715634],[32.948661014482255,-2.5380206476234464],[32.946351181485184,-2.537489146511036],[32.94454472946403,-2.5370689714229426],[32.94303102296238,-2.536742161939422],[32.94216707018329,-2.5365123259809046],[32.94092826891815,-2.5360239491546546],[32.939587119649595,-2.535680388188625],[32.93985793696766,-2.5338402243550404],[32.939959122361756,-2.5331340803728986],[32.94007516908887,-2.5327032156174614],[32.940387588880604,-2.5318953476378785],[32.9407505776142,-2.5312221292639747],[32.94139028065021,-2.5298188366702763],[32.94163426356278,-2.5291994713704202],[32.94180089360978,-2.5285890791455117],[32.94200324070662,-2.5276196293881403],[32.942041924747805,-2.5274401024744115],[32.94207764192083,-2.527081044967075],[32.94206873819966,-2.5265933227763413],[32.94202412950303,-2.5262103246326717],[32.94189324730797,-2.5257405501910064],[32.94166122372541,-2.52504935136068],[32.94158686008683,-2.5247650937010304],[32.941560103512145,-2.5243521745958346],[32.941497656596596,-2.523696889826634],[32.941342977059996,-2.523173255466967],[32.940730190612335,-2.5215604552124478],[32.94006386469042,-2.519714263839826],[32.93934697215138,-2.517727437636487],[32.938737164165445,-2.516120621268876],[32.93866902026355,-2.515968780998911],[32.93893147682112,-2.515806444386616],[32.939095108956636,-2.5157017273105993],[32.939374767008545,-2.5155850462096483],[32.939526498442056,-2.5154743429059536],[32.939725840825645,-2.5151452147544404],[32.93986567175624,-2.5150434883759414],[32.94024946139938,-2.5148041329988016],[32.940391643677415,-2.514662129515474],[32.940492796232775,-2.5146172519804577],[32.94057907020983,-2.5146561533861833],[32.94064451431215,-2.5148177327320975],[32.94069211151811,-2.5148805703051322],[32.94085276543601,-2.514826718841336],[32.94131985139212,-2.5146861087907593],[32.94190891549414,-2.5145095984707653],[32.94239682764864,-2.5143420591117387],[32.94258128144689,-2.5142882084850484],[32.942765733655605,-2.514291208522942],[32.942866885195336,-2.51426727593467],[32.94294721460362,-2.5141924755404563],[32.94311977120275,-2.5140727970068824],[32.943322079388416,-2.513926189900253],[32.94352736076314,-2.5138364344869837],[32.943714789350906,-2.5137795910172116],[32.943857595893114,-2.5136688877095805],[32.943890323672214,-2.513609045621064],[32.94401527782271,-2.5135432236983544],[32.94425625641315,-2.5134953599737373],[32.94436633652141,-2.5134115841473013],[32.94445261319413,-2.5133876507966604],[32.944607313060246,-2.513411594434616],[32.944699538919835,-2.513417582167325],[32.944773917096704,-2.513357742730571],[32.944988123236676,-2.513253026132582],[32.94514580301428,-2.51317523696315],[32.94523802935884,-2.513169256137741],[32.945264809105176,-2.513049571163531],[32.945333240423636,-2.51292390322754],[32.94548794620451,-2.5128042236182813],[32.94591338551681,-2.5125648682668023],[32.9463358460306,-2.5123763804424697],[32.94651732723223,-2.5122806388507297],[32.94670475390178,-2.5122626933098022],[32.94680590551459,-2.5122537208333258],[32.94699333374397,-2.5121968777862436],[32.94721646431868,-2.5121250748318538],[32.947356291489236,-2.512095159648795],[32.947490167016824,-2.512095165058814],[32.94766569587111,-2.512044305241143],[32.947862049605966,-2.511978485809808],[32.948132782752545,-2.5118378644791326],[32.94831128961048,-2.511703225047828],[32.948549293888014,-2.5116314224517433],[32.948678897921205,-2.5118274140171803],[32.94878036813398,-2.5117899961453403],[32.948937450400955,-2.5117540967571155],[32.94913737378879,-2.511701441829382],[32.94933729723152,-2.5116703318364113],[32.94948723708449,-2.5117062432277177],[32.949608617174015,-2.5117277919950354],[32.949727615353915,-2.5117948208571743],[32.94978711290286,-2.5118570596436207],[32.94985613207766,-2.5118953617527793],[32.94992753316389,-2.5118881837518554],[32.95003225575545,-2.5118355259240697],[32.950051301267365,-2.511703871116406],[32.95012271186585,-2.5114453514515573],[32.95029884550254,-2.5111198115238493],[32.95044403145716,-2.5109833746529726],[32.95062730215482,-2.510746403270501],[32.95088673136096,-2.5105285840074414],[32.951112842174005,-2.5102964010330533],[32.95135798940427,-2.5101479992828604],[32.95165311513494,-2.510040291771913],[32.95187446232241,-2.509891889037908],[32.952102949341594,-2.5097363057765056],[32.95225765154046,-2.5096884364658423],[32.9524599529356,-2.5096836570006227],[32.95254563566769,-2.5096309982681935],[32.95274080026807,-2.5095472248079194],[32.952931203044734,-2.509504144481797],[32.9531549275719,-2.5094036156977824],[32.95340721298154,-2.5093102695525045],[32.953623798834364,-2.5091810165210346],[32.95385704648114,-2.508982344986355],[32.95403079474883,-2.508795640736715],[32.95423786101832,-2.5086304807921325],[32.954399705515065,-2.5085251627473424],[32.95453061351842,-2.508331275270974],[32.95465437990128,-2.508168506232618],[32.95474244180173,-2.5081134535482903],[32.95484478307648,-2.5081062763470388],[32.955006622476986,-2.508146975283086],[32.95516846229492,-2.5081757047720523],[32.955249382694255,-2.508175707553526],[32.95531840354647,-2.508163741399532],[32.95538742561271,-2.508115869674453],[32.9554397891616,-2.5080153346104264],[32.955511205591705,-2.5075198362350792],[32.955604034535206,-2.5072900408700423],[32.95581586351651,-2.507041101165751],[32.95608044538854,-2.5066368076322276],[32.95972096980459,-2.503211042227889],[32.96004226207548,-2.503474362344915],[32.960119609594926,-2.50358208233158],[32.96044090347026,-2.5037975273506214],[32.96076219460559,-2.504108721388885],[32.96089309230177,-2.5042164429389717],[32.96106563858028,-2.5043481036721307],[32.961142986039306,-2.5044318856459142],[32.96131553166959,-2.5045874833945354],[32.96144047764909,-2.5047430797148547],[32.961595174092615,-2.5048926921848995],[32.96183316883916,-2.505084197362704],[32.96200571498092,-2.505227825592254],[32.96223776204561,-2.5053594869988896],[32.962392460528235,-2.5054432720408384],[32.96263045786353,-2.505550996501731],[32.96320165023807,-2.505898103558048],[32.96336229753268,-2.5060118104165165],[32.96357649468482,-2.506137486371435],[32.96374309278836,-2.5062392248255656],[32.96387994177107,-2.5062990712435873],[32.96424883807204,-2.5064965643188684],[32.96451658347664,-2.5067000383516356],[32.96461178277979,-2.506741931225657],[32.96480218236274,-2.506789810475979],[32.96496878382386,-2.5067718626290554],[32.965129434069134,-2.5067838354596845],[32.96523058307748,-2.506819743733488],[32.96543883243165,-2.506891561320231],[32.96555783166513,-2.506933454756352],[32.96567088091694,-2.506993301263661],[32.96580772960223,-2.5070711007196196],[32.965968378039676,-2.5071548854972883],[32.96612902665147,-2.507232685540879],[32.96623612599203,-2.507274578606326],[32.966378925316306,-2.507346394347187],[32.96650387384155,-2.5074002563752575],[32.96656932399183,-2.507436163628154],[32.96717622032468,-2.5076935045855184],[32.96727736842061,-2.5077713029888806],[32.967432066329735,-2.50790296243984],[32.967557014967674,-2.5079927299404403],[32.967693862236956,-2.508100450962867],[32.9677890598436,-2.508220140371088],[32.96786045784701,-2.5083278597566285],[32.96802110497315,-2.508477471618756],[32.96809250387868,-2.50854928451432],[32.96824125153138,-2.5086809437240674],[32.96835429961985,-2.508800632621367],[32.968413797270145,-2.508890398448846],[32.968622045135014,-2.5090459961049625],[32.96877674233585,-2.509219544779341],[32.96887193983862,-2.509351202632674],[32.96888978749995,-2.5094289989181746],[32.96894333511689,-2.509542701627418],[32.96905043459605,-2.5095905791779978],[32.9691575342232,-2.509632472005435],[32.96930033256997,-2.5097641300491937],[32.98269315835157,-2.518559386766594],[32.98276455205045,-2.5190620702281508],[32.98288354502775,-2.5197801895409233],[32.98296089136639,-2.5201272813541307],[32.983044186758974,-2.5205880746616796],[32.98313938328182,-2.5209710722630163],[32.98316913001622,-2.52120446111185],[32.983282180313495,-2.5213421019470754],[32.98347258158139,-2.5214797437608354],[32.983585632159,-2.5215994313324335],[32.983686782821486,-2.5216353381785135],[32.98384148482221,-2.521701167445342],[32.98394501543151,-2.521758618366179],[32.98373080632749,-2.5222325733660886],[32.983516597609594,-2.522663442005702],[32.983345227623104,-2.523180484701953],[32.983245260429996,-2.5236544410717676],[32.982984162915876,-2.5245347406379883],[32.9829901110413,-2.5246484430361535],[32.98296630818409,-2.5248519094131394],[32.98296630639353,-2.5249895487771963],[32.982978203856625,-2.525193015622535],[32.98299605315036,-2.5252947487489523],[32.98307340122731,-2.525534122922164],[32.98317455177049,-2.525671763603886],[32.983299501039376,-2.525929090711458],[32.98334709990798,-2.5260547621647325],[32.98341849954446,-2.5262103547742463],[32.98396589971179,-2.527012259891029],[32.98400754892277,-2.52714989976667],[32.984049197850545,-2.527311476684625],[32.98403729545717,-2.5274969908895026],[32.98397779236224,-2.5276226609906676],[32.98383498506692,-2.528011639339662],[32.98381713315441,-2.528113372908643],[32.98382903173715,-2.5282390429884676],[32.983858781202116,-2.5283467609606993],[32.983918281839465,-2.5284245584506224],[32.9839837321776,-2.5284963703935364],[32.984096783185564,-2.528634011146038],[32.9841979323793,-2.5288374790646087],[32.98425743219431,-2.5289870876684124],[32.984263381096525,-2.529046931253749],[32.98428718063224,-2.529184570898954],[32.984334780286204,-2.5292623673195567],[32.98450733242352,-2.5293760717119045],[32.98463228413419,-2.529477806089663],[32.98467988492933,-2.5295376501674305],[32.9846917843782,-2.5295974938209183],[32.98473938365196,-2.5297111957909237],[32.984763183117494,-2.529783008105636],[32.98483458256809,-2.5299864756205452],[32.984858382043775,-2.5300582879332447],[32.98493573267297,-2.5302078967127866],[32.98498333164601,-2.5303515204288347],[32.985085473985926,-2.530496142678338],[32.98513009909025,-2.530558978608667],[32.98518364920415,-2.530651736395624],[32.98528480090224,-2.530741501914599],[32.985353226347264,-2.5308043381080356],[32.98545735295111,-2.530888119838859],[32.985543629039775,-2.530956940031342],[32.985606104909614,-2.531016784240542],[32.98571618181672,-2.5311245030593024],[32.98580245777202,-2.5312082845645634],[32.9858946830484,-2.531321987884539],[32.98593930915155,-2.5313818309776193],[32.985989884089356,-2.531432698421261],[32.986061285959835,-2.5314356910981837],[32.986153513570216,-2.531417739760973],[32.98622193953448,-2.531438684726643],[32.986278465572894,-2.5315224658821376],[32.98631119044424,-2.531600262974694],[32.98634986482929,-2.5316900277457766],[32.98637961429839,-2.531824675506881],[32.9864212641011,-2.5319443620622604],[32.9865075391354,-2.53212688449791],[32.986531339949806,-2.5321687750228414],[32.9865432394452,-2.532234602465558],[32.986552163968774,-2.532315391207022]]]]}},{"id":"14","type":"Feature","properties":{"id":"existing_water_supply_zone.15","ogc_fid":15,"objectid":21,"district_n":"Nyakato West","planning_d":"Nyakato West","dist_area_":1274,"cons__area":319.0377,"area_less_":954.96,"pr__pop":80000,"pr__du":17391.3043478,"pr_urb_den":18.2115526806,"ex__pop":64749,"ex__du":12949.8,"gfa_m2":1035984,"new__pop":15251,"new_du":3315.43478261,"dus_lo_den":331.543478261,"gfa_m200":66308.6956522,"dus__med_d":2320.80434783,"gfa_m201":348120.652174,"dus_high_d":663.086956522,"gfa_m202":66308.6956522,"heavy_indu":0,"gfa_m203":0,"light_indu":21991.2,"gfa_m204":659736,"logistics_":0.0,"gfa_m205":0.0,"logistics1":0.0,"gfa_m206":0.0,"total_logi":0.0,"total_gfa_":0.0,"commercial":16885.4183791,"gfa_m207":205428,"agri_minin":0.0,"total_empl":38876.6183791,"coverage":"Zone 2","shape_leng":26003.385112,"shape_area":12742471.5055},"geometry":{"type":"MultiPolygon","coordinates":[[[[32.93866902026355,-2.515968780998911],[32.938737164165445,-2.516120621268876],[32.93934697215138,-2.517727437636487],[32.94006386469042,-2.519714263839826],[32.940730190612335,-2.5215604552124478],[32.941342977059996,-2.523173255466967],[32.941497656596596,-2.523696889826634],[32.941560103512145,-2.5243521745958346],[32.94158686008683,-2.5247650937010304],[32.94166122372541,-2.52504935136068],[32.94189324730797,-2.5257405501910064],[32.94202412950303,-2.5262103246326717],[32.94206873819966,-2.5265933227763413],[32.94207764192083,-2.527081044967075],[32.942041924747805,-2.5274401024744115],[32.94200324070662,-2.5276196293881403],[32.94180089360978,-2.5285890791455117],[32.94163426356278,-2.5291994713704202],[32.94139028065021,-2.5298188366702763],[32.9407505776142,-2.5312221292639747],[32.940387588880604,-2.5318953476378785],[32.94007516908887,-2.5327032156174614],[32.939959122361756,-2.5331340803728986],[32.93985793696766,-2.5338402243550404],[32.939587119649595,-2.535680388188625],[32.939358041182395,-2.535638487179965],[32.93835842404628,-2.5354379651214227],[32.93742128382875,-2.5352583904539765],[32.936719170954326,-2.5351566233636906],[32.93597838057477,-2.5350817829026107],[32.935609473054114,-2.5350398742819538],[32.9352435433626,-2.534956075457094],[32.93399998115042,-2.5345790001691446],[32.93337522398329,-2.5344114079564277],[32.93294086712723,-2.534333588752854],[32.93250293805066,-2.5342934715252463],[32.93162112972047,-2.5342252039183206],[32.93126412380698,-2.5341641445322267],[32.930985660957404,-2.5340959085077697],[32.931454008423096,-2.5334827148133576],[32.93129209758032,-2.5333198569851607],[32.93101324596322,-2.533138898532852],[32.93086032402829,-2.5331027016331316],[32.93064444115324,-2.5329217464758087],[32.93041056537329,-2.5327769790275347],[32.92992482682426,-2.532415065602599],[32.92974492722496,-2.532216017895627],[32.92955602826272,-2.532089347101299],[32.92947507157596,-2.5320350596097887],[32.929295170138175,-2.531872200556067],[32.92920522090763,-2.5317636294848156],[32.929061298631204,-2.5316550554429456],[32.9289173803184,-2.5314741039581845],[32.9287914441813,-2.5314560026617094],[32.92862953787931,-2.5312207670832674],[32.92843164465639,-2.53107600127554],[32.928323701563144,-2.531021712218126],[32.928323704541825,-2.5309674291478768],[32.92828772649435,-2.530895049723204],[32.92821576543953,-2.530840762654764],[32.92814380439076,-2.5307864755824396],[32.92817978640661,-2.530786477583963],[32.9283057204831,-2.5308407676517892],[32.92844964062423,-2.5309855304885858],[32.928449639633094,-2.5310036248453858],[32.92850361662778,-2.5309312504074537],[32.92841366951035,-2.5307864905694326],[32.928359710874105,-2.5305241194020214],[32.92834173128254,-2.5303160332993495],[32.928359727244626,-2.530225562512411],[32.92844760434816,-2.529994440921937],[32.928485681081675,-2.529917965420308],[32.92857564397387,-2.5297732155392185],[32.928611626950584,-2.529755123170688],[32.92864761190214,-2.5297008420866174],[32.92869259135964,-2.5296646558551896],[32.92870159475288,-2.5295199014931313],[32.92868360376219,-2.5295199005002615],[32.928683606230486,-2.5294746646069304],[32.928665617709306,-2.529429427720481],[32.92864762671987,-2.529429426727146],[32.928629633754326,-2.529465614448211],[32.928593650785935,-2.529483706817562],[32.92855767572889,-2.5293570443274604],[32.92852170117322,-2.5292213346576213],[32.92852170760454,-2.5291037213347405],[32.928449749607296,-2.5289951512081674],[32.92837779063055,-2.528904675435128],[32.92826984374523,-2.5289227638058938],[32.92815524930924,-2.5289386659996715],[32.92805395146009,-2.5289317989842393],[32.92797299154111,-2.5289408416534283],[32.92797298855025,-2.528995124725043],[32.927999972035245,-2.5290494093003826],[32.92792351035354,-2.5290494050382284],[32.9278560456618,-2.5290222597380403],[32.92783805218115,-2.529067494626415],[32.92785604016943,-2.529121778702242],[32.927892021141076,-2.5291398750675858],[32.92791002200094,-2.5291891777668827],[32.92781105871016,-2.529194153618897],[32.927730099774045,-2.529185101915272],[32.927712110789614,-2.5291489121949247],[32.927663652651574,-2.5291221624047338],[32.92763115486239,-2.529085577414117],[32.92762216087301,-2.5290584353747976],[32.92758618090985,-2.5290222446450565],[32.92751421898291,-2.5289860518967235],[32.92747823852286,-2.5289589083425854],[32.92746024653632,-2.5289770016899045],[32.92751421647461,-2.529031287789247],[32.92754119994099,-2.529085572373605],[32.92755019342739,-2.5291217615919286],[32.92752742214659,-2.5291396339209986],[32.927460241515966,-2.529067473474822],[32.927370289612135,-2.5290131853516233],[32.927262350760536,-2.528886518782166],[32.927190391873616,-2.5287960429454004],[32.92712474101901,-2.5287470704871],[32.927172405429246,-2.5287146173255235],[32.92720838889843,-2.528687477816987],[32.927262360827726,-2.528705575212467],[32.9272983407732,-2.528741765950894],[32.92729834479795,-2.5286693885228506],[32.927264921688995,-2.5285466562372365],[32.92725337741944,-2.52848844242191],[32.92720840501627,-2.5283979681046276],[32.92713644464667,-2.528334633800621],[32.92703749681515,-2.5282893923269385],[32.927030838442555,-2.5283200808854307],[32.92697452638833,-2.528325577485425],[32.92679819247803,-2.528243095242548],[32.926756288709214,-2.528196618417865],[32.92681261572824,-2.5281808134728987],[32.92686658965478,-2.5281627221703005],[32.92686659269057,-2.5281084390992885],[32.926794630834266,-2.5280722463124037],[32.926686682985476,-2.5281084289095035],[32.92656074212768,-2.528180799189263],[32.92650677073884,-2.528153654586827],[32.92634485658608,-2.528072220766326],[32.92623690923625,-2.528099356147126],[32.92617394032996,-2.5281083997312566],[32.926110975001166,-2.528054113063809],[32.92603901675158,-2.527954589987052],[32.92603902289131,-2.527846023846644],[32.92602103653046,-2.527764598211983],[32.926039032611996,-2.5276741274572716],[32.926039036704715,-2.5276017500300245],[32.92596708104489,-2.527456991057361],[32.9258771303402,-2.5273846084771026],[32.925816721938645,-2.52722870674853],[32.92579656081629,-2.5272050065079696],[32.925765804505005,-2.527171001827458],[32.925769199980536,-2.527113186933167],[32.92579554080621,-2.5271084920543814],[32.925789731383425,-2.5270792964761535],[32.92577435317879,-2.527055253621642],[32.92574325705685,-2.527017471724117],[32.925715232248486,-2.5270227120500373],[32.92570122072678,-2.5270573103697784],[32.925667727383804,-2.527129092377878],[32.9256267158684,-2.5271806100823704],[32.925588097986356,-2.5272015602214783],[32.9255641748227,-2.5271802635962746],[32.92559083675268,-2.527112945075927],[32.92561271189434,-2.5270665786401225],[32.92561441892111,-2.527040475819088],[32.925595281765084,-2.527027767051484],[32.92556691480212,-2.5270703541070048],[32.925489425661226,-2.527138713744023],[32.925373397909134,-2.5271312585122794],[32.92534957569316,-2.5271223357148997],[32.925391390929484,-2.527095070836861],[32.9254633578463,-2.5270407919159923],[32.92551733225743,-2.5270136534901506],[32.92558930173743,-2.5269141386698317],[32.92566126863619,-2.5268598597372502],[32.925697253110926,-2.5268146259124618],[32.9257152466315,-2.52676939105349],[32.925715248686096,-2.526733202339613],[32.925643284881495,-2.526733198204866],[32.92558930997006,-2.52676938381495],[32.92557447414398,-2.5268412067017856],[32.92551733998329,-2.5268779458141504],[32.92540039672505,-2.5269141277884075],[32.92534273207038,-2.526930773078957],[32.925256468063395,-2.5269322138359778],[32.92517550670208,-2.526968397868335],[32.92513952479376,-2.526968395786255],[32.925103543403374,-2.5269593465248605],[32.92512153591078,-2.5269322060315687],[32.92521149274781,-2.526896022522707],[32.92531044815519,-2.526805556456641],[32.92542738934329,-2.5268055632038577],[32.92549787097406,-2.5267691071362064],[32.92558931357168,-2.526706053565832],[32.925589316144205,-2.5266608176735668],[32.925535343293895,-2.5266608145677147],[32.925514331110506,-2.5266547218927022],[32.92557132931104,-2.526588439210867],[32.92564329413579,-2.526570348992421],[32.925704698041756,-2.5265404660709176],[32.925715262040264,-2.526497975698893],[32.925733252988195,-2.526497976731857],[32.925805215754046,-2.5265160752182636],[32.92587717954696,-2.5265160793436485],[32.92582321183072,-2.5264256044646576],[32.92582321388205,-2.5263894157504905],[32.925859195775026,-2.5263894178130775],[32.92598512370133,-2.52654322705989],[32.92603909910417,-2.5264979942539805],[32.92614704479267,-2.5264980004209963],[32.92618302464742,-2.5265341911890657],[32.92624599500736,-2.5264980060661806],[32.92625499456031,-2.526425629150022],[32.92621901572657,-2.5263713440266646],[32.92621901878708,-2.526317060954871],[32.92620103090262,-2.5262627768569135],[32.926165052075454,-2.5262084917321115],[32.92610208581448,-2.526172299422546],[32.92602712384936,-2.5261722951388177],[32.92603911546671,-2.5262084845389645],[32.92605710334371,-2.5262627686389987],[32.92604810582628,-2.526298956839273],[32.92602112043118,-2.526280860939223],[32.92596715066684,-2.5262265747802872],[32.92586820149827,-2.5262084747572255],[32.92578723917201,-2.5262627531872495],[32.925751257282585,-2.5262627511227627],[32.92569728547583,-2.5262446536670797],[32.925571349894014,-2.5262265520712655],[32.92555336100851,-2.5261903623220974],[32.92546340938207,-2.52613607407187],[32.925373458794944,-2.526063691458569],[32.92537346085842,-2.5260275027445593],[32.92540944274108,-2.526027504819361],[32.92540944428791,-2.5260003632838184],[32.92532848660216,-2.5259732170786555],[32.92530150122403,-2.525955121163996],[32.92526552554248,-2.525846552944242],[32.925193567992096,-2.525737982643909],[32.9251485978918,-2.525611319543908],[32.925031663028726,-2.5255027466326547],[32.9250316651012,-2.525466557918601],[32.925103627799906,-2.525484656442344],[32.92521156926748,-2.5255570401132768],[32.92526554413792,-2.5255208545170578],[32.925229567436766,-2.525430380653113],[32.925067653182374,-2.525357993860063],[32.92499569360111,-2.5252856122633203],[32.92480678882635,-2.5252856013022704],[32.92461788874077,-2.525204165707488],[32.924581908444885,-2.52517702207597],[32.924285072761585,-2.524923683749133],[32.92427607729873,-2.5249236832229394],[32.924240097541215,-2.5248874924038116],[32.9242041177857,-2.524851301583722],[32.92418613209921,-2.5247608287458183],[32.92416814327152,-2.5247246389782956],[32.92416814746286,-2.5246522615506994],[32.92415015968511,-2.5245979774260086],[32.92415016073315,-2.524579883069089],[32.92413217400533,-2.5245075045872034],[32.92409619531175,-2.5244532194073646],[32.92404222465325,-2.524417027528142],[32.92402423478433,-2.5243989321156106],[32.923970264130105,-2.5243627402334843],[32.92395227426292,-2.5243446448199895],[32.92391629347889,-2.5243265483491797],[32.92391628927418,-2.524398925776733],[32.92395227111087,-2.5243989278906915],[32.923952269009455,-2.524435116604466],[32.92389829625294,-2.5244351134331073],[32.923880306385826,-2.5244170180186347],[32.923862316519205,-2.5243989226039196],[32.92384432980959,-2.5243265441183826],[32.923826339944696,-2.5243084487031964],[32.92379036021638,-2.5242722578721004],[32.92375438049005,-2.5242360670400457],[32.923718399711866,-2.5242179705638805],[32.92370346510558,-2.5242084864314926],[32.92366443012837,-2.5241636843125477],[32.92361045949404,-2.5241274924158867],[32.92357447977669,-2.5240913015790216],[32.92352050914788,-2.5240551096787365],[32.92341256789933,-2.5239827258716296],[32.92335859833828,-2.5239284396080293],[32.92334061060347,-2.523874155472786],[32.92328663893052,-2.5238560579198714],[32.923250658169465,-2.5238379614311164],[32.92319668756024,-2.5238017695177803],[32.923106737259644,-2.5237293867528976],[32.92299879712484,-2.523638908555741],[32.92289085700505,-2.523548430349914],[32.92287286822931,-2.5235122405652954],[32.922836888549355,-2.5234760497087247],[32.92280090780517,-2.5234579532078754],[32.92280091100376,-2.5234036701378146],[32.92274694255887,-2.523331289493045],[32.92267498321773,-2.523258907772258],[32.922531060280086,-2.523186521745792],[32.92238713521515,-2.523150324416935],[32.92218924068222,-2.523059840761832],[32.922099287261986,-2.523041740998941],[32.921901388452746,-2.523023634726555],[32.921901386295836,-2.5230598234393815],[32.92195535899313,-2.5230598266922137],[32.92206330115923,-2.5231141162605413],[32.92215325350881,-2.5231503103825426],[32.922189233160644,-2.5231865012574293],[32.92222521174039,-2.523240786487856],[32.92224320049446,-2.5232769762809584],[32.922243198346784,-2.5233131649939313],[32.92222520744408,-2.5233131639137927],[32.92217123796049,-2.523258877602503],[32.9221172695569,-2.5231864969325963],[32.92198234103238,-2.5231322057435155],[32.92166750352666,-2.523077903674094],[32.92162252844324,-2.5230417122409694],[32.9215415715659,-2.523005518627589],[32.921487601039665,-2.5229693266450868],[32.92141563961931,-2.5229331335691922],[32.92136166801379,-2.5229150359378245],[32.92137965673944,-2.5229512257422213],[32.921406640914995,-2.5229874160921555],[32.92150558760172,-2.5230417051603298],[32.92157755011354,-2.5230598038751664],[32.92157754794765,-2.5230959925876886],[32.921487593450536,-2.523095987138739],[32.921415632023326,-2.5230597940626995],[32.9213076920634,-2.522969315728998],[32.921217744102584,-2.522860744124666],[32.92118176775194,-2.522770270155214],[32.921163779034174,-2.522734080348215],[32.9211457914061,-2.5226797961847875],[32.921109809619026,-2.522679793994327],[32.9211098041728,-2.5227702657751325],[32.92114578160722,-2.522842645390285],[32.921217738663415,-2.5229512159054432],[32.92121773539982,-2.5230054989738457],[32.92119974450178,-2.5230054978795975],[32.92114577616311,-2.5229331171709313],[32.92107381693436,-2.5228607353641874],[32.921019848608545,-2.5227883546505154],[32.92101984969905,-2.5227702602944104],[32.92103784604499,-2.522679789610405],[32.92105583911841,-2.5226436019944494],[32.921091821993905,-2.5226255098301973],[32.92118177972246,-2.5225712322369205],[32.92123575348613,-2.522553141162836],[32.92119977714202,-2.5224626671936616],[32.92118178842769,-2.5224264773868494],[32.92112781684635,-2.5224083797463526],[32.9211278146686,-2.5224445684588663],[32.92107383981847,-2.5224807538847998],[32.921001872983496,-2.5225350325677596],[32.92096589120052,-2.522535030373427],[32.92096589229167,-2.52251693601727],[32.92100187734604,-2.52246265514304],[32.921019869326926,-2.522444561883599],[32.92101987150763,-2.5224083731711797],[32.92092991815051,-2.5223902733288224],[32.92087594766677,-2.522354081321816],[32.920642067206565,-2.52233597266302],[32.92042617764242,-2.5223178650671505],[32.92031823341299,-2.522299764077829],[32.920264264051305,-2.522245477690023],[32.92024627646695,-2.522191193515078],[32.920246278668806,-2.5221550048031927],[32.92026426955475,-2.5221550059103084],[32.92028225934029,-2.522173101373138],[32.920336227600146,-2.5222454821161504],[32.9204261809379,-2.522263581999187],[32.920498146682995,-2.52222739770429],[32.9204441762183,-2.522191205679798],[32.92035422508405,-2.522136917086147],[32.9202282932886,-2.5220645319160604],[32.9200843695206,-2.522010239980725],[32.920012407089196,-2.5219921411851343],[32.91995843554323,-2.521974043496891],[32.919868483338746,-2.521937849226302],[32.919850493562244,-2.5219197537579485],[32.919796526449666,-2.521829278639775],[32.91970657425981,-2.521793084358327],[32.91965259496376,-2.5219016471481264],[32.91961660987083,-2.5219559279840866],[32.91958061922456,-2.522100680597309],[32.91956262500862,-2.5221549625476816],[32.91956261501509,-2.522317811748263],[32.9195806036826,-2.5223540015761414],[32.919634573019394,-2.5224082879915617],[32.919742520570395,-2.52237210597083],[32.919742522786315,-2.5223359172594995],[32.919868462322576,-2.52228164198638],[32.91988645321009,-2.522281643098798],[32.92003037479066,-2.522372123768157],[32.92004836236823,-2.522426407945733],[32.92010233062485,-2.5224987886981114],[32.920192279568774,-2.522589266020994],[32.92022825584567,-2.5226797400158563],[32.920228251440015,-2.52275211743896],[32.920264226622564,-2.5228606857885594],[32.92026422331959,-2.5229149688557833],[32.92020664914577,-2.5229692483781614],[32.92015626691606,-2.52309590576392],[32.92012027960298,-2.523186375323628],[32.92001232978436,-2.5232587460845903],[32.91996296419865,-2.523367592345186],[32.919948421874246,-2.523386862839852],[32.919850402820536,-2.523403490919113],[32.91977843920896,-2.5234034864639594],[32.919724467609036,-2.523385388764618],[32.91968848691298,-2.5233672921787145],[32.91958054149908,-2.5233672854810885],[32.919562549485896,-2.523385378719228],[32.91949058476393,-2.5234034686033624],[32.91940063025027,-2.5234034630088056],[32.91918473830219,-2.523421543911488],[32.919166744050145,-2.5234758258540846],[32.918627009078534,-2.5236024525408496],[32.91859102726837,-2.5236024502796077],[32.91855504208345,-2.5236567310816453],[32.91857302736572,-2.52374720398665],[32.91864498987028,-2.5237653028641556],[32.91868096606867,-2.5238557768978627],[32.91871694227184,-2.5239462509305985],[32.918770911635164,-2.524000537381569],[32.91880689345645,-2.5240005396381693],[32.918878851495904,-2.524091015922289],[32.91891482827897,-2.5241724427724566],[32.91900477557097,-2.5242900617085793],[32.919004773332944,-2.524326250418105],[32.919040752926314,-2.5243624413780363],[32.91911271547171,-2.5243805402306796],[32.91916668821976,-2.5243805436014655],[32.919238654115546,-2.524344359382642],[32.919292627977306,-2.5243262683932466],[32.919292625747204,-2.5243624571030097],[32.91920266558652,-2.524452923266689],[32.919292620171795,-2.524452928877328],[32.91936458606837,-2.524416744651563],[32.919400567901604,-2.5244167468920353],[32.919400565674394,-2.5244529356018437],[32.91938257364341,-2.5244710288366043],[32.91927462535095,-2.524516257997615],[32.919148686132765,-2.5245614860259247],[32.91925662941262,-2.524597681472326],[32.91940055787894,-2.524579596086005],[32.91958047040149,-2.5245253242092445],[32.91963444315613,-2.5245253275607245],[32.91963444204571,-2.5245434219157024],[32.91950850061181,-2.524624838689116],[32.919292605674805,-2.5246881554899345],[32.91927461252357,-2.524724343077738],[32.91927461029262,-2.524760531787252],[32.919292598983425,-2.524796721618526],[32.919310588790225,-2.5248148170948124],[32.91938255247852,-2.524814821578467],[32.91947250820183,-2.524796732822583],[32.91949050023623,-2.5247786395867724],[32.91952648319154,-2.524760547469205],[32.91958045706704,-2.5247424564683567],[32.91967041167306,-2.5247424620533874],[32.91977835609202,-2.524760563102152],[32.919796345905254,-2.5247786585718983],[32.91979634479697,-2.524796752926875],[32.91976036184415,-2.524814845052022],[32.91974237092189,-2.5248148439367335],[32.9197063868583,-2.5248510304152543],[32.91977834833215,-2.524887223586861],[32.91985030870246,-2.524941511109533],[32.91988628833629,-2.524977702046904],[32.91988628612202,-2.5250138907568154],[32.91983231334691,-2.525013887415189],[32.919778341680505,-2.5249957897164053],[32.91972437112502,-2.524959597660523],[32.919562453918886,-2.524941493254027],[32.91943651745171,-2.524941485422114],[32.919346563947116,-2.524923385465655],[32.9192925833691,-2.525050042584501],[32.919274590212574,-2.5250862301719312],[32.91925659928681,-2.525086229049772],[32.91920263320917,-2.52497765955395],[32.91904071712889,-2.524941460727766],[32.918878479765915,-2.5248932327345135],[32.91875286796488,-2.524850970919834],[32.91859095191441,-2.52481477203823],[32.91855497007096,-2.5248147697748986],[32.91853698027493,-2.524796674288451],[32.918501000684394,-2.5247604833148394],[32.91844703130232,-2.524706196852629],[32.918429042636426,-2.5246700070103514],[32.91841105735355,-2.5245795341046118],[32.918393067562704,-2.5245614386162667],[32.91837507777237,-2.524543343127681],[32.91835708911058,-2.524507153284449],[32.91833909932148,-2.524489057795387],[32.918321109532876,-2.524470962306089],[32.91830312087353,-2.5244347724621448],[32.91824915151292,-2.524380485992105],[32.91821317194165,-2.5243442950108843],[32.91819518328697,-2.5243081051655207],[32.91817719350282,-2.524290009674316],[32.91808724458954,-2.5241995322147077],[32.918033275247524,-2.524145245736074],[32.917997294555825,-2.52412714910349],[32.91797930477691,-2.5241090536096538],[32.91797930591,-2.524090959255293],[32.91803327864458,-2.5240909626729358],[32.91805126842404,-2.5241090581660433],[32.918105238896736,-2.524145250289531],[32.91814121845963,-2.5241814412735906],[32.91821317759138,-2.5242538232388414],[32.918231166245874,-2.5242900130839794],[32.91828513560211,-2.5243442995547],[32.91835709475074,-2.524416681512315],[32.918429052780255,-2.5245071578205565],[32.91844704144407,-2.524543347662855],[32.918518999486636,-2.524633823966342],[32.91860894845958,-2.52472430139727],[32.918680909894285,-2.5247604946287496],[32.91873488153445,-2.5247785923725536],[32.91877086337708,-2.5247785946308507],[32.918788855420594,-2.524760501405092],[32.91875287582383,-2.5247243104382657],[32.91869890643242,-2.524670023986232],[32.918662927964505,-2.524615738662498],[32.91860895745667,-2.524579546561394],[32.91850101870218,-2.5244709736436985],[32.918411070881014,-2.524362401851234],[32.91830313667544,-2.524181451499889],[32.91819519910896,-2.5240547842034307],[32.91810524794742,-2.5240004954541235],[32.91806926839037,-2.523964304469153],[32.91806926952214,-2.5239462101147105],[32.91808726156324,-2.5239281168984014],[32.918105252472564,-2.523928118036291],[32.91817721384941,-2.523964311294346],[32.918213194539355,-2.5239824079219146],[32.91821319792873,-2.5239281248583865],[32.91819520814937,-2.523910029367484],[32.91815922972265,-2.5238557440304503],[32.918051289932414,-2.52376526543166],[32.91788938424455,-2.5235662172766435],[32.917817425167826,-2.523493835294425],[32.91776345472971,-2.5234576431597042],[32.917745466099035,-2.523421453308383],[32.91772747860558,-2.5233671691023654],[32.91767350931213,-2.523312882609629],[32.91765552068584,-2.523276692757121],[32.91758356163783,-2.523204310762521],[32.91752959235704,-2.5231500242640625],[32.917475620801525,-2.523131926472297],[32.917403656068515,-2.5231500162400713],[32.91738566174757,-2.523204298155866],[32.917385658324896,-2.5232585812188986],[32.91731369244188,-2.5232947653356597],[32.91727770721406,-2.5233490461010164],[32.91724172484059,-2.523358090979638],[32.91711578452657,-2.5234214131666026],[32.91697185731142,-2.523421403948356],[32.916827933542805,-2.523367111651995],[32.91671999158709,-2.5233128216539527],[32.91659406104473,-2.523222341780882],[32.916522100907386,-2.5231680540832664],[32.91645014192983,-2.5230956720278552],[32.91639617385634,-2.5230232911298467],[32.91636019437401,-2.5229871000992854],[32.916270245676856,-2.5228966225187097],[32.91619828441385,-2.522860429157777],[32.91616230609909,-2.5228061437680567],[32.916090339051195,-2.522860422170679],[32.91601837547626,-2.522860417507617],[32.915964403955485,-2.5228423196538987],[32.915901435828474,-2.5228423155678454],[32.91601837315702,-2.522896606215247],[32.916144304785135,-2.522968991788532],[32.916360185134195,-2.5231318549306563],[32.91646812590581,-2.5232042393117764],[32.916540078550774,-2.523376140312891],[32.91650409617214,-2.5233851851708247],[32.916468116677116,-2.5233489941430385],[32.91610831604398,-2.5230775555817884],[32.9159643911912,-2.523041357545386],[32.9157664971495,-2.522950872923869],[32.91542467949147,-2.522806095824173],[32.91510085749068,-2.5225889424017134],[32.91481301619558,-2.522389885620658],[32.914759043535526,-2.5223898820711836],[32.91468708234442,-2.522353688628376],[32.91456114968008,-2.5222993972707743],[32.914525170269336,-2.5222632061912225],[32.91445320673011,-2.5222632014423425],[32.9144891861388,-2.5222993925238235],[32.91448918377787,-2.522335581230345],[32.91443521112051,-2.5223355776674588],[32.9143452602391,-2.522281288664734],[32.91423731966497,-2.522208904112227],[32.914147368800734,-2.522154615096234],[32.914075408826456,-2.5221003272672196],[32.91387752219722,-2.521901276246661],[32.913877524574644,-2.5218650875404687],[32.91391350989732,-2.5218108068716374],[32.91387753170666,-2.521756521421764],[32.91385954439574,-2.521702237166769],[32.91384156065347,-2.5215936698520607],[32.913787590407196,-2.521557477556968],[32.91375161460896,-2.521467003397493],[32.91360963170912,-2.521273206133816],[32.913427805168475,-2.5210689060422187],[32.9133918210426,-2.521105092345138],[32.91348176822173,-2.5212136644702454],[32.91355372573711,-2.521304141036696],[32.91355372454421,-2.5213222353898055],[32.91351774160792,-2.521340327342871],[32.913283877028924,-2.5210869907761793],[32.91317593541453,-2.5210327004923268],[32.91312196521011,-2.5209965081706316],[32.91306799740759,-2.5209241271408076],[32.912924075287386,-2.5208517400706145],[32.91283412457183,-2.5207974509674145],[32.91283412577442,-2.5207793566144994],[32.91277115775167,-2.520779352379766],[32.91277115414129,-2.5208336354384047],[32.91290608081779,-2.520906021920987],[32.912906079616135,-2.5209241162739],[32.91281612528786,-2.5209241102279893],[32.91265421352306,-2.5208336275656187],[32.91251029023,-2.5207793348032967],[32.912456320055114,-2.520743142454753],[32.91245632126287,-2.520725048102006],[32.91247431333313,-2.5207069549638215],[32.91251029867912,-2.520652674333842],[32.91240235471717,-2.5206345726930866],[32.91225843024664,-2.5205983742564624],[32.91222244973579,-2.520580277468511],[32.912222453368514,-2.520525994410451],[32.912168482000524,-2.5205078964031014],[32.91207853376684,-2.520417418543807],[32.91202456847318,-2.5203088487674186],[32.91202457332719,-2.52023647135673],[32.91204256782268,-2.5201821895189624],[32.91193462390704,-2.520164087840727],[32.91180868427445,-2.5202183623406955],[32.91175470927369,-2.520254547374346],[32.911718727561826,-2.520254544925427],[32.911700737923866,-2.5202364493480722],[32.91157480437381,-2.520200252062375],[32.91152083058813,-2.5202183427336595],[32.91152082082444,-2.5203630975530236],[32.91139488360124,-2.5203811833066947],[32.91126894637501,-2.520399269048005],[32.91116100122907,-2.5203992616573982],[32.91110702988243,-2.5203811636065367],[32.91101707805065,-2.520344968732831],[32.91090913659666,-2.5202906782650834],[32.91089114451149,-2.520308771381108],[32.91087315242583,-2.52032686449686],[32.91081917985638,-2.5203268607863127],[32.91078319937411,-2.520308763959318],[32.91072923049966,-2.520254477188956],[32.910657270775026,-2.520200189177177],[32.9105853110564,-2.520145901161571],[32.91054933181624,-2.5201097099763374],[32.91056731526831,-2.520218277328993],[32.91060329327875,-2.5202725628657667],[32.910603289579385,-2.520326845921661],[32.910585298723035,-2.520326844681317],[32.910531329856354,-2.520272557903002],[32.910513341469446,-2.5202363679578195],[32.91047736593333,-2.5201458937148042],[32.910441385461,-2.5201277968786204],[32.910405406225415,-2.5200916056895437],[32.91033344899693,-2.520001128956631],[32.91023450055042,-2.5199830277600763],[32.91018952466045,-2.51996493029453],[32.91011756745391,-2.519874453550241],[32.9099016971358,-2.519584928942957],[32.9097577890348,-2.519313503661415],[32.90975779401191,-2.519241126254045],[32.9097218166864,-2.519177793519272],[32.909631865600545,-2.519132551377234],[32.90961387226864,-2.519168738827623],[32.909613869776216,-2.5192049275312174],[32.90957788809526,-2.519204925023944],[32.90952391931624,-2.519150638205901],[32.90941598302049,-2.5190239702116832],[32.909415984269344,-2.519005875859934],[32.909487947620065,-2.5190058808820655],[32.90950593970537,-2.5189877877851754],[32.9094879513636,-2.5189515978266805],[32.90945197093805,-2.5189335009643816],[32.909415989264694,-2.51893349845289],[32.90939800217519,-2.5188792141414575],[32.909290069664685,-2.518698263082154],[32.9092181188451,-2.518517314531991],[32.909218122599064,-2.518463031476586],[32.909218128855514,-2.5183725597174713],[32.90916415636892,-2.518372555940974],[32.909146166792326,-2.518354460329841],[32.90907421225049,-2.518227794827545],[32.90900225646811,-2.5181192236733145],[32.90894829152125,-2.5180106537774805],[32.90893031073761,-2.517865897700797],[32.90889433411588,-2.517793517768583],[32.90880438503872,-2.5177211340449563],[32.908804387551996,-2.51768494534131],[32.908840376727134,-2.5175763817573347],[32.90880440137433,-2.517485907470879],[32.90878641935501,-2.517359245743736],[32.90873245194045,-2.5172868645432227],[32.908678479499216,-2.5172868607481633],[32.908642494095744,-2.5173411412724436],[32.90849856253761,-2.5174135085441636],[32.90846258090687,-2.517413506007765],[32.90822870157238,-2.5173953951452477],[32.9081927199424,-2.517395392601388],[32.908174730392574,-2.517377296977489],[32.90810276966603,-2.517341103182683],[32.90808478265092,-2.517286818854447],[32.907994834921645,-2.517196340725501],[32.9079948374567,-2.517160152022371],[32.9079228894316,-2.5169430147023886],[32.90783294300616,-2.5168344422114295],[32.90781495727829,-2.516762063528089],[32.90776100010579,-2.516544927476508],[32.90776101280961,-2.516363983959941],[32.9077970096483,-2.5161468542939187],[32.90783299124367,-2.5161468568474765],[32.90785098077239,-2.5161649524756737],[32.90794091954851,-2.5163820910756285],[32.90795891668747,-2.5162916205916965],[32.90797691255643,-2.516219244459131],[32.90799490715628,-2.5161649626780216],[32.90801289922107,-2.5161468696003206],[32.90803089381835,-2.5160925878185565],[32.90803091281453,-2.5158211725394573],[32.90808489152248,-2.5157307045991057],[32.908210828331384,-2.515712619150716],[32.90821083212278,-2.5156583360943836],[32.908210839705326,-2.5155497699815763],[32.90815686733623,-2.515549766167469],[32.908120887021845,-2.5155316692713776],[32.90808491809713,-2.515350723205236],[32.90806695894762,-2.514898363127438],[32.90810294556855,-2.514825988263069],[32.90831883997366,-2.514753626100902],[32.90844477542598,-2.514753634978485],[32.90849874650345,-2.5147717331319552],[32.90873261155939,-2.5149888818082573],[32.90880456464617,-2.5151336416809755],[32.90898445118965,-2.515441258288704],[32.90885848178776,-2.5159297969768737],[32.908975423210414,-2.515911710823596],[32.90909237839909,-2.5156945867818816],[32.90929028210884,-2.5156222232036174],[32.909461203351725,-2.515495574655714],[32.909830030677966,-2.5152603737140447],[32.910081915306286,-2.515061353282379],[32.91011788573877,-2.5152242049506452],[32.91027980281503,-2.5152242161404024],[32.91040573831929,-2.515224224829596],[32.910459709445774,-2.5152423229031755],[32.91045970574789,-2.515296605963267],[32.91047769160559,-2.51536898461629],[32.91056764800994,-2.5153328021039743],[32.91058563879786,-2.515332803342103],[32.91060362835512,-2.5153508989333977],[32.910603623432294,-2.515423276347002],[32.91067558535932,-2.5154413756496314],[32.91080152088575,-2.5154413843012167],[32.910909471755545,-2.515350919939396],[32.91101742016066,-2.515296644275217],[32.91103541094831,-2.5152966455071004],[32.91103541339773,-2.5152604567998074],[32.911017423835524,-2.5152423612142956],[32.91101742506045,-2.5152242668606455],[32.91105340908264,-2.5151880806167397],[32.91112537712105,-2.5151157081256637],[32.91112537956783,-2.5150795194181765],[32.911089397998396,-2.515079516956863],[32.91107140843779,-2.515061421372109],[32.91107141211008,-2.515007138310902],[32.911107397348246,-2.514952857711336],[32.91126931805941,-2.514898585715003],[32.91135927197113,-2.5148985918535205],[32.91199792415771,-2.5152062392791055],[32.912312744822245,-2.51547767587658],[32.91249263947752,-2.5156767259027384],[32.91270851698185,-2.5158576839692164],[32.91285243855135,-2.515930071049572],[32.91294239493502,-2.5158938883722],[32.91263658026002,-2.5154596033367533],[32.91242070885759,-2.5151881734881183],[32.912276791015934,-2.5150615032998345],[32.91198895541621,-2.5148081628776144],[32.911863032076845,-2.5146272108011027],[32.911539212666966,-2.514410056551807],[32.91134132267436,-2.5142833825903854],[32.91128735401481,-2.51422909584597],[32.91126936690454,-2.514174811555868],[32.9112693742301,-2.51406624543127],[32.91123339635239,-2.514011959912617],[32.91119741847761,-2.513957674393026],[32.91114344983711,-2.5139033876430417],[32.91112546273683,-2.5138491033510353],[32.911035516241384,-2.513740531074426],[32.91096355440096,-2.5137224317943896],[32.91089159378855,-2.5136862381563985],[32.91080164486944,-2.513613854572461],[32.91069370888247,-2.513487186685091],[32.91065773227308,-2.51341480679742],[32.910693722395834,-2.513288148790769],[32.9106577445626,-2.513233863257122],[32.910513832028116,-2.513034815467214],[32.91038790289566,-2.5129443350260847],[32.91038789673316,-2.5130348067960533],[32.91044186037971,-2.51316147099168],[32.91045984128483,-2.513306227062145],[32.91044184066912,-2.5134509806545298],[32.91040585914493,-2.513450978175897],[32.910387869615555,-2.5134328825823467],[32.91035189425785,-2.51334240833294],[32.910279941088575,-2.513197648539051],[32.91020798299461,-2.5131252661569143],[32.91010005328718,-2.5129081264534747],[32.9099561483028,-2.512600512481893],[32.909902183485876,-2.5124919426213914],[32.90986620694606,-2.5124195627132218],[32.90983022545065,-2.512419560219684],[32.90979424395526,-2.5124195577251527],[32.90977625444822,-2.5124014621236554],[32.9097582661825,-2.512365272168065],[32.909740279158825,-2.512310987858373],[32.90972229461914,-2.512220514840679],[32.90970430759873,-2.5121662305304895],[32.90963234834949,-2.512111942472376],[32.909596369348606,-2.5120757512649563],[32.90957838109206,-2.51203956130703],[32.90957838357836,-2.5120033725992874],[32.90959637680603,-2.5119671851416734],[32.90965035648293,-2.5118586227669946],[32.90965036020913,-2.5118043397051055],[32.90959639171992,-2.5117500528945342],[32.9095784034675,-2.5117138629365803],[32.909578410925334,-2.511605296812717],[32.90959640290448,-2.5115872037086824],[32.909596412845694,-2.5114424488764553],[32.909560441321865,-2.5112976915440077],[32.90956044629395,-2.51122531412767],[32.909596431483955,-2.511171033565117],[32.909614427183335,-2.511098657398029],[32.90965041857578,-2.510953905062637],[32.90966841054475,-2.5109358119570557],[32.90980334347908,-2.510899632605327],[32.91002822509337,-2.5109358368776635],[32.91008220592558,-2.510809180125965],[32.910154178705746,-2.5106644302586405],[32.91017217436683,-2.510592054081886],[32.91020816198147,-2.510501584791075],[32.91022615393665,-2.5104834916771517],[32.91024414465809,-2.5104834929176114],[32.9103161063117,-2.5105015922316514],[32.91037008463443,-2.510411124174967],[32.91040606853743,-2.5103749379420703],[32.91051401285785,-2.510374945365862],[32.91065793861893,-2.5103749552503314],[32.910747900803536,-2.5102483009353724],[32.910765896425794,-2.510175924748543],[32.91081987470413,-2.5100854566711384],[32.91081988573,-2.509922607475433],[32.91083788134324,-2.509850231286926],[32.910873870114955,-2.5097416676190747],[32.91090986010414,-2.5096150095945915],[32.91099982098826,-2.509506449613255],[32.911143752758264,-2.5094159876636337],[32.911287689382135,-2.509253148275196],[32.911431622929626,-2.509135544758252],[32.911530577266696,-2.5090541268818476],[32.911593544725704,-2.5090541311568444],[32.91164752289974,-2.508963663039822],[32.9116835061216,-2.5089365239460157],[32.91171948812978,-2.508927479206987],[32.91179144851107,-2.5089636727934965],[32.91190839653795,-2.5088370202150974],[32.912007361092996,-2.5086018002738286],[32.91213330682657,-2.508438959567745],[32.912385188577765,-2.5082580329654744],[32.91265505375647,-2.508185673656667],[32.91279898048377,-2.5081675889394512],[32.912942902427424,-2.5082218816327813],[32.91305084538527,-2.5082399831967384],[32.91321276161525,-2.508239993990958],[32.91323074992522,-2.508276183902603],[32.913266728929415,-2.5083123750116654],[32.91342864398076,-2.5083304801362116],[32.91346462655594,-2.508312388169461],[32.91342864754611,-2.5082761970656735],[32.91337467784593,-2.5082400047650593],[32.91335669191117,-2.5081676261415686],[32.91333870597825,-2.5080952475178133],[32.913266746788615,-2.508040959659589],[32.9132127806763,-2.507950484282113],[32.91315881814704,-2.5078057258319704],[32.91301490340156,-2.5076428670224664],[32.91297892800499,-2.507552392836424],[32.912960937322225,-2.50755239163516],[32.9129609325441,-2.5076247690624762],[32.91294294066557,-2.5076428622177365],[32.91292494998159,-2.507642861015932],[32.91290696049291,-2.507624765457092],[32.91288897339577,-2.507570481184426],[32.91288897578678,-2.507534292470817],[32.91290697244538,-2.507443821888906],[32.912888982959565,-2.507425726329863],[32.912763050587166,-2.5073895291939685],[32.91263711942092,-2.5073352376893867],[32.91263712061977,-2.5073171433326387],[32.91263712541508,-2.507244765905591],[32.912601148855444,-2.507172386066615],[32.91251119907004,-2.507118096962438],[32.912493209594146,-2.507100001398186],[32.91245723184503,-2.507045715912234],[32.91242125770377,-2.5069371473550977],[32.91233130553622,-2.5069190469525795],[32.91231331004997,-2.5069914231694805],[32.91234928658894,-2.5070638030158783],[32.912349282980884,-2.5071180860859097],[32.91231330162784,-2.507118083666173],[32.9122773214785,-2.5070999868888055],[32.91224134373848,-2.5070457013972094],[32.91218737773635,-2.5069552259797434],[32.91215140000388,-2.5069009404858096],[32.9119715029315,-2.5067561734983785],[32.911881559245785,-2.506611412569441],[32.91173763873423,-2.5065390254087467],[32.91164768902875,-2.506484736247235],[32.91150377946977,-2.506249499853164],[32.91148579244784,-2.506195215562651],[32.911449815979104,-2.5061228356939447],[32.91143183139049,-2.5060323626896537],[32.91137786791499,-2.505905698527579],[32.91130591865709,-2.5057066557139076],[32.91128793043346,-2.5056704657773223],[32.9109730951709,-2.505652349970599],[32.91078420551886,-2.505471393500493],[32.91078420796557,-2.505435204787721],[32.910820199053795,-2.5052904523965704],[32.910820202722114,-2.505236169327194],[32.910820216171935,-2.50503713140574],[32.91076624789991,-2.504982844646005],[32.91069428776212,-2.5049466510093823],[32.91058635491764,-2.504783794408434],[32.910496412740976,-2.504620939033178],[32.910226553118314,-2.5046209204958716],[32.910136583896694,-2.5048561409359027],[32.9100646126876,-2.5049827964710523],[32.91001063211241,-2.505109453242495],[32.90983071697884,-2.5052361013130455],[32.90970477747935,-2.505308470026466],[32.90966879246247,-2.505362750603131],[32.90963280620345,-2.5054351255344667],[32.90959682118004,-2.5054894061088024],[32.909650791900056,-2.505507504203878],[32.90972275698896,-2.5054713204744385],[32.90975873829454,-2.505471322964041],[32.90975873581968,-2.5055075116757703],[32.90965078446632,-2.505616070338615],[32.90954283557623,-2.505688440280302],[32.90947087295369,-2.505688435287762],[32.909075076038384,-2.50572459646874],[32.90898512275892,-2.505724590195097],[32.90876924114466,-2.5056341033364844],[32.90846339750844,-2.505670270620173],[32.90833745035396,-2.5058512053271516],[32.908319437062794,-2.506176902452421],[32.90822946864869,-2.5063940283838524],[32.90792360461496,-2.506719705207376],[32.90770770519271,-2.506882539133559],[32.90756377602012,-2.506936812000175],[32.90731190534572,-2.5069548884720545],[32.90704204526974,-2.5069548692582893],[32.90675420347983,-2.506828188224549],[32.90652033759823,-2.506647227938137],[32.90632245054056,-2.5065024589047296],[32.906232501073966,-2.506448169377913],[32.90599864177976,-2.5061767372334307],[32.90590870009224,-2.506013881562978],[32.90576480325882,-2.505615795389616],[32.90553100637046,-2.504475834181317],[32.9055310257927,-2.504204418870834],[32.90542310532311,-2.503878712680044],[32.90504533074341,-2.503480609464166],[32.904406695055364,-2.5030462983655406],[32.90427177067354,-2.5029739110653835],[32.904163832229244,-2.50290152573259],[32.90409187633848,-2.5028110486806554],[32.904091877666986,-2.5027927507654484],[32.904145849507195,-2.5027927547282114],[32.90425382464663,-2.5023587017156297],[32.90442474196354,-2.5022682424631695],[32.90443375427995,-2.502033016518182],[32.90446974202706,-2.50194254737927],[32.90446975510764,-2.50176160383731],[32.90421789327201,-2.501671113624903],[32.90419990398548,-2.501653017951706],[32.903840128889094,-2.501146349606307],[32.9038401315217,-2.5011101608981634],[32.903894109870414,-2.5010196930980664],[32.90419998135614,-2.500585451050039],[32.90419998660041,-2.5005130736323147],[32.904289956539415,-2.5002778536134165],[32.90428998535037,-2.4998797778118758],[32.9041281121556,-2.499300746599116],[32.90412811346698,-2.499282652244358],[32.90425407099908,-2.4989569630831294],[32.90429005997547,-2.4988483995869637],[32.90448797703263,-2.4985589043713974],[32.904505968894455,-2.498540811329708],[32.904613917446476,-2.498468441784389],[32.90473986565842,-2.498269413052281],[32.9048838108833,-2.4979799138363523],[32.90490180403186,-2.497943726432982],[32.90500975900636,-2.497780885073343],[32.90504574269383,-2.4977446989735257],[32.90517168428826,-2.497636141971401],[32.90553150420535,-2.497509507504421],[32.90627811556086,-2.4974552781187014],[32.90639504768625,-2.497545758270546],[32.90684481890932,-2.497437224224471],[32.90688080635711,-2.4973467550014514],[32.90698875850047,-2.497220102179587],[32.90734858954355,-2.4969306179873345],[32.90734859207581,-2.4968944292730684],[32.906808902775744,-2.496514409464098],[32.906251209177164,-2.4963334260784285],[32.9061432698642,-2.4962791352746674],[32.90605332108542,-2.496224845753293],[32.90605332236889,-2.496206751396629],[32.90605332365235,-2.49618865703996],[32.906395190930084,-2.4955191903145244],[32.906431182184775,-2.4953744380289846],[32.906485174159045,-2.495084932168806],[32.90630532534783,-2.4942887675944454],[32.906233392790135,-2.4938725922271634],[32.9063593326334,-2.49378212944382],[32.90647627466143,-2.4937278547209636],[32.906575208338026,-2.4939268997118944],[32.90684504667817,-2.4941983342873835],[32.907096906041545,-2.4943069183151807],[32.90742075146444,-2.49407171458163],[32.90749272860268,-2.493854587366856],[32.90749274880322,-2.493565077636698],[32.90760069678558,-2.4934927078177154],[32.907780615516856,-2.4932936825454575],[32.90797851714379,-2.4932032246600824],[32.90817642751469,-2.4929861062329586],[32.908536239656605,-2.4929499426670603],[32.9087161444761,-2.492949955205779],[32.90882407866012,-2.4930766232302677],[32.9088960393522,-2.4930947225922027],[32.90916589289574,-2.4931490243955197],[32.90920187138774,-2.4931852156064793],[32.909669606755195,-2.4934385689523246],[32.90975955181189,-2.493547141304305],[32.90977753983996,-2.4935833312614677],[32.909795526637915,-2.493637615577725],[32.90995743000496,-2.493800475945655],[32.91022727393993,-2.4939995324123485],[32.91051511089973,-2.494162401335437],[32.91060505485439,-2.4942890679919874],[32.91060505119333,-2.4943433510705773],[32.910802923576895,-2.4946871573889053],[32.91082091164832,-2.4947233473326853],[32.91116271308989,-2.4949947859507104],[32.91118070238802,-2.495012881530268],[32.911288636975726,-2.4951395493623134],[32.9115944587955,-2.495392891075914],[32.91166641844908,-2.4954290846507265],[32.911756367419144,-2.49548337379373],[32.91186430571164,-2.495555758501383],[32.911864302100305,-2.4956100415807336],[32.91193625936771,-2.4956824238608672],[32.91200821784487,-2.49573671177744],[32.91202620476136,-2.495790996065559],[32.912152130017105,-2.4959176650385615],[32.9122420778419,-2.495990048509527],[32.912296045822686,-2.496044335205185],[32.91235000422849,-2.496243376777527],[32.9124039698303,-2.4963338521887097],[32.912511902250984,-2.496496708644961],[32.9125838596015,-2.496569090891452],[32.91278174235597,-2.496768142049913],[32.91281771985365,-2.496822427526468],[32.91296162987344,-2.4970395694233685],[32.91308754345768,-2.497347181910164],[32.913213444048154,-2.497853832343282],[32.91368119719164,-2.497871957644615],[32.91377115937831,-2.497727208695237],[32.914077036300014,-2.49714820928359],[32.914418908047296,-2.4963520798093146],[32.91450887938938,-2.4960625759121258],[32.9145988530232,-2.495736883283945],[32.91468882544513,-2.495429285007543],[32.91470681596368,-2.4954292861792613],[32.91486870737602,-2.4957911839380036],[32.916930432626906,-2.496415982579954],[32.916859040886784,-2.4962998828121328],[32.91680788161981,-2.4961215469586304],[32.916793608554556,-2.4960114346208346],[32.916759102735156,-2.4959539828281674],[32.9166377258363,-2.4959144787332614],[32.916516352113064,-2.4958247066804766],[32.91649374463365,-2.495791192671174],[32.9164782801659,-2.4957026243065186],[32.916446154897905,-2.49562482554778],[32.91634144624837,-2.495457258738023],[32.91622959779395,-2.4952801159273434],[32.91614035757555,-2.495138880102488],[32.91605706501899,-2.495026369452745],[32.915969009758165,-2.4949521588285455],[32.91590951223017,-2.494927020132383],[32.91566199793581,-2.494855193126657],[32.91553347715348,-2.494871941130102],[32.9154311366784,-2.4948946746166287],[32.915199088629606,-2.494882691100441],[32.91512650429082,-2.494809677460075],[32.915009888704205,-2.494742645670237],[32.914881373438654,-2.494687581612753],[32.914783796667265,-2.494643291129118],[32.91472786764682,-2.494631318974683],[32.91469454719632,-2.4946349076316015],[32.91459101765815,-2.4946420816338835],[32.9144827294525,-2.4946241222493497],[32.91438039246094,-2.494592996882854],[32.91419237599685,-2.4945570790366314],[32.914042440002085,-2.4945079973007114],[32.91384966848538,-2.494391889408996],[32.913592638173306,-2.4942673986601256],[32.91338796550831,-2.49417283306405],[32.913240409184276,-2.4941321299897217],[32.913141643695454,-2.4940686891411428],[32.91311784743692,-2.4940172226776274],[32.9131083328638,-2.4939394262466887],[32.91310476829803,-2.4938532516162955],[32.91310715283367,-2.4937862275471936],[32.91295009233709,-2.493496576165213],[32.912896551938616,-2.493356540348656],[32.91280017445702,-2.4931746105212924],[32.912633578773864,-2.4931362999999047],[32.912451512182756,-2.493097988424585],[32.91227182764448,-2.493030951281228],[32.91198980592576,-2.492938774180814],[32.91191007882667,-2.492905257165622],[32.91180774259088,-2.4928657539152694],[32.91174705610246,-2.492813087099827],[32.91169113292824,-2.492714941331886],[32.91163639728082,-2.4926550941653804],[32.91153406155199,-2.4926084092428153],[32.91144005765937,-2.492528213214796],[32.911419829125684,-2.4925018809349853],[32.9113920101189,-2.4923856526446335],[32.91131273988229,-2.492354300615658],[32.91120992944602,-2.492291099104449],[32.91120136225177,-2.4922796086054286],[32.91115852801395,-2.492196304696878],[32.91110427194907,-2.492081401831109],[32.91105857904034,-2.4920383115372],[32.91099575021168,-2.4919952209837284],[32.91083867519706,-2.491944941467376],[32.91077298894449,-2.491923393854806],[32.91061020197397,-2.491873113923052],[32.910384583696484,-2.491817085625431],[32.910306044511806,-2.491817080256956],[32.91020751164609,-2.4918300001260807],[32.910168955010995,-2.491848668151428],[32.91014467762793,-2.491877391285101],[32.91012039671729,-2.4919448924411047],[32.91008041095297,-2.4919736144968536],[32.90984622735859,-2.491878806592169],[32.90972627945115,-2.491840020319234],[32.90959776415959,-2.491779689395542],[32.9093093182703,-2.4916647712037756],[32.90906228034927,-2.4916130494677677],[32.90871671176568,-2.491542650168171],[32.90852679399912,-2.4914722607369915],[32.908311172488304,-2.4914133603056037],[32.90821549831206,-2.49140042790956],[32.9080912644809,-2.4913846201217824],[32.90799130657843,-2.4913616332787405],[32.9078799295232,-2.491269707022882],[32.90783709533063,-2.4912022002936136],[32.90776569889524,-2.4911562356040324],[32.90770429546609,-2.4911591037652916],[32.90765288763471,-2.4911605368399004],[32.907495811959414,-2.491110257835552],[32.907470111399206,-2.4910628596593467],[32.90745583467961,-2.4910168989806007],[32.90735207444833,-2.4909307181780855],[32.90729852623665,-2.4908995957173996],[32.907216420484374,-2.4908612904892022],[32.90713431358629,-2.4908265751767424],[32.90706291783326,-2.490771514416167],[32.906984383162836,-2.4907080754577255],[32.90686856009424,-2.490664581070036],[32.90653775354778,-2.4905233283670167],[32.9061284072536,-2.490379675179178],[32.90583755372416,-2.490293612954718],[32.90607499867016,-2.489583454441029],[32.90703195513426,-2.4864043643780076],[32.907555667531064,-2.4845610636564843],[32.90783655334788,-2.4837758695164216],[32.908541140250264,-2.4819038533773927],[32.909112426196046,-2.4803574039413343],[32.9094054499197,-2.4793878168603487],[32.90989676733901,-2.479526069759679],[32.910120480608626,-2.4795619914884313],[32.910220438416005,-2.4795739668175107],[32.91092967134901,-2.479487840526256],[32.91124382703757,-2.4794734993156715],[32.911634133131166,-2.479578849215116],[32.91174599032639,-2.4795956129955687],[32.91261703380591,-2.479928399257023],[32.913395257119035,-2.4802827220103305],[32.91480724571377,-2.480944678806782],[32.91552835382004,-2.4812678788546934],[32.91616017608927,-2.48217992864236],[32.916888378285506,-2.4832463789324852],[32.917420244546115,-2.4841548319098687],[32.917573737173704,-2.484391819825499],[32.918484008233946,-2.4854834155574124],[32.91891236878107,-2.4860363932012257],[32.91925792486106,-2.4862997236840054],[32.91938882023201,-2.486345212811247],[32.91949115689955,-2.486388306292244],[32.92045026668942,-2.4866995488856536],[32.92060495883162,-2.4868072758123843],[32.92069062980741,-2.4869317548461027],[32.92072870163533,-2.487058624888772],[32.920709649964735,-2.487266877230535],[32.9205001719528,-2.4879347140583254],[32.920490643012585,-2.488090306030582],[32.920497591018204,-2.4881637270554045],[32.92051442750601,-2.488341649070434],[32.92061196704886,-2.489004716675491],[32.92063033455616,-2.4902961325653803],[32.92060054777778,-2.4909125153193754],[32.92105273467722,-2.4910741189551153],[32.9218321550274,-2.4914601537276457],[32.92271867129799,-2.491923991089832],[32.923649799735756,-2.492597280897289],[32.92423583756922,-2.493186769631495],[32.92434292959929,-2.493312446618039],[32.925036040696476,-2.494356749411945],[32.92595522604922,-2.4958558719772133],[32.92650554067173,-2.4969001659440675],[32.9266090425835,-2.4971505380657724],[32.92666615566048,-2.4973564904360086],[32.92677751547625,-2.4977773137211257],[32.92678433100651,-2.4977970432943395],[32.92685032820149,-2.4980458942756947],[32.926893160763484,-2.498180902352062],[32.92693456911313,-2.498255589160192],[32.92696740887909,-2.498324530527612],[32.926986080056395,-2.498363096996358],[32.92715696689533,-2.4986595908493037],[32.92747823943929,-2.499141345859421],[32.92809103598463,-2.5001048540162087],[32.92896264052829,-2.5013915296023193],[32.92949214321701,-2.502259283545885],[32.930260227685764,-2.503413699178688],[32.93045537038198,-2.5037536185798315],[32.930902776481005,-2.5044143101513163],[32.93140729549183,-2.5052090539718264],[32.931645276668654,-2.505594135370231],[32.93170765416084,-2.505693359995527],[32.93182759326795,-2.505957633573239],[32.93197037434387,-2.5063253167256803],[32.932148865879924,-2.5067846225403616],[32.93231214972793,-2.5071617845509087],[32.932501938896955,-2.507495120647271],[32.93270422535566,-2.507776394445008],[32.9328708169341,-2.507961916421428],[32.933543138378155,-2.5085843192455703],[32.93380195098601,-2.508850634434833],[32.9344861531436,-2.5098961288894444],[32.93535717181572,-2.5112426429097487],[32.93579268953093,-2.5117668908012005],[32.936857088699455,-2.513101444858598],[32.93720217054933,-2.513553276963295],[32.93850216122142,-2.5155969827643556],[32.93866902026355,-2.515968780998911]]]]}},{"id":"15","type":"Feature","properties":{"id":"existing_water_supply_zone.16","ogc_fid":16,"objectid":22,"district_n":"Pasiansi","planning_d":"Pasiansi","dist_area_":1483,"cons__area":199.0,"area_less_":1283.89,"pr__pop":135000,"pr__du":29347.826087,"pr_urb_den":22.8585206575,"ex__pop":84065,"ex__du":16813.0,"gfa_m2":1345040,"new__pop":50935,"new_du":11072.826087,"dus_lo_den":1107.2826087,"gfa_m200":221456.521739,"dus__med_d":7750.97826087,"gfa_m201":1162646.73913,"dus_high_d":2214.56521739,"gfa_m202":221456.521739,"heavy_indu":0,"gfa_m203":0,"light_indu":21991.2,"gfa_m204":659736,"logistics_":0.0,"gfa_m205":0.0,"logistics1":0.0,"gfa_m206":0.0,"total_logi":0.0,"total_gfa_":0.0,"commercial":18690.7775769,"gfa_m207":227392,"agri_minin":0.0,"total_empl":40681.9775769,"coverage":"Zone 2","shape_leng":29213.1070968,"shape_area":14828473.8317},"geometry":{"type":"MultiPolygon","coordinates":[[[[32.90922729907945,-2.4431826118255704],[32.90954774646236,-2.4438117133834196],[32.911116828643735,-2.444825683468822],[32.912748723574936,-2.4464853943512925],[32.914855646380786,-2.448899297313046],[32.91536773205456,-2.4494911534604498],[32.9166696663585,-2.451009921647157],[32.916825689950784,-2.4510293918887873],[32.91896347618334,-2.455029641668024],[32.919250423384746,-2.4556766343348033],[32.91933880200222,-2.4557948013898883],[32.9175911495338,-2.4567488631259895],[32.91580618224673,-2.4577063299903568],[32.91493987750615,-2.458165912625129],[32.914283007641586,-2.4585249622930228],[32.91398788976861,-2.458730822799655],[32.913797487272966,-2.4589223258157777],[32.913568996587365,-2.459262251738168],[32.91344045926746,-2.4596309107536425],[32.91339760381171,-2.459903818119951],[32.913407082517956,-2.460535820730086],[32.91356405100464,-2.4621445625359475],[32.91352592110898,-2.462953714050076],[32.91344495873175,-2.4636623168676066],[32.91309738503501,-2.4653667837426725],[32.9127212526017,-2.4670473097184087],[32.91217849974366,-2.469125218398092],[32.91194997371777,-2.4699822356909142],[32.91137183808346,-2.4718807955684623],[32.9113477810355,-2.4719841525956068],[32.91077400436956,-2.4744492596317818],[32.910497858580456,-2.4755935475980224],[32.909555190695386,-2.4788923401408347],[32.9094054499197,-2.4793878168603487],[32.909112426196046,-2.4803574039413343],[32.908541140250264,-2.4819038533773927],[32.90783655334788,-2.4837758695164216],[32.907555667531064,-2.4845610636564843],[32.90703195513426,-2.4864043643780076],[32.90607499867016,-2.489583454441029],[32.90583755372416,-2.490293612954718],[32.9057642783833,-2.4902719315588286],[32.90571905935231,-2.490259959797911],[32.9055905423796,-2.4902408003953846],[32.9055191407622,-2.4902695200509113],[32.90550723893854,-2.490298243987672],[32.90545963431883,-2.4903628708924885],[32.905043140991104,-2.4903269352843123],[32.90491462556715,-2.4902862326733644],[32.90469567005042,-2.490250311252908],[32.90427204949792,-2.4900324505945157],[32.90411020608342,-2.4901018568788285],[32.90406022251503,-2.4901616966946527],[32.90396977047223,-2.4903316440456584],[32.90394120700507,-2.4903819107941847],[32.903862657172105,-2.49053031586547],[32.903786489018955,-2.49065717796401],[32.90355799678983,-2.4908558399452096],[32.90341304670374,-2.49098114084728],[32.90329451333861,-2.4911247551684848],[32.903210252185886,-2.4912626279530903],[32.90310742823463,-2.491378955314685],[32.9030643017318,-2.491449790629929],[32.90242402751225,-2.491230850305161],[32.902082648801795,-2.491156673294335],[32.90144042064115,-2.491017124055029],[32.899753727623775,-2.490743526329901],[32.89951044248906,-2.490664510482172],[32.899253264926834,-2.491465525125905],[32.89925326217932,-2.491501713834628],[32.89927124988961,-2.491537903924915],[32.89934320897592,-2.4915740981575705],[32.89937918852059,-2.491592195272471],[32.89955908625913,-2.4916826808326893],[32.89959506717908,-2.491682683587386],[32.899685018111136,-2.491700784824348],[32.89975697995235,-2.491700790325884],[32.89977497041267,-2.4917007917006515],[32.89982893906163,-2.4917369845326998],[32.89988290771359,-2.491773177362627],[32.899972853199934,-2.491863655998884],[32.90000883003424,-2.4919179418064212],[32.90008078234871,-2.4920446077734164],[32.900080779623146,-2.4920807964827256],[32.90018871697185,-2.492153182121028],[32.90036861892142,-2.4921893845104273],[32.900404599856,-2.4921893872434735],[32.900638452891066,-2.492497009017192],[32.900656439297116,-2.492551293444823],[32.900674416219395,-2.492732238355868],[32.900674413509265,-2.4927684270654358],[32.90065642167865,-2.4927865200571864],[32.900476516923746,-2.492786506413364],[32.90026062577617,-2.492858867426328],[32.90020664890119,-2.4929312407372954],[32.90015266929559,-2.4930398027545495],[32.900098695133366,-2.493075987351593],[32.89981084610106,-2.493094059738838],[32.89973888281614,-2.493112148591345],[32.89963093993961,-2.493112140331394],[32.89939706645373,-2.4930759336963915],[32.899343096390865,-2.493057835199561],[32.899325107286025,-2.4930397394641703],[32.89927113997441,-2.492985452256605],[32.89921717129218,-2.4929492594008704],[32.899127223036345,-2.492894969421226],[32.89898330474013,-2.4928225809245474],[32.89889335650291,-2.4927682909294933],[32.89880341103433,-2.4926778122210047],[32.89878542332288,-2.4926416221248497],[32.89876743699337,-2.492587337674702],[32.89865950107499,-2.492496857567908],[32.89862352289979,-2.4924606660791984],[32.89858754610991,-2.492406380235845],[32.89853358715856,-2.4922435268773366],[32.8984976145313,-2.4921349579704986],[32.89849762145327,-2.4920444862016895],[32.89851562022213,-2.4919359214711165],[32.897904185226636,-2.4888055507700226],[32.897760362108144,-2.48750274604994],[32.897742373097934,-2.487484650295241],[32.896896862105656,-2.486996036651325],[32.89682488648202,-2.4871769745461507],[32.89680689327526,-2.4872131618419266],[32.89673492606107,-2.4872855336053856],[32.89668095205177,-2.487321718071018],[32.89635711075726,-2.4875026361074823],[32.89641106644856,-2.4877016782563453],[32.89639305488406,-2.4879730921446304],[32.89637506094859,-2.488018326609951],[32.8963030887242,-2.488154028583811],[32.89619513212636,-2.488334963593575],[32.89626708671375,-2.4884254410467026],[32.89641099450676,-2.4886244902955625],[32.89641099309587,-2.4886425846491376],[32.896375009439105,-2.488678770517659],[32.89633902578037,-2.4887149563850914],[32.89626706269579,-2.4887330450563225],[32.89572735725737,-2.4886425305477515],[32.895655395591035,-2.4886425248321666],[32.895385542193445,-2.4886063146576385],[32.89529559154005,-2.488588213136294],[32.89522363130468,-2.4885701130442732],[32.895151671071424,-2.488552012948388],[32.8951156930983,-2.488515821369713],[32.89382044689726,-2.4877195657904263],[32.89374848528534,-2.4877195599725113],[32.89374848673196,-2.4877014656202214],[32.89364054431585,-2.4877014568860223],[32.893640545763944,-2.4876833625337893],[32.893334708924534,-2.4876833377389134],[32.893046828995935,-2.4880994844294593],[32.89306480775406,-2.4882442407081626],[32.89306480047274,-2.488334712466757],[32.89293884280915,-2.4886423061848233],[32.89293883843454,-2.4886965892394257],[32.89297480906162,-2.488823252632909],[32.89329861041462,-2.489148977314687],[32.89331659938334,-2.4891670731281517],[32.89333458689942,-2.4892032632930055],[32.89333458108683,-2.4892756406994216],[32.8933165877562,-2.489311827940901],[32.89364037626727,-2.4898004017094655],[32.89367635712945,-2.4898004046243147],[32.8940001877797,-2.4897642421098842],[32.89423407058682,-2.489673789214408],[32.89427005144625,-2.489673792112834],[32.89430603086557,-2.4896918893623243],[32.89443194373634,-2.4899452204248362],[32.8944858977817,-2.490162356989004],[32.89453985903009,-2.490289021790971],[32.894665783484015,-2.490397598016725],[32.89470176436356,-2.490397600904158],[32.894737743808456,-2.490415698142697],[32.894971606645925,-2.490578566050514],[32.89509753402328,-2.490650953532568],[32.89531341078325,-2.4907595368871482],[32.89542134490001,-2.4908681116087066],[32.895421342048685,-2.490904300313408],[32.895439322517504,-2.4910309622135496],[32.895457308690496,-2.4910852467041162],[32.89545730726522,-2.4911033410564274],[32.89567318839634,-2.4911576412981753],[32.89582610580695,-2.491175747801785],[32.89598801561187,-2.4912300437060884],[32.89612294258447,-2.4912481487491642],[32.896500730792056,-2.4913929334315217],[32.89651871983538,-2.491411029203611],[32.896554699334025,-2.4914291263942476],[32.896590677423646,-2.4914653179367963],[32.89666263360875,-2.4915377010191158],[32.89671660075274,-2.491591988328426],[32.89677057212421,-2.491591992576904],[32.89682454208881,-2.4916100911761134],[32.89686052159727,-2.491628188358707],[32.89689650110674,-2.491646285540349],[32.89691449015897,-2.4916643813073076],[32.89693247780618,-2.491700571427022],[32.89700442980915,-2.491827237550632],[32.897004422785955,-2.4919177093155183],[32.896986429514406,-2.4919538966085275],[32.89691443110851,-2.4924243441281106],[32.896986377524975,-2.492623387663854],[32.89705832396194,-2.492822431195921],[32.89718423904407,-2.4930576676636758],[32.89736412561132,-2.493292908347259],[32.89747204470946,-2.4936005207918766],[32.89749002959824,-2.493672899610029],[32.89749001980479,-2.493799560079032],[32.897472020921015,-2.4939081247877635],[32.89745401223569,-2.4941433499640975],[32.89741801164652,-2.4943966680831595],[32.89738201524475,-2.4945957031424437],[32.89725603826725,-2.4951566181924774],[32.89723802250032,-2.4954823151192307],[32.89732792877143,-2.496079435791031],[32.89725596108358,-2.4961518075538938],[32.89702203508845,-2.496785091488719],[32.89718392033256,-2.4971650855999084],[32.897237858222276,-2.4975993542749673],[32.897183862711735,-2.497906954008908],[32.8970938832647,-2.498250739610708],[32.896985925892906,-2.4984316746264095],[32.89648212536945,-2.499263974991596],[32.896446139997714,-2.4993182551943853],[32.89642814943583,-2.4993182537696175],[32.89572650611908,-2.499462952811102],[32.8956905249922,-2.4994629499413503],[32.89410729822417,-2.500177549477395],[32.894089244600906,-2.500964652191267],[32.89432308890821,-2.501380841145488],[32.89432308746149,-2.5013989354941533],[32.89425111641916,-2.5015074957635464],[32.89423312582875,-2.5015074943073046],[32.89326170117177,-2.5006750752885614],[32.89230825063165,-2.5000597892462078],[32.89124675198044,-2.5007291922201915],[32.891480607216096,-2.5010006268674645],[32.8915885432878,-2.501091107562495],[32.89158854180381,-2.5011092019096206],[32.89155255321443,-2.5011996706594783],[32.891318665200636,-2.501326311656756],[32.89130066717399,-2.5014167818946094],[32.89126467855594,-2.501507250634858],[32.89124668647839,-2.5015253434842926],[32.891228683975825,-2.501670096760782],[32.89148052550245,-2.5019958159494182],[32.89148051807231,-2.5020862876833516],[32.89146252301671,-2.5021405692288794],[32.891372546227494,-2.502430071297724],[32.89131856549267,-2.5025386328870525],[32.891282579820086,-2.502592912931873],[32.891174627256184,-2.5027014700201087],[32.891030694954665,-2.5027919297501664],[32.89070684159115,-2.5030633178787522],[32.890688849484164,-2.5030814107187784],[32.890472951664705,-2.5032080530485303],[32.89038299560465,-2.5032442341911505],[32.89034699034338,-2.5035337407011404],[32.89063481921574,-2.5037870856882734],[32.891318415094915,-2.504366161861238],[32.89175017532319,-2.504547141209346],[32.89178615361722,-2.5045833328860576],[32.89194805596477,-2.5047461954197905],[32.89246971946165,-2.505542389763469],[32.89246970766495,-2.505687144534197],[32.892163841537595,-2.5059947231688326],[32.89214584792874,-2.506030910373247],[32.89212785579841,-2.5060490032313436],[32.89203790106256,-2.506067090133934],[32.89205586950461,-2.5063385068119497],[32.89205586654321,-2.5063746955037045],[32.892001890132505,-2.5064289740723673],[32.891678040491634,-2.50664607935905],[32.89153410778033,-2.506736539121534],[32.89149812646022,-2.5067365361277307],[32.891192292704766,-2.506646038914008],[32.891174302046146,-2.5066460374125668],[32.890922429833715,-2.5066822050565567],[32.89092242684079,-2.506718393746746],[32.89090442420729,-2.5068631470020026],[32.890886429054675,-2.5069174285315134],[32.890940393559326,-2.5070079047726423],[32.89097637339027,-2.507026002127198],[32.89101235322222,-2.5070440994808],[32.89101235172679,-2.5070621938258477],[32.8909943595669,-2.507080286666705],[32.89095837524566,-2.507116472347595],[32.890886409591715,-2.507152655016199],[32.89085042376784,-2.507206935038757],[32.89081444093746,-2.5072250263704006],[32.89077845960488,-2.5072250233561486],[32.89068850177365,-2.507279298850553],[32.89067050660586,-2.5073335803760792],[32.890616530099685,-2.5073878588823257],[32.890600479507505,-2.507498891672817],[32.890295663697245,-2.5074543186816003],[32.890211736201984,-2.507445002979624],[32.88981008845492,-2.5075498402882896],[32.8894640403905,-2.5075846860261555],[32.88915702771544,-2.507500101465272],[32.88806305681595,-2.507009198912981],[32.88656887317754,-2.5066517969701616],[32.886270185584614,-2.5066254500162306],[32.88570296828582,-2.506633790764261],[32.88525252867129,-2.50665891952583],[32.884896905804126,-2.5067183280922682],[32.88464360877313,-2.5066085282422987],[32.884575514776024,-2.506580782686235],[32.88439338435515,-2.5063987691432916],[32.883893262021466,-2.5058800911360803],[32.8840762122123,-2.5052380478030924],[32.88385063453214,-2.504955304561457],[32.883592425579785,-2.5044477913709122],[32.8833137612175,-2.504309740135788],[32.88259187184731,-2.503747524032238],[32.882109736861146,-2.5033246665031275],[32.881966312742094,-2.503227319562999],[32.8817661353444,-2.5030511213812563],[32.88131496835954,-2.502685411927622],[32.88104403827758,-2.5026028770857667],[32.88054836216298,-2.502245618812321],[32.879859623596644,-2.501654625273162],[32.87943906940962,-2.5010038697528065],[32.879328966633096,-2.500939940431441],[32.87840574210351,-2.5003779351591264],[32.87837168534063,-2.4999935177562347],[32.87810458212403,-2.499535582154666],[32.87801283289322,-2.499468458075874],[32.87758746547099,-2.4989986060533718],[32.87708354747378,-2.4982057671018203],[32.87703679903215,-2.497915710457476],[32.87712267149346,-2.4973045822246616],[32.877099952515785,-2.4968743871781522],[32.876702505906145,-2.496295964254247],[32.87621933488973,-2.4957273040648325],[32.8766689269755,-2.494649466684907],[32.87660047397489,-2.494099817532502],[32.875319672512006,-2.4933531510144094],[32.87532013408096,-2.4932275763454514],[32.8762111002062,-2.4923990313985502],[32.87726761417927,-2.4921152178376844],[32.87621774409612,-2.491560087950407],[32.876067770986324,-2.490840550544311],[32.87616647360954,-2.4905715883984554],[32.87613740345467,-2.489774710899572],[32.87601186780292,-2.4891324015253313],[32.87591181652668,-2.488654190313941],[32.87575159898269,-2.487850431785799],[32.875745095731716,-2.4875299803926163],[32.875758391658955,-2.48735537216382],[32.87546009572587,-2.48655873965933],[32.87512784388888,-2.4862445903782233],[32.874802695476426,-2.485751316768961],[32.874643432121296,-2.485503762869883],[32.87448857295532,-2.485102686129957],[32.87440472224256,-2.484315574296886],[32.87474607301562,-2.4819328317577964],[32.87489235411986,-2.4814052363614048],[32.87529879266523,-2.4809945333298504],[32.87538146154131,-2.480967309167207],[32.87569565936008,-2.4809777729550975],[32.87593664102547,-2.480980027609322],[32.8768984245889,-2.4807410915560806],[32.87757348083914,-2.480085052630555],[32.87797294701559,-2.4796440535992375],[32.87845059561048,-2.4791182633973166],[32.878722511295194,-2.478209861820717],[32.8788598059974,-2.477999685089838],[32.87848644906602,-2.477551024966864],[32.878296118643625,-2.4774897580610893],[32.877714708692594,-2.4770969665298646],[32.87776869055109,-2.476975648946077],[32.87786479858088,-2.47649797978945],[32.87793756154783,-2.4756360496938887],[32.877835661185564,-2.4754896570103355],[32.87726997348289,-2.47531653213071],[32.877186532993065,-2.4749450474580006],[32.876622157521524,-2.474299812921176],[32.87627748164434,-2.474033459061877],[32.87647814893715,-2.473497915975217],[32.87645645160349,-2.473422792557087],[32.87605134060942,-2.473108003481537],[32.875822236155635,-2.47310074423543],[32.875654702852124,-2.472932233036173],[32.875353364417215,-2.4726430036393805],[32.87558687933676,-2.4726185087068013],[32.87548795546065,-2.4721100455782303],[32.87547128867043,-2.471933864796887],[32.87552543685666,-2.4717164084344017],[32.87575284065837,-2.471630481680573],[32.8759379822835,-2.471385411150897],[32.87617222072884,-2.471316131759707],[32.876306023998424,-2.4712331563725685],[32.876672555979525,-2.4710058604731837],[32.87708635050944,-2.4707806243754553],[32.87721749672931,-2.470803254488769],[32.87751090854239,-2.4708881441790576],[32.877648440147404,-2.4708937688697055],[32.877881992212885,-2.4709021798969104],[32.87812120872693,-2.4709079595821724],[32.87823366130807,-2.4709118240352077],[32.87855274849965,-2.4705638085929915],[32.87901971957536,-2.470160981623907],[32.87951141472212,-2.469892686397558],[32.87994564323602,-2.4694895837703617],[32.8799976185391,-2.468666928899114],[32.88044046082243,-2.468498419194343],[32.88157579709608,-2.4684941360653276],[32.882174305396425,-2.468322056999638],[32.882509217915356,-2.4676852651192127],[32.88296289186427,-2.4670794150192004],[32.883314599885175,-2.4660322354189894],[32.884173688145,-2.465328802338351],[32.88425943295915,-2.465073769920789],[32.88380936461353,-2.4645686266942453],[32.883953687907955,-2.4640736683022966],[32.884117415951664,-2.4638614358526327],[32.885289730576886,-2.4636368565350684],[32.88569186380373,-2.463306980500224],[32.885556144611705,-2.463131272618715],[32.88609452856973,-2.462752965985215],[32.88663244441542,-2.462609885696269],[32.88671010631269,-2.4621976124399567],[32.88699463551047,-2.4620125314351378],[32.88746329547151,-2.461774087636096],[32.887728844292646,-2.4615864716449205],[32.88814993577619,-2.4611731416092715],[32.88869532898224,-2.460870559313756],[32.88911612183093,-2.460799755103906],[32.88961479500762,-2.4609297150365697],[32.889779868498486,-2.460759369463877],[32.889596655606546,-2.460481420388867],[32.8895471053829,-2.4604190857307273],[32.889675752352055,-2.460186041092637],[32.89004896884732,-2.460023222811478],[32.89034030869199,-2.4601293703024427],[32.89044435925551,-2.4603852331139002],[32.89024607603539,-2.4608009346232875],[32.89066514398603,-2.4609238298809086],[32.89094450681468,-2.461212096884492],[32.890880784733255,-2.4616604689425072],[32.89178473219874,-2.4623130255016457],[32.892084315699556,-2.462318851848874],[32.8925886031703,-2.462307621777453],[32.89282077805398,-2.4623343704376826],[32.89322414550589,-2.4630845046124],[32.8928336138573,-2.463800376436491],[32.89273173889597,-2.4644396418913437],[32.89290218522044,-2.4647647959100993],[32.89310804773439,-2.465000868809279],[32.89338369194668,-2.4654767102102926],[32.893517345800504,-2.465816776377038],[32.89355653231632,-2.4662301451453477],[32.89337425876231,-2.4666539003637595],[32.893921449629836,-2.467531339725935],[32.894040527589965,-2.4677426008912002],[32.89363633382408,-2.468314531148231],[32.89340612567767,-2.4697383576340117],[32.89387823114651,-2.4706512260593523],[32.894381524627605,-2.471227330069287],[32.8950257048532,-2.47184105150234],[32.89610364730189,-2.4722237418505055],[32.89720418365798,-2.4723923768364826],[32.89872931976682,-2.472179523037476],[32.90032711932541,-2.4716572349422306],[32.90141926587049,-2.4714759470790635],[32.90367009447923,-2.470419130753197],[32.90409539060838,-2.4700385014858695],[32.9045708925872,-2.4699980497268794],[32.90443678852831,-2.4704128795664584],[32.90497332232486,-2.4701567662590165],[32.906007211201874,-2.4689531125168522],[32.906088635846174,-2.468679531502021],[32.906838025878635,-2.4685976034035977],[32.906315055668124,-2.468483042741518],[32.90654552675659,-2.468274360432443],[32.90713311917621,-2.467742317053955],[32.90755924118433,-2.467372498028288],[32.908326273952774,-2.4670319248904296],[32.908319391058185,-2.4663988025330372],[32.908700523568626,-2.4667679005488283],[32.908980271869865,-2.466767919796567],[32.909290319398124,-2.466378784605249],[32.90917761911775,-2.465904476480838],[32.90880797044379,-2.465539083308464],[32.908909016248074,-2.4650911632931622],[32.909588133083425,-2.4640470453405157],[32.90979961042823,-2.463321309112497],[32.90986055598597,-2.463112156833594],[32.91015187641737,-2.462200220419358],[32.91080357640367,-2.462039767319127],[32.911268152941986,-2.462309585498858],[32.911705505762484,-2.462093477421587],[32.910940762502904,-2.4618747558838727],[32.91059061341674,-2.4614614569597935],[32.91048533494932,-2.4606476556149293],[32.910602757234855,-2.460115146232606],[32.91058724422138,-2.4593744521710246],[32.91045138237215,-2.458581185855039],[32.909958994206534,-2.4583725561783116],[32.9097595627446,-2.457614745932011],[32.90934113100846,-2.4572064804479745],[32.908539433436616,-2.456811969215658],[32.90794461877614,-2.4562955121782286],[32.90717943483107,-2.456146183189927],[32.90644818097622,-2.455597058365453],[32.90552535370987,-2.454761848516628],[32.90501527191377,-2.454425798902033],[32.90449611672899,-2.453930609387047],[32.902906731962766,-2.4529468927979887],[32.90182017735516,-2.453020720521689],[32.90153947882062,-2.452536132663442],[32.90073494669618,-2.452850643537146],[32.900265792257066,-2.452537757816522],[32.89982085853842,-2.451901253307052],[32.899409170858846,-2.451442178189431],[32.899330134231576,-2.451354043613993],[32.898978526319155,-2.451274944639783],[32.899043045776914,-2.4509448178202176],[32.899280258098834,-2.4507394647027767],[32.89984234624773,-2.4510097391618832],[32.90002391709008,-2.4513313873895637],[32.90148013017665,-2.4510689465218607],[32.90256129201414,-2.4502675359364168],[32.902992295876416,-2.4498056696959045],[32.90324539604217,-2.4494002756036237],[32.90361620485135,-2.4485908445087516],[32.903689695903466,-2.447926839839233],[32.9037070802299,-2.4472607077372195],[32.903892231561535,-2.4468485168565035],[32.90387819133062,-2.445609644999024],[32.90390938484421,-2.4449384800043426],[32.90454296438781,-2.4438416437338675],[32.90495416670122,-2.443342359750911],[32.9052682207252,-2.442744904974641],[32.90558046213927,-2.4423387988688443],[32.9058834888937,-2.442503390339635],[32.906224122589855,-2.4420955390574997],[32.90629414018871,-2.4420117036873155],[32.906499182960744,-2.442265487078751],[32.90732175380746,-2.442780695617219],[32.90818380361267,-2.443115139069799],[32.90922729907945,-2.4431826118255704]]]]}},{"id":"16","type":"Feature","properties":{"id":"existing_water_supply_zone.17","ogc_fid":17,"objectid":23,"district_n":"Sangabuye North","planning_d":"Sangabuye North","dist_area_":1966,"cons__area":267.0,"area_less_":1699.28,"pr__pop":10000,"pr__du":2173.91304348,"pr_urb_den":1.27931420571,"ex__pop":8000,"ex__du":1600.0,"gfa_m2":128000,"new__pop":2000,"new_du":434.782608696,"dus_lo_den":0.0,"gfa_m200":0.0,"dus__med_d":86.9565217391,"gfa_m201":13043.4782609,"dus_high_d":347.826086957,"gfa_m202":34782.6086957,"heavy_indu":0,"gfa_m203":0,"light_indu":0.0,"gfa_m204":0,"logistics_":0.0,"gfa_m205":0.0,"logistics1":0.0,"gfa_m206":0.0,"total_logi":0.0,"total_gfa_":0.0,"commercial":902.679598882,"gfa_m207":10982,"agri_minin":5920.80965,"total_empl":6823.48924888,"coverage":"Zone 1","shape_leng":21448.6651686,"shape_area":19657178.3644},"geometry":{"type":"MultiPolygon","coordinates":[[[[33.052969098249065,-2.4398925804670273],[33.05207424149775,-2.4391706629683996],[33.051385252081516,-2.4386990927610577],[33.05083191379978,-2.4380527478525065],[33.050207180779026,-2.4374243595326646],[33.049927540583425,-2.4371969451911872],[33.04957650634505,-2.4369934723095836],[33.0492730701303,-2.4368079526500863],[33.04908267935899,-2.4367361411819313],[33.048820881592206,-2.436305239132488],[33.04867808000617,-2.4360060010796736],[33.04854716580613,-2.4353716092026465],[33.048392447637525,-2.43455767203109],[33.04817229224278,-2.4340010873895106],[33.04770818439847,-2.4328639772220337],[33.047618927017275,-2.4324869339495723],[33.047410681229266,-2.4321817124231164],[33.04720243588271,-2.43191240099426],[33.04710127964481,-2.431541341911578],[33.04714886967452,-2.4313378543119337],[33.04711316917061,-2.431260052385366],[33.046940611912156,-2.43070346582361],[33.04679780257299,-2.43012293750455],[33.04676209451201,-2.42982369546695],[33.046762083200846,-2.4294945276771127],[33.04664307474773,-2.4290037720276305],[33.046482422745584,-2.428608776051306],[33.04639316792364,-2.4282616562653687],[33.04632771948399,-2.428171884990083],[33.04588742874438,-2.427507579744804],[33.045798175665944,-2.4272322783726943],[33.04542332880328,-2.4265081208012926],[33.04526861241475,-2.4256582738685126],[33.044596268469725,-2.4243176852036146],[33.04385255742099,-2.4238089946923083],[33.043685964993685,-2.4236414242743276],[33.043495568344284,-2.423318247314212],[33.043242030509354,-2.4230611449447426],[33.04088676611528,-2.4214284405697195],[33.04079156673853,-2.421260882087558],[33.04067256527215,-2.4209975750937427],[33.040553568660904,-2.420865923833151],[33.040375070330235,-2.4205667129767505],[33.04006567815935,-2.420195693840427],[33.03998237639148,-2.419968292242341],[33.03995857104838,-2.4197289203389594],[33.039803876067026,-2.419561363537594],[33.03962538362655,-2.419453651020727],[33.03950638462226,-2.4192621560556398],[33.03938738758576,-2.419106566699316],[33.039220792208866,-2.418891136013287],[33.03910179228391,-2.4186637353883667],[33.039006590248896,-2.4183884589987312],[33.03876859850692,-2.4181490932300846],[33.038625797034925,-2.417802006026534],[33.038601991297256,-2.4175386970055834],[33.038530583919915,-2.417095858516899],[33.03845917838313,-2.416748770155833],[33.03842346795299,-2.41631789917994],[33.03837586266699,-2.416006715755559],[33.03830446024514,-2.415767345151936],[33.03818546198467,-2.4155519129693865],[33.03811405995415,-2.415324509989405],[33.038018858027534,-2.415037265872639],[33.03789985954558,-2.414809864214926],[33.03774515920072,-2.4144508095878776],[33.037614265968024,-2.4143790010792903],[33.03740007439672,-2.4141755400024394],[33.036995489680606,-2.4137686170920776],[33.036721800853904,-2.4135292509979713],[33.036293418622314,-2.4131342979591697],[33.03594833479651,-2.412906902155573],[33.035389061312756,-2.412523919924957],[33.035186770080855,-2.41234439616048],[33.03467509707131,-2.412069130171913],[33.03424672036732,-2.4118537054990004],[33.03402063237055,-2.411722055420367],[33.03380643996081,-2.4114826881257234],[33.03336854115636,-2.4111308207560045],[33.033281905106264,-2.4109846526848093],[33.03318290760005,-2.4109106019605258],[33.03303039588678,-2.4108269715476545],[33.0329116035654,-2.4108196471086574],[33.03274025594122,-2.4108435883430057],[33.03257366729468,-2.4108627425672315],[33.03225519540323,-2.41089999751036],[33.03202392199463,-2.4107550378773306],[33.03112790211308,-2.4103205958490967],[33.03093751327569,-2.410248788949421],[33.030578154095494,-2.4100764479116235],[33.03029019062539,-2.4099543741504665],[33.03009980130376,-2.4098562361559277],[33.029968908746476,-2.4097772452230246],[33.0297428219628,-2.409667139422722],[33.02933673434776,-2.4094342289634723],[33.02914071423287,-2.4092817616020437],[33.02898540416786,-2.409088060719781],[33.02880752724889,-2.408803022461962],[33.02871709143168,-2.408735999993349],[33.0286123767049,-2.408633072189427],[33.028406055391876,-2.4085348790993506],[33.028267298213876,-2.4085050144692617],[33.028117367863494,-2.408476292718099],[33.027820837012214,-2.408418739626369],[33.027534155714626,-2.4082887778927584],[33.027397182476065,-2.408361597070912],[33.02713925310932,-2.4083865481043016],[33.0268358245991,-2.408436822203286],[33.02662164060377,-2.408494276155658],[33.026293222598035,-2.4084763292914593],[33.02591126016976,-2.4085086523405117],[33.025679225651736,-2.4084907034836642],[33.02549716696003,-2.40844761961652],[33.02514019029545,-2.408350680077237],[33.02488673539675,-2.408257329383402],[33.024665410003415,-2.408189112090803],[33.0244843763542,-2.4081223497303106],[33.024838160877124,-2.4075328836907217],[33.02510945170145,-2.4071127374779833],[33.02528436409192,-2.4069690972275994],[33.02556402525537,-2.406508176835088],[33.026116083707585,-2.4060533951287213],[33.02668008496063,-2.4056009272386905],[33.026922819196784,-2.4053962394453294],[33.027236948339876,-2.4052274603357193],[33.027883048170665,-2.404577488964496],[33.02813648969416,-2.4043045739715416],[33.02859340013559,-2.403898789259181],[33.02891109486572,-2.403589963517486],[33.02928947473826,-2.403288317160782],[33.029678561540976,-2.4028968977881937],[33.03000696607828,-2.4026455258183033],[33.0301711676946,-2.4025126576820175],[33.030267546271375,-2.4023905644457284],[33.03044245752032,-2.4022469235343196],[33.03067753440809,-2.401923308861097],[33.030927920962505,-2.401679546219815],[33.03145622065468,-2.4011768036735655],[33.032295082115176,-2.4006668728264335],[33.03245928268124,-2.400508868572649],[33.03298044279305,-2.399988171435599],[33.03337666366293,-2.399510568090036],[33.03398349169685,-2.398853414033025],[33.034461815069655,-2.3983865817320984],[33.034838252728136,-2.3980721366249487],[33.035039019284106,-2.3977319702208684],[33.03535583636187,-2.397368301577087],[33.03549861691574,-2.397160024017712],[33.03575205385956,-2.39678656152436],[33.03606260435139,-2.3964023240654218],[33.03655163134484,-2.3957918528352065],[33.03675509644109,-2.3955871652567438],[33.03685861325599,-2.395475843868485],[33.03711918516023,-2.3949766971841737],[33.037629733046664,-2.3941532728216672],[33.038111512324164,-2.3936336641050433],[33.038839697322224,-2.3927718205847306],[33.03932871609053,-2.391960257084029],[33.039692804174386,-2.391400062728885],[33.03950247711498,-2.3909578680860077],[33.03989582237292,-2.390864300436539],[33.04062877874377,-2.390509974081472],[33.04130063167166,-2.389905640578473],[33.04165681412314,-2.389767818250298],[33.041994726988996,-2.3893416846404123],[33.042551579924485,-2.3889777861999795],[33.04346540211598,-2.3887814539688192],[33.0445100927506,-2.388296372677913],[33.0445838720992,-2.388259536397834],[33.0453120737337,-2.388115875463371],[33.04579754206943,-2.3880584041351107],[33.04638650568136,-2.387985965057608],[33.04655600320147,-2.388190238811188],[33.0467463910037,-2.388405687838326],[33.04685586256931,-2.388477502599611],[33.04702244631552,-2.3885062244679496],[33.04708031455898,-2.388505310519926],[33.04721758582416,-2.388477490164664],[33.04761518869121,-2.3883563596733253],[33.04758226800641,-2.388312328082644],[33.04721335748899,-2.3879237526423944],[33.04703599614398,-2.3877775297137336],[33.04689838575688,-2.387696387358686],[33.046749137800624,-2.38717597382531],[33.046951616834505,-2.387019142678931],[33.04697470297405,-2.3869613058321955],[33.04700025018307,-2.386749228564119],[33.04720790998487,-2.386671629892936],[33.04750968091055,-2.386341638105621],[33.0474173079176,-2.386080316464955],[33.04746617262956,-2.385951172281136],[33.04747609086486,-2.3857661204447296],[33.047452990941814,-2.3856829195461584],[33.04737207321654,-2.3855201342107013],[33.047236424410805,-2.3854291683616555],[33.04689215882977,-2.3854375253285838],[33.046681935239434,-2.385232883864597],[33.04667002968021,-2.3850341859718287],[33.046631203386355,-2.384591700337869],[33.04656767910924,-2.384418944338917],[33.0462384266183,-2.3839440252518043],[33.04603140737852,-2.3836633572028396],[33.047211643868245,-2.3833245291542298],[33.04952825383381,-2.3822082252084984],[33.050669933458074,-2.38150678098949],[33.05074847175595,-2.3814585266379877],[33.052366540272544,-2.3801786692980693],[33.0535292021121,-2.3791810979394374],[33.05476399362396,-2.3779564668982136],[33.05595709701476,-2.3767731794767313],[33.05633685662174,-2.376576437061199],[33.060447193508296,-2.3748442561054466],[33.061223335194164,-2.37450272156056],[33.06149856899141,-2.374514686881124],[33.06268706468083,-2.375327580482607],[33.0633281023842,-2.3757660292049065],[33.06415672220817,-2.375954646681446],[33.06594735108223,-2.3763622442777974],[33.06606941821111,-2.376390030517187],[33.06617863739266,-2.3763559462670565],[33.06837055260603,-2.375671899586815],[33.07011562227267,-2.375325190864541],[33.070531452659544,-2.375626905518117],[33.07063369744927,-2.375701090937198],[33.07119704334558,-2.376418189155165],[33.07144833478489,-2.3767380643223244],[33.07157254427234,-2.376953208430703],[33.071680676532516,-2.3771405051769774],[33.07206393596504,-2.377804352407889],[33.07261115299464,-2.379042631962472],[33.07285056662133,-2.3796961709057878],[33.07330128983375,-2.3804651407947293],[33.07339324973477,-2.3809103178090054],[33.07343170927806,-2.38109649897439],[33.07393434421583,-2.38254137756329],[33.07440980059828,-2.383365927139866],[33.07557810231315,-2.3850363606051332],[33.07786356674706,-2.387560881231439],[33.07858821078135,-2.3880268564345055],[33.07962208825358,-2.3884671409477845],[33.07985397878273,-2.388518027869435],[33.08079192000316,-2.388723854437572],[33.08179809958262,-2.389082352239387],[33.081134140449564,-2.390170185989622],[33.08087438221769,-2.3923109661917565],[33.080614381643294,-2.3928695147477734],[33.080310405548516,-2.3935225348577465],[33.07909120850019,-2.3943824570052126],[33.07747001076742,-2.395095685313558],[33.07548421423659,-2.3960534288460167],[33.07352133371601,-2.3970220222479006],[33.071141714083176,-2.399165212456378],[33.06956130587437,-2.400570089542987],[33.0685770287688,-2.401779549856267],[33.06795017889521,-2.4027090370041457],[33.06703831197128,-2.4053913564613865],[33.06644909058737,-2.407457832211558],[33.065754547274054,-2.411540125055332],[33.06510226344242,-2.413081860383562],[33.06413984565754,-2.41535661851583],[33.062081366257644,-2.4188513887090677],[33.061351879828166,-2.4198256974166514],[33.058221941283726,-2.423498069527859],[33.05739536230249,-2.4245511723793864],[33.056041006495285,-2.4258567379973957],[33.055781097675876,-2.42619623125487],[33.05450354911174,-2.427864960212533],[33.0539223179961,-2.4288237910062054],[33.05364331765708,-2.4295100727016616],[33.05359961543794,-2.430949251727098],[33.053687764051226,-2.433708653767267],[33.05380612570365,-2.4362560433964897],[33.053839242506186,-2.4369687927647394],[33.05383929165826,-2.4382070995284417],[33.05363011108937,-2.4387956722721027],[33.052969098249065,-2.4398925804670273]]]]}},{"id":"17","type":"Feature","properties":{"id":"existing_water_supply_zone.18","ogc_fid":18,"objectid":24,"district_n":"Sangabuye South","planning_d":"Sangabuye South","dist_area_":1616,"cons__area":86.0,"area_less_":1529.97,"pr__pop":10000,"pr__du":2173.91304348,"pr_urb_den":1.42088605886,"ex__pop":7335,"ex__du":1467.0,"gfa_m2":117360,"new__pop":2665,"new_du":579.347826087,"dus_lo_den":0.0,"gfa_m200":0.0,"dus__med_d":115.869565217,"gfa_m201":17380.4347826,"dus_high_d":463.47826087,"gfa_m202":46347.826087,"heavy_indu":0,"gfa_m203":0,"light_indu":0.0,"gfa_m204":0,"logistics_":0.0,"gfa_m205":0.0,"logistics1":0.0,"gfa_m206":0.0,"total_logi":0.0,"total_gfa_":0.0,"commercial":902.679598882,"gfa_m207":10982,"agri_minin":5920.80965,"total_empl":6823.48924888,"coverage":"Zone 1","shape_leng":16202.6791053,"shape_area":16161820.028},"geometry":{"type":"MultiPolygon","coordinates":[[[[33.052969098249065,-2.4398925804670273],[33.0524464269183,-2.440759918505024],[33.0510693564656,-2.442094117225207],[33.049110562117924,-2.4435981147966532],[33.047273405444685,-2.444846050642541],[33.046751961031504,-2.4451716123861917],[33.04528992173035,-2.4460844278979037],[33.04190432283871,-2.4485267554269536],[33.03924220333775,-2.450486025460083],[33.037219190679735,-2.4522762130434996],[33.034768008690314,-2.4544239539792527],[33.0303427529599,-2.4589130912437187],[33.02947318467485,-2.4597874344192503],[33.02926740898612,-2.4601163334432514],[33.029161698426094,-2.459159613026389],[33.02901323227865,-2.4579652001858454],[33.02827150272301,-2.4574678674268213],[33.02646020424759,-2.455190703916974],[33.02305787516443,-2.451559245344279],[33.0166236045727,-2.4450877941886713],[33.01491021040997,-2.4422948494419856],[33.01479204460116,-2.44199772629459],[33.01313775197347,-2.440512123945832],[33.012251519046046,-2.43896708707721],[33.01228103468341,-2.436263258172867],[33.011572048385226,-2.4347182200043576],[33.01139479755305,-2.433767424207425],[33.01109938676072,-2.4331137538592618],[33.010626739702765,-2.433113757681984],[33.00968143362778,-2.431687569714251],[33.008736131965094,-2.430499079934136],[33.0082043948289,-2.4289540386567756],[33.007968061384915,-2.427290145055139],[33.00749540719328,-2.4256262527024384],[33.00735812662096,-2.425273388207531],[33.007553071306795,-2.425182009497567],[33.008064731643096,-2.4249096939349024],[33.00832948617941,-2.424742116454461],[33.0086358872614,-2.424544613229798],[33.00921893993412,-2.4240388871314273],[33.00954021392795,-2.42375759566227],[33.009760344057554,-2.423218955413808],[33.00980496487605,-2.423147136600071],[33.009813888426194,-2.4229975148314127],[33.00979008762079,-2.4226623623505223],[33.00981685908384,-2.422452891407159],[33.00988527722451,-2.422237435434624],[33.009953696107395,-2.422126714380771],[33.01024224645693,-2.421839438255944],[33.01041775735655,-2.4216449284223853],[33.01056351865797,-2.4214204942764215],[33.01086991476467,-2.4207322314442856],[33.01110194486157,-2.4204150310626456],[33.01118226265836,-2.4202953323085232],[33.01133694648424,-2.41985245061229],[33.0115927709727,-2.4192060819970114],[33.012119299897385,-2.4186973622877566],[33.01269937601033,-2.4182873929781468],[33.012871910558204,-2.418179663603504],[33.013475784785186,-2.4178863990135953],[33.01384762820895,-2.417661962231842],[33.01411535516171,-2.4174913907627227],[33.01449017252311,-2.4172280517110503],[33.01465973294009,-2.4171023679683756],[33.01488581334306,-2.4169527437831877],[33.01508214594168,-2.4168539904974224],[33.015198160851064,-2.416755238993016],[33.015314174944685,-2.416665464112044],[33.0154956348005,-2.416578681287082],[33.01566817042756,-2.41652481587957],[33.01583178048903,-2.416387161706244],[33.01586152789596,-2.4163871613576906],[33.015968618686806,-2.4163362885874693],[33.01602513809667,-2.4162644694229765],[33.01610248171514,-2.4162345439802473],[33.01619172369231,-2.4161387855232466],[33.01628988994267,-2.4160938975582957],[33.01639698012083,-2.4159951460583367],[33.01737567022537,-2.41554028306383],[33.01778915927282,-2.415345769187344],[33.017860552393465,-2.4152859191982374],[33.01805688389638,-2.4150704611029807],[33.01822346722411,-2.4148669728277947],[33.018526887104144,-2.4144480271746613],[33.01867264733122,-2.4142325696802],[33.01877378759053,-2.414163742598345],[33.01890170116829,-2.414067982520329],[33.01895227105388,-2.4139841938679187],[33.018976067609884,-2.413927337299466],[33.019044484967694,-2.4137896840676825],[33.01911587830896,-2.4136909328534846],[33.019303286046295,-2.4135622545569086],[33.01939550243384,-2.4134844500173203],[33.019440122429685,-2.4134126308796198],[33.01952043955556,-2.4133258489638396],[33.01957993346546,-2.413271984683822],[33.01968702387319,-2.4132211116197557],[33.0197762657918,-2.4131522837311454],[33.01981196066845,-2.412981714502627],[33.019924999455064,-2.4128829626355106],[33.01998151834047,-2.412799172951727],[33.02008563409954,-2.4127453079904138],[33.02034443524104,-2.4126076518554256],[33.020940131406995,-2.412046739780236],[33.021214994558335,-2.411816916670217],[33.02206100861808,-2.411504492419911],[33.022392987137074,-2.4112854406442485],[33.02276423050604,-2.4109802053870184],[33.02289987485495,-2.41074679343249],[33.02292485715888,-2.4103948821821484],[33.02301766476478,-2.4101435158607756],[33.0233139439569,-2.4098311000531494],[33.02346386797795,-2.4096443695482104],[33.023485283505735,-2.409489958768705],[33.023592372494214,-2.409382229159673],[33.023560244319846,-2.409328366295155],[33.023645915497234,-2.409242182060972],[33.02362449591129,-2.4091595914299444],[33.02376728097915,-2.4089872243532153],[33.0238815071185,-2.4087717668448008],[33.02405284608133,-2.408412671312832],[33.02416707467158,-2.40829057728828],[33.02438125622814,-2.4082941642915663],[33.0244843763542,-2.4081223497303106],[33.024665410003415,-2.408189112090803],[33.02488673539675,-2.408257329383402],[33.02514019029545,-2.408350680077237],[33.02549716696003,-2.40844761961652],[33.025679225651736,-2.4084907034836642],[33.02591126016976,-2.4085086523405117],[33.026293222598035,-2.4084763292914593],[33.02662164060377,-2.408494276155658],[33.0268358245991,-2.408436822203286],[33.02713925310932,-2.4083865481043016],[33.027397182476065,-2.408361597070912],[33.027534155714626,-2.4082887778927584],[33.027820837012214,-2.408418739626369],[33.028117367863494,-2.408476292718099],[33.028267298213876,-2.4085050144692617],[33.028406055391876,-2.4085348790993506],[33.0286123767049,-2.408633072189427],[33.02871709143168,-2.408735999993349],[33.02880752724889,-2.408803022461962],[33.02898540416786,-2.409088060719781],[33.02914071423287,-2.4092817616020437],[33.02933673434776,-2.4094342289634723],[33.0297428219628,-2.409667139422722],[33.029968908746476,-2.4097772452230246],[33.03009980130376,-2.4098562361559277],[33.03029019062539,-2.4099543741504665],[33.030578154095494,-2.4100764479116235],[33.03093751327569,-2.410248788949421],[33.03112790211308,-2.4103205958490967],[33.03202392199463,-2.4107550378773306],[33.03225519540323,-2.41089999751036],[33.03257366729468,-2.4108627425672315],[33.03274025594122,-2.4108435883430057],[33.0329116035654,-2.4108196471086574],[33.03303039588678,-2.4108269715476545],[33.03318290760005,-2.4109106019605258],[33.033281905106264,-2.4109846526848093],[33.03336854115636,-2.4111308207560045],[33.03380643996081,-2.4114826881257234],[33.03402063237055,-2.411722055420367],[33.03424672036732,-2.4118537054990004],[33.03467509707131,-2.412069130171913],[33.035186770080855,-2.41234439616048],[33.035389061312756,-2.412523919924957],[33.03594833479651,-2.412906902155573],[33.036293418622314,-2.4131342979591697],[33.036721800853904,-2.4135292509979713],[33.036995489680606,-2.4137686170920776],[33.03740007439672,-2.4141755400024394],[33.037614265968024,-2.4143790010792903],[33.03774515920072,-2.4144508095878776],[33.03789985954558,-2.414809864214926],[33.038018858027534,-2.415037265872639],[33.03811405995415,-2.415324509989405],[33.03818546198467,-2.4155519129693865],[33.03830446024514,-2.415767345151936],[33.03837586266699,-2.416006715755559],[33.03842346795299,-2.41631789917994],[33.03845917838313,-2.416748770155833],[33.038530583919915,-2.417095858516899],[33.038601991297256,-2.4175386970055834],[33.038625797034925,-2.417802006026534],[33.03876859850692,-2.4181490932300846],[33.039006590248896,-2.4183884589987312],[33.03910179228391,-2.4186637353883667],[33.039220792208866,-2.418891136013287],[33.03938738758576,-2.419106566699316],[33.03950638462226,-2.4192621560556398],[33.03962538362655,-2.419453651020727],[33.039803876067026,-2.419561363537594],[33.03995857104838,-2.4197289203389594],[33.03998237639148,-2.419968292242341],[33.04006567815935,-2.420195693840427],[33.040375070330235,-2.4205667129767505],[33.040553568660904,-2.420865923833151],[33.04067256527215,-2.4209975750937427],[33.04079156673853,-2.421260882087558],[33.04088676611528,-2.4214284405697195],[33.043242030509354,-2.4230611449447426],[33.043495568344284,-2.423318247314212],[33.043685964993685,-2.4236414242743276],[33.04385255742099,-2.4238089946923083],[33.044596268469725,-2.4243176852036146],[33.04526861241475,-2.4256582738685126],[33.04542332880328,-2.4265081208012926],[33.045798175665944,-2.4272322783726943],[33.04588742874438,-2.427507579744804],[33.04632771948399,-2.428171884990083],[33.04639316792364,-2.4282616562653687],[33.046482422745584,-2.428608776051306],[33.04664307474773,-2.4290037720276305],[33.046762083200846,-2.4294945276771127],[33.04676209451201,-2.42982369546695],[33.04679780257299,-2.43012293750455],[33.046940611912156,-2.43070346582361],[33.04711316917061,-2.431260052385366],[33.04714886967452,-2.4313378543119337],[33.04710127964481,-2.431541341911578],[33.04720243588271,-2.43191240099426],[33.047410681229266,-2.4321817124231164],[33.047618927017275,-2.4324869339495723],[33.04770818439847,-2.4328639772220337],[33.04817229224278,-2.4340010873895106],[33.048392447637525,-2.43455767203109],[33.04854716580613,-2.4353716092026465],[33.04867808000617,-2.4360060010796736],[33.048820881592206,-2.436305239132488],[33.04908267935899,-2.4367361411819313],[33.0492730701303,-2.4368079526500863],[33.04957650634505,-2.4369934723095836],[33.049927540583425,-2.4371969451911872],[33.050207180779026,-2.4374243595326646],[33.05083191379978,-2.4380527478525065],[33.051385252081516,-2.4386990927610577],[33.05207424149775,-2.4391706629683996],[33.052969098249065,-2.4398925804670273]]]]}},{"id":"18","type":"Feature","properties":{"id":"existing_water_supply_zone.19","ogc_fid":19,"objectid":25,"district_n":"Sangabuye West","planning_d":"Sangabuye West","dist_area_":2634,"cons__area":272.4002,"area_less_":2361.6,"pr__pop":50000,"pr__du":10869.5652174,"pr_urb_den":4.60262754801,"ex__pop":10597,"ex__du":2119.4,"gfa_m2":169552,"new__pop":39403,"new_du":8565.86956522,"dus_lo_den":5996.10869565,"gfa_m200":1199221.73913,"dus__med_d":1713.17391304,"gfa_m201":256976.086957,"dus_high_d":856.586956522,"gfa_m202":85658.6956522,"heavy_indu":0,"gfa_m203":0,"light_indu":3999.6,"gfa_m204":119988,"logistics_":0.0,"gfa_m205":0.0,"logistics1":0.0,"gfa_m206":0.0,"total_logi":0.0,"total_gfa_":0.0,"commercial":10467.8612527,"gfa_m207":127352,"agri_minin":13519.8,"total_empl":27987.2612527,"coverage":"Zone 1","shape_leng":29411.7072064,"shape_area":26343957.0743},"geometry":{"type":"MultiPolygon","coordinates":[[[[33.04603140737852,-2.3836633572028396],[33.0462384266183,-2.3839440252518043],[33.04656767910924,-2.384418944338917],[33.046631203386355,-2.384591700337869],[33.04667002968021,-2.3850341859718287],[33.046681935239434,-2.385232883864597],[33.04689215882977,-2.3854375253285838],[33.047236424410805,-2.3854291683616555],[33.04737207321654,-2.3855201342107013],[33.047452990941814,-2.3856829195461584],[33.04747609086486,-2.3857661204447296],[33.04746617262956,-2.385951172281136],[33.0474173079176,-2.386080316464955],[33.04750968091055,-2.386341638105621],[33.04720790998487,-2.386671629892936],[33.04700025018307,-2.386749228564119],[33.04697470297405,-2.3869613058321955],[33.046951616834505,-2.387019142678931],[33.046749137800624,-2.38717597382531],[33.04689838575688,-2.387696387358686],[33.04703599614398,-2.3877775297137336],[33.04721335748899,-2.3879237526423944],[33.04758226800641,-2.388312328082644],[33.04761518869121,-2.3883563596733253],[33.04721758582416,-2.388477490164664],[33.04708031455898,-2.388505310519926],[33.04702244631552,-2.3885062244679496],[33.04685586256931,-2.388477502599611],[33.0467463910037,-2.388405687838326],[33.04655600320147,-2.388190238811188],[33.04638650568136,-2.387985965057608],[33.04579754206943,-2.3880584041351107],[33.0453120737337,-2.388115875463371],[33.0445838720992,-2.388259536397834],[33.0445100927506,-2.388296372677913],[33.04346540211598,-2.3887814539688192],[33.042551579924485,-2.3889777861999795],[33.041994726988996,-2.3893416846404123],[33.04165681412314,-2.389767818250298],[33.04130063167166,-2.389905640578473],[33.04062877874377,-2.390509974081472],[33.03989582237292,-2.390864300436539],[33.03950247711498,-2.3909578680860077],[33.039692804174386,-2.391400062728885],[33.03932871609053,-2.391960257084029],[33.038839697322224,-2.3927718205847306],[33.038111512324164,-2.3936336641050433],[33.037629733046664,-2.3941532728216672],[33.03711918516023,-2.3949766971841737],[33.03685861325599,-2.395475843868485],[33.03675509644109,-2.3955871652567438],[33.03655163134484,-2.3957918528352065],[33.03606260435139,-2.3964023240654218],[33.03575205385956,-2.39678656152436],[33.03549861691574,-2.397160024017712],[33.03535583636187,-2.397368301577087],[33.035039019284106,-2.3977319702208684],[33.034838252728136,-2.3980721366249487],[33.034461815069655,-2.3983865817320984],[33.03398349169685,-2.398853414033025],[33.03337666366293,-2.399510568090036],[33.03298044279305,-2.399988171435599],[33.03245928268124,-2.400508868572649],[33.032295082115176,-2.4006668728264335],[33.03145622065468,-2.4011768036735655],[33.030927920962505,-2.401679546219815],[33.03067753440809,-2.401923308861097],[33.03044245752032,-2.4022469235343196],[33.030267546271375,-2.4023905644457284],[33.0301711676946,-2.4025126576820175],[33.03000696607828,-2.4026455258183033],[33.029678561540976,-2.4028968977881937],[33.02928947473826,-2.403288317160782],[33.02891109486572,-2.403589963517486],[33.02859340013559,-2.403898789259181],[33.02813648969416,-2.4043045739715416],[33.027883048170665,-2.404577488964496],[33.027236948339876,-2.4052274603357193],[33.026922819196784,-2.4053962394453294],[33.02668008496063,-2.4056009272386905],[33.026116083707585,-2.4060533951287213],[33.02556402525537,-2.406508176835088],[33.02528436409192,-2.4069690972275994],[33.02510945170145,-2.4071127374779833],[33.024838160877124,-2.4075328836907217],[33.0244843763542,-2.4081223497303106],[33.02438125622814,-2.4082941642915663],[33.02416707467158,-2.40829057728828],[33.02405284608133,-2.408412671312832],[33.0238815071185,-2.4087717668448008],[33.02376728097915,-2.4089872243532153],[33.02362449591129,-2.4091595914299444],[33.023645915497234,-2.409242182060972],[33.023560244319846,-2.409328366295155],[33.023592372494214,-2.409382229159673],[33.023485283505735,-2.409489958768705],[33.02346386797795,-2.4096443695482104],[33.0233139439569,-2.4098311000531494],[33.02301766476478,-2.4101435158607756],[33.02292485715888,-2.4103948821821484],[33.02289987485495,-2.41074679343249],[33.02276423050604,-2.4109802053870184],[33.022392987137074,-2.4112854406442485],[33.02206100861808,-2.411504492419911],[33.021214994558335,-2.411816916670217],[33.020940131406995,-2.412046739780236],[33.02034443524104,-2.4126076518554256],[33.02008563409954,-2.4127453079904138],[33.01998151834047,-2.412799172951727],[33.019924999455064,-2.4128829626355106],[33.01981196066845,-2.412981714502627],[33.0197762657918,-2.4131522837311454],[33.01968702387319,-2.4132211116197557],[33.01957993346546,-2.413271984683822],[33.01952043955556,-2.4133258489638396],[33.019440122429685,-2.4134126308796198],[33.01939550243384,-2.4134844500173203],[33.019303286046295,-2.4135622545569086],[33.01911587830896,-2.4136909328534846],[33.019044484967694,-2.4137896840676825],[33.018976067609884,-2.413927337299466],[33.01895227105388,-2.4139841938679187],[33.01890170116829,-2.414067982520329],[33.01877378759053,-2.414163742598345],[33.01867264733122,-2.4142325696802],[33.018526887104144,-2.4144480271746613],[33.01822346722411,-2.4148669728277947],[33.01805688389638,-2.4150704611029807],[33.017860552393465,-2.4152859191982374],[33.01778915927282,-2.415345769187344],[33.01737567022537,-2.41554028306383],[33.01639698012083,-2.4159951460583367],[33.01628988994267,-2.4160938975582957],[33.01619172369231,-2.4161387855232466],[33.01610248171514,-2.4162345439802473],[33.01602513809667,-2.4162644694229765],[33.015968618686806,-2.4163362885874693],[33.01586152789596,-2.4163871613576906],[33.01583178048903,-2.416387161706244],[33.01566817042756,-2.41652481587957],[33.0154956348005,-2.416578681287082],[33.015314174944685,-2.416665464112044],[33.015198160851064,-2.416755238993016],[33.01508214594168,-2.4168539904974224],[33.01488581334306,-2.4169527437831877],[33.01465973294009,-2.4171023679683756],[33.01449017252311,-2.4172280517110503],[33.01411535516171,-2.4174913907627227],[33.01384762820895,-2.417661962231842],[33.013475784785186,-2.4178863990135953],[33.012871910558204,-2.418179663603504],[33.01269937601033,-2.4182873929781468],[33.012119299897385,-2.4186973622877566],[33.0115927709727,-2.4192060819970114],[33.01133694648424,-2.41985245061229],[33.01118226265836,-2.4202953323085232],[33.01110194486157,-2.4204150310626456],[33.01086991476467,-2.4207322314442856],[33.01056351865797,-2.4214204942764215],[33.01041775735655,-2.4216449284223853],[33.01024224645693,-2.421839438255944],[33.009953696107395,-2.422126714380771],[33.00988527722451,-2.422237435434624],[33.00981685908384,-2.422452891407159],[33.00979008762079,-2.4226623623505223],[33.009813888426194,-2.4229975148314127],[33.00980496487605,-2.423147136600071],[33.009760344057554,-2.423218955413808],[33.00954021392795,-2.42375759566227],[33.00921893993412,-2.4240388871314273],[33.0086358872614,-2.424544613229798],[33.00832948617941,-2.424742116454461],[33.008064731643096,-2.4249096939349024],[33.007553071306795,-2.425182009497567],[33.00735812662096,-2.425273388207531],[33.006984890104945,-2.4254483395317297],[33.00672013532468,-2.425627887098226],[33.00597049383979,-2.4263819847484025],[33.005800932547224,-2.426549562260805],[33.00565814297781,-2.426624373264459],[33.00553022746408,-2.4267620260464153],[33.00538446437437,-2.4268877094412855],[33.00515243113572,-2.427016385062272],[33.004920398806696,-2.427160022903163],[33.0047359626174,-2.4273425625942626],[33.00461399703291,-2.427486199990084],[33.004444434272834,-2.4275729813066134],[33.004313544756975,-2.4276777166474393],[33.00395359641511,-2.427950029435927],[33.003620420976645,-2.428210372609504],[33.00342408502737,-2.4283151080374843],[33.003209900660856,-2.4284348066439336],[33.00298976715409,-2.428587421657985],[33.00273096137174,-2.4287968929398276],[33.00216872710838,-2.429197880351676],[33.0019753656242,-2.4293923891197244],[33.00167788727852,-2.429691632905368],[33.001076980065335,-2.43023027305203],[33.00075570282587,-2.4305654258902956],[33.0006545604967,-2.430750956872975],[33.00049392176802,-2.4308766397384933],[33.00039872855705,-2.431032246180438],[33.00023808976732,-2.431133989219214],[33.000065551680905,-2.4312357322392915],[32.99989301357668,-2.4312357322367255],[32.99968477853179,-2.4313314904817296],[32.9995181895388,-2.4315110366371284],[32.99936350064992,-2.431750430908499],[32.99918501230239,-2.4319000534024138],[32.998893482904144,-2.4321753567688273],[32.99854840623364,-2.4323848271605946],[32.998316372239806,-2.4325703578142424],[32.99822117865318,-2.4327319497250204],[32.99807243751335,-2.43309702664328],[32.99794154669883,-2.4333843003682767],[32.99775710868477,-2.433593770789029],[32.99757862077514,-2.433767331954869],[32.997459628446805,-2.433916953415731],[32.99728113853886,-2.4345992295177923],[32.99696580792151,-2.4356106722515283],[32.996721872647974,-2.4362929472062507],[32.996341094106015,-2.437442042736372],[32.99603766189787,-2.4383038635676275],[32.99604361059153,-2.4384834097698658],[32.995954365776804,-2.438866441663958],[32.99552004016533,-2.439734247582815],[32.994687086680244,-2.441362129586619],[32.99430035788796,-2.4420025095042237],[32.99396122664713,-2.4425471321630425],[32.99393147796978,-2.442702738409446],[32.99387792983263,-2.4430139518310314],[32.99386602926314,-2.4432772858586165],[32.993825489780356,-2.4433392698358483],[32.99366074637711,-2.4426899797000607],[32.99353699323829,-2.4423548573150926],[32.993403720986684,-2.441991009110895],[32.99324189026054,-2.441569711942902],[32.99298486380988,-2.441157989812234],[32.99272783715547,-2.440813291085618],[32.99263264213285,-2.4406792418446166],[32.99211858920392,-2.440008994406476],[32.99177588893797,-2.439281298116976],[32.99157598115241,-2.4388312765469644],[32.9914903077763,-2.4383621045641433],[32.99149030951881,-2.4380844315577606],[32.99152839037382,-2.437634410557715],[32.99151887330589,-2.4372801384736107],[32.99150935636244,-2.4369067170861265],[32.99148079979357,-2.436562019527829],[32.99145224287709,-2.4362747716812],[32.99143320615036,-2.4358439005122876],[32.99141416991084,-2.4354800537059536],[32.99141417142466,-2.435240680195527],[32.99133801673471,-2.4349055578758105],[32.99123330343232,-2.434704484097003],[32.991080995452066,-2.433986364361091],[32.990985802657676,-2.433612941474746],[32.99090013019513,-2.4332203693417784],[32.9908144564939,-2.4328852460134307],[32.99072878250807,-2.43259799864873],[32.99069070645419,-2.432329900005953],[32.99061455247402,-2.432071376651756],[32.99078590472527,-2.4318703047298356],[32.99084302378506,-2.4316022076422645],[32.99078590803435,-2.4313819839351125],[32.990700234017126,-2.431113885865257],[32.99051936821661,-2.4305106643637546],[32.99042417554683,-2.4301755418349473],[32.990024363465345,-2.429179747103676],[32.989833977384514,-2.428672274656316],[32.98966262975991,-2.4282988510707706],[32.989615034233324,-2.4281073531422153],[32.98957695791478,-2.4278009549378643],[32.989405609948086,-2.4274945565936967],[32.98931041746009,-2.427197732580646],[32.98904387600863,-2.426747709123837],[32.989005801141026,-2.426393436731986],[32.988939167710484,-2.4260487396599704],[32.98895820820846,-2.4257902169676875],[32.98896773019824,-2.4254455196111806],[32.988863017891035,-2.4252540202749],[32.988748788077494,-2.4248614477222246],[32.98867263477408,-2.424507174992773],[32.988615521505636,-2.424066727831438],[32.9885584090123,-2.4236454308747275],[32.98849177550297,-2.423339033282178],[32.988377544891655,-2.422965609992949],[32.98833947046187,-2.4225921882572496],[32.98819668550301,-2.421759168700845],[32.98813957406382,-2.421242122469065],[32.98809198051467,-2.420772951389311],[32.98800631043483,-2.4202942044091844],[32.98785400335263,-2.4198441816868455],[32.98778737043961,-2.4195090582741683],[32.98759698461421,-2.419212234148445],[32.987444678049656,-2.4187334865091676],[32.98708294459027,-2.4182930372871114],[32.98686400047426,-2.4180249367410394],[32.986654575401,-2.417775987369077],[32.98649274838703,-2.4174791633640065],[32.98629284273675,-2.4173068121620673],[32.98598822468833,-2.4170578617169727],[32.985769280087894,-2.4168759355863374],[32.98556348928526,-2.416710360568066],[32.98539802650043,-2.416540809709239],[32.985091158462396,-2.416442222623827],[32.985055462536195,-2.4163045699612544],[32.985067363768074,-2.4161130544037386],[32.985257749181685,-2.4160232829187955],[32.98532557662558,-2.4157791005859273],[32.98534461621863,-2.4156546158195478],[32.98535413760194,-2.4154439482099983],[32.98547312870839,-2.4153817065536627],[32.98546836986398,-2.415271584866606],[32.98549692859959,-2.415228494255335],[32.98557784177372,-2.4152141308777257],[32.985601641599835,-2.4150657063563052],[32.985577844749514,-2.414931644665448],[32.9855778461112,-2.4148023719116942],[32.9855968854154,-2.414701826035957],[32.98560640534324,-2.4146252198596043],[32.98553501329886,-2.4144528545212838],[32.98550645745647,-2.414309217218575],[32.98542554496425,-2.414179942690211],[32.985363671520496,-2.4140602448261363],[32.985268481293744,-2.413887879215145],[32.98502574428557,-2.4136389056949192],[32.98498290813247,-2.413610177639871],[32.98494959167457,-2.4135287832119694],[32.98498291044176,-2.4133995099209136],[32.98500671029955,-2.413251085405974],[32.984935318449416,-2.4129925381952066],[32.9848734455773,-2.4128297484832752],[32.984768736069334,-2.412686110309519],[32.98470210354787,-2.412494593859268],[32.984621192406046,-2.4123413794786117],[32.98442604956961,-2.4122456198518076],[32.984354656539345,-2.4121833760874387],[32.984268985452914,-2.412030162535129],[32.98419283470299,-2.4117716143216725],[32.98413096219512,-2.411589673455868],[32.98403101179213,-2.4114603995222694],[32.98392154219662,-2.4113407001225124],[32.98389774636036,-2.411139607673675],[32.98388822866891,-2.411019910359205],[32.983812076463394,-2.410895424470909],[32.983645493959074,-2.410641662919894],[32.983550305102476,-2.4103926909001165],[32.98348843389355,-2.410114992601722],[32.983464638314004,-2.409899536803346],[32.98334089393676,-2.409439896687899],[32.98323142616337,-2.4092627429702267],[32.983160032442626,-2.4092004991414986],[32.982888742500094,-2.408702553999929],[32.982764996678156,-2.4083817630547535],[32.98271264437086,-2.4081375792926845],[32.982636494428554,-2.407855092081302],[32.982541304849576,-2.4076923018268626],[32.98244135516583,-2.407610906473209],[32.98230808905577,-2.40740023700713],[32.98204155616725,-2.407108171706506],[32.981908291255664,-2.4068831379564295],[32.98177502707585,-2.4065384078891947],[32.98170363841462,-2.406179314398334],[32.9815465755442,-2.4058872495630728],[32.98140855117518,-2.405638276797444],[32.98138951480653,-2.4055090037671536],[32.98142759246416,-2.4054036704174715],[32.98149898822951,-2.4052935497407413],[32.98147519329843,-2.405058941870105],[32.98137524452598,-2.4048626370053134],[32.98125149820805,-2.404695058484094],[32.981099193931215,-2.4045226917747],[32.98097544648511,-2.4044412959804866],[32.98084218097121,-2.4042258385844617],[32.980813626827874,-2.4040103817520735],[32.98086122576641,-2.403809291141828],[32.980775554449515,-2.4037374714244946],[32.98066608541382,-2.40364171155907],[32.98049474221933,-2.403541163018698],[32.98038051379327,-2.40340709991757],[32.98025676834516,-2.403196431284304],[32.98018537769667,-2.4030144891783816],[32.980185380799234,-2.402799033650241],[32.98019490211294,-2.4026410334296684],[32.98015682864851,-2.402392061980451],[32.979971207681324,-2.402281937605384],[32.979847460795504,-2.402119146733032],[32.97976655108147,-2.401946780926833],[32.97969991976919,-2.4017552642083575],[32.979676123858596,-2.401611626832094],[32.979652329489134,-2.4014248985296507],[32.979647572213565,-2.4012429573865],[32.97964757568101,-2.4010083507326887],[32.97963330079703,-2.4007306520338023],[32.97963806231674,-2.4006253182276645],[32.97963330462015,-2.4004721055726455],[32.97950004023985,-2.400280586937763],[32.979366773777926,-2.4001704632667287],[32.97924778635225,-2.4001177949719046],[32.9791287981088,-2.400060337981806],[32.97906216457329,-2.400026821592953],[32.97906216661071,-2.3998927601290245],[32.979081208066496,-2.3996677293241366],[32.97908120952025,-2.399571971005872],[32.97905265436044,-2.399447485567262],[32.97905265530659,-2.3993852426149664],[32.97911929127758,-2.399255969952986],[32.97918592568571,-2.3991697891190222],[32.97917164906068,-2.3990740305817133],[32.97908597834332,-2.3989878474152246],[32.97902410544751,-2.398853784997901],[32.97903362623337,-2.398796329971833],[32.979047904738344,-2.398767603509891],[32.97901934886884,-2.3986909967766707],[32.9789622347784,-2.3986335407232833],[32.97890988094071,-2.398556933620038],[32.97879566487646,-2.397714260799934],[32.978748073823844,-2.397398258413234],[32.97879567201704,-2.3972498343441337],[32.9787385586594,-2.397149287352585],[32.978686205703625,-2.3970200128459647],[32.978667170073514,-2.3968667999568307],[32.97864813652232,-2.396579525596706],[32.97855294982356,-2.396311401161458],[32.97847204142522,-2.3960289145075766],[32.978453005906374,-2.395870912928282],[32.97844824857759,-2.395703336013053],[32.97847204807226,-2.395602790284575],[32.97846253080064,-2.395492668468958],[32.978443495140176,-2.3953442433540215],[32.978448256875566,-2.3951718788073038],[32.978429221295556,-2.395018665910956],[32.97836258914544,-2.394913330970265],[32.97827692054311,-2.39471223739838],[32.97819125105808,-2.394568598996806],[32.97810557954105,-2.3945542342835355],[32.97805798881179,-2.3942908992555147],[32.97809130713783,-2.3941999292456284],[32.978015158664306,-2.3939318050709097],[32.977915216156,-2.3934242860471837],[32.977748638143886,-2.3930891305559903],[32.97762965351317,-2.3928497332465444],[32.97761061673496,-2.392777914415246],[32.977582062186386,-2.3925768217303385],[32.97751543212942,-2.392409243787687],[32.97745831828162,-2.3923565763541426],[32.97740596484109,-2.3922751814080563],[32.977386928395504,-2.392184210545665],[32.977320296067255,-2.3921028153597765],[32.977267943195535,-2.391987905038573],[32.97726318609834,-2.391815540329936],[32.977248912120835,-2.391571356941915],[32.97707281082012,-2.3914660201082922],[32.97693002661868,-2.3913989869655756],[32.97677296336522,-2.3912888626339908],[32.97671585218441,-2.391135649059292],[32.97657307143386,-2.390814857165869],[32.97639697167031,-2.3906281252580124],[32.976306545161634,-2.39039351700685],[32.97616852335222,-2.3901397558924855],[32.97593531002358,-2.38995302292811],[32.9758639188816,-2.389818960188106],[32.97573541229593,-2.389785443448313],[32.975611666485044,-2.3897040462590144],[32.97548316212208,-2.3895460435753133],[32.97518807426682,-2.389421552333585],[32.974931059908506,-2.389426335427963],[32.97484538952886,-2.389368879580552],[32.97475020108356,-2.389263543934476],[32.97455030263149,-2.389148630776028],[32.974250456004576,-2.3889714727507343],[32.97401248015637,-2.3889954071548876],[32.97390777276993,-2.388846980337576],[32.973769750646994,-2.388641097694454],[32.97351274082891,-2.3884160616157772],[32.97332712254583,-2.3882915720895177],[32.97308914794843,-2.3882101733466645],[32.97279405937454,-2.388147924551758],[32.972537047338704,-2.3880473733067515],[32.97237522770959,-2.3878414909506693],[32.97199447487108,-2.3873914200526363],[32.97165839969006,-2.386824459180901],[32.97232937780228,-2.3866344001735844],[32.97283757720756,-2.386431885042729],[32.973432041712144,-2.3858341795203195],[32.975083576323684,-2.384621009254025],[32.976072751826834,-2.3838943860814936],[32.977746643866396,-2.382634095968322],[32.97838902307212,-2.3817376203962235],[32.979069602991046,-2.3803591171692298],[32.979347735635336,-2.3799929655562484],[32.979712194788,-2.379925581966908],[32.98019154218692,-2.379626640309815],[32.98048872849294,-2.3797616922163276],[32.980850358592235,-2.3804243608535707],[32.9818257338437,-2.38033889429449],[32.98229122052935,-2.3793951980142736],[32.98283768125167,-2.379694064044217],[32.98285688170175,-2.380359170584961],[32.98334089916236,-2.380232449605644],[32.98334252577252,-2.3806488093111806],[32.98381578674855,-2.3806774882838253],[32.983968938923326,-2.3809899172656332],[32.985023671623715,-2.3811110459427063],[32.98605919060521,-2.38157381784925],[32.98705637141985,-2.381525615957607],[32.98781383439609,-2.3823546301927636],[32.98783289208565,-2.3828558347445505],[32.98806443316016,-2.3839490586763645],[32.988868402222124,-2.3848126267069722],[32.98929975406686,-2.3855068629851313],[32.989577957723846,-2.3855259502109845],[32.99038319062292,-2.3861237638145645],[32.990686125134545,-2.3875820578983276],[32.990699504099396,-2.387646463238469],[32.9921664645247,-2.388273225747904],[32.99300077796154,-2.3881190070747764],[32.99352811095195,-2.3878971269457128],[32.993696965806485,-2.3876832336914293],[32.99374868748368,-2.387617715872666],[32.994001549837996,-2.38755300053042],[32.99533061128374,-2.387212851571832],[32.99564777271402,-2.386899211315247],[32.995925066456884,-2.386624995875469],[32.99673045279156,-2.386528393777337],[32.9970085077623,-2.386403206412004],[32.997356303347395,-2.3864536706338475],[32.99787129943516,-2.386528395120652],[32.998437124951934,-2.3863452279566495],[32.9992041653202,-2.386403209446926],[32.99973149755321,-2.386249076018875],[33.000239770211465,-2.385978345616074],[33.00038343102414,-2.385901824313059],[33.001198383398275,-2.384966985062763],[33.00233930115161,-2.383627003651848],[33.00335083668465,-2.3825922978651],[33.00343245185854,-2.3825088136588866],[33.00405176706369,-2.381661807045745],[33.00445641230691,-2.3811083926727368],[33.0053113370217,-2.3801796576506957],[33.00594434157396,-2.379356856812045],[33.006557996199746,-2.3782964661523986],[33.00712376449997,-2.3766023122411495],[33.007085234808926,-2.3751831376080697],[33.00683602368309,-2.3732744765840383],[33.007123716066225,-2.3729371735005134],[33.007679821356255,-2.3733421316804506],[33.00821845432511,-2.3731372644999325],[33.008677419811185,-2.372962697617],[33.00883120945232,-2.372914772674275],[33.00947250981187,-2.373312994838127],[33.010163003959455,-2.3733421155908974],[33.01031630456112,-2.3729660989217214],[33.01149570996125,-2.373496147392431],[33.01158197111428,-2.373901107830334],[33.011246368316016,-2.3744022245901113],[33.01170657862993,-2.374864980897945],[33.01153754425418,-2.3751430717726887],[33.011495724124295,-2.375211872517165],[33.011358043079,-2.375217524546501],[33.01030407648276,-2.3752607902572977],[33.00931929353591,-2.3753083132147013],[33.00863851790985,-2.375867410657504],[33.00873442532332,-2.3773327600001726],[33.00958881391067,-2.3789734508522216],[33.009619813101395,-2.379053799786107],[33.009682728509574,-2.3791537954093593],[33.00986781797076,-2.379375836979799],[33.01090131784432,-2.380571347892473],[33.011370954039954,-2.3816316423307913],[33.01230110134225,-2.383289739365482],[33.01307778924565,-2.3839453397926302],[33.013683205298236,-2.384278949612589],[33.013969436258066,-2.3844366748129673],[33.0145567027437,-2.3845205580154807],[33.01552272880348,-2.3846585417345185],[33.01593755590236,-2.384902499407341],[33.016423870424326,-2.385188498463746],[33.016971525299255,-2.3851884926941236],[33.01732515451727,-2.385188488268092],[33.01933863928449,-2.384099308018592],[33.019645387952636,-2.383472822639887],[33.020088092622075,-2.3833767149935126],[33.02048918869217,-2.3832896405574266],[33.02064248523923,-2.382817199491934],[33.02062575809906,-2.3827547631650168],[33.02057535990777,-2.3825666435561987],[33.02119858087959,-2.3820750188378526],[33.02141914940792,-2.3816989990485777],[33.021793026017605,-2.381631515478911],[33.02240991734308,-2.3820713454191527],[33.022780577071075,-2.3824122959395053],[33.023264860552715,-2.3829312681136137],[33.02352972839286,-2.3832408435990167],[33.0238352587218,-2.383597943296235],[33.02470769995467,-2.38415693207175],[33.025378917610574,-2.3842532517393207],[33.02643357370164,-2.384002857631024],[33.028264824503374,-2.3830676205147427],[33.02836291995331,-2.382993667536215],[33.02876337050614,-2.382691775661004],[33.02950162278405,-2.3822290895095857],[33.03071914305017,-2.381698822358378],[33.03180279476445,-2.38134223011381],[33.03262716622889,-2.3814289562721935],[33.033528514041606,-2.3810818638461013],[33.03502863526169,-2.380970362097766],[33.03549401886959,-2.380956626436472],[33.036510399688154,-2.380667328964958],[33.03737311626254,-2.3807829055058503],[33.03856208918851,-2.380648006840694],[33.039185312354036,-2.38049376420533],[33.04016344646175,-2.3810430613994877],[33.04039344491346,-2.3812553491161297],[33.04063699524324,-2.3821053240781356],[33.04068861343719,-2.3822747812113123],[33.040853699452164,-2.3828167463697363],[33.04123715914365,-2.383298581755823],[33.04277126204484,-2.384050475934218],[33.04351233011514,-2.3841350521099423],[33.04572430483273,-2.3837515216221505],[33.04603140737852,-2.3836633572028396]]]]}},{"id":"19","type":"Feature","properties":{"id":"existing_water_supply_zone.20","ogc_fid":20,"objectid":26,"district_n":"Usagara East","planning_d":"Usagara East","dist_area_":1405,"cons__area":272.0,"area_less_":1132.68,"pr__pop":100000,"pr__du":21739.1304348,"pr_urb_den":19.1926496758,"ex__pop":3759,"ex__du":751.8,"gfa_m2":60144,"new__pop":96241,"new_du":20921.9565217,"dus_lo_den":2092.19565217,"gfa_m200":418439.130435,"dus__med_d":8368.7826087,"gfa_m201":1255317.3913,"dus_high_d":10460.9782609,"gfa_m202":1046097.82609,"heavy_indu":63000,"gfa_m203":2520000,"light_indu":7200.0,"gfa_m204":216000,"logistics_":14674.0,"gfa_m205":1027180.0,"logistics1":34239.6,"gfa_m206":410875.2,"total_logi":48913.6,"total_gfa_":1438055.2,"commercial":17788.097978,"gfa_m207":216410,"agri_minin":0.0,"total_empl":136901.697978,"coverage":"Zone 3","shape_leng":18189.5211264,"shape_area":14053009.5276},"geometry":{"type":"MultiPolygon","coordinates":[[[[32.99894684347262,-2.635562928489277],[32.99858120670665,-2.635983760847679],[32.99816289745799,-2.636453709197873],[32.998755767686575,-2.6545245130903377],[32.99916622993198,-2.6632847225889638],[32.99917858015643,-2.6634337656030884],[32.99934866053735,-2.6654862418391305],[32.99884696865923,-2.6708524424435067],[33.0028604806872,-2.6698892748912457],[33.00591622310981,-2.669889264841188],[33.00805980963544,-2.6706689562339014],[33.00901758661504,-2.6717238434759363],[33.01016676171079,-2.6742128721186873],[33.00987510839206,-2.6743983775556313],[33.00928895611394,-2.674679644901156],[33.0088426469286,-2.67488610629755],[33.008280296710446,-2.6750925683226408],[33.007572151803565,-2.6754037573486853],[33.00698302214564,-2.675628172133395],[33.00662299856272,-2.675765813162126],[33.006010065863286,-2.676062038562147],[33.00521860923173,-2.676394171717061],[33.00459674954411,-2.6766993730397584],[33.00372495589749,-2.6771122930750364],[33.002826382437625,-2.6774833223721397],[33.00230568589583,-2.6777077347355407],[33.001662996845326,-2.6779710444225007],[33.001222636386345,-2.67815057413781],[33.00067218496254,-2.678383962427044],[32.99996106018461,-2.6786592406477916],[32.99957909682313,-2.678790137647476],[32.99947674208459,-2.678727900362828],[32.99916729930549,-2.678445441422043],[32.99898401434956,-2.678306605325358],[32.99879834802096,-2.6781941000625253],[32.998607921624654,-2.678103138775807],[32.99824098738795,-2.6779891386163417],[32.99755105535032,-2.6778781269240404],[32.997158301014366,-2.677832645983003],[32.99680839270385,-2.677820676626059],[32.996551317058326,-2.677835038298746],[32.99629900137559,-2.6778853054087866],[32.99606334900561,-2.677961903384546],[32.99583721668796,-2.678060045357093],[32.995615846134726,-2.6781797304098136],[32.99532782503198,-2.678409526383069],[32.99472321790246,-2.678991198609116],[32.994137654088036,-2.679582445232918],[32.99387343504947,-2.6799032020516034],[32.993780601605415,-2.680013312792799],[32.993716332315046,-2.6801114551823453],[32.99369213135465,-2.6801481584927442],[32.993669718117104,-2.6803395302996593],[32.99351398484855,-2.6804950113086377],[32.99166449352513,-2.6785318036992223],[32.990622630792295,-2.6773629424597414],[32.989942815252455,-2.676621840473911],[32.98922110679705,-2.675829034099788],[32.98862317409385,-2.675174107224026],[32.988067136579254,-2.6745689688118213],[32.98746158879462,-2.6738987208175033],[32.986781776237564,-2.6731499577163214],[32.98640854659842,-2.6727458937168147],[32.98597628550037,-2.672278634486453],[32.985584013832344,-2.671843929983372],[32.9850812972946,-2.671296241217227],[32.98469473912573,-2.670853876260994],[32.984134896430355,-2.6702429919440505],[32.983795945025946,-2.6698504174794597],[32.98322848595087,-2.669235702072833],[32.98285906697027,-2.668823976795323],[32.982388724418726,-2.6683107561541295],[32.982011689099714,-2.667931585825203],[32.98156610009217,-2.6675428388311375],[32.98124999882381,-2.667313036962354],[32.980861535873366,-2.6670545082321238],[32.98041594692986,-2.6667615105799873],[32.979936082173865,-2.666435955983814],[32.979465739361515,-2.6660663579528094],[32.9789782588577,-2.665679524598975],[32.978551714556176,-2.6652831165993156],[32.97815754294512,-2.664911604110827],[32.97767196895347,-2.6644137018486056],[32.977359679433114,-2.6640728297182363],[32.97699407346322,-2.663638123839749],[32.97660371255591,-2.663138306743661],[32.97623049130393,-2.662627000859225],[32.97594295878898,-2.6622057004527155],[32.97555260063282,-2.661656094659603],[32.97525554776179,-2.661229048950006],[32.97502323788267,-2.660892008398048],[32.97458146750098,-2.6602677168970987],[32.974204438496486,-2.659773644254051],[32.973819793383555,-2.659281487521522],[32.97346561439949,-2.658856354535495],[32.97319522040746,-2.6585020779610007],[32.972829617695176,-2.658059710596149],[32.972355475739484,-2.65752159182142],[32.97101428061376,-2.6560681157251804],[32.97019548515474,-2.6551058206405833],[32.96868166741604,-2.653324853934061],[32.9673564455666,-2.651717496440248],[32.967099383561774,-2.6514086989771193],[32.966545986695465,-2.6507444266864892],[32.96601758259155,-2.6501016979480974],[32.965478468676835,-2.6494338347516795],[32.96520712541104,-2.6491106741183468],[32.96482867620086,-2.648633115963937],[32.964264570346664,-2.647950889148743],[32.96375045047728,-2.647300979117855],[32.963382711759614,-2.6468485556721983],[32.96311137049509,-2.646525394579131],[32.96295427850916,-2.6463422707079873],[32.96278647571838,-2.6461232401006396],[32.96230805855737,-2.645555913079823],[32.96192603944304,-2.645096307125487],[32.96149046577773,-2.6446007929920414],[32.96097634737694,-2.643993968035597],[32.96069786709811,-2.6436672162739185],[32.96029442842601,-2.6431393880732186],[32.959664092606246,-2.642280042467543],[32.959374777083404,-2.6418126952777823],[32.95961604161301,-2.64161076498802],[32.96014400110952,-2.6413944182089013],[32.96091343024033,-2.6409601769315363],[32.961533004675346,-2.6407442847979294],[32.962198423055824,-2.6405282109982715],[32.96340255198206,-2.640279954011139],[32.964412400118746,-2.63991590915096],[32.965203403851916,-2.639827106542729],[32.965742787517044,-2.639622155287279],[32.96629419107348,-2.6392447081075425],[32.96653483563285,-2.639257107443744],[32.96683245144623,-2.639350552789042],[32.96710781716589,-2.6392595646244015],[32.96749734463795,-2.6392725992112114],[32.96798923990352,-2.6394931376438584],[32.96842491108356,-2.639437520507837],[32.96888350506085,-2.6394048781724004],[32.96985646803659,-2.6396389949944403],[32.970544283536206,-2.6396071727528962],[32.972284805203834,-2.6399480405635316],[32.973043553001226,-2.639283587140154],[32.973950733021454,-2.6387925362057967],[32.974869859216014,-2.6381749402821244],[32.9751682945982,-2.638015115399767],[32.97564966082145,-2.637994139140705],[32.97588007572607,-2.6376728542596704],[32.97612109383499,-2.6375702839375355],[32.97641900817091,-2.63759435058738],[32.976613884017375,-2.6375605260113884],[32.976763438135805,-2.6374002446583873],[32.97687916634987,-2.637089992261359],[32.97722441451354,-2.6367116324780993],[32.97768382715142,-2.6364601801992515],[32.97808612151116,-2.636105429781516],[32.97828218847089,-2.6357954509797517],[32.97913075504784,-2.6356378946226804],[32.979589496055624,-2.6355362337879122],[32.98003681392696,-2.635411324992627],[32.98094130768893,-2.635622094840492],[32.98118232392153,-2.6355311925631884],[32.98148172781776,-2.635117916942894],[32.98148269612164,-2.634853250157268],[32.98217110479494,-2.634660594433636],[32.98268763445596,-2.6344210824576595],[32.98322634137641,-2.63438861685127],[32.984073491873716,-2.634610781265232],[32.98499089865597,-2.6343959649440607],[32.985976921355075,-2.6342504382784724],[32.98648373800579,-2.63357349032361],[32.986988321460906,-2.6334833153355044],[32.98749268217527,-2.6334395403600914],[32.9884191315808,-2.633891906037627],[32.989380521415775,-2.6342181800111466],[32.990252229743696,-2.63400281837991],[32.99105435557257,-2.634029326296139],[32.99174276273033,-2.6337789569706613],[32.99222375407626,-2.6338498754150574],[32.99255438696121,-2.6337573167507067],[32.992991756685015,-2.6337953364106714],[32.99374655237574,-2.634178229344978],[32.994057226366465,-2.6338573033232175],[32.99429877452661,-2.6338261206705096],[32.99518040929214,-2.6337929050080535],[32.995786693451805,-2.6340598340152206],[32.99693064647523,-2.634570898435316],[32.997090241498235,-2.6349941742849055],[32.99727051061754,-2.635135177551793],[32.997558592763795,-2.6351832692884316],[32.99848512084537,-2.635658783680603],[32.998847862305695,-2.635511601997346],[32.99894684347262,-2.635562928489277]]]]}},{"id":"20","type":"Feature","properties":{"id":"existing_water_supply_zone.21","ogc_fid":21,"objectid":29,"district_n":"Usagara West","planning_d":"Usagara West","dist_area_":1585,"cons__area":388.1013,"area_less_":1196.9,"pr__pop":100000,"pr__du":21739.1304348,"pr_urb_den":18.1628627578,"ex__pop":6760,"ex__du":1352.0,"gfa_m2":108160,"new__pop":93240,"new_du":20269.5652174,"dus_lo_den":2026.95652174,"gfa_m200":405391.304348,"dus__med_d":8107.82608696,"gfa_m201":1216173.91304,"dus_high_d":10134.7826087,"gfa_m202":1013478.26087,"heavy_indu":0,"gfa_m203":0,"light_indu":7200.0,"gfa_m204":216000,"logistics_":0.0,"gfa_m205":0.0,"logistics1":0.0,"gfa_m206":0.0,"total_logi":0.0,"total_gfa_":0.0,"commercial":17788.097978,"gfa_m207":216410,"agri_minin":0.0,"total_empl":24988.097978,"coverage":"Zone 3","shape_leng":19395.0843242,"shape_area":15848137.2636},"geometry":{"type":"MultiPolygon","coordinates":[[[[32.959374777083404,-2.6418126952777823],[32.959664092606246,-2.642280042467543],[32.96029442842601,-2.6431393880732186],[32.96069786709811,-2.6436672162739185],[32.96097634737694,-2.643993968035597],[32.96149046577773,-2.6446007929920414],[32.96192603944304,-2.645096307125487],[32.96230805855737,-2.645555913079823],[32.96278647571838,-2.6461232401006396],[32.96295427850916,-2.6463422707079873],[32.96311137049509,-2.646525394579131],[32.963382711759614,-2.6468485556721983],[32.96375045047728,-2.647300979117855],[32.964264570346664,-2.647950889148743],[32.96482867620086,-2.648633115963937],[32.96520712541104,-2.6491106741183468],[32.965478468676835,-2.6494338347516795],[32.96601758259155,-2.6501016979480974],[32.966545986695465,-2.6507444266864892],[32.967099383561774,-2.6514086989771193],[32.9673564455666,-2.651717496440248],[32.96868166741604,-2.653324853934061],[32.97019548515474,-2.6551058206405833],[32.97101428061376,-2.6560681157251804],[32.972355475739484,-2.65752159182142],[32.972829617695176,-2.658059710596149],[32.97319522040746,-2.6585020779610007],[32.97346561439949,-2.658856354535495],[32.973819793383555,-2.659281487521522],[32.974204438496486,-2.659773644254051],[32.97458146750098,-2.6602677168970987],[32.97502323788267,-2.660892008398048],[32.97525554776179,-2.661229048950006],[32.97555260063282,-2.661656094659603],[32.97594295878898,-2.6622057004527155],[32.97623049130393,-2.662627000859225],[32.97660371255591,-2.663138306743661],[32.97699407346322,-2.663638123839749],[32.977359679433114,-2.6640728297182363],[32.97767196895347,-2.6644137018486056],[32.97815754294512,-2.664911604110827],[32.978551714556176,-2.6652831165993156],[32.9789782588577,-2.665679524598975],[32.979465739361515,-2.6660663579528094],[32.979936082173865,-2.666435955983814],[32.98041594692986,-2.6667615105799873],[32.980861535873366,-2.6670545082321238],[32.98124999882381,-2.667313036962354],[32.98156610009217,-2.6675428388311375],[32.982011689099714,-2.667931585825203],[32.982388724418726,-2.6683107561541295],[32.98285906697027,-2.668823976795323],[32.98322848595087,-2.669235702072833],[32.983795945025946,-2.6698504174794597],[32.984134896430355,-2.6702429919440505],[32.98469473912573,-2.670853876260994],[32.9850812972946,-2.671296241217227],[32.985584013832344,-2.671843929983372],[32.98597628550037,-2.672278634486453],[32.98640854659842,-2.6727458937168147],[32.986781776237564,-2.6731499577163214],[32.98746158879462,-2.6738987208175033],[32.988067136579254,-2.6745689688118213],[32.98862317409385,-2.675174107224026],[32.98922110679705,-2.675829034099788],[32.989942815252455,-2.676621840473911],[32.990622630792295,-2.6773629424597414],[32.99166449352513,-2.6785318036992223],[32.99351398484855,-2.6804950113086377],[32.993014001099034,-2.680994183041925],[32.99233084054902,-2.681595002822639],[32.9919118987356,-2.6819827832190613],[32.991338234276576,-2.6824974289289396],[32.99099784357003,-2.6827894607246345],[32.99052653231877,-2.6832227203314236],[32.990233748726645,-2.6834860275375214],[32.98969816754651,-2.683967161168134],[32.98916258695308,-2.684436325162095],[32.988807912739475,-2.6847666555562406],[32.98836278499313,-2.6851568274363538],[32.98797240456943,-2.6854919449974157],[32.987648674909295,-2.6857791882419777],[32.987020257422124,-2.686348886911625],[32.98671557055764,-2.686626555493334],[32.98615856366883,-2.687126836516622],[32.9857634218242,-2.687469134029644],[32.98514928512359,-2.6880077141626586],[32.98468749226833,-2.688407459072051],[32.98424236202248,-2.688788054796059],[32.98354967317149,-2.6892811520963464],[32.98292601521595,-2.6896928635142934],[32.981664417201955,-2.6904277170711066],[32.98084318850171,-2.6908106996701187],[32.98032426711281,-2.691045276112756],[32.97932693497972,-2.6914485991609993],[32.98051218721445,-2.6907118116517967],[32.980192947188634,-2.6893358581650153],[32.97955445857721,-2.687226060469782],[32.974127158959924,-2.6806214044118817],[32.97116265590536,-2.6785115506038233],[32.96746842019174,-2.676814453511419],[32.96500559671951,-2.675851221848548],[32.96254277616202,-2.674979714429249],[32.961174540105524,-2.674566888635175],[32.958802940630136,-2.673695375724221],[32.95656816321266,-2.6729614595882456],[32.95492629203039,-2.6723192914680087],[32.95415098268318,-2.6714936937982174],[32.952965194134194,-2.670897403765666],[32.95164258981272,-2.6701176488644838],[32.9498183175661,-2.6688333562486575],[32.947948458710805,-2.667182140543677],[32.946261026212,-2.665714389285746],[32.945774821978745,-2.6654146842859228],[32.94343341457127,-2.6639713944036383],[32.94010414557794,-2.6618155838984574],[32.939682831479566,-2.6615459334567793],[32.938599136939786,-2.660852345223202],[32.93769825513993,-2.660342682352097],[32.93713973103904,-2.6600267026283277],[32.93609077292817,-2.6596597291663655],[32.93481381225842,-2.6586047695335533],[32.93321763323299,-2.6569535445474957],[32.929979738384006,-2.6526420606883776],[32.931119968766716,-2.651816556155587],[32.93116927942792,-2.6517545777161],[32.931736593696385,-2.651041510226139],[32.931965484376576,-2.650495858734356],[32.93215254933222,-2.6495644719295712],[32.93256801379577,-2.64878397346995],[32.93333866119342,-2.648016158296164],[32.93464824713731,-2.647158370080347],[32.935408068727966,-2.6462525213107613],[32.93656997115504,-2.6450835641508124],[32.93800588615843,-2.644169064726537],[32.938350322037785,-2.64400934071338],[32.93948659400627,-2.6434847690314154],[32.93987710071761,-2.6432448156837896],[32.94053147493746,-2.642948250535905],[32.94159860177097,-2.642549764765145],[32.94224095055246,-2.642414296453536],[32.94282423184344,-2.642681431124198],[32.94322563426113,-2.6426139722441016],[32.94351242386915,-2.642546327060667],[32.94399409215296,-2.6424561668282127],[32.94415372506405,-2.642617541080473],[32.94471505787254,-2.642677538141733],[32.94526714393895,-2.642150582543512],[32.94571424041027,-2.6420950635081732],[32.94603455272526,-2.6422342844375493],[32.946196057813424,-2.6419817461987236],[32.946254377311796,-2.641705956768351],[32.946597761136935,-2.6418108979412938],[32.94672267133242,-2.6420989967232584],[32.94700893613826,-2.6421806877280867],[32.9473191000445,-2.6419748291162035],[32.94782406500448,-2.6417468176227454],[32.948271012701,-2.6417371586367175],[32.94866091503468,-2.641681094212832],[32.94869496181529,-2.641738895249789],[32.94912936199545,-2.6419822312685786],[32.949664885330215,-2.641953150250605],[32.95011569410098,-2.6417906922745544],[32.95042435796736,-2.641987621665656],[32.951010936730285,-2.6414147133665185],[32.95137739322818,-2.6415080764751218],[32.95183598962819,-2.6414179122619346],[32.952213419055276,-2.6416266929590786],[32.95237267525111,-2.6419495264009285],[32.95262384785264,-2.642169337841166],[32.9529092893319,-2.64245798408724],[32.95337885944208,-2.642494365147735],[32.95376749042092,-2.6427605835411283],[32.95411027553723,-2.6430266191704814],[32.954863191819925,-2.643927199955663],[32.95592949108944,-2.6437589946151006],[32.95616841624886,-2.64420882819728],[32.95652315057959,-2.644336831885248],[32.95699361889127,-2.6441774689441533],[32.95751985936016,-2.6443982832266966],[32.957840996956826,-2.6443192382751795],[32.95808351414088,-2.643859835046279],[32.957981523980116,-2.643537184306751],[32.95799414542435,-2.6432267502260505],[32.958200894636164,-2.643123910854973],[32.95859169716368,-2.6427803831922843],[32.958753350921185,-2.642447068365056],[32.95905261109421,-2.642137727638669],[32.95932857807716,-2.6418513622547843],[32.959374777083404,-2.6418126952777823]]]]}},{"id":"21","type":"Feature","properties":{"id":"existing_water_supply_zone.22","ogc_fid":22,"objectid":45,"district_n":"Bugogwa West","planning_d":"Bugogwa West","dist_area_":4258,"cons__area":2022.21,"area_less_":2235.78,"pr__pop":50000,"pr__du":10869.5652174,"pr_urb_den":4.86164346107,"ex__pop":16925,"ex__du":3385.0,"gfa_m2":270800,"new__pop":33075,"new_du":7190.2173913,"dus_lo_den":5033.15217391,"gfa_m200":1006630.43478,"dus__med_d":1438.04347826,"gfa_m201":215706.521739,"dus_high_d":719.02173913,"gfa_m202":71902.173913,"heavy_indu":0,"gfa_m203":0,"light_indu":3999.6,"gfa_m204":119988,"logistics_":0.0,"gfa_m205":0.0,"logistics1":0.0,"gfa_m206":0.0,"total_logi":0.0,"total_gfa_":0.0,"commercial":1805.35919776,"gfa_m207":21964,"agri_minin":13519.8,"total_empl":19324.7591978,"coverage":"Zone 1","shape_leng":22250.7520118,"shape_area":18299930.7872},"geometry":{"type":"MultiPolygon","coordinates":[[[[32.94509420967177,-2.4338905011530922],[32.94258743368216,-2.4305181619698097],[32.94308520815062,-2.429515053608446],[32.94390371959065,-2.4278655959975572],[32.93916037357059,-2.4262186303325706],[32.93734630053545,-2.425588750206183],[32.93532828975826,-2.4239084188466284],[32.932759196471096,-2.42305416561406],[32.92948753164929,-2.4220678362801342],[32.92346042982907,-2.4205558747791307],[32.92336762616821,-2.4205277083165724],[32.92329407036014,-2.4200997438510705],[32.92319895138863,-2.4185526882764137],[32.92293239933612,-2.4179766545756003],[32.9227905506501,-2.4176701112784182],[32.922880182171724,-2.4168755918506033],[32.92372295683128,-2.4158384693399007],[32.925007692523586,-2.4152391066425714],[32.926519408946454,-2.414471945848377],[32.92734019029367,-2.4138872337558155],[32.92787865980649,-2.4134972162499153],[32.92907716510631,-2.413323880099801],[32.929681241959585,-2.412466140650959],[32.93070711267659,-2.4116852178454895],[32.9315124453457,-2.4116860151309845],[32.93226480086001,-2.411617258064698],[32.93265304125908,-2.411613011661125],[32.93396713758439,-2.41159863609837],[32.934389042624915,-2.4109142850116347],[32.937735200336974,-2.411945975324067],[32.93823241664183,-2.4113334992003472],[32.93923672023615,-2.4099721005784738],[32.94041567453839,-2.4085228749953393],[32.94077704418227,-2.40808291289802],[32.941245307429995,-2.4075128068536227],[32.942511673070236,-2.4039555386554436],[32.94325394627331,-2.403692063828656],[32.943341290763385,-2.4032089750723413],[32.944039930161054,-2.402242817370734],[32.94648509877617,-2.4003983780170093],[32.95006548983557,-2.39833438881727],[32.95272892881304,-2.397236544392151],[32.958953861356065,-2.398413115731306],[32.96015237865619,-2.3972852854413227],[32.961609879270966,-2.3965143906971202],[32.96227630609671,-2.3955584963166845],[32.96269335628259,-2.395453852455048],[32.96287551757468,-2.395290046052109],[32.963057670957426,-2.395386564748655],[32.96357832242967,-2.395153968822118],[32.96400681219584,-2.394962544087363],[32.96479316131422,-2.394191266091862],[32.96512912040384,-2.39332825293036],[32.96569675567592,-2.392230327623854],[32.96613340599905,-2.391044563126579],[32.9665138780586,-2.3906820238950535],[32.966963004330005,-2.3902540667851784],[32.96796725604029,-2.3892439866085478],[32.96849949806761,-2.3887086541693394],[32.96892784212689,-2.3882778216087144],[32.96945180028255,-2.3876629871866997],[32.96993209478304,-2.3870920694404534],[32.9710236462551,-2.38700425818868],[32.97165839969006,-2.386824459180901],[32.97199447487108,-2.3873914200526363],[32.97237522770959,-2.3878414909506693],[32.972537047338704,-2.3880473733067515],[32.97279405937454,-2.388147924551758],[32.97308914794843,-2.3882101733466645],[32.97332712254583,-2.3882915720895177],[32.97351274082891,-2.3884160616157772],[32.973769750646994,-2.388641097694454],[32.97390777276993,-2.388846980337576],[32.97401248015637,-2.3889954071548876],[32.974250456004576,-2.3889714727507343],[32.97455030263149,-2.389148630776028],[32.97475020108356,-2.389263543934476],[32.97484538952886,-2.389368879580552],[32.974931059908506,-2.389426335427963],[32.97518807426682,-2.389421552333585],[32.97548316212208,-2.3895460435753133],[32.975611666485044,-2.3897040462590144],[32.97573541229593,-2.389785443448313],[32.9758639188816,-2.389818960188106],[32.97593531002358,-2.38995302292811],[32.97616852335222,-2.3901397558924855],[32.976306545161634,-2.39039351700685],[32.97639697167031,-2.3906281252580124],[32.97657307143386,-2.390814857165869],[32.97671585218441,-2.391135649059292],[32.97677296336522,-2.3912888626339908],[32.97693002661868,-2.3913989869655756],[32.97707281082012,-2.3914660201082922],[32.977248912120835,-2.391571356941915],[32.97726318609834,-2.391815540329936],[32.977267943195535,-2.391987905038573],[32.977320296067255,-2.3921028153597765],[32.977386928395504,-2.392184210545665],[32.97740596484109,-2.3922751814080563],[32.97745831828162,-2.3923565763541426],[32.97751543212942,-2.392409243787687],[32.977582062186386,-2.3925768217303385],[32.97761061673496,-2.392777914415246],[32.97762965351317,-2.3928497332465444],[32.977748638143886,-2.3930891305559903],[32.977915216156,-2.3934242860471837],[32.978015158664306,-2.3939318050709097],[32.97809130713783,-2.3941999292456284],[32.97805798881179,-2.3942908992555147],[32.97810557954105,-2.3945542342835355],[32.97819125105808,-2.394568598996806],[32.97827692054311,-2.39471223739838],[32.97836258914544,-2.394913330970265],[32.978429221295556,-2.395018665910956],[32.978448256875566,-2.3951718788073038],[32.978443495140176,-2.3953442433540215],[32.97846253080064,-2.395492668468958],[32.97847204807226,-2.395602790284575],[32.97844824857759,-2.395703336013053],[32.978453005906374,-2.395870912928282],[32.97847204142522,-2.3960289145075766],[32.97855294982356,-2.396311401161458],[32.97864813652232,-2.396579525596706],[32.978667170073514,-2.3968667999568307],[32.978686205703625,-2.3970200128459647],[32.9787385586594,-2.397149287352585],[32.97879567201704,-2.3972498343441337],[32.978748073823844,-2.397398258413234],[32.97879566487646,-2.397714260799934],[32.97890988094071,-2.398556933620038],[32.9789622347784,-2.3986335407232833],[32.97901934886884,-2.3986909967766707],[32.979047904738344,-2.398767603509891],[32.97903362623337,-2.398796329971833],[32.97902410544751,-2.398853784997901],[32.97908597834332,-2.3989878474152246],[32.97917164906068,-2.3990740305817133],[32.97918592568571,-2.3991697891190222],[32.97911929127758,-2.399255969952986],[32.97905265530659,-2.3993852426149664],[32.97905265436044,-2.399447485567262],[32.97908120952025,-2.399571971005872],[32.979081208066496,-2.3996677293241366],[32.97906216661071,-2.3998927601290245],[32.97906216457329,-2.400026821592953],[32.9791287981088,-2.400060337981806],[32.97924778635225,-2.4001177949719046],[32.979366773777926,-2.4001704632667287],[32.97950004023985,-2.400280586937763],[32.97963330462015,-2.4004721055726455],[32.97963806231674,-2.4006253182276645],[32.97963330079703,-2.4007306520338023],[32.97964757568101,-2.4010083507326887],[32.979647572213565,-2.4012429573865],[32.979652329489134,-2.4014248985296507],[32.979676123858596,-2.401611626832094],[32.97969991976919,-2.4017552642083575],[32.97976655108147,-2.401946780926833],[32.979847460795504,-2.402119146733032],[32.979971207681324,-2.402281937605384],[32.98015682864851,-2.402392061980451],[32.98019490211294,-2.4026410334296684],[32.980185380799234,-2.402799033650241],[32.98018537769667,-2.4030144891783816],[32.98025676834516,-2.403196431284304],[32.98038051379327,-2.40340709991757],[32.98049474221933,-2.403541163018698],[32.98066608541382,-2.40364171155907],[32.980775554449515,-2.4037374714244946],[32.98086122576641,-2.403809291141828],[32.980813626827874,-2.4040103817520735],[32.98084218097121,-2.4042258385844617],[32.98097544648511,-2.4044412959804866],[32.981099193931215,-2.4045226917747],[32.98125149820805,-2.404695058484094],[32.98137524452598,-2.4048626370053134],[32.98147519329843,-2.405058941870105],[32.98149898822951,-2.4052935497407413],[32.98142759246416,-2.4054036704174715],[32.98138951480653,-2.4055090037671536],[32.98140855117518,-2.405638276797444],[32.9815465755442,-2.4058872495630728],[32.98170363841462,-2.406179314398334],[32.98177502707585,-2.4065384078891947],[32.981908291255664,-2.4068831379564295],[32.98204155616725,-2.407108171706506],[32.98230808905577,-2.40740023700713],[32.98244135516583,-2.407610906473209],[32.982541304849576,-2.4076923018268626],[32.982636494428554,-2.407855092081302],[32.98271264437086,-2.4081375792926845],[32.982764996678156,-2.4083817630547535],[32.982888742500094,-2.408702553999929],[32.983160032442626,-2.4092004991414986],[32.98323142616337,-2.4092627429702267],[32.98334089393676,-2.409439896687899],[32.983464638314004,-2.409899536803346],[32.98348843389355,-2.410114992601722],[32.983550305102476,-2.4103926909001165],[32.983645493959074,-2.410641662919894],[32.983812076463394,-2.410895424470909],[32.98388822866891,-2.411019910359205],[32.98389774636036,-2.411139607673675],[32.98392154219662,-2.4113407001225124],[32.98403101179213,-2.4114603995222694],[32.98413096219512,-2.411589673455868],[32.98419283470299,-2.4117716143216725],[32.984268985452914,-2.412030162535129],[32.984354656539345,-2.4121833760874387],[32.98442604956961,-2.4122456198518076],[32.984621192406046,-2.4123413794786117],[32.98470210354787,-2.412494593859268],[32.984768736069334,-2.412686110309519],[32.9848734455773,-2.4128297484832752],[32.984935318449416,-2.4129925381952066],[32.98500671029955,-2.413251085405974],[32.98498291044176,-2.4133995099209136],[32.98494959167457,-2.4135287832119694],[32.98498290813247,-2.413610177639871],[32.98502574428557,-2.4136389056949192],[32.985268481293744,-2.413887879215145],[32.985363671520496,-2.4140602448261363],[32.98542554496425,-2.414179942690211],[32.98550645745647,-2.414309217218575],[32.98553501329886,-2.4144528545212838],[32.98560640534324,-2.4146252198596043],[32.9855968854154,-2.414701826035957],[32.9855778461112,-2.4148023719116942],[32.985577844749514,-2.414931644665448],[32.985601641599835,-2.4150657063563052],[32.98557784177372,-2.4152141308777257],[32.98549692859959,-2.415228494255335],[32.98546836986398,-2.415271584866606],[32.98547312870839,-2.4153817065536627],[32.98535413760194,-2.4154439482099983],[32.98534461621863,-2.4156546158195478],[32.98532557662558,-2.4157791005859273],[32.985257749181685,-2.4160232829187955],[32.985067363768074,-2.4161130544037386],[32.985055462536195,-2.4163045699612544],[32.985091158462396,-2.416442222623827],[32.98539802650043,-2.416540809709239],[32.98556348928526,-2.416710360568066],[32.985481714817226,-2.416763198064367],[32.98514556923761,-2.4165447470163497],[32.98505335183971,-2.4165178133857954],[32.98490164022122,-2.4164370165711295],[32.98464878555406,-2.4164280361866877],[32.984562518195126,-2.416401103494965],[32.98416092671091,-2.4162963630173397],[32.98358084832026,-2.4162544621284336],[32.98339343783504,-2.416302338536155],[32.98303944003104,-2.4164399864109143],[32.98294722260799,-2.4164190382656003],[32.982328475668,-2.416179635036756],[32.982233283130654,-2.4162035735898653],[32.98160858297759,-2.416218527502254],[32.981293261792686,-2.4160060596022466],[32.98123376699955,-2.415940225911445],[32.9810047123914,-2.4158115470811508],[32.98081432870414,-2.4157606728850487],[32.9805869233538,-2.4156634855067836],[32.98044838746073,-2.4157173478356966],[32.98024848121542,-2.4159064667277526],[32.9800985522538,-2.415980676914803],[32.98002239694181,-2.416074040197312],[32.979905786346926,-2.416081220138649],[32.97977489564799,-2.4161530366824953],[32.97958689110236,-2.4161602155269013],[32.97934414862827,-2.4163158191824583],[32.97912758312919,-2.4164953620926135],[32.97897527271003,-2.416655753947071],[32.97877774721085,-2.4167754489539885],[32.97858260108688,-2.4168759910441375],[32.97807807811271,-2.4170818628798663],[32.97796622697955,-2.41711777030812],[32.97775918066425,-2.4172757681443926],[32.97729510970477,-2.4177401867381345],[32.97717373739613,-2.417893397234447],[32.976973829482276,-2.4180825156291093],[32.97682627865741,-2.418242908219353],[32.97664541200736,-2.418305148039131],[32.97639918615929,-2.4184024192660627],[32.97638795090058,-2.4182931524053304],[32.97616902473938,-2.4173738715178583],[32.97599768958226,-2.416737077619866],[32.97589298282444,-2.416473741588026],[32.97575019884665,-2.416200828402839],[32.97527901094032,-2.415420392012192],[32.97515526721189,-2.415099600415844],[32.97509548603722,-2.4148242178891937],[32.974826165282394,-2.4173477134361834],[32.97452862311125,-2.417709954169071],[32.973952502436084,-2.419021774634335],[32.973568901309626,-2.4192027111968213],[32.972302217671825,-2.4224130359889267],[32.97223724036398,-2.4225858859339278],[32.97221343825609,-2.4227684244656476],[32.97220451009815,-2.422941985766412],[32.97224615434885,-2.4230646766075146],[32.972159884137255,-2.4231694097398875],[32.97208848750595,-2.4232831216155],[32.972028988245754,-2.4234417187019757],[32.97194271780882,-2.4235554302605227],[32.97176124101677,-2.424282588824259],[32.971680916801304,-2.424533951822631],[32.97148719775309,-2.4249198904204903],[32.971213158346956,-2.428469791211506],[32.96533287902061,-2.427966288166643],[32.963565360508625,-2.428180586807378],[32.962361949628786,-2.4281049028303947],[32.961484471011985,-2.427726620979847],[32.96040645263788,-2.426390083289408],[32.95960418857169,-2.426037019694695],[32.95757340455535,-2.426919555771],[32.95812493244997,-2.428104777682833],[32.95887703881549,-2.4289873993597793],[32.95945366008991,-2.4294665419842794],[32.9597294185999,-2.430298715142661],[32.96090772587515,-2.431559605396639],[32.961659843768324,-2.432164837545782],[32.96148391781133,-2.432493435781482],[32.96145221083413,-2.432498627058897],[32.96130347168224,-2.432480667714853],[32.96116960683787,-2.432447747433652],[32.960827507670906,-2.432354972062862],[32.96059844856186,-2.4323549653654264],[32.96036938866826,-2.4323818903265826],[32.96000943670521,-2.432438735869587],[32.95983689656082,-2.4325344889753175],[32.95954833701142,-2.432669139709563],[32.95934010074318,-2.4326751181445903],[32.959167563759294,-2.432663143469628],[32.95887901063712,-2.4325823386727645],[32.95880166711867,-2.4325374495383945],[32.95857261336556,-2.4323608891533994],[32.95851311887288,-2.4323279699949407],[32.958403052947894,-2.4322860726400757],[32.95831976019919,-2.432214251597098],[32.958290014841,-2.4321364474911387],[32.958209696221374,-2.432109513298652],[32.95800336460893,-2.4321037012796243],[32.95777490152937,-2.4320869359966633],[32.95748218013054,-2.432130018567397],[32.95734890714141,-2.432216196135351],[32.957258470128814,-2.4323071637344187],[32.957208493048945,-2.432333494915918],[32.95707046199246,-2.4323550364130484],[32.95685151350513,-2.4324555754252515],[32.95666112545153,-2.4324986601927248],[32.9562851126398,-2.4324555571163984],[32.95603760913386,-2.43246991237092],[32.95547596739947,-2.4324986214410798],[32.955180865022506,-2.432565642311395],[32.95490004331097,-2.4326182993612715],[32.95434315922522,-2.432690099009542],[32.95374344112519,-2.432670927388653],[32.95298189673458,-2.4325751427092293],[32.952096601730844,-2.4324697776408457],[32.95182530251869,-2.4324027372618544],[32.95130649934416,-2.4323883552313186],[32.95091144654718,-2.43239312863279],[32.95039740011864,-2.432445776198028],[32.94956445105608,-2.4326276852091837],[32.94908371871536,-2.4327760917564354],[32.94857443125832,-2.432828739704433],[32.947831910050496,-2.4331638635413877],[32.94763200314954,-2.4331638557624182],[32.947498733337014,-2.433149487231917],[32.94656106750814,-2.4333936331603927],[32.94618757894643,-2.4335734556870983],[32.945991241637735,-2.4336063642170487],[32.94529512961643,-2.4338427383524635],[32.94509420967177,-2.4338905011530922]]]]}},{"id":"22","type":"Feature","properties":{"id":"existing_water_supply_zone.23","ogc_fid":23,"objectid":46,"district_n":"Buswelu South","planning_d":"Buswelu South","dist_area_":1444,"cons__area":193.0,"area_less_":1251.32,"pr__pop":150000,"pr__du":32608.6956522,"pr_urb_den":26.0594377555,"ex__pop":12869,"ex__du":2573.8,"gfa_m2":205904,"new__pop":137131,"new_du":29811.0869565,"dus_lo_den":2981.10869565,"gfa_m200":596221.73913,"dus__med_d":11924.4347826,"gfa_m201":1788665.21739,"dus_high_d":14905.5434783,"gfa_m202":1490554.34783,"heavy_indu":54000,"gfa_m203":2160000,"light_indu":9000.0,"gfa_m204":270000,"logistics_":2201.1,"gfa_m205":154077.0,"logistics1":5135.94,"gfa_m206":61631.28,"total_logi":7337.04,"total_gfa_":215708.28,"commercial":40034.2758507,"gfa_m207":487057,"agri_minin":0.0,"total_empl":110371.315851,"coverage":"Zone 2","shape_leng":17181.5352478,"shape_area":14438892.4541},"geometry":{"type":"MultiPolygon","coordinates":[[[[33.02661796761455,-2.51987394184003],[33.02678994094104,-2.5224471859730895],[33.026687454502365,-2.528122757972475],[33.02665326696484,-2.528776309220157],[33.026653311865026,-2.5309777416694534],[33.026516543751406,-2.5327320107307862],[33.02602846239693,-2.535595548526417],[33.025503713660456,-2.5386741980159218],[33.02535930187463,-2.5395214478828563],[33.02512302087504,-2.5404200178585796],[33.02450404000645,-2.5427739892295045],[33.02358059205116,-2.545354280229747],[33.02304884456341,-2.546275951707044],[33.02214702640976,-2.5478390610588013],[33.0206796956493,-2.5496534907246002],[33.02047634464154,-2.549764426013146],[33.018342766707306,-2.550928370166226],[33.017196386896934,-2.5517211263978523],[33.01599473926142,-2.553041852309473],[33.01498655094006,-2.555053186015098],[33.01495843137011,-2.5551329037758093],[33.01415757710102,-2.5573945092268895],[33.01364480374257,-2.55885694732093],[33.01363390294309,-2.5588755285379583],[33.01248973555277,-2.560825948714263],[33.01230350778053,-2.5623150205789567],[33.012293403749716,-2.5624065329087586],[33.01249532954564,-2.564030893403235],[33.01205413199827,-2.565034025485904],[33.01206316003479,-2.56531203620236],[33.01203185414181,-2.565431680933238],[33.011993774300215,-2.565632753967507],[33.01194617387362,-2.565891276683309],[33.01185097060431,-2.566054050818829],[33.01172880936438,-2.566176967843474],[33.01119973755512,-2.565361104229543],[33.00925952390339,-2.563948113078042],[33.00812215480945,-2.562265968579466],[33.00665027047887,-2.560785684596662],[33.005713618287075,-2.5593726804760464],[33.00464316258598,-2.558228822535424],[33.003238190441195,-2.556008386128779],[33.001699415757834,-2.5541916643022424],[33.000839007596845,-2.5529191138436067],[33.00056206420355,-2.5525095136733094],[32.99994443206098,-2.5509219838832156],[33.00000467413116,-2.5507306540671983],[32.999658462322145,-2.5502205087254377],[32.99853078701698,-2.54870832380182],[32.99841652478941,-2.5484401814493984],[32.99823991858542,-2.548025738815146],[32.9980797186623,-2.547649796465956],[32.99680169384985,-2.545381518523944],[32.99620027012732,-2.5443229873755007],[32.994170470938506,-2.5422059225100213],[32.992774341958174,-2.5402523199040377],[32.99244139049818,-2.5397864196755204],[32.99153926038095,-2.5391059319138733],[32.99142276610769,-2.5390852556128745],[32.990261240991906,-2.5388790945918585],[32.98919345390624,-2.538640439446918],[32.98941354221942,-2.538515148630356],[32.989527786424105,-2.5384481253095137],[32.98961822835653,-2.5383811026914462],[32.989739749437966,-2.5382648021115544],[32.98969438775554,-2.538234386925186],[32.98958014491863,-2.5381338500750856],[32.989546824481415,-2.538018950564321],[32.98951350521938,-2.5378705393770162],[32.98951350625991,-2.5377412777306283],[32.989527787671726,-2.5376215917401073],[32.98952778913402,-2.537439668242269],[32.989521587963274,-2.5372822888000703],[32.98949447081505,-2.5371763596202825],[32.989461150487,-2.537051884565605],[32.9893754688488,-2.5369274099838544],[32.98931358832349,-2.536831660404585],[32.98924694716368,-2.5367598478232556],[32.989210056357116,-2.536656917696782],[32.9891267537533,-2.536680854037296],[32.98902947465509,-2.5368238448683056],[32.988847095526594,-2.53678856923498],[32.98878164409418,-2.536764631626083],[32.9886150395861,-2.5367287246037207],[32.98846628607177,-2.5366688797743073],[32.98825937467723,-2.536593205445168],[32.98824018191527,-2.5364773795953486],[32.98811522909067,-2.5363935979015877],[32.988037877589235,-2.5363576916247026],[32.98794846046148,-2.5363110426035136],[32.98791292539956,-2.5362080825966435],[32.98787722571331,-2.5361063484806134],[32.987853425565,-2.535980678339451],[32.98779392553001,-2.5358729592836697],[32.98768563352525,-2.5357803214165124],[32.9875865627724,-2.5356977992861336],[32.987513079365755,-2.535666617454653],[32.98740771305489,-2.5356354488787147],[32.987340760880265,-2.5355569729436955],[32.98727989268549,-2.5354491850917085],[32.98726336891634,-2.535342371152656],[32.987245327014804,-2.5352955897919336],[32.98721855150058,-2.535232752305782],[32.987193461871684,-2.5351578630810794],[32.987159051787714,-2.535101097083339],[32.987123350788465,-2.535050229836185],[32.98707277530111,-2.534945503643797],[32.986976642949436,-2.5348273319687893],[32.986831797962004,-2.534532583171429],[32.98676932320359,-2.534341084391159],[32.98675147500376,-2.5341795078207916],[32.986706849286556,-2.534068797865973],[32.986760402953806,-2.5339251743577877],[32.9868050301315,-2.5338024967980806],[32.98680800555885,-2.5337426533195706],[32.98680192602645,-2.533688560139094],[32.9867544553251,-2.5336379270824456],[32.98671142296419,-2.533592969368825],[32.986659254334484,-2.533500286754339],[32.986623554420525,-2.533437450971444],[32.98655513062063,-2.5331083136729093],[32.98656703218889,-2.5329736663526603],[32.9865670089528,-2.5329588696814045],[32.98655810830718,-2.532830043103013],[32.986546209669285,-2.5326804351090955],[32.98653752220144,-2.532466312576472],[32.986552163968774,-2.532315391207022],[32.98680026599854,-2.532033324250302],[32.98691230377118,-2.5319059482622817],[32.98710271181335,-2.5315516786925065],[32.98730263985888,-2.53127400898902],[32.98744544495641,-2.5310442118797623],[32.98748352767849,-2.5308335648247846],[32.987502571041794,-2.5305654679568956],[32.987502573423114,-2.5303165201760316],[32.98759777839638,-2.530019699225205],[32.98768346203108,-2.529866501339576],[32.987816746876724,-2.5296462796332624],[32.987969072455385,-2.5294260580895926],[32.98811187758083,-2.5291579623522256],[32.98819756170357,-2.528937740164679],[32.98840700806388,-2.528669644998871],[32.9886640557964,-2.5284015493111163],[32.988740220917684,-2.5280568540097685],[32.9888259050257,-2.5277121578794026],[32.98917815593597,-2.527262140280139],[32.98944472459506,-2.5269270211458843],[32.98979697351277,-2.526678076174799],[32.990215863231946,-2.526467431064586],[32.99059667197683,-2.5262950858987927],[32.99280535879659,-2.5255482575611694],[32.99348129219114,-2.5253854877859014],[32.993871619699235,-2.525299315243555],[32.99429050778203,-2.525213142709516],[32.99462371479831,-2.5251365452286487],[32.996223105461425,-2.5247535545330053],[32.99717512275428,-2.5244471604208294],[32.997974817602895,-2.524131189835197],[32.99864122973783,-2.5239588427071697],[33.0011735936818,-2.5234705218966065],[33.00203040819158,-2.523192849108205],[33.002544496550485,-2.5230300748367758],[33.002887222274516,-2.5228864500296875],[33.00370595405704,-2.522388553214993],[33.004419964945235,-2.5219672551531036],[33.005210136167676,-2.521756603852349],[33.00574326473447,-2.521708727505508],[33.00640967536157,-2.5216895742004852],[33.00765681390397,-2.521478919972542],[33.00922763668888,-2.5212299619206604],[33.00991308634108,-2.5211533570433575],[33.01016061039571,-2.5211533551268324],[33.01108406524532,-2.5212107971956668],[33.012222512202676,-2.520783906310452],[33.01343632232893,-2.5200179015622726],[33.01422172877815,-2.5195630847705983],[33.01488813214475,-2.5190125206853873],[33.01579253514234,-2.518246517241112],[33.01622093572015,-2.517791703531861],[33.01653033562085,-2.517480515295893],[33.01729193609306,-2.516774356135222],[33.020188779216426,-2.513634941258187],[33.02043153731587,-2.513366840349893],[33.02101701331204,-2.5127588247336843],[33.021193131958945,-2.5125768983142196],[33.02138828964284,-2.51236145987031],[33.02181668692352,-2.5119401568947386],[33.02263540195068,-2.51128426161325],[33.02282104121365,-2.511121484989387],[33.02314472007358,-2.5109204064320787],[33.02336367915288,-2.510767203776805],[33.0237063959806,-2.510484738047146],[33.024187150915516,-2.509996408150847],[33.02441562933834,-2.5098336305033353],[33.024572708062855,-2.5097283038075022],[33.02475834767601,-2.5096086141395113],[33.024963027205956,-2.5095080733580146],[33.02524862611338,-2.5093979563394657],[33.025510426312024,-2.5093069899073024],[33.02570558678557,-2.5092495364278626],[33.02606694622455,-2.509407952740925],[33.02615584808863,-2.5094425094061674],[33.02620056276554,-2.5113677970667485],[33.02615430883619,-2.5129217890310875],[33.02667764804269,-2.514747490792477],[33.02674719831296,-2.5171602446853965],[33.02661796761455,-2.51987394184003]]]]}},{"id":"23","type":"Feature","properties":{"id":"existing_water_supply_zone.24","ogc_fid":24,"objectid":47,"district_n":"Kisesa North","planning_d":"Kisesa North","dist_area_":1989,"cons__area":262.0,"area_less_":1726.94,"pr__pop":100000,"pr__du":21739.1304348,"pr_urb_den":12.588237249,"ex__pop":11146,"ex__du":2229.2,"gfa_m2":178336,"new__pop":88854,"new_du":19316.0869565,"dus_lo_den":1931.60869565,"gfa_m200":386321.73913,"dus__med_d":7726.43478261,"gfa_m201":1158965.21739,"dus_high_d":9658.04347826,"gfa_m202":965804.347826,"heavy_indu":54000,"gfa_m203":2160000,"light_indu":9000.0,"gfa_m204":270000,"logistics_":3301.65,"gfa_m205":231115.5,"logistics1":7703.91,"gfa_m206":92446.92,"total_logi":11005.56,"total_gfa_":323562.42,"commercial":17788.097978,"gfa_m207":216410,"agri_minin":0.0,"total_empl":91793.657978,"coverage":"Zone 2","shape_leng":19585.9715048,"shape_area":19885635.5716},"geometry":{"type":"MultiPolygon","coordinates":[[[[33.048543879164875,-2.5739146968396684],[33.04819281148186,-2.573962585152949],[33.04742820421572,-2.5740712406703516],[33.047228272633255,-2.5740784288661698],[33.047049764608964,-2.57413588506126],[33.04684983443676,-2.5741574364944024],[33.04660706484213,-2.574265162917094],[33.04625004892541,-2.574387255853012],[33.04582877135197,-2.574559618931092],[33.0452432674699,-2.5747966189519853],[33.04517186420711,-2.5748253462793445],[33.04466490494543,-2.5751054295109914],[33.044536378370054,-2.5751126156758777],[33.044372150189965,-2.5751485269562564],[33.04427932505778,-2.5751485301980583],[33.04417221857251,-2.5751341715378544],[33.044107953025204,-2.5750982682443384],[33.04405082901333,-2.5750551830511053],[33.04396156653851,-2.5749853654674104],[33.04343130808142,-2.575247928256432],[33.0433153762905,-2.575328092914997],[33.04305832530566,-2.5754358191534035],[33.04287267787462,-2.5755219997936294],[33.04272273165088,-2.575593815908338],[33.042258615321565,-2.5759098031799668],[33.042201493267875,-2.57595289225868],[33.04208724891342,-2.576031888759865],[33.04176593514989,-2.5761683416545313],[33.04165883163455,-2.576247337882496],[33.041337521009055,-2.5764843274175773],[33.04127325916638,-2.5765633222166366],[33.04114473541418,-2.576663863139678],[33.04102335140101,-2.576757222170318],[33.04085198543169,-2.576872126841481],[33.04060207573317,-2.577037301928137],[33.040366445496325,-2.577159389334066],[33.03992374509679,-2.5773245704102496],[33.03990232511447,-2.577353294964893],[33.03958815121742,-2.577504109481856],[33.039409644345064,-2.5776261949271664],[33.039195435447255,-2.5777411007078253],[33.039002646958885,-2.5778416434012965],[33.03885270154766,-2.577956546241454],[33.03871703743543,-2.5780858119253502],[33.03855281258753,-2.578250983992951],[33.038452850241704,-2.5783515228726377],[33.03831004429076,-2.57845206394482],[33.03803871198909,-2.578581332745182],[33.037781660954955,-2.578724964359719],[33.03757459235725,-2.5788614127930978],[33.03743416625639,-2.578920063460602],[33.037333009966595,-2.5789260502469533],[33.037179338754044,-2.5790290894384933],[33.037112637722885,-2.579138103537051],[33.036886747127475,-2.579404808228571],[33.03670229032195,-2.5795424528038455],[33.03649998484066,-2.5797758468492558],[33.036303629142026,-2.580009240692005],[33.03530994267072,-2.580882978131025],[33.03500648229242,-2.5811642487944177],[33.03475062022325,-2.581295910352818],[33.03442930315098,-2.581421589839087],[33.033994929135964,-2.581529319068225],[33.03280485952553,-2.5816789581926964],[33.03238238454655,-2.581732827816091],[33.03185280237379,-2.5817627629785904],[33.031644540315376,-2.58177473671144],[33.031103054422395,-2.581679001146353],[33.03039495973051,-2.581655081324619],[33.02997288365101,-2.58165284859253],[33.02957658993432,-2.5816600395617],[33.02944964219336,-2.5816639110938953],[33.02923385022849,-2.5817390402325326],[33.029137454144774,-2.581739042454847],[33.02895180265065,-2.581728275145446],[33.0287739401854,-2.58161551066474],[33.02856621543393,-2.581599022365361],[33.02842697528546,-2.5815415759262104],[33.028310079673155,-2.5814298974795418],[33.028144924836155,-2.5813979591987017],[33.02804495690423,-2.5813333310989757],[33.02793427893978,-2.581247159184973],[33.02773156063402,-2.581197438546796],[33.02753441505394,-2.5813046175173233],[33.027448730166704,-2.5813369349892676],[33.02727735997854,-2.5813405286125826],[33.0269774612637,-2.5813369451180335],[33.02677775361006,-2.581359693960444],[33.02677319002532,-2.581575603127314],[33.026692268031496,-2.5817192287710005],[33.02653809680243,-2.581887769158338],[33.02648758008649,-2.5819538182272024],[33.026318591963076,-2.582047176857047],[33.026273370118716,-2.5821094142316143],[33.02622338855644,-2.582171652607882],[33.02615912565751,-2.5822147402132005],[33.02609962202892,-2.5822362854840843],[33.0260139367262,-2.5822530435245064],[33.02590921120233,-2.5822913450868517],[33.02555060404465,-2.582408774782242],[33.02531982672789,-2.582500537698537],[33.025302879967825,-2.58261985673096],[33.025323705398755,-2.582846700705525],[33.02532370753002,-2.5829544182033297],[33.025302288639075,-2.5830597422464567],[33.025197567316496,-2.5833158735326993],[33.02511188610999,-2.583545672623621],[33.02501192223066,-2.5836892976314765],[33.02493575870677,-2.5837395679636814],[33.02486435461734,-2.5837754748998516],[33.024804851051115,-2.5837587197918634],[33.0247715274508,-2.583703664754962],[33.024738203575694,-2.5836342473238756],[33.02465489743259,-2.5835504684735886],[33.02452852314397,-2.58353988030492],[33.02449678488428,-2.5836858136922225],[33.024523518479086,-2.5838549528595016],[33.024493053986596,-2.583904742778006],[33.02444735550224,-2.5839353837358314],[33.024386423780484,-2.583939214581981],[33.02430264234082,-2.583933471237185],[33.024111955112886,-2.583946312830472],[33.02394847886149,-2.5840201327568297],[33.02383494553402,-2.5841212678630137],[33.02377972686239,-2.5841614836034457],[33.0236997541832,-2.584199784518234],[33.02363033488538,-2.5842552278214956],[33.02345217878669,-2.584460004033234],[33.02335892486851,-2.584663216206752],[33.02333417248924,-2.584701516077238],[33.023280857201655,-2.5847359868034983],[33.0232484875842,-2.5847513069834864],[33.023193268068155,-2.5847474783275963],[33.02311710197795,-2.5847130099787523],[33.023052361565895,-2.5846785414170244],[33.02293637935271,-2.584675112836635],[33.022884800485286,-2.5847723790642774],[33.022852431204214,-2.5848068484885895],[33.02280102012345,-2.5848298292457703],[33.022781026799805,-2.584831744893466],[33.02264595266404,-2.5848317473198206],[33.02262012922254,-2.584891111737369],[33.02259347252267,-2.584937071872105],[33.022521117015415,-2.5850002676928616],[33.022454473452854,-2.5850385682916865],[33.0223802128666,-2.585065379107329],[33.02228809586383,-2.5851165787080133],[33.022189803623085,-2.5852453905211337],[33.022136489579076,-2.5853028410282706],[33.022064133698024,-2.585346886663824],[33.021941604469,-2.585410557398191],[33.02181726418255,-2.5855168521158483],[33.02176709597581,-2.5856800984284876],[33.02173282325278,-2.585775848003691],[33.021687125187185,-2.5858390433179768],[33.02159754438327,-2.5859103682694826],[33.02159382628748,-2.58601139272695],[33.02157949541393,-2.5860402190861023],[33.02156145713407,-2.586057352937182],[33.02151165300901,-2.5861018767517905],[33.021473868570375,-2.5861626780405444],[33.02144721157807,-2.5861952338537715],[33.021420554103045,-2.586199063975772],[33.02139008757312,-2.586191404247308],[33.02136152528277,-2.586172255476235],[33.02129868789599,-2.5861090620075986],[33.02115974970703,-2.5860438577200027],[33.021056866242446,-2.58620098537511],[33.020999743433755,-2.586269924907294],[33.02095404509448,-2.586319714993321],[33.02090453856903,-2.586356100843716],[33.02080659216964,-2.5864132996159053],[33.02059416960419,-2.5865973932372563],[33.02019050177576,-2.586980395690819],[33.02000199562111,-2.587169981370805],[33.01991631200586,-2.58726381732619],[33.01954775773165,-2.58748651933518],[33.0182327341177,-2.5848123961783305],[33.01659788360599,-2.5827907862174744],[33.01588574538077,-2.580851746348674],[33.01630118743322,-2.5783602939264236],[33.016222580281415,-2.57504095666401],[33.016188358235226,-2.573458678822093],[33.01615587565237,-2.572773262247575],[33.015572691240855,-2.5709132807831883],[33.01437629364205,-2.5680236664475626],[33.01317372706477,-2.566835203012332],[33.01296497026111,-2.566628894167397],[33.01207743951231,-2.565751769736917],[33.01206316003479,-2.56531203620236],[33.01205413199827,-2.565034025485904],[33.01249532954564,-2.564030893403235],[33.012293403749716,-2.5624065329087586],[33.01230350778053,-2.5623150205789567],[33.01248973555277,-2.560825948714263],[33.01363390294309,-2.5588755285379583],[33.01364480374257,-2.55885694732093],[33.01415757710102,-2.5573945092268895],[33.01495843137011,-2.5551329037758093],[33.01498655094006,-2.555053186015098],[33.01599473926142,-2.553041852309473],[33.017196386896934,-2.5517211263978523],[33.018342766707306,-2.550928370166226],[33.02047634464154,-2.549764426013146],[33.0206796956493,-2.5496534907246002],[33.02214702640976,-2.5478390610588013],[33.02304884456341,-2.546275951707044],[33.02358059205116,-2.545354280229747],[33.02450404000645,-2.5427739892295045],[33.02512302087504,-2.5404200178585796],[33.02535930187463,-2.5395214478828563],[33.025503713660456,-2.5386741980159218],[33.02585107251347,-2.537975459011702],[33.02668307840452,-2.5366272497412017],[33.02705527117502,-2.5360241377145236],[33.02703580226932,-2.535554437291843],[33.029636208893365,-2.535448308231845],[33.03546825326239,-2.535939369618177],[33.04025666793019,-2.5358779840418624],[33.042748087830226,-2.535731445313811],[33.0429080228716,-2.535722038167662],[33.044431182853096,-2.5356324493147135],[33.04774623871954,-2.535755214125024],[33.04968512777855,-2.536128034897608],[33.05093851608699,-2.53636904267814],[33.0532099433934,-2.5364304255745393],[33.05591109976385,-2.536491806696026],[33.05638783756049,-2.5366983692361322],[33.05775279865315,-2.5372897853585457],[33.059655887796836,-2.53888574504561],[33.060945077744826,-2.542016281808688],[33.06100647007684,-2.545699266732417],[33.06100144872655,-2.5458524384117958],[33.06089158512865,-2.54920291308128],[33.060883691967334,-2.549443634426787],[33.06064487947248,-2.5512515902847257],[33.060453963926626,-2.552696937460153],[33.06029836752193,-2.55452501469663],[33.06027244359153,-2.55482958279843],[33.05879284293241,-2.5549762765390343],[33.056823321044604,-2.555179832039835],[33.05548452214889,-2.555317530051146],[33.054139772672876,-2.555464202624101],[33.0535507011583,-2.5555210789855],[33.052786096539855,-2.555568984818859],[33.05200363818339,-2.555551064558956],[33.05053392231685,-2.555434429350284],[33.049385522300916,-2.5553626622292667],[33.0492749474716,-2.5553637702497736],[33.04818654821617,-2.555374676474542],[33.04764958546902,-2.555376625450172],[33.048638599166814,-2.5567179654339274],[33.049259834760214,-2.5574899183711697],[33.049577602641016,-2.5581110771924096],[33.05004177948959,-2.5595688372094583],[33.050159616498554,-2.560136144915003],[33.05009180377846,-2.5606603736229405],[33.05016323879717,-2.561471842935397],[33.0502311173521,-2.562638781398378],[33.05028115093166,-2.5639601151385536],[33.05008127443462,-2.5653209550496667],[33.04997779289013,-2.5666925626963284],[33.04982433909576,-2.568351420121353],[33.04972086098205,-2.5698235644359535],[33.0494210154737,-2.5711341392228126],[33.049142600269576,-2.5726852838370173],[33.04899269581686,-2.57383427644622],[33.048543879164875,-2.5739146968396684]]]]}},{"id":"24","type":"Feature","properties":{"id":"existing_water_supply_zone.25","ogc_fid":25,"objectid":53,"district_n":"Mkolani West","planning_d":"Mkolani West","dist_area_":1499,"cons__area":192.0,"area_less_":1307.18,"pr__pop":150000,"pr__du":32608.6956522,"pr_urb_den":24.9458342785,"ex__pop":18660,"ex__du":3732.0,"gfa_m2":298560,"new__pop":131340,"new_du":28552.173913,"dus_lo_den":2855.2173913,"gfa_m200":571043.478261,"dus__med_d":19986.5217391,"gfa_m201":2997978.26087,"dus_high_d":5710.43478261,"gfa_m202":571043.478261,"heavy_indu":0,"gfa_m203":0,"light_indu":6000.0,"gfa_m204":180000,"logistics_":0.0,"gfa_m205":0.0,"logistics1":0.0,"gfa_m206":0.0,"total_logi":0.0,"total_gfa_":0.0,"commercial":24543.4818346,"gfa_m207":298596,"agri_minin":0.0,"total_empl":30543.4818346,"coverage":"Zone 3","shape_leng":16790.0692956,"shape_area":14985517.6614},"geometry":{"type":"MultiPolygon","coordinates":[[[[32.882985816747365,-2.608963528821152],[32.883240096761824,-2.609239304402312],[32.88373042085557,-2.6096676188097896],[32.88480151235678,-2.609697639440108],[32.88581309241428,-2.609787497048821],[32.886705638962944,-2.610146637110571],[32.88886518017451,-2.6104940740695772],[32.89075476388142,-2.618273610745634],[32.893471734336416,-2.6183043751825585],[32.897044941004125,-2.626369895375138],[32.90305545299008,-2.6345760342608076],[32.90165987091822,-2.6362056249168115],[32.89979894121172,-2.6379633844250385],[32.899656653724264,-2.6384025399343765],[32.89864669311941,-2.6384439181178423],[32.89781747700609,-2.638563928364196],[32.89738746413597,-2.6392557142707593],[32.89708643299098,-2.6400123688750825],[32.89667790866192,-2.6408122543831163],[32.896249882536765,-2.6411350337048995],[32.89555995184841,-2.641655317301215],[32.89520248906507,-2.6420341683040514],[32.894764460778774,-2.6424984066134747],[32.89403349509541,-2.6429523520718963],[32.89287254976565,-2.6436656924303463],[32.8922705511612,-2.6443358432309028],[32.89176461479664,-2.6448662851401754],[32.8909998570659,-2.645696113173827],[32.89059314980087,-2.6462982556424977],[32.89039192662204,-2.6465961722655194],[32.889485579843246,-2.6479380436692606],[32.888871580131436,-2.64895850715814],[32.88778942445552,-2.649820150293957],[32.887000974006554,-2.6508545801080077],[32.88664162632284,-2.651326034808409],[32.88559095253269,-2.6521969963802436],[32.885336783428045,-2.65231159561486],[32.88504651581934,-2.6524424708679293],[32.885002055323554,-2.6525554547539816],[32.88486605163239,-2.6529010684744967],[32.88436124393243,-2.6529374993029435],[32.88408228400803,-2.652957631041142],[32.88354158011509,-2.65324224767186],[32.88299468340615,-2.653224418204897],[32.88209004920126,-2.6528848829632143],[32.881125228229266,-2.6524783019081535],[32.88031699231451,-2.652031252067732],[32.879607643146834,-2.6511447869090063],[32.8787692788337,-2.650560981012162],[32.878669529809414,-2.6505091744748692],[32.87817098622595,-2.6502512499679294],[32.87797947983411,-2.6501465745437796],[32.877694435972025,-2.649977151150098],[32.87722151157139,-2.6496744318684295],[32.876856079775145,-2.6493284850246064],[32.876447622986234,-2.649285206064899],[32.875840750974085,-2.6493093788292286],[32.87507171053792,-2.6497174550540916],[32.873781813977544,-2.6498902789364047],[32.873393226544565,-2.6493318963345445],[32.87333042336793,-2.649241650943997],[32.87311549417593,-2.6487443823597556],[32.87337598797304,-2.6480709613014293],[32.873422491777696,-2.6479728651549728],[32.873567069361904,-2.647576981391051],[32.873545614664124,-2.6471445907566933],[32.873696211915444,-2.646042017806532],[32.87365330333959,-2.645177236515332],[32.873223394377916,-2.644701565912908],[32.87290100815237,-2.6439016139905998],[32.872363607426614,-2.643447552025579],[32.87188456107439,-2.643111370249896],[32.871574580625996,-2.642893834757774],[32.87143926657994,-2.642798874521969],[32.87079435526863,-2.64256099404616],[32.870192420813865,-2.6425176920003475],[32.869219900211505,-2.6422764415231415],[32.86886276973363,-2.642071032617927],[32.86850152902529,-2.641599818962134],[32.868253888223826,-2.6413487343470545],[32.867617897171975,-2.640924264912241],[32.86720975962435,-2.6407088077709804],[32.86677015100507,-2.6403543847834037],[32.86612286421128,-2.6404027171743802],[32.86578974587742,-2.6402806351282857],[32.865340368308274,-2.63952081983121],[32.864977804401924,-2.63888375826974],[32.86466794948339,-2.6381499820691365],[32.864646629496725,-2.6365069052521757],[32.86432421472896,-2.636031242634444],[32.864345800964095,-2.6352097090958018],[32.86370092645267,-2.634690772010122],[32.86398051844281,-2.6335665945680877],[32.864131077383455,-2.632874790379467],[32.86415262616683,-2.6323991653366954],[32.86429982834053,-2.631840778076964],[32.86425897339006,-2.631695814827322],[32.86430074195361,-2.631444760212697],[32.864220187029005,-2.630981537583715],[32.864213760922794,-2.6304998668758146],[32.86406867094584,-2.6294553210090483],[32.86394711178971,-2.628857599917123],[32.86384117813827,-2.628476341618622],[32.863228684996756,-2.6281832817046915],[32.862583796440205,-2.6278373002686046],[32.86174069234056,-2.6273752532995642],[32.861435202322504,-2.6274989290609443],[32.861293972446106,-2.6275561048456297],[32.8612558348952,-2.627426612432494],[32.86117404903144,-2.6271489211122585],[32.86116665581838,-2.6264899262783654],[32.86135310018959,-2.6260903346827713],[32.861478199207646,-2.6258095623304034],[32.86150914821197,-2.625740099986554],[32.86172011400071,-2.6257177905620908],[32.86232606485164,-2.625653712561508],[32.862368324236144,-2.6253988908190093],[32.86241211125363,-2.6251348565338626],[32.86291233658862,-2.624978051396477],[32.86310990678414,-2.6249161191839794],[32.86323761207398,-2.6244558144451977],[32.863530115897476,-2.623902674178289],[32.86402462895762,-2.6232541455875973],[32.86436862384801,-2.622929891738761],[32.86482012234766,-2.622454315113832],[32.8652931303605,-2.622028146192488],[32.86572688221123,-2.6215715834779383],[32.86593812453343,-2.6212005094221764],[32.866017977686106,-2.6208787878774933],[32.86583072077934,-2.6204221989366996],[32.8663252440874,-2.619643953976401],[32.86627859247799,-2.6190117523967196],[32.86579247614769,-2.6180736014866013],[32.865463540245024,-2.616746620944818],[32.86497052229608,-2.616198853432784],[32.86469988454596,-2.6156989692517607],[32.86464940905482,-2.6149371025803103],[32.86525284165472,-2.614243364618561],[32.86495920755103,-2.6138358991551933],[32.86537996912712,-2.6138930908338334],[32.86555197173745,-2.6136769159721513],[32.86501460695642,-2.613028275278692],[32.86495016124445,-2.6125958806872696],[32.865054136867194,-2.6121058666945696],[32.86522534246526,-2.6115072109120647],[32.86511296791292,-2.610793107381768],[32.86568733912331,-2.6101930726637317],[32.866230289455295,-2.609821834882598],[32.86688526570918,-2.609309937346616],[32.867057300534846,-2.6087694707654845],[32.86760245012854,-2.608150067434251],[32.86912352123878,-2.607172424761759],[32.86938009178156,-2.607019993461789],[32.86980916475412,-2.6066726772598594],[32.87008864868875,-2.6064781309812743],[32.870841156918075,-2.6054404760327485],[32.87129644618515,-2.6046835340807877],[32.871341198955164,-2.6046091294663807],[32.87199372428109,-2.604161544023527],[32.87271270149066,-2.6039941543561502],[32.87309638808895,-2.603895285212816],[32.87361706035858,-2.6038953377439227],[32.8741548057119,-2.603781799339417],[32.87428594583394,-2.6037541100974795],[32.87436120209379,-2.603706339617499],[32.8748747717151,-2.6033803414674312],[32.87576446543833,-2.603477053419002],[32.876036313931124,-2.6035851937748533],[32.875699639664944,-2.6042735185719494],[32.876014348644844,-2.604660355312991],[32.87618658012019,-2.6050912882308364],[32.87595743940161,-2.605981478325814],[32.87606293123381,-2.6064596579358863],[32.876969143463704,-2.6078683898360087],[32.87782794084229,-2.6084238767803045],[32.87847851635199,-2.6084670732504494],[32.879117631197865,-2.608413605774253],[32.879748998269726,-2.6082595401112187],[32.88140343691774,-2.608185013516006],[32.88238129300282,-2.6087290821448024],[32.882816551062334,-2.6089712546505965],[32.882985816747365,-2.608963528821152]]]]}},{"id":"25","type":"Feature","properties":{"id":"existing_water_supply_zone.26","ogc_fid":26,"objectid":55,"district_n":"Idetemya North","planning_d":"Idetemya North","dist_area_":4170,"cons__area":969.0,"area_less_":3201.1,"pr__pop":15000,"pr__du":3260.86956522,"pr_urb_den":1.01867157078,"ex__pop":10771,"ex__du":2154.2,"gfa_m2":172336,"new__pop":4229,"new_du":919.347826087,"dus_lo_den":0.0,"gfa_m200":0.0,"dus__med_d":183.869565217,"gfa_m201":27580.4347826,"dus_high_d":735.47826087,"gfa_m202":73547.826087,"heavy_indu":0,"gfa_m203":0,"light_indu":0.0,"gfa_m204":0,"logistics_":0.0,"gfa_m205":0.0,"logistics1":0.0,"gfa_m206":0.0,"total_logi":0.0,"total_gfa_":0.0,"commercial":902.679598882,"gfa_m207":10982,"agri_minin":0.0,"total_empl":902.679598882,"coverage":"Zone 3","shape_leng":39926.7176007,"shape_area":41689543.577},"geometry":{"type":"MultiPolygon","coordinates":[[[[32.90315788559936,-2.6383878645286964],[32.904184819226444,-2.63863083520383],[32.90433626847703,-2.6386666682212088],[32.90652367258601,-2.6391842014272817],[32.907165312995794,-2.639547779852078],[32.9079758687605,-2.6400070722577746],[32.90966772915906,-2.6410954378473646],[32.910788050498645,-2.6417675872407687],[32.911176370875204,-2.6420915278615613],[32.911757601760044,-2.6429221112289687],[32.91212392781154,-2.6437567032574405],[32.91231424822654,-2.6441903036237058],[32.9127878695985,-2.6462340656627963],[32.91310537983689,-2.6470913297562486],[32.91314315870389,-2.6471988235036994],[32.9133857057921,-2.647601166738391],[32.91429323246134,-2.6480991051212857],[32.914957529127314,-2.648182277260066],[32.915563427217094,-2.648530021044596],[32.91644401476215,-2.6490053209595654],[32.917368636411254,-2.649929724149249],[32.91925599981921,-2.6508579889951775],[32.91936865364318,-2.651307097314336],[32.91956202276819,-2.6516876460972174],[32.919651901008024,-2.652159727257182],[32.91988968401855,-2.6528972978479204],[32.92047145058536,-2.653636066779891],[32.92106698572741,-2.653695985514153],[32.921478836640134,-2.6538702239225853],[32.92189189593765,-2.6536992932679557],[32.92210931906626,-2.653803780910495],[32.92240633313053,-2.654023782226473],[32.92255400814992,-2.6543923881474036],[32.922781121514,-2.6549456135455647],[32.923088144393375,-2.655166394292466],[32.92337718338671,-2.654879258211841],[32.92377806450731,-2.6549267707274105],[32.92420171678208,-2.6549975320950674],[32.92450015989166,-2.654895156497184],[32.92496034627957,-2.6544023062575604],[32.92506308242917,-2.654517910780972],[32.92593391119905,-2.6545443757461737],[32.92646226030608,-2.6542244745215298],[32.92672801640377,-2.653650203811337],[32.92719962078008,-2.6532149702031176],[32.92801438911884,-2.6528615274448],[32.92857806001751,-2.6523112432063325],[32.92907243751226,-2.6518762824786855],[32.92972666834359,-2.651614277089164],[32.93045935895279,-2.6518013750205545],[32.93116927942792,-2.6517545777161],[32.931119968766716,-2.651816556155587],[32.929979738384006,-2.6526420606883776],[32.93321763323299,-2.6569535445474957],[32.93481381225842,-2.6586047695335533],[32.93609077292817,-2.6596597291663655],[32.93713973103904,-2.6600267026283277],[32.93769825513993,-2.660342682352097],[32.938599136939786,-2.660852345223202],[32.939682831479566,-2.6615459334567793],[32.94010414557794,-2.6618155838984574],[32.94343341457127,-2.6639713944036383],[32.945774821978745,-2.6654146842859228],[32.946261026212,-2.665714389285746],[32.947948458710805,-2.667182140543677],[32.9498183175661,-2.6688333562486575],[32.95164258981272,-2.6701176488644838],[32.952965194134194,-2.670897403765666],[32.95415098268318,-2.6714936937982174],[32.95492629203039,-2.6723192914680087],[32.95656816321266,-2.6729614595882456],[32.958802940630136,-2.673695375724221],[32.961174540105524,-2.674566888635175],[32.96254277616202,-2.674979714429249],[32.96500559671951,-2.675851221848548],[32.96746842019174,-2.676814453511419],[32.97116265590536,-2.6785115506038233],[32.974127158959924,-2.6806214044118817],[32.97955445857721,-2.687226060469782],[32.980192947188634,-2.6893358581650153],[32.98051218721445,-2.6907118116517967],[32.97932693497972,-2.6914485991609993],[32.978834154311144,-2.691648468687482],[32.977674912669094,-2.6921128296303047],[32.97711790448956,-2.6923521908401353],[32.97616099237595,-2.6927495300406266],[32.975465921331974,-2.693053518868105],[32.974656592548016,-2.6933886226192305],[32.9741448098634,-2.693608834173807],[32.97317123378241,-2.6940157452444757],[32.972380945891814,-2.694360423394741],[32.971652547989116,-2.6946835584702478],[32.97082893425732,-2.6950449910612564],[32.97042902843943,-2.6952269034689267],[32.96945306904708,-2.6956457808511534],[32.96847948927201,-2.696074231202914],[32.968089104406474,-2.6962393877367177],[32.96707981821085,-2.696679805399566],[32.966608499494434,-2.6968832585869102],[32.965977695428286,-2.697148943431497],[32.965582549538944,-2.697321280647473],[32.96434236305566,-2.697826319605245],[32.96316644648671,-2.6983217837190536],[32.962092885304386,-2.698790919937614],[32.961090735300985,-2.6992121826400854],[32.96005764047279,-2.6996597743276576],[32.959312572535424,-2.6999829022297637],[32.95850799568757,-2.700325175936089],[32.95736301880765,-2.700815848532706],[32.95671078679065,-2.7010839225021632],[32.955863360546985,-2.701430980642692],[32.95522064966798,-2.7017086287487935],[32.954437493041674,-2.7020413267934242],[32.95405186622246,-2.7022112657600386],[32.95327585075505,-2.7025391755548602],[32.9524546070279,-2.702876657670967],[32.95217133702708,-2.703008301624205],[32.9515167221113,-2.703278765622393],[32.95090737539698,-2.7035368337806824],[32.95068595559175,-2.7036306084936492],[32.95007418759034,-2.703886711082989],[32.94946718031445,-2.7041452074332586],[32.94881256391315,-2.7044228515716857],[32.94812462206719,-2.7047076746458605],[32.94775089548045,-2.7048536751107375],[32.94713912575734,-2.7051217455720287],[32.94654640034585,-2.705363484814771],[32.94611316288398,-2.705542994601063],[32.945441882005746,-2.7058230291062295],[32.9450467306207,-2.7059929656177233],[32.94437069125672,-2.7062251253753753],[32.94403981272344,-2.7063495826536395],[32.94351135770516,-2.7065410555540863],[32.942735341932845,-2.7067779974551422],[32.94231638794607,-2.706892876374907],[32.9418141205948,-2.7070197187112344],[32.940971454435164,-2.7072183569325894],[32.94043824315048,-2.7073308348199236],[32.93972412110061,-2.7074456982326054],[32.93934325650529,-2.707500734706798],[32.93870769001607,-2.7075701205122367],[32.93790073384545,-2.7076634341358483],[32.93742941496464,-2.707713677592726],[32.93667244785601,-2.7077974183784512],[32.93609400966771,-2.707866805796018],[32.93524420769417,-2.7079457530098177],[32.934230156755326,-2.7080629899957285],[32.93347080766889,-2.7081658787406457],[32.93322800565206,-2.708196983918874],[32.93250674400207,-2.7082879047768533],[32.93167360157332,-2.7084027558274784],[32.931337964852325,-2.7084434299647895],[32.930702395530055,-2.708531961637443],[32.92975975605501,-2.708642018217191],[32.92917179559201,-2.7087161885900524],[32.92827676361502,-2.7088190660729765],[32.92751503424153,-2.7089027998928947],[32.927036572629,-2.7089578265907046],[32.92626532210731,-2.7090367730982297],[32.925867794603704,-2.709075048044447],[32.925379812165545,-2.709120497991857],[32.92436338030361,-2.7092161834121318],[32.92357308571711,-2.709299913842291],[32.92242573129973,-2.709414739423525],[32.9217068479431,-2.7095056539360503],[32.92072611935888,-2.709627669415016],[32.920073887551844,-2.709704224974969],[32.919297875137566,-2.7097831657807925],[32.9184385480661,-2.709874069832161],[32.91766967549688,-2.7099769470133395],[32.916796064670926,-2.7100846042308446],[32.915853423136866,-2.7101802875237393],[32.91531545142243,-2.710235305388182],[32.91469178381931,-2.710311860022002],[32.91413714839713,-2.7103764516799562],[32.913304004870085,-2.710467353006368],[32.912501806055225,-2.7105654376244672],[32.91181148780368,-2.7106348042936803],[32.91142586009439,-2.7106898315418166],[32.9104808355181,-2.710821416748238],[32.90968815848732,-2.710907530810317],[32.90905972935998,-2.710981689180733],[32.90840511736234,-2.7110486636072357],[32.907795731421594,-2.7111252157303203],[32.9071411189477,-2.7111850087453724],[32.90659838487341,-2.7112472030453305],[32.90579142442331,-2.7113404950437907],[32.90506242397951,-2.711407461826742],[32.90404836974805,-2.7115025321818935],[32.903091444424824,-2.7115934165392526],[32.90244873373347,-2.711660388664555],[32.901510849393674,-2.711779997983237],[32.90091693241332,-2.711882879577709],[32.90063127939603,-2.7119546668664856],[32.899732661651434,-2.7121999482827834],[32.89775688562118,-2.7127862425591696],[32.89574540322926,-2.713360561962851],[32.89409695162113,-2.7136775847506414],[32.89345895350586,-2.7137483214720093],[32.893524251842166,-2.7133211311467416],[32.892543849309185,-2.7118812086414184],[32.891994518162626,-2.710549995635162],[32.89012526940775,-2.7096326411261846],[32.888984646695455,-2.7096784138484007],[32.88889962270208,-2.7097576689308367],[32.88839141407101,-2.7102293254808845],[32.887390063343396,-2.7100922740713074],[32.88634099570063,-2.709541098057062],[32.88588322000576,-2.708669515752162],[32.885654892294646,-2.7077551231658803],[32.88551759335014,-2.707202631130579],[32.88464352727901,-2.7057959944344545],[32.88460414288187,-2.7057321712385063],[32.884197079066205,-2.7049543233785025],[32.88369352566645,-2.703762334157174],[32.8832395649034,-2.70257034500912],[32.882736007030594,-2.701744537536445],[32.882919120856094,-2.6999555971648794],[32.88318913445723,-2.699085311793241],[32.88360289815009,-2.6977542900435636],[32.883846945083555,-2.697105878583396],[32.884242851950866,-2.696057313810749],[32.88529191898145,-2.6944056920975936],[32.88624895521985,-2.6927091416226885],[32.88684665588454,-2.692108197556823],[32.88702383319936,-2.691930167175812],[32.88789360530154,-2.6911959010731836],[32.888850579933525,-2.690141821199456],[32.88944152486393,-2.6903247296648205],[32.890050964358615,-2.6913317783056194],[32.89007983478207,-2.6913795715552458],[32.89108326604474,-2.692297067769379],[32.891584706260524,-2.6925852732599815],[32.89204028589266,-2.6928475200243067],[32.89230468688877,-2.6929052000613907],[32.893089986595726,-2.6930769481090127],[32.89454947069082,-2.693077076690232],[32.8962824908573,-2.6926186171308792],[32.897377300767005,-2.6921141562401045],[32.89873088910564,-2.6917630035515123],[32.89879246792751,-2.6917470712310267],[32.90075327210917,-2.690692397169424],[32.90106436386623,-2.6905712441416063],[32.90216638659316,-2.6901423610457305],[32.90266293688916,-2.6899695587740005],[32.90335495939134,-2.689729268365136],[32.90387787806332,-2.689492773038639],[32.90467494759111,-2.6891335337215665],[32.90599763303655,-2.688720852395217],[32.9066817848457,-2.688445712523709],[32.9079594141443,-2.688354185805595],[32.90914521953243,-2.6883084366989642],[32.90973756928766,-2.688445946838941],[32.91033046912228,-2.688629449734413],[32.91142507901478,-2.688629529975363],[32.91210920253192,-2.688721309593556],[32.91372110009034,-2.689968377632865],[32.91388760161059,-2.690097348441468],[32.913953808590804,-2.6901250274624817],[32.91498242678419,-2.6905561106855926],[32.9162138772847,-2.690372736286182],[32.917536541250506,-2.6902352313575513],[32.91840537121072,-2.690089674288781],[32.91863320448354,-2.6900515739138107],[32.919453133368926,-2.6897770230350893],[32.92018186634473,-2.6900060844069382],[32.92036428404042,-2.690281285427914],[32.92082142145356,-2.690373256993722],[32.921024329404524,-2.6901972614611993],[32.92113964565344,-2.690097876929845],[32.92161211677094,-2.6899243867263563],[32.92172318729411,-2.6898837395993658],[32.92223995279627,-2.689161548490375],[32.92254343307202,-2.6887374282714167],[32.92255771732928,-2.6886895588834845],[32.922955363222194,-2.687360535576509],[32.922818029613126,-2.685342735635144],[32.92231828999863,-2.6832333906486756],[32.92126922151178,-2.681307136243715],[32.92071990412476,-2.6802066808017293],[32.920710941701124,-2.680193444232354],[32.920037041540205,-2.6791958854362092],[32.91871330872719,-2.677591944711026],[32.91771001743072,-2.677086542369511],[32.91670672725447,-2.676123414753419],[32.914791699928486,-2.6735086678832447],[32.91446362690191,-2.6730395002835086],[32.91424618306148,-2.6727286293679406],[32.91346796512003,-2.671628185511539],[32.911507160990105,-2.670665058997874],[32.909821021712155,-2.669701932500329],[32.909000841057534,-2.668601488279765],[32.908272215119354,-2.667041411579561],[32.90767710612446,-2.665666333483912],[32.90690270254919,-2.664152030256281],[32.906593836195064,-2.6630472235838596],[32.906582356251036,-2.663005978546463],[32.90657840609391,-2.6629916756007184],[32.90635718654331,-2.6621800033113305],[32.906036742877454,-2.6609422404515355],[32.905716249297775,-2.6599789618156535],[32.90448469065102,-2.659199030114935],[32.90343576954268,-2.6585109745699067],[32.90341743932021,-2.6585001301167352],[32.90266064963917,-2.6580509534619234],[32.90172925957559,-2.6582032316324335],[32.90124680986156,-2.658281444521181],[32.90006277634014,-2.658142499494011],[32.898876376324054,-2.658234043821183],[32.89690732195776,-2.657588318990669],[32.896503500283686,-2.6574555181252504],[32.896033229641596,-2.657354135892042],[32.895226079283674,-2.6571794736683034],[32.89515919635812,-2.6570641484550386],[32.89490899041009,-2.656630105401198],[32.89500054391139,-2.6551158019035315],[32.89542832710577,-2.654212985942218],[32.89550041871282,-2.654061430553958],[32.895567059229144,-2.653911965495002],[32.8960953882063,-2.652731822744361],[32.89659719891468,-2.651796291678005],[32.896686680478254,-2.6516301943636966],[32.89668667995363,-2.650529024693196],[32.896611275073425,-2.6499242786320685],[32.8965951886637,-2.6497947754324795],[32.895637611810706,-2.649565897727813],[32.89422613875749,-2.6496574441662664],[32.893402142946485,-2.6497947614794612],[32.892715167910595,-2.649968641557602],[32.89249067659242,-2.650025060857556],[32.89234065010084,-2.6500250477717877],[32.89189911457032,-2.6500236249396414],[32.89103315700947,-2.649611672656826],[32.89143172310086,-2.6484043853331802],[32.891487472642766,-2.6482362416853107],[32.89156113670873,-2.648138690008787],[32.893371730614874,-2.6457419956144324],[32.89336820689352,-2.645740456389649],[32.89330985340152,-2.645791477292138],[32.89306024842072,-2.6460097146453934],[32.89251336046637,-2.646487877030722],[32.892421838623925,-2.646567720132251],[32.89158182284176,-2.6469887988357654],[32.891252881669544,-2.647153687726461],[32.889413103987025,-2.6484932201241733],[32.888271144766534,-2.649609530217825],[32.887827062738936,-2.649896566853163],[32.88765734053767,-2.6500672168485995],[32.887477770098,-2.65024676650602],[32.88716114236828,-2.650693047961852],[32.887000974006554,-2.6508545801080077],[32.88778942445552,-2.649820150293957],[32.888871580131436,-2.64895850715814],[32.889485579843246,-2.6479380436692606],[32.89039192662204,-2.6465961722655194],[32.89059314980087,-2.6462982556424977],[32.8909998570659,-2.645696113173827],[32.89176461479664,-2.6448662851401754],[32.8922705511612,-2.6443358432309028],[32.89287254976565,-2.6436656924303463],[32.89403349509541,-2.6429523520718963],[32.894764460778774,-2.6424984066134747],[32.89520248906507,-2.6420341683040514],[32.89555995184841,-2.641655317301215],[32.896249882536765,-2.6411350337048995],[32.89667790866192,-2.6408122543831163],[32.89708643299098,-2.6400123688750825],[32.89738746413597,-2.6392557142707593],[32.89781747700609,-2.638563928364196],[32.89864669311941,-2.6384439181178423],[32.899656653724264,-2.6384025399343765],[32.89966210993773,-2.6384027231288316],[32.90100342720687,-2.638447761024003],[32.90112862595458,-2.638451964379141],[32.90214304910787,-2.6384860251383855],[32.90315788559936,-2.6383878645286964]]]]}},{"id":"26","type":"Feature","properties":{"id":"existing_water_supply_zone.27","ogc_fid":27,"objectid":3,"district_n":"SP","planning_d":null,"dist_area_":0,"cons__area":0.0,"area_less_":0.0,"pr__pop":0,"pr__du":0.0,"pr_urb_den":0.0,"ex__pop":0,"ex__du":0.0,"gfa_m2":0,"new__pop":0,"new_du":0.0,"dus_lo_den":0.0,"gfa_m200":0.0,"dus__med_d":0.0,"gfa_m201":0.0,"dus_high_d":0.0,"gfa_m202":0.0,"heavy_indu":0,"gfa_m203":0,"light_indu":0.0,"gfa_m204":0,"logistics_":0.0,"gfa_m205":0.0,"logistics1":0.0,"gfa_m206":0.0,"total_logi":0.0,"total_gfa_":0.0,"commercial":0.0,"gfa_m207":0,"agri_minin":0.0,"total_empl":0.0,"coverage":null,"shape_leng":24753.0347964,"shape_area":24275979.2991},"geometry":{"type":"MultiPolygon","coordinates":[[[[32.94509420967177,-2.4338905011530922],[32.94586551919851,-2.434928134499131],[32.94611382598581,-2.435152470603658],[32.94730398516818,-2.436227735418769],[32.94914423059936,-2.437412116905785],[32.95003373300929,-2.437998903498199],[32.951123614608036,-2.438777814030434],[32.951706806583736,-2.438891209200229],[32.95204369013681,-2.4392256192184676],[32.953264598348525,-2.440334061441305],[32.95515266558818,-2.4419704949964354],[32.95550377348796,-2.4422508702601435],[32.955824280466246,-2.442432615515801],[32.96264496941008,-2.445790874710887],[32.96416024124138,-2.4472278117729678],[32.96561327804947,-2.448714564817281],[32.96573631555074,-2.4488197307757047],[32.96728807415764,-2.4517729833766135],[32.9822481760163,-2.4624028892302494],[32.983243212146824,-2.463513729430738],[32.98597399941099,-2.4665623174404914],[32.98933337701647,-2.470312623438834],[32.98898071145877,-2.4718525072565436],[32.98861682685009,-2.4734413705394758],[32.98820605969866,-2.4734953108293922],[32.986286037478244,-2.4736011661756945],[32.98482570107984,-2.47368167566252],[32.982199784688625,-2.473826440511351],[32.97466785651487,-2.472015002566413],[32.96607800627022,-2.4699472225799632],[32.96310652239475,-2.4748038748440795],[32.960762508449875,-2.4733830453531547],[32.95800680125619,-2.4717126581951434],[32.9516019348364,-2.4678302723639507],[32.94755903172804,-2.4688149540204036],[32.9445664436203,-2.469543814873513],[32.941596586616356,-2.465877666250586],[32.938103493125006,-2.4673853955696594],[32.93781001313534,-2.4669285222802526],[32.935697870709106,-2.4656118645284755],[32.93305031512848,-2.4628589325922055],[32.93099770151084,-2.4611532875816637],[32.92790382127211,-2.460375157284731],[32.92561317643351,-2.459537221556038],[32.92465680979545,-2.4594882567667815],[32.92181590648967,-2.4570463698149614],[32.92307731680104,-2.4562325718901428],[32.921720848661316,-2.4546406563418377],[32.92019765326015,-2.4553347502983573],[32.91989004783698,-2.455669627039355],[32.91953459746774,-2.456056590896457],[32.91933880200222,-2.4557948013898883],[32.919250423384746,-2.4556766343348033],[32.91896347618334,-2.455029641668024],[32.916825689950784,-2.4510293918887873],[32.9166696663585,-2.451009921647157],[32.91536773205456,-2.4494911534604498],[32.914855646380786,-2.448899297313046],[32.912748723574936,-2.4464853943512925],[32.911116828643735,-2.444825683468822],[32.90954774646236,-2.4438117133834196],[32.90922729907945,-2.4431826118255704],[32.91071813436096,-2.44247995651194],[32.91164152629483,-2.4420328515150027],[32.912941131872564,-2.4411386040643546],[32.914260213268555,-2.440244695794278],[32.91636115610922,-2.438446353311747],[32.917489773456886,-2.437345705999796],[32.91863208576198,-2.4360148572601736],[32.919541935373395,-2.4348992207633926],[32.92052453338174,-2.43260662254265],[32.92049961571725,-2.430947969674567],[32.920471136764114,-2.4305091186004413],[32.92060809365223,-2.4300642753926853],[32.9185504607976,-2.4284368413480757],[32.918356769126895,-2.4282434848054515],[32.91886014221714,-2.4264747205830663],[32.91853981814894,-2.4251570465687644],[32.91905356205844,-2.424441725122281],[32.92025594996564,-2.423686484717022],[32.92126775874864,-2.423572141521236],[32.92272299066959,-2.422417539721717],[32.92351247196764,-2.4213704544378527],[32.92336850377041,-2.420532813697551],[32.92336762616821,-2.4205277083165724],[32.92346042982907,-2.4205558747791307],[32.92948753164929,-2.4220678362801342],[32.932759196471096,-2.42305416561406],[32.93532828975826,-2.4239084188466284],[32.93734630053545,-2.425588750206183],[32.93916037357059,-2.4262186303325706],[32.94390371959065,-2.4278655959975572],[32.94308520815062,-2.429515053608446],[32.94258743368216,-2.4305181619698097],[32.94509420967177,-2.4338905011530922]]]]}},{"id":"27","type":"Feature","properties":{"id":"existing_water_supply_zone.28","ogc_fid":28,"objectid":0,"district_n":null,"planning_d":null,"dist_area_":0,"cons__area":0.0,"area_less_":0.0,"pr__pop":0,"pr__du":0.0,"pr_urb_den":0.0,"ex__pop":0,"ex__du":0.0,"gfa_m2":0,"new__pop":0,"new_du":0.0,"dus_lo_den":0.0,"gfa_m200":0.0,"dus__med_d":0.0,"gfa_m201":0.0,"dus_high_d":0.0,"gfa_m202":0.0,"heavy_indu":0,"gfa_m203":0,"light_indu":0.0,"gfa_m204":0,"logistics_":0.0,"gfa_m205":0.0,"logistics1":0.0,"gfa_m206":0.0,"total_logi":0.0,"total_gfa_":0.0,"commercial":0.0,"gfa_m207":0,"agri_minin":0.0,"total_empl":0.0,"coverage":null,"shape_leng":0.0,"shape_area":0.0},"geometry":null}]}