{"type":"FeatureCollection","features":[{"id":"0","type":"Feature","properties":{"id":"mwanza_financial_amenities.1","ogc_fid":1,"fid":1,"osm_id":8520976302,"addr:street":null,"network":"MPESA","amenity":"mobile_money_agent","addr:subward":"Migombani","name":"Mama Suzy Shop","operator":null,"addr:city":"Mwanza","addr:municipality":"Ilemela","opening_hours":"Mo-Su 09:00-17:00","addr:ward":"Buzuruga"},"geometry":{"type":"Point","coordinates":[32.9286909,-2.5311403]}},{"id":"1","type":"Feature","properties":{"id":"mwanza_financial_amenities.2","ogc_fid":2,"fid":2,"osm_id":8520663636,"addr:street":null,"network":"Airtel Money;MPESA;Tigo Pesa","amenity":"mobile_money_agent","addr:subward":"Buzuruga Kusini","name":null,"operator":"CRDB Bank","addr:city":"Mwanza","addr:municipality":"Ilemela","opening_hours":"Mo-Fr 08:30-15:30; Sa 09:00-13:00;24/7","addr:ward":"Buzuruga"},"geometry":{"type":"Point","coordinates":[32.9389689,-2.5342128]}},{"id":"2","type":"Feature","properties":{"id":"mwanza_financial_amenities.3","ogc_fid":3,"fid":3,"osm_id":8520663968,"addr:street":null,"network":"Remit","amenity":"bank","addr:subward":"Buzuruga Kusini","name":"NMB Buzuruga Branch","operator":"National Microfinance Bank (NMB)","addr:city":"Mwanza","addr:municipality":"Ilemela","opening_hours":"Mo-Fr 08:30-15:30; Sa 09:00-13:00","addr:ward":"Buzuruga"},"geometry":{"type":"Point","coordinates":[32.939428,-2.5314092]}},{"id":"3","type":"Feature","properties":{"id":"mwanza_financial_amenities.4","ogc_fid":4,"fid":4,"osm_id":8520664278,"addr:street":null,"network":"HaloPesa;Airtel Money;Tigo Pesa;MPESA","amenity":"mobile_money_agent","addr:subward":"Buzuruga Kusini","name":"Wakala","operator":"Equity Bank;National Microfinance Bank;Stanbic Bank;CRDB Bank","addr:city":"Mwanza","addr:municipality":"Ilemela","opening_hours":"Mo-Sa 08:00-18:00","addr:ward":"Buzuruga"},"geometry":{"type":"Point","coordinates":[32.9394981,-2.5339908]}},{"id":"4","type":"Feature","properties":{"id":"mwanza_financial_amenities.5","ogc_fid":5,"fid":5,"osm_id":8520663953,"addr:street":null,"network":"MPESA","amenity":"mobile_money_agent","addr:subward":"Buzuruga Kusini","name":null,"operator":null,"addr:city":"Mwanza","addr:municipality":"Ilemela","opening_hours":"Mo-Sa 08:00-18:00","addr:ward":"Buzuruga"},"geometry":{"type":"Point","coordinates":[32.9395067,-2.5339002]}},{"id":"5","type":"Feature","properties":{"id":"mwanza_financial_amenities.6","ogc_fid":6,"fid":6,"osm_id":8520663816,"addr:street":null,"network":"Airtel Money;MPESA;Tigo Pesa","amenity":"mobile_money_agent","addr:subward":"Buzuruga Mashariki","name":null,"operator":null,"addr:city":"Mwanza","addr:municipality":"Ilemela","opening_hours":"Mo-Fr 08:30-15:30; Sa 09:00-13:00","addr:ward":"Buzuruga"},"geometry":{"type":"Point","coordinates":[32.9408112,-2.5307073]}},{"id":"6","type":"Feature","properties":{"id":"mwanza_financial_amenities.7","ogc_fid":7,"fid":7,"osm_id":8559753837,"addr:street":null,"network":"HaloPesa;Tigo Pesa;MPESA;Airtel Money","amenity":"mobile_money_agent","addr:subward":"Nyamanoro A","name":null,"operator":null,"addr:city":"Mwanza","addr:municipality":"Ilemela","opening_hours":"Mo-Sa 09:00-18:00","addr:ward":"Nyamanoro"},"geometry":{"type":"Point","coordinates":[32.9010067,-2.5017404]}},{"id":"7","type":"Feature","properties":{"id":"mwanza_financial_amenities.8","ogc_fid":8,"fid":8,"osm_id":8559764122,"addr:street":"Kirumba Road","network":null,"amenity":"bank","addr:subward":"Nyamanoro A","name":"CRDB Bank","operator":"CRDB Bank","addr:city":"Mwanza","addr:municipality":"Ilemela","opening_hours":null,"addr:ward":"Nyamanoro"},"geometry":{"type":"Point","coordinates":[32.9018441,-2.5006918]}},{"id":"8","type":"Feature","properties":{"id":"mwanza_financial_amenities.9","ogc_fid":9,"fid":9,"osm_id":8559693912,"addr:street":null,"network":"HaloPesa;Airtel Money;Tigo Pesa;MPESA","amenity":"mobile_money_agent","addr:subward":"nyamanoro 2","name":null,"operator":null,"addr:city":"Mwanza","addr:municipality":"Ilemela","opening_hours":"Mo-Fr 08:30-15:30; Sa 09:00-13:00","addr:ward":"Nyamanoro"},"geometry":{"type":"Point","coordinates":[32.9070064,-2.4981174]}},{"id":"9","type":"Feature","properties":{"id":"mwanza_financial_amenities.10","ogc_fid":10,"fid":10,"osm_id":8559742986,"addr:street":null,"network":"MPESA","amenity":"mobile_money_agent","addr:subward":"Nyamonoro A","name":null,"operator":null,"addr:city":"Mwanza","addr:municipality":"Ilemela","opening_hours":"Mo-Su 09:00-17:00","addr:ward":"Nyamanoro"},"geometry":{"type":"Point","coordinates":[32.9053402,-2.4951888]}},{"id":"10","type":"Feature","properties":{"id":"mwanza_financial_amenities.11","ogc_fid":11,"fid":11,"osm_id":8559744307,"addr:street":"Kilimahewa A","network":"MPESA;Airtel Money","amenity":"mobile_money_agent","addr:subward":"Kilimahewa A","name":null,"operator":null,"addr:city":"Mwanza","addr:municipality":"Ilemela","opening_hours":"Mo-Fr 08:30-15:30; Sa 09:00-13:00","addr:ward":"Nyamanoro"},"geometry":{"type":"Point","coordinates":[32.9119356,-2.4937944]}},{"id":"11","type":"Feature","properties":{"id":"mwanza_financial_amenities.12","ogc_fid":12,"fid":12,"osm_id":8559742139,"addr:street":"Kilimahewa","network":"HaloPesa;Airtel Money;Tigo Pesa;MPESA","amenity":"mobile_money_agent","addr:subward":"Kilimahewa","name":null,"operator":null,"addr:city":"Mwanza","addr:municipality":"Ilemela","opening_hours":"Mo-Fr 08:30-15:30; Sa 09:00-13:00","addr:ward":"Nyamanoro"},"geometry":{"type":"Point","coordinates":[32.9123783,-2.4936667]}},{"id":"12","type":"Feature","properties":{"id":"mwanza_financial_amenities.13","ogc_fid":13,"fid":13,"osm_id":8559737217,"addr:street":null,"network":"Tigo Pesa;MPESA;Airtel Money","amenity":"mobile_money_agent","addr:subward":"Kilimahewa","name":"Alphric General Supplies","operator":"National Microfinance Bank (NMB);Equity Bank;CRDB Bank","addr:city":"Mwanza","addr:municipality":"Ilemela","opening_hours":"Mo-Fr 08:30-15:30; Sa 09:00-13:00","addr:ward":"Nyamanoro"},"geometry":{"type":"Point","coordinates":[32.9096301,-2.4931019]}},{"id":"13","type":"Feature","properties":{"id":"mwanza_financial_amenities.14","ogc_fid":14,"fid":14,"osm_id":8559750788,"addr:street":"Mkudi","network":"Tigo Pesa;MPESA;Airtel Money","amenity":"money_transfer","addr:subward":"Mkudi","name":"Mpesa","operator":null,"addr:city":"Mwanza","addr:municipality":"Ilemela","opening_hours":null,"addr:ward":"Nyamanoro"},"geometry":{"type":"Point","coordinates":[32.9057693,-2.497504]}},{"id":"14","type":"Feature","properties":{"id":"mwanza_financial_amenities.15","ogc_fid":15,"fid":15,"osm_id":8559753517,"addr:street":null,"network":"HaloPesa;Tigo Pesa;MPESA;Airtel Money;ZPESA","amenity":"mobile_money_agent","addr:subward":"Kilimahewa","name":null,"operator":null,"addr:city":"Mwanza","addr:municipality":"Ilemela","opening_hours":null,"addr:ward":"Nyamanoro"},"geometry":{"type":"Point","coordinates":[32.9141002,-2.4949736]}},{"id":"15","type":"Feature","properties":{"id":"mwanza_financial_amenities.16","ogc_fid":16,"fid":16,"osm_id":8559755537,"addr:street":null,"network":"HaloPesa;Tigo Pesa;MPESA;Airtel Money","amenity":"mobile_money_agent","addr:subward":"Nyamanoro A","name":null,"operator":null,"addr:city":"Mwanza","addr:municipality":"Ilemela","opening_hours":"Mo-Sa 09:00-17:00","addr:ward":"Nyamanoro"},"geometry":{"type":"Point","coordinates":[32.9013458,-2.496674]}},{"id":"16","type":"Feature","properties":{"id":"mwanza_financial_amenities.17","ogc_fid":17,"fid":17,"osm_id":8559761842,"addr:street":null,"network":"HaloPesa;Tigo Pesa;MPESA;Airtel Money","amenity":"mobile_money_agent","addr:subward":"Nyamanoro A","name":"GM Wakala","operator":null,"addr:city":"Mwanza","addr:municipality":"Ilemela","opening_hours":"Mo-Fr 08:30-15:30; Sa 09:00-13:00;Mo-Su 09:00-17:00","addr:ward":"Nyamanoro"},"geometry":{"type":"Point","coordinates":[32.9014476,-2.4967757]}},{"id":"17","type":"Feature","properties":{"id":"mwanza_financial_amenities.18","ogc_fid":18,"fid":18,"osm_id":8559768816,"addr:street":null,"network":"HaloPesa;Tigo Pesa;MPESA;Airtel Money","amenity":"mobile_money_agent","addr:subward":"Kilimahewa","name":null,"operator":null,"addr:city":"Mwanza","addr:municipality":"Ilemela","opening_hours":null,"addr:ward":"Nyamanoro"},"geometry":{"type":"Point","coordinates":[32.913962,-2.4949974]}},{"id":"18","type":"Feature","properties":{"id":"mwanza_financial_amenities.19","ogc_fid":19,"fid":19,"osm_id":8559768882,"addr:street":"Soko La Kwa Msuka","network":"HaloPesa;Tigo Pesa;MPESA;Airtel Money","amenity":"mobile_money_agent","addr:subward":"Kilimahewa","name":null,"operator":null,"addr:city":"Mwanza","addr:municipality":"Ilemela","opening_hours":null,"addr:ward":"Nyamanoro"},"geometry":{"type":"Point","coordinates":[32.9136632,-2.4948975]}},{"id":"19","type":"Feature","properties":{"id":"mwanza_financial_amenities.20","ogc_fid":20,"fid":20,"osm_id":8559769201,"addr:street":null,"network":"Airtel Money;MPESA;Tigo Pesa","amenity":"mobile_money_agent","addr:subward":"Kilimahewa","name":null,"operator":null,"addr:city":"Mwanza","addr:municipality":"Ilemela","opening_hours":"Mo-Sa 08:00-18:00;Mo-Sa 09:00-17:00","addr:ward":"Nyamanoro"},"geometry":{"type":"Point","coordinates":[32.9110488,-2.4978997]}},{"id":"20","type":"Feature","properties":{"id":"mwanza_financial_amenities.21","ogc_fid":21,"fid":21,"osm_id":8570898856,"addr:street":"Ruhinda","network":null,"amenity":"mobile_money_agent","addr:subward":"Mlimani","name":null,"operator":null,"addr:city":"Mwanza","addr:municipality":"Ilemela","opening_hours":"Mo-Sa 08:00-18:00","addr:ward":"Kirumba"},"geometry":{"type":"Point","coordinates":[32.8918621,-2.5015597]}},{"id":"21","type":"Feature","properties":{"id":"mwanza_financial_amenities.22","ogc_fid":22,"fid":22,"osm_id":8570900597,"addr:street":null,"network":"MPESA","amenity":"mobile_money_agent","addr:subward":"Magomeni","name":null,"operator":null,"addr:city":"Mwanza","addr:municipality":"Ilemela","opening_hours":"Mo-Sa 09:00-18:00","addr:ward":"Kirumba"},"geometry":{"type":"Point","coordinates":[32.8959558,-2.5061091]}},{"id":"22","type":"Feature","properties":{"id":"mwanza_financial_amenities.23","ogc_fid":23,"fid":23,"osm_id":8570900676,"addr:street":null,"network":"MPESA;Airtel Money;TigoPesa;CRDB;NMB","amenity":"mobile_money_agent","addr:subward":"Kirumba Kati","name":"Kapumbe","operator":null,"addr:city":"Mwanza","addr:municipality":"Ilemela","opening_hours":"Mo-Sa 08:00-18:00","addr:ward":"Kirumba"},"geometry":{"type":"Point","coordinates":[32.8983235,-2.503828]}},{"id":"23","type":"Feature","properties":{"id":"mwanza_financial_amenities.24","ogc_fid":24,"fid":24,"osm_id":8570900681,"addr:street":null,"network":"MPESA;Airtel Money","amenity":"mobile_money_agent","addr:subward":"Kirumba Kati","name":null,"operator":"CRDB Bank","addr:city":"Mwanza","addr:municipality":"Ilemela","opening_hours":"Mo-Fr 09:00-17:00","addr:ward":"Kirumba"},"geometry":{"type":"Point","coordinates":[32.9006823,-2.5050629]}},{"id":"24","type":"Feature","properties":{"id":"mwanza_financial_amenities.25","ogc_fid":25,"fid":25,"osm_id":8570900686,"addr:street":"Sokoni Street","network":"HaloPesa;Tigo Pesa;MPESA;Airtel Money","amenity":"mobile_money_agent","addr:subward":"Kirumba Kati","name":null,"operator":null,"addr:city":"Mwanza","addr:municipality":"Ilemela","opening_hours":"Mo-Sa 08:00-18:00","addr:ward":"Kirumba"},"geometry":{"type":"Point","coordinates":[32.8990747,-2.5035519]}},{"id":"25","type":"Feature","properties":{"id":"mwanza_financial_amenities.26","ogc_fid":26,"fid":26,"osm_id":8570900771,"addr:street":null,"network":"Western Union;Visa;MasterCard","amenity":"bank","addr:subward":"Magomeni","name":"Azania Bank","operator":null,"addr:city":"Mwanza","addr:municipality":"Ilemela","opening_hours":"Mo-Fr 09:00-17:00","addr:ward":"Kirumba"},"geometry":{"type":"Point","coordinates":[32.8950882,-2.5060307]}},{"id":"26","type":"Feature","properties":{"id":"mwanza_financial_amenities.27","ogc_fid":27,"fid":27,"osm_id":8570900791,"addr:street":"Swahili B","network":"HaloPesa;Tigo Pesa;MPESA;Airtel Money","amenity":"mobile_money_agent","addr:subward":"Kirumba Kati","name":"Kirumba Shop","operator":null,"addr:city":"Mwanza","addr:municipality":"Ilemela","opening_hours":"Mo-Su 09:00-17:00","addr:ward":"Kirumba"},"geometry":{"type":"Point","coordinates":[32.899352,-2.5036733]}},{"id":"27","type":"Feature","properties":{"id":"mwanza_financial_amenities.28","ogc_fid":28,"fid":28,"osm_id":8570900832,"addr:street":"Penda","network":"HaloPesa;Tigo Pesa;MPESA;Airtel Money","amenity":"mobile_money_agent","addr:subward":"Kirumba Kati","name":"Otaigo Entreprises Limited","operator":"National Microfinance Bank (NMB)","addr:city":"Mwanza","addr:municipality":"Ilemela","opening_hours":"Mo-Sa 08:00-18:00","addr:ward":"Kirumba"},"geometry":{"type":"Point","coordinates":[32.8984384,-2.5038779]}},{"id":"28","type":"Feature","properties":{"id":"mwanza_financial_amenities.29","ogc_fid":29,"fid":29,"osm_id":8570900842,"addr:street":null,"network":"Airtel Money","amenity":"mobile_money_agent","addr:subward":"Kirumba Kati","name":null,"operator":"Equity Bank;CRDB Bank","addr:city":"Mwanza","addr:municipality":"Ilemela","opening_hours":"Mo-Fr 09:00-17:00","addr:ward":"Kirumba"},"geometry":{"type":"Point","coordinates":[32.9004908,-2.5055001]}},{"id":"29","type":"Feature","properties":{"id":"mwanza_financial_amenities.30","ogc_fid":30,"fid":30,"osm_id":8570900978,"addr:street":"Penda","network":"HaloPesa;Tigo Pesa;MPESA;Airtel Money","amenity":"mobile_money_agent","addr:subward":"Kirumba Kati","name":null,"operator":null,"addr:city":"Mwanza","addr:municipality":"Ilemela","opening_hours":"Mo-Sa 08:00-18:00","addr:ward":"Kirumba"},"geometry":{"type":"Point","coordinates":[32.8988952,-2.5040246]}},{"id":"30","type":"Feature","properties":{"id":"mwanza_financial_amenities.31","ogc_fid":31,"fid":31,"osm_id":8570901030,"addr:street":"Ruhinda","network":"MPESA","amenity":"mobile_money_agent","addr:subward":"Mlimani","name":null,"operator":null,"addr:city":"Mwanza","addr:municipality":"Ilemela","opening_hours":"Mo-Su 09:00-17:00","addr:ward":"Kirumba"},"geometry":{"type":"Point","coordinates":[32.8918505,-2.5013794]}},{"id":"31","type":"Feature","properties":{"id":"mwanza_financial_amenities.32","ogc_fid":32,"fid":32,"osm_id":8570901048,"addr:street":null,"network":null,"amenity":"mobile_money_agent","addr:subward":"Kirumba Kati","name":null,"operator":null,"addr:city":"Mwanza","addr:municipality":"Ilemela","opening_hours":"Mo-Sa 08:00-18:00","addr:ward":"Kirumba"},"geometry":{"type":"Point","coordinates":[32.898581,-2.5031206]}},{"id":"32","type":"Feature","properties":{"id":"mwanza_financial_amenities.33","ogc_fid":33,"fid":33,"osm_id":8570901083,"addr:street":"Bomba","network":null,"amenity":"mobile_money_agent","addr:subward":"Kirumba Kati","name":null,"operator":null,"addr:city":"Mwanza","addr:municipality":"Ilemela","opening_hours":null,"addr:ward":"Kirumba"},"geometry":{"type":"Point","coordinates":[32.8996311,-2.5026503]}},{"id":"33","type":"Feature","properties":{"id":"mwanza_financial_amenities.34","ogc_fid":34,"fid":34,"osm_id":8570901284,"addr:street":"Vuka","network":"HaloPesa;Tigo Pesa;MPESA;Airtel Money","amenity":"mobile_money_agent","addr:subward":"Kirumba Kati","name":null,"operator":null,"addr:city":"Mwanza","addr:municipality":"Ilemela","opening_hours":null,"addr:ward":"Kirumba"},"geometry":{"type":"Point","coordinates":[32.9001937,-2.5017613]}},{"id":"34","type":"Feature","properties":{"id":"mwanza_financial_amenities.35","ogc_fid":35,"fid":35,"osm_id":8570901288,"addr:street":"Bomba","network":"Tigo Pesa;MPESA;Airtel Money","amenity":"mobile_money_agent","addr:subward":"Kirumba Kati","name":"Umoja Traders and Services","operator":null,"addr:city":"Mwanza","addr:municipality":"Ilemela","opening_hours":"Mo-Sa 08:00-18:00","addr:ward":"Kirumba"},"geometry":{"type":"Point","coordinates":[32.8986179,-2.5025707]}},{"id":"35","type":"Feature","properties":{"id":"mwanza_financial_amenities.36","ogc_fid":36,"fid":36,"osm_id":8570901298,"addr:street":null,"network":"MasterCard","amenity":"bank","addr:subward":"Magomeni","name":"CRDB Bank","operator":"CRDB Bank","addr:city":"Mwanza","addr:municipality":"Ilemela","opening_hours":"Mo-Fr 09:00-17:00","addr:ward":"Kirumba"},"geometry":{"type":"Point","coordinates":[32.8949126,-2.506374]}},{"id":"36","type":"Feature","properties":{"id":"mwanza_financial_amenities.37","ogc_fid":37,"fid":37,"osm_id":8559723801,"addr:street":null,"network":"Tigo Pesa;MPESA;Airtel Money","amenity":"money_transfer","addr:subward":"Kitangiri A","name":null,"operator":null,"addr:city":"Mwanza","addr:municipality":"Ilemela","opening_hours":null,"addr:ward":"Kitangiri"},"geometry":{"type":"Point","coordinates":[32.8979839,-2.49661]}},{"id":"37","type":"Feature","properties":{"id":"mwanza_financial_amenities.38","ogc_fid":38,"fid":38,"osm_id":8559747349,"addr:street":null,"network":"MPESA;Airtel Money","amenity":"money_transfer","addr:subward":"Kitangiri A","name":null,"operator":null,"addr:city":"Mwanza","addr:municipality":"Ilemela","opening_hours":null,"addr:ward":"Kitangiri"},"geometry":{"type":"Point","coordinates":[32.8978968,-2.4965772]}},{"id":"38","type":"Feature","properties":{"id":"mwanza_financial_amenities.39","ogc_fid":39,"fid":39,"osm_id":8559745606,"addr:street":null,"network":"HaloPesa;Tigo Pesa;MPESA;Airtel Money","amenity":"mobile_money_agent","addr:subward":"Kitangiri B","name":"Mnyamwezi Shop","operator":null,"addr:city":"Mwanza","addr:municipality":"Ilemela","opening_hours":"Mo-Su 09:00-17:00","addr:ward":"Kitangiri"},"geometry":{"type":"Point","coordinates":[32.8984737,-2.491373]}},{"id":"39","type":"Feature","properties":{"id":"mwanza_financial_amenities.40","ogc_fid":40,"fid":40,"osm_id":8520399601,"addr:street":"Madukani","network":"HaloPesa;Tigo Pesa;MPESA;Airtel Money","amenity":"mobile_money_agent","addr:subward":"Jiwe Kuu","name":null,"operator":null,"addr:city":"Mwanza","addr:municipality":"Ilemela","opening_hours":null,"addr:ward":"Kitangiri"},"geometry":{"type":"Point","coordinates":[32.895534,-2.4906655]}},{"id":"40","type":"Feature","properties":{"id":"mwanza_financial_amenities.41","ogc_fid":41,"fid":41,"osm_id":8559737463,"addr:street":null,"network":"Airtel Money;Mpesa;Tigopesa","amenity":"money_transfer","addr:subward":null,"name":null,"operator":null,"addr:city":"Mwanza","addr:municipality":"Ilemela","opening_hours":null,"addr:ward":"Kitangiri"},"geometry":{"type":"Point","coordinates":[32.8969728,-2.4905103]}},{"id":"41","type":"Feature","properties":{"id":"mwanza_financial_amenities.42","ogc_fid":42,"fid":42,"osm_id":8520399531,"addr:street":null,"network":"MPESA","amenity":"mobile_money_agent","addr:subward":"Jiwe Kuu","name":"Wakala wa Mpesa","operator":null,"addr:city":"Mwanza","addr:municipality":"Ilemela","opening_hours":"Mo-Sa 08:00-18:00","addr:ward":"Kitangiri"},"geometry":{"type":"Point","coordinates":[32.8945316,-2.490172]}},{"id":"42","type":"Feature","properties":{"id":"mwanza_financial_amenities.43","ogc_fid":43,"fid":43,"osm_id":8520399505,"addr:street":null,"network":"Airtel Money;MPESA","amenity":"mobile_money_agent","addr:subward":"Jiwe Kuu","name":null,"operator":null,"addr:city":"Mwanza","addr:municipality":"Ilemela","opening_hours":"Mo-Sa 08:00-18:00","addr:ward":"Kitangiri"},"geometry":{"type":"Point","coordinates":[32.8945102,-2.4899311]}},{"id":"43","type":"Feature","properties":{"id":"mwanza_financial_amenities.44","ogc_fid":44,"fid":44,"osm_id":8520399506,"addr:street":null,"network":"MPESA","amenity":"mobile_money_agent","addr:subward":"Mwinuko","name":"Michael Deus","operator":null,"addr:city":"Mwanza","addr:municipality":"Ilemela","opening_hours":"Mo-Sa 08:00-18:00","addr:ward":"Kitangiri"},"geometry":{"type":"Point","coordinates":[32.8925933,-2.4897758]}},{"id":"44","type":"Feature","properties":{"id":"mwanza_financial_amenities.45","ogc_fid":45,"fid":45,"osm_id":8559735120,"addr:street":null,"network":"HaloPesa;Airtel Money;MPESA;Tigo Pesa","amenity":"mobile_money_agent","addr:subward":"Kileleni","name":null,"operator":null,"addr:city":"Mwanza","addr:municipality":"Ilemela","opening_hours":"Mo-Sa 08:00-18:00","addr:ward":"Kitangiri"},"geometry":{"type":"Point","coordinates":[32.8999114,-2.4891863]}},{"id":"45","type":"Feature","properties":{"id":"mwanza_financial_amenities.46","ogc_fid":46,"fid":46,"osm_id":8520399532,"addr:street":null,"network":"Tigo Pesa;MPESA;Airtel Money","amenity":"mobile_money_agent","addr:subward":"Jiwe Kuu","name":null,"operator":"CRDB Bank","addr:city":"Mwanza","addr:municipality":"Ilemela","opening_hours":"Mo-Fr 08:30-15:30; Sa 09:00-13:00","addr:ward":"Kitangiri"},"geometry":{"type":"Point","coordinates":[32.8929747,-2.4873627]}},{"id":"46","type":"Feature","properties":{"id":"mwanza_financial_amenities.47","ogc_fid":47,"fid":47,"osm_id":8520612015,"addr:street":null,"network":"HaloPesa;Tigo Pesa;MPESA","amenity":"mobile_money_agent","addr:subward":"Jiwe Kuu","name":null,"operator":null,"addr:city":"Mwanza","addr:municipality":"Ilemela","opening_hours":"Mo-Fr 09:00-17:00","addr:ward":"Kitangiri"},"geometry":{"type":"Point","coordinates":[32.8891182,-2.4793894]}},{"id":"47","type":"Feature","properties":{"id":"mwanza_financial_amenities.48","ogc_fid":48,"fid":48,"osm_id":8559757143,"addr:street":null,"network":"HaloPesa;Airtel Money;MPESA;Tigo Pesa","amenity":"mobile_money_agent","addr:subward":"Kileleni","name":null,"operator":null,"addr:city":"Mwanza","addr:municipality":"Ilemela","opening_hours":"Mo-Sa 08:00-18:00","addr:ward":"Kitangiri"},"geometry":{"type":"Point","coordinates":[32.9003338,-2.4888492]}},{"id":"48","type":"Feature","properties":{"id":"mwanza_financial_amenities.49","ogc_fid":49,"fid":49,"osm_id":8559765498,"addr:street":null,"network":"HaloPesa;Tigo Pesa;MPESA;Airtel Money","amenity":"mobile_money_agent","addr:subward":"Medical","name":null,"operator":null,"addr:city":"Mwanza","addr:municipality":"Ilemela","opening_hours":"Mo-Su 09:00-17:00","addr:ward":"Kitangiri"},"geometry":{"type":"Point","coordinates":[32.8972383,-2.4907786]}},{"id":"49","type":"Feature","properties":{"id":"mwanza_financial_amenities.50","ogc_fid":50,"fid":50,"osm_id":8559767623,"addr:street":"Kileleni","network":"HaloPesa;Tigo Pesa;MPESA;Airtel Money","amenity":"mobile_money_agent","addr:subward":"Kileleni","name":null,"operator":null,"addr:city":"Mwanza","addr:municipality":"Ilemela","opening_hours":"Mo-Sa 09:00-18:00","addr:ward":"Kitangiri"},"geometry":{"type":"Point","coordinates":[32.8983879,-2.4895936]}},{"id":"50","type":"Feature","properties":{"id":"mwanza_financial_amenities.51","ogc_fid":51,"fid":51,"osm_id":8570900669,"addr:street":null,"network":"HaloPesa;Tigo Pesa;MPESA;Airtel Money","amenity":"mobile_money_agent","addr:subward":"Jiwe Kuu","name":"Mama Emma Shop","operator":null,"addr:city":"Mwanza","addr:municipality":"Ilemela","opening_hours":null,"addr:ward":"Kitangiri"},"geometry":{"type":"Point","coordinates":[32.8963494,-2.490687]}},{"id":"51","type":"Feature","properties":{"id":"mwanza_financial_amenities.52","ogc_fid":52,"fid":52,"osm_id":8570900785,"addr:street":null,"network":null,"amenity":"bank","addr:subward":"Kitangiri Kati","name":"Mwalimu Commericial Bank PLC","operator":null,"addr:city":"Mwanza","addr:municipality":"Ilemela","opening_hours":"Mo-Fr 08:30-15:30; Sa 09:00-13:00","addr:ward":"Kitangiri"},"geometry":{"type":"Point","coordinates":[32.8968859,-2.4986402]}},{"id":"52","type":"Feature","properties":{"id":"mwanza_financial_amenities.53","ogc_fid":53,"fid":53,"osm_id":8559765626,"addr:street":null,"network":"Airtel Money","amenity":"mobile_money_agent","addr:subward":"Medical","name":"Airtel Money Branch","operator":null,"addr:city":"Mwanza","addr:municipality":"Ilemela","opening_hours":"Mo-Su 09:00-17:00","addr:ward":"Kitangiri"},"geometry":{"type":"Point","coordinates":[32.8975205,-2.4902213]}},{"id":"53","type":"Feature","properties":{"id":"mwanza_financial_amenities.54","ogc_fid":54,"fid":54,"osm_id":8532270299,"addr:street":null,"network":null,"amenity":"saccos","addr:subward":"Pasiansi Juu","name":null,"operator":null,"addr:city":"Mwanza","addr:municipality":"Ilemela","opening_hours":"Mo-Sa 08:00-18:00","addr:ward":"Pasiansi"},"geometry":{"type":"Point","coordinates":[32.9072285,-2.4818762]}},{"id":"54","type":"Feature","properties":{"id":"mwanza_financial_amenities.55","ogc_fid":55,"fid":55,"osm_id":8532270391,"addr:street":"Makongoro Avenue","network":null,"amenity":"bank","addr:subward":"Pasiansi Juu","name":null,"operator":"CRDB Bank","addr:city":"Mwanza","addr:municipality":"Ilemela","opening_hours":null,"addr:ward":"Pasiansi"},"geometry":{"type":"Point","coordinates":[32.908473,-2.4811473]}},{"id":"55","type":"Feature","properties":{"id":"mwanza_financial_amenities.56","ogc_fid":56,"fid":56,"osm_id":8532270376,"addr:street":null,"network":"HaloPesa;Airtel Money;Tigo Pesa;MPESA","amenity":"mobile_money_agent","addr:subward":"Pasiasi Magharibi","name":"Ndayishimi","operator":"CRDB Bank","addr:city":"Mwanza","addr:municipality":"Ilemela","opening_hours":"Mo-Sa 09:00-18:00","addr:ward":"Pasiansi"},"geometry":{"type":"Point","coordinates":[32.9092518,-2.4788816]}},{"id":"56","type":"Feature","properties":{"id":"mwanza_financial_amenities.57","ogc_fid":57,"fid":57,"osm_id":8520399569,"addr:street":null,"network":"Tigo Pesa;MPESA;Airtel Money","amenity":"mobile_money_agent","addr:subward":"Bwiru Press","name":"Vodacom","operator":null,"addr:city":"Mwanza","addr:municipality":"Ilemela","opening_hours":"24/7","addr:ward":"Pasiansi"},"geometry":{"type":"Point","coordinates":[32.8972944,-2.473447]}},{"id":"57","type":"Feature","properties":{"id":"mwanza_financial_amenities.58","ogc_fid":58,"fid":58,"osm_id":8532270413,"addr:street":null,"network":"HaloPesa;Tigo Pesa;MPESA","amenity":"mobile_money_agent","addr:subward":"Pasiansi Mashariki","name":"Bafeco Financial services","operator":"National Microfinance Bank (NMB);Tanzania Poastal Bank;CRDB Bank","addr:city":"Mwanza","addr:municipality":"Ilemela","opening_hours":"Mo-Sa 09:00-18:00","addr:ward":"Kawekamo"},"geometry":{"type":"Point","coordinates":[32.9108016,-2.4793789]}},{"id":"58","type":"Feature","properties":{"id":"mwanza_financial_amenities.59","ogc_fid":59,"fid":59,"osm_id":8532270539,"addr:street":"Pasiansi Mashariki A","network":"HaloPesa;Airtel Money;Tigo Pesa;MPESA","amenity":"mobile_money_agent","addr:subward":"Pasiansi Mashariki A","name":null,"operator":null,"addr:city":"Mwanza","addr:municipality":"Ilemela","opening_hours":"Mo-Fr 08:30-15:30; Sa 09:00-13:00","addr:ward":"Kawekamo"},"geometry":{"type":"Point","coordinates":[32.9122925,-2.4741801]}},{"id":"59","type":"Feature","properties":{"id":"mwanza_financial_amenities.60","ogc_fid":60,"fid":60,"osm_id":8536943995,"addr:street":"Lumala","network":"HaloPesa;Tigo Pesa;MPESA;Airtel Money","amenity":"mobile_money_agent","addr:subward":"Lumala Magharibi","name":null,"operator":null,"addr:city":"Mwanza","addr:municipality":"Ilemela","opening_hours":null,"addr:ward":"Ilemela"},"geometry":{"type":"Point","coordinates":[32.9175067,-2.4785319]}},{"id":"60","type":"Feature","properties":{"id":"mwanza_financial_amenities.61","ogc_fid":61,"fid":61,"osm_id":8536944094,"addr:street":null,"network":"MPESA","amenity":"mobile_money_agent","addr:subward":"Sabasaba","name":null,"operator":null,"addr:city":"Mwanza","addr:municipality":"Ilemela","opening_hours":"Mo-Fr 08:30-15:30; Sa 09:00-13:00","addr:ward":"Ilemela"},"geometry":{"type":"Point","coordinates":[32.916458,-2.47512]}},{"id":"61","type":"Feature","properties":{"id":"mwanza_financial_amenities.62","ogc_fid":62,"fid":62,"osm_id":8536944117,"addr:street":null,"network":"MPESA","amenity":"mobile_money_agent","addr:subward":"Lumala","name":null,"operator":"CRDB Bank","addr:city":"Mwanza","addr:municipality":"Ilemela","opening_hours":"Mo-Su 09:00-17:00","addr:ward":"Ilemela"},"geometry":{"type":"Point","coordinates":[32.9141605,-2.4734627]}},{"id":"62","type":"Feature","properties":{"id":"mwanza_financial_amenities.63","ogc_fid":63,"fid":63,"osm_id":8536944063,"addr:street":"Lumala Mashariki","network":"HaloPesa;Tigo Pesa;MPESA;Airtel Money","amenity":"mobile_money_agent","addr:subward":"Lumala Mashariki","name":null,"operator":null,"addr:city":"Mwanza","addr:municipality":"Ilemela","opening_hours":"Mo-Sa 09:00-18:00","addr:ward":"Ilemela"},"geometry":{"type":"Point","coordinates":[32.9198885,-2.4729795]}},{"id":"63","type":"Feature","properties":{"id":"mwanza_financial_amenities.64","ogc_fid":64,"fid":64,"osm_id":8536743991,"addr:street":null,"network":"Airtel Money;MPESA;Tigo Pesa","amenity":"mobile_money_agent","addr:subward":"Butuja","name":null,"operator":null,"addr:city":"Mwanza","addr:municipality":"Ilemela","opening_hours":"Mo-Sa 08:00-18:00","addr:ward":"Ilemela"},"geometry":{"type":"Point","coordinates":[32.9118738,-2.4692479]}},{"id":"64","type":"Feature","properties":{"id":"mwanza_financial_amenities.65","ogc_fid":65,"fid":65,"osm_id":8536731743,"addr:street":null,"network":"HaloPesa;Tigo Pesa;MPESA;Airtel Money","amenity":"mobile_money_agent","addr:subward":"Balyehele","name":"Chinga","operator":null,"addr:city":"Mwanza","addr:municipality":"Ilemela","opening_hours":"Mo-Su 09:00-17:00","addr:ward":"Ilemela"},"geometry":{"type":"Point","coordinates":[32.9127857,-2.4589017]}},{"id":"65","type":"Feature","properties":{"id":"mwanza_financial_amenities.66","ogc_fid":66,"fid":66,"osm_id":8536744731,"addr:street":null,"network":"HaloPesa;Tigo Pesa;MPESA;Airtel Money","amenity":"mobile_money_agent","addr:subward":"Balyehele","name":null,"operator":"National Microfinance Bank (NMB);CRDB Bank","addr:city":"Mwanza","addr:municipality":"Ilemela","opening_hours":"Mo-Sa 08:00-18:00","addr:ward":"Ilemela"},"geometry":{"type":"Point","coordinates":[32.9116556,-2.4579983]}},{"id":"66","type":"Feature","properties":{"id":"mwanza_financial_amenities.67","ogc_fid":67,"fid":67,"osm_id":8536744161,"addr:street":null,"network":"Tigo Pesa;MPESA;Airtel Money","amenity":"mobile_money_agent","addr:subward":"Balyehele","name":null,"operator":"National Microfinance Bank (NMB);CRDB Bank","addr:city":"Mwanza","addr:municipality":"Ilemela","opening_hours":"Mo-Sa 08:00-18:00","addr:ward":"Ilemela"},"geometry":{"type":"Point","coordinates":[32.9120135,-2.4579516]}},{"id":"67","type":"Feature","properties":{"id":"mwanza_financial_amenities.68","ogc_fid":68,"fid":68,"osm_id":8536736113,"addr:street":null,"network":"Tigo Pesa;MPESA;Airtel Money","amenity":"mobile_money_agent","addr:subward":"Balyehele","name":null,"operator":null,"addr:city":"Mwanza","addr:municipality":"Ilemela","opening_hours":"Mo-Sa 08:00-18:00","addr:ward":"Ilemela"},"geometry":{"type":"Point","coordinates":[32.9115676,-2.4563132]}},{"id":"68","type":"Feature","properties":{"id":"mwanza_financial_amenities.69","ogc_fid":69,"fid":69,"osm_id":8536709959,"addr:street":null,"network":"Tigo Pesa;MPESA","amenity":"mobile_money_agent","addr:subward":"Balyehele","name":null,"operator":null,"addr:city":"Mwanza","addr:municipality":"Ilemela","opening_hours":"Mo-Sa 08:00-18:00","addr:ward":"Ilemela"},"geometry":{"type":"Point","coordinates":[32.9114985,-2.4560437]}},{"id":"69","type":"Feature","properties":{"id":"mwanza_financial_amenities.70","ogc_fid":70,"fid":70,"osm_id":8536740731,"addr:street":null,"network":"Tigo Pesa;MPESA;Airtel Money","amenity":"mobile_money_agent","addr:subward":"Balyehele","name":null,"operator":null,"addr:city":"Mwanza","addr:municipality":"Ilemela","opening_hours":"Mo-Sa 08:00-18:00","addr:ward":"Ilemela"},"geometry":{"type":"Point","coordinates":[32.9114281,-2.4557864]}},{"id":"70","type":"Feature","properties":{"id":"mwanza_financial_amenities.71","ogc_fid":71,"fid":71,"osm_id":8536739311,"addr:street":"Kahasa","network":"HaloPesa;MPESA;Airtel Money","amenity":"mobile_money_agent","addr:subward":"Kahasa","name":null,"operator":null,"addr:city":"Mwanza","addr:municipality":"Ilemela","opening_hours":"Mo-Fr 08:30-15:30; Sa 09:00-13:00","addr:ward":"Ilemela"},"geometry":{"type":"Point","coordinates":[32.9166698,-2.4555291]}},{"id":"71","type":"Feature","properties":{"id":"mwanza_financial_amenities.72","ogc_fid":72,"fid":72,"osm_id":8536741039,"addr:street":"Sokoni","network":"HaloPesa;Tigo Pesa;MPESA;Airtel Money","amenity":"mobile_money_agent","addr:subward":"Kahasa","name":null,"operator":null,"addr:city":"Mwanza","addr:municipality":"Ilemela","opening_hours":"Mo-Sa 09:00-17:00","addr:ward":"Ilemela"},"geometry":{"type":"Point","coordinates":[32.9119492,-2.4540071]}},{"id":"72","type":"Feature","properties":{"id":"mwanza_financial_amenities.73","ogc_fid":73,"fid":73,"osm_id":8520663822,"addr:street":null,"network":"Airtel Money;MPESA;Tigo Pesa","amenity":"mobile_money_agent","addr:subward":"Buzuruga Mashariki","name":null,"operator":null,"addr:city":"Mwanza","addr:municipality":"Ilemela","opening_hours":"Mo-Fr 08:30-15:30; Sa 09:00-13:00","addr:ward":"Mecco"},"geometry":{"type":"Point","coordinates":[32.9401231,-2.5334324]}},{"id":"73","type":"Feature","properties":{"id":"mwanza_financial_amenities.74","ogc_fid":74,"fid":74,"osm_id":8520657048,"addr:street":null,"network":null,"amenity":"bank","addr:subward":"Buzuruga Mashariki","name":"TMDA","operator":"CRDB Bank;National Microfinance Bank;Stanbic Bank Tanzania Limited","addr:city":"Mwanza","addr:municipality":"Ilemela","opening_hours":"Mo-Fr 08:30-15:30; Sa 09:00-13:00","addr:ward":"Mecco"},"geometry":{"type":"Point","coordinates":[32.9402095,-2.5338068]}},{"id":"74","type":"Feature","properties":{"id":"mwanza_financial_amenities.75","ogc_fid":75,"fid":75,"osm_id":8520664078,"addr:street":null,"network":"HaloPesa;Tigo Pesa;MPESA;Airtel Money","amenity":"mobile_money_agent","addr:subward":"Nundu","name":null,"operator":"National Microfinance Bank (NMB);CRDB Bank","addr:city":"Mwanza","addr:municipality":"Ilemela","opening_hours":"Mo-Fr 08:30-15:30; Sa 09:00-13:00","addr:ward":"Mecco"},"geometry":{"type":"Point","coordinates":[32.9444176,-2.5302973]}},{"id":"75","type":"Feature","properties":{"id":"mwanza_financial_amenities.76","ogc_fid":76,"fid":76,"osm_id":8520664018,"addr:street":null,"network":"Airtel Money","amenity":"mobile_money_agent","addr:subward":"Nundu","name":null,"operator":null,"addr:city":"Mwanza","addr:municipality":"Ilemela","opening_hours":"Mo-Su 09:00-17:00","addr:ward":"Mecco"},"geometry":{"type":"Point","coordinates":[32.9455265,-2.5317209]}},{"id":"76","type":"Feature","properties":{"id":"mwanza_financial_amenities.77","ogc_fid":77,"fid":77,"osm_id":8520663798,"addr:street":null,"network":"HaloPesa;Tigo Pesa;MPESA;Airtel Money","amenity":"mobile_money_agent","addr:subward":"Mecco","name":null,"operator":null,"addr:city":"Mwanza","addr:municipality":"Ilemela","opening_hours":"Mo-Sa 09:00-18:00","addr:ward":"Mecco"},"geometry":{"type":"Point","coordinates":[32.9475234,-2.5311949]}},{"id":"77","type":"Feature","properties":{"id":"mwanza_financial_amenities.78","ogc_fid":78,"fid":78,"osm_id":8520664123,"addr:street":null,"network":null,"amenity":"bank","addr:subward":"Mecco","name":null,"operator":"CRDB Bank","addr:city":"Mwanza","addr:municipality":"Ilemela","opening_hours":"Mo-Fr 08:30-15:30; Sa 09:00-13:00","addr:ward":"Mecco"},"geometry":{"type":"Point","coordinates":[32.9476671,-2.531359]}},{"id":"78","type":"Feature","properties":{"id":"mwanza_financial_amenities.79","ogc_fid":79,"fid":79,"osm_id":8520663958,"addr:street":null,"network":"Tigo Pesa;MPESA;Airtel Money","amenity":"mobile_money_agent","addr:subward":null,"name":"MUDRICK","operator":null,"addr:city":"Mwanza","addr:municipality":"Ilemela","opening_hours":"Mo-Su 09:00-17:00","addr:ward":"Mecco"},"geometry":{"type":"Point","coordinates":[32.9478504,-2.5319884]}},{"id":"79","type":"Feature","properties":{"id":"mwanza_financial_amenities.80","ogc_fid":80,"fid":80,"osm_id":8520663740,"addr:street":null,"network":"MPESA","amenity":"mobile_money_agent","addr:subward":"Kangae","name":null,"operator":null,"addr:city":"Mwanza","addr:municipality":"Ilemela","opening_hours":"Mo-Fr 09:00-17:00","addr:ward":"Mecco"},"geometry":{"type":"Point","coordinates":[32.9481053,-2.5169904]}},{"id":"80","type":"Feature","properties":{"id":"mwanza_financial_amenities.81","ogc_fid":81,"fid":81,"osm_id":8520657056,"addr:street":null,"network":"HaloPesa;Tigo Pesa;MPESA;Airtel Money","amenity":"mobile_money_agent","addr:subward":null,"name":"Beny Shop","operator":"CRDB Bank","addr:city":"Mwanza","addr:municipality":"Ilemela","opening_hours":"Mo-Su 09:00-17:00","addr:ward":"Mecco"},"geometry":{"type":"Point","coordinates":[32.9534071,-2.532165]}},{"id":"81","type":"Feature","properties":{"id":"mwanza_financial_amenities.82","ogc_fid":82,"fid":82,"osm_id":8520664194,"addr:street":null,"network":"Tigo Pesa;MPESA","amenity":"mobile_money_agent","addr:subward":"Mecco","name":"GM","operator":"CRDB Bank","addr:city":"Mwanza","addr:municipality":"Ilemela","opening_hours":"Mo-Su 09:00-17:00","addr:ward":"Mecco"},"geometry":{"type":"Point","coordinates":[32.9481042,-2.5316163]}},{"id":"82","type":"Feature","properties":{"id":"mwanza_financial_amenities.83","ogc_fid":83,"fid":83,"osm_id":8553317644,"addr:street":null,"network":"HaloPesa;MPESA","amenity":"mobile_money_agent","addr:subward":"Nyanshana","name":null,"operator":null,"addr:city":"Mwanza","addr:municipality":"Nyamagana","opening_hours":"Mo-Sa 08:00-18:00","addr:ward":"Isamilo"},"geometry":{"type":"Point","coordinates":[32.9205325,-2.5103086]}},{"id":"83","type":"Feature","properties":{"id":"mwanza_financial_amenities.84","ogc_fid":84,"fid":84,"osm_id":8553309847,"addr:street":null,"network":"Airtel Money;MPESA;Tigo Pesa","amenity":"mobile_money_agent","addr:subward":"Nyanshana","name":null,"operator":null,"addr:city":"Mwanza","addr:municipality":"Nyamagana","opening_hours":"Mo-Su 09:00-17:00","addr:ward":"Isamilo"},"geometry":{"type":"Point","coordinates":[32.9205114,-2.5100123]}},{"id":"84","type":"Feature","properties":{"id":"mwanza_financial_amenities.85","ogc_fid":85,"fid":85,"osm_id":7050910103,"addr:street":null,"network":null,"amenity":"bank","addr:subward":null,"name":"MPesa","operator":null,"addr:city":"Mwanza","addr:municipality":"Nyamagana","opening_hours":null,"addr:ward":"Isamilo"},"geometry":{"type":"Point","coordinates":[32.9108211,-2.5064294]}},{"id":"85","type":"Feature","properties":{"id":"mwanza_financial_amenities.86","ogc_fid":86,"fid":86,"osm_id":8571609046,"addr:street":null,"network":"HaloPesa;Tigo Pesa;MPESA;Airtel Money","amenity":"mobile_money_agent","addr:subward":null,"name":null,"operator":null,"addr:city":"Mwanza","addr:municipality":"Nyamagana","opening_hours":"Mo-Fr 08:30-15:30; Sa 09:00-13:00","addr:ward":"Isamilo"},"geometry":{"type":"Point","coordinates":[32.9091859,-2.5111742]}},{"id":"86","type":"Feature","properties":{"id":"mwanza_financial_amenities.87","ogc_fid":87,"fid":87,"osm_id":8571612021,"addr:street":"Balewa Road","network":null,"amenity":"bank","addr:subward":null,"name":"CRDB Bank","operator":null,"addr:city":"Mwanza","addr:municipality":"Nyamagana","opening_hours":null,"addr:ward":"Isamilo"},"geometry":{"type":"Point","coordinates":[32.9033847,-2.5098839]}},{"id":"87","type":"Feature","properties":{"id":"mwanza_financial_amenities.88","ogc_fid":88,"fid":88,"osm_id":8571613910,"addr:street":null,"network":"HaloPesa;Tigo Pesa;MPESA;Airtel Money;ZPESA","amenity":"mobile_money_agent","addr:subward":null,"name":"Kitangiri","operator":null,"addr:city":"Mwanza","addr:municipality":"Nyamagana","opening_hours":"Mo-Fr 08:30-15:30; Sa 09:00-13:00","addr:ward":"Isamilo"},"geometry":{"type":"Point","coordinates":[32.9092812,-2.5098895]}},{"id":"88","type":"Feature","properties":{"id":"mwanza_financial_amenities.89","ogc_fid":89,"fid":89,"osm_id":8571614678,"addr:street":null,"network":"Airtel Money","amenity":"mobile_money_agent","addr:subward":"Nela","name":null,"operator":"Airtel Tanzania","addr:city":"Mwanza","addr:municipality":"Nyamagana","opening_hours":"Mo-Sa 09:00-17:00","addr:ward":"Isamilo"},"geometry":{"type":"Point","coordinates":[32.9010916,-2.5091016]}},{"id":"89","type":"Feature","properties":{"id":"mwanza_financial_amenities.90","ogc_fid":90,"fid":90,"osm_id":4399780393,"addr:street":null,"network":null,"amenity":"atm","addr:subward":null,"name":"NMB","operator":null,"addr:city":"Mwanza","addr:municipality":"Nyamagana","opening_hours":null,"addr:ward":"Isamilo"},"geometry":{"type":"Point","coordinates":[32.9033919,-2.5108249]}},{"id":"90","type":"Feature","properties":{"id":"mwanza_financial_amenities.91","ogc_fid":91,"fid":91,"osm_id":8532206838,"addr:street":null,"network":"Tigo Pesa;MPESA;Airtel Money","amenity":"mobile_money_agent","addr:subward":"Capri Point","name":null,"operator":null,"addr:city":"Mwanza","addr:municipality":"Nyamagana","opening_hours":"Mo-Sa 08:00-18:00","addr:ward":"Nyamagana"},"geometry":{"type":"Point","coordinates":[32.900725,-2.5257689]}},{"id":"91","type":"Feature","properties":{"id":"mwanza_financial_amenities.92","ogc_fid":92,"fid":92,"osm_id":8532205738,"addr:street":null,"network":"HaloPesa;Tigo Pesa;MPESA;Airtel Money","amenity":"mobile_money_agent","addr:subward":"Capri Point","name":"Cash Point & Super Angent","operator":"National Microfinance Bank (NMB);Tanzania Poastal Bank;CRDB Bank","addr:city":"Mwanza","addr:municipality":"Nyamagana","opening_hours":"Mo-Su 09:00-17:00","addr:ward":"Nyamagana"},"geometry":{"type":"Point","coordinates":[32.8960934,-2.5253876]}},{"id":"92","type":"Feature","properties":{"id":"mwanza_financial_amenities.93","ogc_fid":93,"fid":93,"osm_id":4549220491,"addr:street":null,"network":null,"amenity":"mobile_money_agent","addr:subward":null,"name":null,"operator":null,"addr:city":"Mwanza","addr:municipality":"Nyamagana","opening_hours":null,"addr:ward":"Nyamagana"},"geometry":{"type":"Point","coordinates":[32.8963577,-2.5247567]}},{"id":"93","type":"Feature","properties":{"id":"mwanza_financial_amenities.94","ogc_fid":94,"fid":94,"osm_id":8532205653,"addr:street":null,"network":"Airtel Money","amenity":"bank","addr:subward":"Capri Point","name":"TPB","operator":"Tanzania Poastal Bank","addr:city":"Mwanza","addr:municipality":"Nyamagana","opening_hours":"Mo-Fr 09:00-17:00","addr:ward":"Nyamagana"},"geometry":{"type":"Point","coordinates":[32.9002117,-2.524274]}},{"id":"94","type":"Feature","properties":{"id":"mwanza_financial_amenities.95","ogc_fid":95,"fid":95,"osm_id":3375049165,"addr:street":null,"network":null,"amenity":"bank","addr:subward":null,"name":"Eco Bank","operator":null,"addr:city":"Mwanza","addr:municipality":"Nyamagana","opening_hours":null,"addr:ward":"Nyamagana"},"geometry":{"type":"Point","coordinates":[32.8991248,-2.5224246]}},{"id":"95","type":"Feature","properties":{"id":"mwanza_financial_amenities.96","ogc_fid":96,"fid":96,"osm_id":8532205748,"addr:street":null,"network":null,"amenity":"atm","addr:subward":"Capri Point","name":"NCBA ATM","operator":"NCBA Bank","addr:city":"Mwanza","addr:municipality":"Nyamagana","opening_hours":"24/7","addr:ward":"Nyamagana"},"geometry":{"type":"Point","coordinates":[32.899584,-2.5221298]}},{"id":"96","type":"Feature","properties":{"id":"mwanza_financial_amenities.97","ogc_fid":97,"fid":97,"osm_id":4401670498,"addr:street":null,"network":null,"amenity":"bank","addr:subward":null,"name":"Africa bank","operator":null,"addr:city":"Mwanza","addr:municipality":"Nyamagana","opening_hours":null,"addr:ward":"Nyamagana"},"geometry":{"type":"Point","coordinates":[32.8996262,-2.5221133]}},{"id":"97","type":"Feature","properties":{"id":"mwanza_financial_amenities.98","ogc_fid":98,"fid":98,"osm_id":4401702496,"addr:street":null,"network":null,"amenity":"bank","addr:subward":null,"name":"BOA bank","operator":null,"addr:city":"Mwanza","addr:municipality":"Nyamagana","opening_hours":null,"addr:ward":"Nyamagana"},"geometry":{"type":"Point","coordinates":[32.9011672,-2.5220189]}},{"id":"98","type":"Feature","properties":{"id":"mwanza_financial_amenities.99","ogc_fid":99,"fid":99,"osm_id":8532206828,"addr:street":"Rumumba Road","network":"Visa;MasterCard","amenity":"bank","addr:subward":"Rumumba","name":"Bank of Africa","operator":"Bank Of Africa","addr:city":"Mwanza","addr:municipality":"Nyamagana","opening_hours":"Mo-Fr 08:30-15:30; Sa 09:00-13:00","addr:ward":"Nyamagana"},"geometry":{"type":"Point","coordinates":[32.9013062,-2.5218137]}},{"id":"99","type":"Feature","properties":{"id":"mwanza_financial_amenities.100","ogc_fid":100,"fid":100,"osm_id":4399780390,"addr:street":null,"network":null,"amenity":"bank","addr:subward":null,"name":"CRDB Bank","operator":null,"addr:city":"Mwanza","addr:municipality":"Nyamagana","opening_hours":null,"addr:ward":"Nyamagana"},"geometry":{"type":"Point","coordinates":[32.8998013,-2.5214491]}},{"id":"100","type":"Feature","properties":{"id":"mwanza_financial_amenities.101","ogc_fid":101,"fid":101,"osm_id":8532206972,"addr:street":"Kenyatta Road","network":"Western Union;Tigo Pesa;MPESA;Airtel Money;Visa;MasterCard","amenity":"bank","addr:subward":"Makoroboi","name":"NSSF Mwanza Plaza","operator":"National Microfinance Bank (NMB);CRDB Bank","addr:city":"Mwanza","addr:municipality":"Nyamagana","opening_hours":"Mo-Fr 08:30-15:30; Sa 09:00-13:00","addr:ward":"Nyamagana"},"geometry":{"type":"Point","coordinates":[32.8997344,-2.5214007]}},{"id":"101","type":"Feature","properties":{"id":"mwanza_financial_amenities.102","ogc_fid":102,"fid":102,"osm_id":8532206821,"addr:street":"Kenyatta Road","network":"Visa;MasterCard","amenity":"bank","addr:subward":"Makoroboi","name":"Ecobank","operator":"Ecobank","addr:city":"Mwanza","addr:municipality":"Nyamagana","opening_hours":"Mo-Fr 08:30-15:30; Sa 09:00-13:00","addr:ward":"Nyamagana"},"geometry":{"type":"Point","coordinates":[32.8995895,-2.5212349]}},{"id":"102","type":"Feature","properties":{"id":"mwanza_financial_amenities.103","ogc_fid":103,"fid":103,"osm_id":6077076185,"addr:street":null,"network":null,"amenity":"atm","addr:subward":null,"name":null,"operator":"Ecobank","addr:city":"Mwanza","addr:municipality":"Nyamagana","opening_hours":"24/7","addr:ward":"Nyamagana"},"geometry":{"type":"Point","coordinates":[32.8994124,-2.5210041]}},{"id":"103","type":"Feature","properties":{"id":"mwanza_financial_amenities.104","ogc_fid":104,"fid":104,"osm_id":2360718090,"addr:street":null,"network":null,"amenity":"atm","addr:subward":null,"name":null,"operator":"NMB","addr:city":"Mwanza","addr:municipality":"Nyamagana","opening_hours":null,"addr:ward":"Nyamagana"},"geometry":{"type":"Point","coordinates":[32.8990701,-2.5196799]}},{"id":"104","type":"Feature","properties":{"id":"mwanza_financial_amenities.105","ogc_fid":105,"fid":105,"osm_id":8532227216,"addr:street":"Posta","network":null,"amenity":"bank","addr:subward":"Capri Point","name":"TADB","operator":"TADB","addr:city":"Mwanza","addr:municipality":"Nyamagana","opening_hours":"Mo-Fr 08:30-15:30; Sa 09:00-13:00","addr:ward":"Nyamagana"},"geometry":{"type":"Point","coordinates":[32.8983556,-2.5195231]}},{"id":"105","type":"Feature","properties":{"id":"mwanza_financial_amenities.106","ogc_fid":106,"fid":106,"osm_id":8532227552,"addr:street":"Posta","network":null,"amenity":"bank","addr:subward":"Capri Point","name":"Exim Bank","operator":"Exim Bank (Tanzania)","addr:city":"Mwanza","addr:municipality":"Nyamagana","opening_hours":"Mo-Fr 08:30-15:30; Sa 09:00-13:00","addr:ward":"Nyamagana"},"geometry":{"type":"Point","coordinates":[32.8988171,-2.5200559]}},{"id":"106","type":"Feature","properties":{"id":"mwanza_financial_amenities.107","ogc_fid":107,"fid":107,"osm_id":8532228776,"addr:street":null,"network":null,"amenity":"bank","addr:subward":"Capri Point","name":"DTB","operator":"DTB","addr:city":"Mwanza","addr:municipality":"Nyamagana","opening_hours":"Mo-Fr 08:30-15:30; Sa 09:00-13:00","addr:ward":"Nyamagana"},"geometry":{"type":"Point","coordinates":[32.8989458,-2.5202917]}},{"id":"107","type":"Feature","properties":{"id":"mwanza_financial_amenities.108","ogc_fid":108,"fid":108,"osm_id":4399712892,"addr:street":null,"network":null,"amenity":"bank","addr:subward":null,"name":"NMB","operator":null,"addr:city":"Mwanza","addr:municipality":"Nyamagana","opening_hours":null,"addr:ward":"Nyamagana"},"geometry":{"type":"Point","coordinates":[32.8992178,-2.5200055]}},{"id":"108","type":"Feature","properties":{"id":"mwanza_financial_amenities.109","ogc_fid":109,"fid":109,"osm_id":5437161924,"addr:street":null,"network":null,"amenity":"bank","addr:subward":null,"name":"Amana Bank","operator":null,"addr:city":"Mwanza","addr:municipality":"Nyamagana","opening_hours":null,"addr:ward":"Nyamagana"},"geometry":{"type":"Point","coordinates":[32.8995701,-2.5208466]}},{"id":"109","type":"Feature","properties":{"id":"mwanza_financial_amenities.110","ogc_fid":110,"fid":110,"osm_id":5464597623,"addr:street":"Kapri Point","network":null,"amenity":"bank","addr:subward":"Capri Point","name":"BOT Hall Mwanza","operator":null,"addr:city":"Mwanza","addr:municipality":"Nyamagana","opening_hours":null,"addr:ward":"Nyamagana"},"geometry":{"type":"Point","coordinates":[32.8967434,-2.5234915]}},{"id":"110","type":"Feature","properties":{"id":"mwanza_financial_amenities.111","ogc_fid":111,"fid":111,"osm_id":8532227503,"addr:street":null,"network":"MoneyGram","amenity":"money_transfer","addr:subward":"Nyamagana Magharibi","name":"Equity Bank","operator":"Equity Bank","addr:city":"Mwanza","addr:municipality":"Nyamagana","opening_hours":"Mo-Fr 09:00-17:00","addr:ward":"Nyamagana"},"geometry":{"type":"Point","coordinates":[32.8993212,-2.5192301]}},{"id":"111","type":"Feature","properties":{"id":"mwanza_financial_amenities.112","ogc_fid":112,"fid":112,"osm_id":8532226979,"addr:street":null,"network":"Maestro;Remit;Visa;MasterCard;MoneyGram","amenity":"bank","addr:subward":"Nyamagana magharibi","name":"NMB","operator":"National Microfinance Bank (NMB)","addr:city":"Mwanza","addr:municipality":"Nyamagana","opening_hours":"Mo-Fr 08:30-15:30; Sa 09:00-13:00","addr:ward":"Nyamagana"},"geometry":{"type":"Point","coordinates":[32.8989957,-2.5192097]}},{"id":"112","type":"Feature","properties":{"id":"mwanza_financial_amenities.113","ogc_fid":113,"fid":113,"osm_id":8532227644,"addr:street":null,"network":null,"amenity":"mobile_money_agent","addr:subward":"Capri Point","name":"Asian Insurance Agency","operator":"National Microfinance Bank (NMB);CRDB Bank","addr:city":"Mwanza","addr:municipality":"Nyamagana","opening_hours":"Mo-Su 09:00-17:00","addr:ward":"Nyamagana"},"geometry":{"type":"Point","coordinates":[32.8983612,-2.5191654]}},{"id":"113","type":"Feature","properties":{"id":"mwanza_financial_amenities.114","ogc_fid":114,"fid":114,"osm_id":8532226788,"addr:street":"Regional Drive","network":"Tigo Pesa;MPESA;Airtel Money;Visa","amenity":"mobile_money_agent","addr:subward":"Capri Point","name":null,"operator":null,"addr:city":"Mwanza","addr:municipality":"Nyamagana","opening_hours":"Mo-Fr 08:30-15:30; Sa 09:00-13:00","addr:ward":"Nyamagana"},"geometry":{"type":"Point","coordinates":[32.8984721,-2.5190018]}},{"id":"114","type":"Feature","properties":{"id":"mwanza_financial_amenities.115","ogc_fid":115,"fid":115,"osm_id":8532206377,"addr:street":null,"network":"HaloPesa;Tigo Pesa;MPESA;Airtel Money","amenity":"mobile_money_agent","addr:subward":"Makoroboi","name":"Super Wakala","operator":"CRDB Bank","addr:city":"Mwanza","addr:municipality":"Nyamagana","opening_hours":"Mo-Su 09:00-17:00","addr:ward":"Nyamagana"},"geometry":{"type":"Point","coordinates":[32.9013173,-2.5189731]}},{"id":"115","type":"Feature","properties":{"id":"mwanza_financial_amenities.116","ogc_fid":116,"fid":116,"osm_id":8532226908,"addr:street":null,"network":"Tigo Pesa;MPESA;Airtel Money","amenity":"mobile_money_agent","addr:subward":"Kwame Nkuruma","name":"Ramsay","operator":"National Microfinance Bank (NMB);CRDB Bank","addr:city":"Mwanza","addr:municipality":"Nyamagana","opening_hours":"Mo-Sa 08:00-18:00","addr:ward":"Nyamagana"},"geometry":{"type":"Point","coordinates":[32.902801,-2.5189463]}},{"id":"116","type":"Feature","properties":{"id":"mwanza_financial_amenities.117","ogc_fid":117,"fid":117,"osm_id":8532228416,"addr:street":null,"network":null,"amenity":"bank","addr:subward":"Liberty","name":"TPB Bank","operator":"Tanzania Poastal Bank","addr:city":"Mwanza","addr:municipality":"Nyamagana","opening_hours":"Mo-Sa 08:00-18:00","addr:ward":"Nyamagana"},"geometry":{"type":"Point","coordinates":[32.9026234,-2.5188053]}},{"id":"117","type":"Feature","properties":{"id":"mwanza_financial_amenities.118","ogc_fid":118,"fid":118,"osm_id":8532228435,"addr:street":null,"network":null,"amenity":"atm","addr:subward":"Nyamagana magharibi","name":"NMB","operator":"National Microfinance Bank","addr:city":"Mwanza","addr:municipality":"Nyamagana","opening_hours":null,"addr:ward":"Nyamagana"},"geometry":{"type":"Point","coordinates":[32.8987022,-2.5187586]}},{"id":"118","type":"Feature","properties":{"id":"mwanza_financial_amenities.119","ogc_fid":119,"fid":119,"osm_id":8532228460,"addr:street":null,"network":"Visa;MoneyGram","amenity":"mobile_money_agent","addr:subward":"Nyamagana Magharibi","name":"NBC","operator":"National Bank Of Commerce (NBC)","addr:city":"Mwanza","addr:municipality":"Nyamagana","opening_hours":"Mo-Sa 08:00-18:00","addr:ward":"Nyamagana"},"geometry":{"type":"Point","coordinates":[32.8997753,-2.51865]}},{"id":"119","type":"Feature","properties":{"id":"mwanza_financial_amenities.120","ogc_fid":120,"fid":120,"osm_id":8532228406,"addr:street":null,"network":"HaloPesa;Tigo Pesa;MPESA;Airtel Money","amenity":"mobile_money_agent","addr:subward":"Nyamagana Magharibi","name":null,"operator":null,"addr:city":"Mwanza","addr:municipality":"Nyamagana","opening_hours":"Mo-Sa 09:00-17:00","addr:ward":"Nyamagana"},"geometry":{"type":"Point","coordinates":[32.8997119,-2.5186432]}},{"id":"120","type":"Feature","properties":{"id":"mwanza_financial_amenities.121","ogc_fid":121,"fid":121,"osm_id":8532226846,"addr:street":null,"network":"Maestro;Visa;MasterCard;MoneyGram","amenity":"bank","addr:subward":"Nyamagana magharibi","name":"National Microfinance Bank","operator":"National Microfinance Bank (NMB)","addr:city":"Mwanza","addr:municipality":"Nyamagana","opening_hours":"Mo-Fr 08:30-15:30; Sa 09:00-13:00","addr:ward":"Nyamagana"},"geometry":{"type":"Point","coordinates":[32.8987339,-2.5186047]}},{"id":"121","type":"Feature","properties":{"id":"mwanza_financial_amenities.122","ogc_fid":122,"fid":122,"osm_id":8532228319,"addr:street":null,"network":null,"amenity":"bank","addr:subward":"Liberty","name":"NBC","operator":"National Bank Of Commerce (NBC)","addr:city":"Mwanza","addr:municipality":"Nyamagana","opening_hours":"Mo-Fr 08:30-15:30; Sa 09:00-13:00","addr:ward":"Nyamagana"},"geometry":{"type":"Point","coordinates":[32.9025078,-2.5184695]}},{"id":"122","type":"Feature","properties":{"id":"mwanza_financial_amenities.123","ogc_fid":123,"fid":123,"osm_id":1968162016,"addr:street":null,"network":null,"amenity":"bank","addr:subward":null,"name":"CRDB Bank","operator":null,"addr:city":"Mwanza","addr:municipality":"Nyamagana","opening_hours":null,"addr:ward":"Nyamagana"},"geometry":{"type":"Point","coordinates":[32.9001899,-2.5183948]}},{"id":"123","type":"Feature","properties":{"id":"mwanza_financial_amenities.124","ogc_fid":124,"fid":124,"osm_id":8532227525,"addr:street":"Regional Drive","network":null,"amenity":"bank","addr:subward":"Capri Point","name":"CRDB Bank","operator":"CRDB Bank","addr:city":"Mwanza","addr:municipality":"Nyamagana","opening_hours":"Mo-Fr 08:30-15:30; Sa 09:00-13:00","addr:ward":"Nyamagana"},"geometry":{"type":"Point","coordinates":[32.8981363,-2.5181611]}},{"id":"124","type":"Feature","properties":{"id":"mwanza_financial_amenities.125","ogc_fid":125,"fid":125,"osm_id":8532226990,"addr:street":null,"network":"Visa","amenity":"bank","addr:subward":"Nyamagana Mashariki","name":"Mkombozi Commercial Bank","operator":"National Microfinance Bank (NMB)","addr:city":"Mwanza","addr:municipality":"Nyamagana","opening_hours":"24/7","addr:ward":"Nyamagana"},"geometry":{"type":"Point","coordinates":[32.9000187,-2.5180837]}},{"id":"125","type":"Feature","properties":{"id":"mwanza_financial_amenities.126","ogc_fid":126,"fid":126,"osm_id":8532226797,"addr:street":null,"network":"HaloPesa;Tigo Pesa;MPESA;Airtel Money","amenity":"mobile_money_agent","addr:subward":"kwame Nkuruma","name":null,"operator":"National Microfinance Bank (NMB);CRDB Bank","addr:city":"Mwanza","addr:municipality":"Nyamagana","opening_hours":"Mo-Sa 08:00-18:00","addr:ward":"Nyamagana"},"geometry":{"type":"Point","coordinates":[32.9014551,-2.5178585]}},{"id":"126","type":"Feature","properties":{"id":"mwanza_financial_amenities.127","ogc_fid":127,"fid":127,"osm_id":8532227213,"addr:street":null,"network":"Tigo Pesa;MPESA;Airtel Money","amenity":"mobile_money_agent","addr:subward":"Nyamagana Mashariki","name":null,"operator":null,"addr:city":"Mwanza","addr:municipality":"Nyamagana","opening_hours":"Mo-Sa 09:00-18:00","addr:ward":"Nyamagana"},"geometry":{"type":"Point","coordinates":[32.9025177,-2.5177713]}},{"id":"127","type":"Feature","properties":{"id":"mwanza_financial_amenities.128","ogc_fid":128,"fid":128,"osm_id":8532227276,"addr:street":null,"network":"Tigo Pesa;MPESA;Airtel Money","amenity":"mobile_money_agent","addr:subward":"kwame Nkuruma","name":null,"operator":"National Microfinance Bank (NMB);CRDB Bank","addr:city":"Mwanza","addr:municipality":"Nyamagana","opening_hours":"Mo-Sa 08:00-18:00","addr:ward":"Nyamagana"},"geometry":{"type":"Point","coordinates":[32.9016608,-2.5177158]}},{"id":"128","type":"Feature","properties":{"id":"mwanza_financial_amenities.129","ogc_fid":129,"fid":129,"osm_id":8532227542,"addr:street":null,"network":"Tigo Pesa;MPESA;Airtel Money","amenity":"mobile_money_agent","addr:subward":"kwame Nkuruma","name":"Abas","operator":null,"addr:city":"Mwanza","addr:municipality":"Nyamagana","opening_hours":"Mo-Sa 08:00-18:00","addr:ward":"Nyamagana"},"geometry":{"type":"Point","coordinates":[32.9012279,-2.5176034]}},{"id":"129","type":"Feature","properties":{"id":"mwanza_financial_amenities.130","ogc_fid":130,"fid":130,"osm_id":8532227443,"addr:street":null,"network":"Airtel Money;MPESA;Tigo Pesa","amenity":"mobile_money_agent","addr:subward":"Nyamagana Mashariki","name":"Club 55","operator":null,"addr:city":"Mwanza","addr:municipality":"Nyamagana","opening_hours":"Mo-Sa 08:00-18:00","addr:ward":"Nyamagana"},"geometry":{"type":"Point","coordinates":[32.9005038,-2.5174289]}},{"id":"130","type":"Feature","properties":{"id":"mwanza_financial_amenities.131","ogc_fid":131,"fid":131,"osm_id":4416164096,"addr:street":null,"network":null,"amenity":"bank","addr:subward":null,"name":"Standard Chartered","operator":null,"addr:city":"Mwanza","addr:municipality":"Nyamagana","opening_hours":null,"addr:ward":"Nyamagana"},"geometry":{"type":"Point","coordinates":[32.8979424,-2.5173908]}},{"id":"131","type":"Feature","properties":{"id":"mwanza_financial_amenities.132","ogc_fid":132,"fid":132,"osm_id":8532227311,"addr:street":null,"network":"Airtel Money;MPESA;Tigo Pesa","amenity":"mobile_money_agent","addr:subward":"Nyamagana Mashariki","name":null,"operator":null,"addr:city":"Mwanza","addr:municipality":"Nyamagana","opening_hours":"Mo-Fr 08:30-15:30; Sa 09:00-13:00","addr:ward":"Nyamagana"},"geometry":{"type":"Point","coordinates":[32.9003965,-2.5173438]}},{"id":"132","type":"Feature","properties":{"id":"mwanza_financial_amenities.133","ogc_fid":133,"fid":133,"osm_id":8532228809,"addr:street":null,"network":"HaloPesa;Tigo Pesa;MPESA;Airtel Money","amenity":"mobile_money_agent","addr:subward":"kwame Nkuruma","name":"Awadh Cash Center","operator":"National Microfinance Bank (NMB);National Bank of Commerce;CRDB Bank","addr:city":"Mwanza","addr:municipality":"Nyamagana","opening_hours":"Mo-Sa 08:00-18:00","addr:ward":"Nyamagana"},"geometry":{"type":"Point","coordinates":[32.9020749,-2.5182397]}},{"id":"133","type":"Feature","properties":{"id":"mwanza_financial_amenities.134","ogc_fid":134,"fid":134,"osm_id":8532228848,"addr:street":null,"network":"HaloPesa;Tigo Pesa;MPESA;Airtel Money","amenity":"mobile_money_agent","addr:subward":"Liberty","name":null,"operator":null,"addr:city":"Mwanza","addr:municipality":"Nyamagana","opening_hours":"Mo-Fr 08:30-15:30; Sa 09:00-13:00","addr:ward":"Nyamagana"},"geometry":{"type":"Point","coordinates":[32.9029917,-2.5189112]}},{"id":"134","type":"Feature","properties":{"id":"mwanza_financial_amenities.135","ogc_fid":135,"fid":135,"osm_id":8532228870,"addr:street":null,"network":"Maestro;Visa;MasterCard;MoneyGram","amenity":"bank","addr:subward":"Nyamagana magharibi","name":"CRDB Bank","operator":"CRDB Bank","addr:city":"Mwanza","addr:municipality":"Nyamagana","opening_hours":"Mo-Fr 08:30-15:30; Sa 09:00-13:00","addr:ward":"Nyamagana"},"geometry":{"type":"Point","coordinates":[32.8988215,-2.5189208]}},{"id":"135","type":"Feature","properties":{"id":"mwanza_financial_amenities.136","ogc_fid":136,"fid":136,"osm_id":8532228901,"addr:street":null,"network":null,"amenity":"atm","addr:subward":"Nyerere road","name":"National Bank of Commerce (NBC)","operator":"National Bank Of Commerce (NBC)","addr:city":"Mwanza","addr:municipality":"Nyamagana","opening_hours":"24/7","addr:ward":"Nyamagana"},"geometry":{"type":"Point","coordinates":[32.9023297,-2.5192235]}},{"id":"136","type":"Feature","properties":{"id":"mwanza_financial_amenities.137","ogc_fid":137,"fid":137,"osm_id":8532228934,"addr:street":null,"network":"Western Union;Maestro;MasterCard;MoneyGram","amenity":"bank","addr:subward":"Nyamagana magharibi","name":"KCB","operator":"KCB bank","addr:city":"Mwanza","addr:municipality":"Nyamagana","opening_hours":"Mo-Fr 08:30-15:30; Sa 09:00-13:00","addr:ward":"Nyamagana"},"geometry":{"type":"Point","coordinates":[32.898589,-2.5184418]}},{"id":"137","type":"Feature","properties":{"id":"mwanza_financial_amenities.138","ogc_fid":138,"fid":138,"osm_id":8532229057,"addr:street":null,"network":null,"amenity":"mobile_money_agent","addr:subward":"Nyamagana Magharibi","name":"CRDB","operator":"CRDB Bank","addr:city":"Mwanza","addr:municipality":"Nyamagana","opening_hours":"Mo-Sa 08:00-18:00","addr:ward":"Nyamagana"},"geometry":{"type":"Point","coordinates":[32.899025,-2.5191434]}},{"id":"138","type":"Feature","properties":{"id":"mwanza_financial_amenities.139","ogc_fid":139,"fid":139,"osm_id":8532229107,"addr:street":null,"network":null,"amenity":"money_transfer","addr:subward":"Capri Point","name":"Bhatt Telecom (T) Ltd","operator":"CRDB And NMB Agent","addr:city":"Mwanza","addr:municipality":"Nyamagana","opening_hours":"Mo-Su 09:00-17:00;Mo-Fr 07:00-17:00","addr:ward":"Nyamagana"},"geometry":{"type":"Point","coordinates":[32.8981745,-2.5192749]}},{"id":"139","type":"Feature","properties":{"id":"mwanza_financial_amenities.140","ogc_fid":140,"fid":140,"osm_id":8532229146,"addr:street":"kwame Nkuruma","network":"Tigo Pesa;MPESA;Airtel Money;ZPESA","amenity":"mobile_money_agent","addr:subward":"kwame Nkuruma","name":"Sagache Shop","operator":"CRDB Bank","addr:city":"Mwanza","addr:municipality":"Nyamagana","opening_hours":"Mo-Sa 08:00-18:00;Mo-Fr 08:30-15:30; Sa 09:00-13:00","addr:ward":"Nyamagana"},"geometry":{"type":"Point","coordinates":[32.9009764,-2.5177272]}},{"id":"140","type":"Feature","properties":{"id":"mwanza_financial_amenities.141","ogc_fid":141,"fid":141,"osm_id":4400928108,"addr:street":null,"network":null,"amenity":"bank","addr:subward":null,"name":"NMB","operator":null,"addr:city":"Mwanza","addr:municipality":"Nyamagana","opening_hours":null,"addr:ward":"Nyamagana"},"geometry":{"type":"Point","coordinates":[32.8977286,-2.5188005]}},{"id":"141","type":"Feature","properties":{"id":"mwanza_financial_amenities.142","ogc_fid":142,"fid":142,"osm_id":8532228426,"addr:street":null,"network":"Western Union","amenity":"bank","addr:subward":"Nyamagana Magharibi","name":"Bank of Tanzania, Branch of Mwanza","operator":null,"addr:city":"Mwanza","addr:municipality":"Nyamagana","opening_hours":"Mo-Fr 09:00-17:00","addr:ward":"Nyamagana"},"geometry":{"type":"Point","coordinates":[32.8990907,-2.5179406]}},{"id":"142","type":"Feature","properties":{"id":"mwanza_financial_amenities.143","ogc_fid":143,"fid":143,"osm_id":8532227629,"addr:street":null,"network":"Airtel Money;MPESA;Tigo Pesa","amenity":"mobile_money_agent","addr:subward":"Nyamagana Mashariki","name":null,"operator":"CRDB Bank;National Microfinance Bank (NMB)","addr:city":"Mwanza","addr:municipality":"Nyamagana","opening_hours":"Mo-Sa 08:00-18:00;Mo-Fr 08:30-15:30; Sa 09:00-13:00","addr:ward":"Nyamagana"},"geometry":{"type":"Point","coordinates":[32.900934,-2.5172583]}},{"id":"143","type":"Feature","properties":{"id":"mwanza_financial_amenities.144","ogc_fid":144,"fid":144,"osm_id":8532228746,"addr:street":null,"network":null,"amenity":"bank","addr:subward":"Kamanga","name":null,"operator":"Standard Chartered Bank","addr:city":"Mwanza","addr:municipality":"Nyamagana","opening_hours":"Mo-Fr 08:30-15:30; Sa 09:00-13:00","addr:ward":"Nyamagana"},"geometry":{"type":"Point","coordinates":[32.8980594,-2.517236]}},{"id":"144","type":"Feature","properties":{"id":"mwanza_financial_amenities.145","ogc_fid":145,"fid":145,"osm_id":1917121039,"addr:street":null,"network":null,"amenity":"atm","addr:subward":null,"name":null,"operator":null,"addr:city":"Mwanza","addr:municipality":"Nyamagana","opening_hours":null,"addr:ward":"Nyamagana"},"geometry":{"type":"Point","coordinates":[32.898249,-2.5172117]}},{"id":"145","type":"Feature","properties":{"id":"mwanza_financial_amenities.146","ogc_fid":146,"fid":146,"osm_id":8532227553,"addr:street":"Kimondo street","network":"Airtel Money;MPESA;Tigo Pesa","amenity":"mobile_money_agent","addr:subward":"Nyamagana Mashariki","name":null,"operator":null,"addr:city":"Mwanza","addr:municipality":"Nyamagana","opening_hours":"Mo-Sa 08:00-18:00","addr:ward":"Nyamagana"},"geometry":{"type":"Point","coordinates":[32.9004156,-2.5171935]}},{"id":"146","type":"Feature","properties":{"id":"mwanza_financial_amenities.147","ogc_fid":147,"fid":147,"osm_id":8532227150,"addr:street":null,"network":"MPESA;Tigo Pesa","amenity":"mobile_money_agent","addr:subward":"Nyamagana Mashariki","name":"Tigo Pesa & M Pesa","operator":"CRDB Bank","addr:city":"Mwanza","addr:municipality":"Nyamagana","opening_hours":"Mo-Fr 08:30-15:30; Sa 09:00-13:00;Mo-Sa 09:00-17:00","addr:ward":"Nyamagana"},"geometry":{"type":"Point","coordinates":[32.899332,-2.5170761]}},{"id":"147","type":"Feature","properties":{"id":"mwanza_financial_amenities.148","ogc_fid":148,"fid":148,"osm_id":4401745890,"addr:street":null,"network":null,"amenity":"bank","addr:subward":null,"name":"Azania Bank","operator":null,"addr:city":"Mwanza","addr:municipality":"Nyamagana","opening_hours":null,"addr:ward":"Nyamagana"},"geometry":{"type":"Point","coordinates":[32.9011846,-2.5164122]}},{"id":"148","type":"Feature","properties":{"id":"mwanza_financial_amenities.149","ogc_fid":149,"fid":149,"osm_id":8532227558,"addr:street":"Mission","network":"MPESA","amenity":"mobile_money_agent","addr:subward":"Mission","name":"Maduhu Souare M.point","operator":"National Microfinance Bank (NMB)","addr:city":"Mwanza","addr:municipality":"Nyamagana","opening_hours":"Mo-Fr 08:30-15:30; Sa 09:00-13:00","addr:ward":"Mirongo"},"geometry":{"type":"Point","coordinates":[32.9074387,-2.5196391]}},{"id":"149","type":"Feature","properties":{"id":"mwanza_financial_amenities.150","ogc_fid":150,"fid":150,"osm_id":8532226780,"addr:street":"Uhuru","network":"HaloPesa;Tigo Pesa;MPESA;Airtel Money","amenity":"mobile_money_agent","addr:subward":"Uhuru","name":null,"operator":"National Microfinance Bank (NMB);CRDB Bank","addr:city":"Mwanza","addr:municipality":"Nyamagana","opening_hours":"Mo-Fr 08:30-15:30; Sa 09:00-13:00","addr:ward":"Mirongo"},"geometry":{"type":"Point","coordinates":[32.9064426,-2.5191491]}},{"id":"150","type":"Feature","properties":{"id":"mwanza_financial_amenities.151","ogc_fid":151,"fid":151,"osm_id":8532227427,"addr:street":"Rufiji Road","network":"MPESA","amenity":"mobile_money_agent","addr:subward":"Rufiji","name":null,"operator":null,"addr:city":"Mwanza","addr:municipality":"Nyamagana","opening_hours":"Mo-Fr 08:30-15:30; Sa 09:00-13:00","addr:ward":"Mirongo"},"geometry":{"type":"Point","coordinates":[32.9079795,-2.5189626]}},{"id":"151","type":"Feature","properties":{"id":"mwanza_financial_amenities.152","ogc_fid":152,"fid":152,"osm_id":8532227515,"addr:street":"Rufiji Road","network":"Airtel Money","amenity":"mobile_money_agent","addr:subward":"Rufiji","name":null,"operator":null,"addr:city":"Mwanza","addr:municipality":"Nyamagana","opening_hours":"Mo-Fr 08:30-15:30; Sa 09:00-13:00","addr:ward":"Mirongo"},"geometry":{"type":"Point","coordinates":[32.907958,-2.5189626]}},{"id":"152","type":"Feature","properties":{"id":"mwanza_financial_amenities.153","ogc_fid":153,"fid":153,"osm_id":8532226847,"addr:street":"Rufiji Road","network":"HaloPesa;Tigo Pesa;MPESA;Airtel Money;ZPESA","amenity":"mobile_money_agent","addr:subward":"Rufiji","name":null,"operator":"National Microfinance Bank (NMB);National Bank of Commerce;CRDB Bank","addr:city":"Mwanza","addr:municipality":"Nyamagana","opening_hours":"Mo-Sa 08:00-18:00","addr:ward":"Mirongo"},"geometry":{"type":"Point","coordinates":[32.9075503,-2.5186625]}},{"id":"153","type":"Feature","properties":{"id":"mwanza_financial_amenities.154","ogc_fid":154,"fid":154,"osm_id":8532227057,"addr:street":"Majukano","network":"MPESA;Tigo Pesa","amenity":"mobile_money_agent","addr:subward":null,"name":null,"operator":null,"addr:city":"Mwanza","addr:municipality":"Nyamagana","opening_hours":"Mo-Fr 08:30-15:30; Sa 09:00-13:00","addr:ward":"Mirongo"},"geometry":{"type":"Point","coordinates":[32.9035032,-2.5186274]}},{"id":"154","type":"Feature","properties":{"id":"mwanza_financial_amenities.155","ogc_fid":155,"fid":155,"osm_id":8532227538,"addr:street":null,"network":"Tigo Pesa;MPESA;Airtel Money","amenity":"mobile_money_agent","addr:subward":"Nyamagana Mashariki","name":null,"operator":"CRDB Bank","addr:city":"Mwanza","addr:municipality":"Nyamagana","opening_hours":"Mo-Sa 09:00-18:00","addr:ward":"Mirongo"},"geometry":{"type":"Point","coordinates":[32.9031888,-2.5182806]}},{"id":"155","type":"Feature","properties":{"id":"mwanza_financial_amenities.156","ogc_fid":156,"fid":156,"osm_id":6156490944,"addr:street":null,"network":null,"amenity":"atm","addr:subward":null,"name":null,"operator":null,"addr:city":"Mwanza","addr:municipality":"Nyamagana","opening_hours":null,"addr:ward":"Mirongo"},"geometry":{"type":"Point","coordinates":[32.9033916,-2.5180328]}},{"id":"156","type":"Feature","properties":{"id":"mwanza_financial_amenities.157","ogc_fid":157,"fid":157,"osm_id":8532227636,"addr:street":"Banda","network":"MPESA","amenity":"mobile_money_agent","addr:subward":"Rufiji","name":null,"operator":null,"addr:city":"Mwanza","addr:municipality":"Nyamagana","opening_hours":"Mo-Fr 08:30-15:30; Sa 09:00-13:00","addr:ward":"Mirongo"},"geometry":{"type":"Point","coordinates":[32.9068851,-2.5179336]}},{"id":"157","type":"Feature","properties":{"id":"mwanza_financial_amenities.158","ogc_fid":158,"fid":158,"osm_id":8532228413,"addr:street":"Mirongo","network":"HaloPesa;Western Union;Tigo Pesa;MPESA;Airtel Money;MasterCard","amenity":"mobile_money_agent","addr:subward":"Mirongo","name":null,"operator":"National Microfinance Bank (NMB);Access Bank;CRDB Bank","addr:city":"Mwanza","addr:municipality":"Nyamagana","opening_hours":"Mo-Fr 08:30-15:30; Sa 09:00-13:00","addr:ward":"Mirongo"},"geometry":{"type":"Point","coordinates":[32.9057318,-2.5178107]}},{"id":"158","type":"Feature","properties":{"id":"mwanza_financial_amenities.159","ogc_fid":159,"fid":159,"osm_id":8532227597,"addr:street":"Mirongo","network":"HaloPesa;Tigo Pesa;MPESA;Airtel Money","amenity":"mobile_money_agent","addr:subward":"Mirongo","name":null,"operator":"National Microfinance Bank (NMB);CRDB Bank","addr:city":"Mwanza","addr:municipality":"Nyamagana","opening_hours":"Mo-Fr 08:30-15:30; Sa 09:00-13:00","addr:ward":"Mirongo"},"geometry":{"type":"Point","coordinates":[32.906456,-2.5176335]}},{"id":"159","type":"Feature","properties":{"id":"mwanza_financial_amenities.160","ogc_fid":160,"fid":160,"osm_id":8532228475,"addr:street":"Uhuru","network":"HaloPesa;Tigo Pesa;MPESA;Airtel Money;ZPESA;Visa","amenity":"mobile_money_agent","addr:subward":null,"name":"Zamzam Cash Point","operator":null,"addr:city":"Mwanza","addr:municipality":"Nyamagana","opening_hours":"Mo-Sa 08:00-18:00","addr:ward":"Mirongo"},"geometry":{"type":"Point","coordinates":[32.9053827,-2.5190222]}},{"id":"160","type":"Feature","properties":{"id":"mwanza_financial_amenities.161","ogc_fid":161,"fid":161,"osm_id":8532228596,"addr:street":"Rufiji Road","network":"HaloPesa;Tigo Pesa;MPESA;Airtel Money","amenity":"mobile_money_agent","addr:subward":"Rufiji","name":null,"operator":null,"addr:city":"Mwanza","addr:municipality":"Nyamagana","opening_hours":"Mo-Fr 08:30-15:30; Sa 09:00-13:00","addr:ward":"Mirongo"},"geometry":{"type":"Point","coordinates":[32.9080743,-2.5188121]}},{"id":"161","type":"Feature","properties":{"id":"mwanza_financial_amenities.162","ogc_fid":162,"fid":162,"osm_id":8532228616,"addr:street":null,"network":"MPESA","amenity":"mobile_money_agent","addr:subward":null,"name":null,"operator":null,"addr:city":"Mwanza","addr:municipality":"Nyamagana","opening_hours":"Mo-Fr 08:30-15:30; Sa 09:00-13:00","addr:ward":"Mirongo"},"geometry":{"type":"Point","coordinates":[32.9065847,-2.5182337]}},{"id":"162","type":"Feature","properties":{"id":"mwanza_financial_amenities.163","ogc_fid":163,"fid":163,"osm_id":8532229058,"addr:street":null,"network":"HaloPesa;Tigo Pesa;MPESA;Airtel Money;ZPESA","amenity":"mobile_money_agent","addr:subward":"Rufiji","name":null,"operator":"National Microfinance Bank (NMB);National Bank of Commerce;CRDB Bank","addr:city":"Mwanza","addr:municipality":"Nyamagana","opening_hours":"Mo-Fr 08:30-15:30; Sa 09:00-13:00","addr:ward":"Mirongo"},"geometry":{"type":"Point","coordinates":[32.9075022,-2.5182705]}},{"id":"163","type":"Feature","properties":{"id":"mwanza_financial_amenities.164","ogc_fid":164,"fid":164,"osm_id":8532228613,"addr:street":"Rufiji","network":"HaloPesa;Airtel Money;Tigo Pesa;MPESA;MasterCard","amenity":"mobile_money_agent","addr:subward":"Rufiji","name":null,"operator":null,"addr:city":"Mwanza","addr:municipality":"Nyamagana","opening_hours":"Mo-Sa 09:00-17:00","addr:ward":"Mirongo"},"geometry":{"type":"Point","coordinates":[32.9036997,-2.5170645]}},{"id":"164","type":"Feature","properties":{"id":"mwanza_financial_amenities.165","ogc_fid":165,"fid":165,"osm_id":8532227003,"addr:street":"Sukuma","network":"Tigo Pesa;MPESA;Airtel Money","amenity":"mobile_money_agent","addr:subward":"Rufiji","name":null,"operator":null,"addr:city":"Mwanza","addr:municipality":"Nyamagana","opening_hours":"Mo-Su 09:00-17:00","addr:ward":"Mirongo"},"geometry":{"type":"Point","coordinates":[32.9051685,-2.5164116]}},{"id":"165","type":"Feature","properties":{"id":"mwanza_financial_amenities.166","ogc_fid":166,"fid":166,"osm_id":8532227128,"addr:street":"Sukuma","network":"HaloPesa;MPESA;Airtel Money","amenity":"mobile_money_agent","addr:subward":"Rufiji","name":null,"operator":null,"addr:city":"Mwanza","addr:municipality":"Nyamagana","opening_hours":"Mo-Su 09:00-17:00","addr:ward":"Mirongo"},"geometry":{"type":"Point","coordinates":[32.9050827,-2.5163687]}},{"id":"166","type":"Feature","properties":{"id":"mwanza_financial_amenities.167","ogc_fid":167,"fid":167,"osm_id":8532228589,"addr:street":"Sukuma","network":"Tigo Pesa;MPESA;Airtel Money","amenity":"mobile_money_agent","addr:subward":"Rufiji","name":null,"operator":null,"addr:city":"Mwanza","addr:municipality":"Nyamagana","opening_hours":"Mo-Su 09:00-17:00","addr:ward":"Mirongo"},"geometry":{"type":"Point","coordinates":[32.9050398,-2.5163473]}},{"id":"167","type":"Feature","properties":{"id":"mwanza_financial_amenities.168","ogc_fid":168,"fid":168,"osm_id":8532229016,"addr:street":"Sukuma","network":"Tigo Pesa;MPESA","amenity":"mobile_money_agent","addr:subward":"Rufiji","name":null,"operator":null,"addr:city":"Mwanza","addr:municipality":"Nyamagana","opening_hours":"Mo-Su 09:00-17:00","addr:ward":"Mirongo"},"geometry":{"type":"Point","coordinates":[32.9050354,-2.5163321]}},{"id":"168","type":"Feature","properties":{"id":"mwanza_financial_amenities.169","ogc_fid":169,"fid":169,"osm_id":8532228652,"addr:street":"Sukuma","network":"Tigo Pesa","amenity":"mobile_money_agent","addr:subward":"Rufiji","name":null,"operator":null,"addr:city":"Mwanza","addr:municipality":"Nyamagana","opening_hours":"Mo-Fr 08:30-15:30; Sa 09:00-13:00;Mo-Su 09:00-17:00","addr:ward":"Mirongo"},"geometry":{"type":"Point","coordinates":[32.9049707,-2.5163221]}},{"id":"169","type":"Feature","properties":{"id":"mwanza_financial_amenities.170","ogc_fid":170,"fid":170,"osm_id":8532215210,"addr:street":"uhuru","network":"HaloPesa;Airtel Money;Tigo Pesa;MPESA","amenity":"mobile_money_agent","addr:subward":"Uhuru","name":null,"operator":null,"addr:city":"Mwanza","addr:municipality":"Nyamagana","opening_hours":"Mo-Sa 09:00-18:00","addr:ward":"Mirongo"},"geometry":{"type":"Point","coordinates":[32.901907,-2.5161758]}},{"id":"170","type":"Feature","properties":{"id":"mwanza_financial_amenities.171","ogc_fid":171,"fid":171,"osm_id":8520975577,"addr:street":null,"network":"MPESA","amenity":"mobile_money_agent","addr:subward":"Sinai","name":null,"operator":null,"addr:city":"Mwanza","addr:municipality":"Nyamagana","opening_hours":"Mo-Sa 08:00-18:00","addr:ward":"Mbugani"},"geometry":{"type":"Point","coordinates":[32.9256097,-2.530245]}},{"id":"171","type":"Feature","properties":{"id":"mwanza_financial_amenities.172","ogc_fid":172,"fid":172,"osm_id":8520976184,"addr:street":null,"network":"MPESA;Airtel Money","amenity":"mobile_money_agent","addr:subward":"Nyerere A","name":"Ivy","operator":null,"addr:city":"Mwanza","addr:municipality":"Nyamagana","opening_hours":"Mo-Sa 08:00-18:00","addr:ward":"Mbugani"},"geometry":{"type":"Point","coordinates":[32.9260254,-2.5310958]}},{"id":"172","type":"Feature","properties":{"id":"mwanza_financial_amenities.173","ogc_fid":173,"fid":173,"osm_id":8520963981,"addr:street":"Sinai","network":"MPESA","amenity":"mobile_money_agent","addr:subward":"Sinai","name":null,"operator":null,"addr:city":"Mwanza","addr:municipality":"Nyamagana","opening_hours":"Mo-Fr 08:30-15:30; Sa 09:00-13:00","addr:ward":"Mbugani"},"geometry":{"type":"Point","coordinates":[32.9269789,-2.529712]}},{"id":"173","type":"Feature","properties":{"id":"mwanza_financial_amenities.174","ogc_fid":174,"fid":174,"osm_id":8532206243,"addr:street":null,"network":"Visa;MasterCard","amenity":"bank","addr:subward":"Louis Rwegasore","name":null,"operator":"National Microfinance Bank (NMB)","addr:city":"Mwanza","addr:municipality":"Nyamagana","opening_hours":"Mo-Fr 08:30-15:30; Sa 09:00-13:00","addr:ward":"Pamba"},"geometry":{"type":"Point","coordinates":[32.9022503,-2.5248577]}},{"id":"174","type":"Feature","properties":{"id":"mwanza_financial_amenities.175","ogc_fid":175,"fid":175,"osm_id":8532207241,"addr:street":"Umoja Street","network":"HaloPesa;Tigo Pesa;MPESA;Airtel Money","amenity":"mobile_money_agent","addr:subward":"Pamba","name":null,"operator":null,"addr:city":"Mwanza","addr:municipality":"Nyamagana","opening_hours":null,"addr:ward":"Pamba"},"geometry":{"type":"Point","coordinates":[32.9034732,-2.5238267]}},{"id":"175","type":"Feature","properties":{"id":"mwanza_financial_amenities.176","ogc_fid":176,"fid":176,"osm_id":8532206433,"addr:street":null,"network":null,"amenity":"bank","addr:subward":"Rumumba","name":"Baroda Bank of Tanzania","operator":null,"addr:city":"Mwanza","addr:municipality":"Nyamagana","opening_hours":"Mo-Fr 08:30-15:30; Sa 09:00-13:00","addr:ward":"Pamba"},"geometry":{"type":"Point","coordinates":[32.9005551,-2.5238073]}},{"id":"176","type":"Feature","properties":{"id":"mwanza_financial_amenities.177","ogc_fid":177,"fid":177,"osm_id":8532207122,"addr:street":null,"network":"HaloPesa;Tigo Pesa;MPESA;Airtel Money","amenity":"mobile_money_agent","addr:subward":"Rumumba","name":null,"operator":"National Microfinance Bank (NMB);CRDB Bank","addr:city":"Mwanza","addr:municipality":"Nyamagana","opening_hours":"Mo-Sa 08:00-18:00;Mo-Fr 08:30-15:30; Sa 09:00-13:00","addr:ward":"Pamba"},"geometry":{"type":"Point","coordinates":[32.9011989,-2.5232928]}},{"id":"177","type":"Feature","properties":{"id":"mwanza_financial_amenities.178","ogc_fid":178,"fid":178,"osm_id":8532205532,"addr:street":null,"network":"HaloPesa;Tigo Pesa;MPESA;Airtel Money","amenity":"mobile_money_agent","addr:subward":"Rumumba","name":null,"operator":"Equity Bank;CRDB Bank","addr:city":"Mwanza","addr:municipality":"Nyamagana","opening_hours":"Mo-Sa 08:00-18:00","addr:ward":"Pamba"},"geometry":{"type":"Point","coordinates":[32.9022074,-2.5227355]}},{"id":"178","type":"Feature","properties":{"id":"mwanza_financial_amenities.179","ogc_fid":179,"fid":179,"osm_id":8532207045,"addr:street":null,"network":"Tigo Pesa;MPESA;Airtel Money","amenity":"mobile_money_agent","addr:subward":"Rumumba","name":null,"operator":"National Microfinance Bank (NMB);Equity Bank;CRDB Bank","addr:city":"Mwanza","addr:municipality":"Nyamagana","opening_hours":"Mo-Sa 08:00-18:00","addr:ward":"Pamba"},"geometry":{"type":"Point","coordinates":[32.9019612,-2.5224944]}},{"id":"179","type":"Feature","properties":{"id":"mwanza_financial_amenities.180","ogc_fid":180,"fid":180,"osm_id":8532205547,"addr:street":null,"network":"HaloPesa;Tigo Pesa;MPESA;Airtel Money;Visa;MasterCard;MoneyGram","amenity":"mobile_money_agent","addr:subward":"Miti Mirefu","name":"Wakala Wa Huduma Za Fedha","operator":null,"addr:city":"Mwanza","addr:municipality":"Nyamagana","opening_hours":"Mo-Sa 09:00-18:00","addr:ward":"Pamba"},"geometry":{"type":"Point","coordinates":[32.9043317,-2.5223925]}},{"id":"180","type":"Feature","properties":{"id":"mwanza_financial_amenities.181","ogc_fid":181,"fid":181,"osm_id":8532207354,"addr:street":"Kaluta","network":"Visa;MasterCard","amenity":"bank","addr:subward":null,"name":"Azanja","operator":"Azania Bank","addr:city":"Mwanza","addr:municipality":"Nyamagana","opening_hours":"Mo-Fr 09:00-17:00","addr:ward":"Pamba"},"geometry":{"type":"Point","coordinates":[32.9023737,-2.5219685]}},{"id":"181","type":"Feature","properties":{"id":"mwanza_financial_amenities.182","ogc_fid":182,"fid":182,"osm_id":1966257901,"addr:street":null,"network":null,"amenity":"bank","addr:subward":null,"name":"Stanbic Bank","operator":null,"addr:city":"Mwanza","addr:municipality":"Nyamagana","opening_hours":null,"addr:ward":"Pamba"},"geometry":{"type":"Point","coordinates":[32.9046708,-2.5203539]}},{"id":"182","type":"Feature","properties":{"id":"mwanza_financial_amenities.183","ogc_fid":183,"fid":183,"osm_id":4401745491,"addr:street":null,"network":null,"amenity":"bank","addr:subward":null,"name":"Access Bank","operator":null,"addr:city":"Mwanza","addr:municipality":"Nyamagana","opening_hours":null,"addr:ward":"Pamba"},"geometry":{"type":"Point","coordinates":[32.9035725,-2.5198209]}},{"id":"183","type":"Feature","properties":{"id":"mwanza_financial_amenities.184","ogc_fid":184,"fid":184,"osm_id":8532226982,"addr:street":"Nyerere Road","network":"MPESA","amenity":"bank","addr:subward":"Pamba \"A\"","name":"Akiba Cmmercial Bank PLC","operator":"Akiba Commercial Bank","addr:city":"Mwanza","addr:municipality":"Nyamagana","opening_hours":"Mo-Fr 08:30-15:30; Sa 09:00-13:00","addr:ward":"Pamba"},"geometry":{"type":"Point","coordinates":[32.9037523,-2.5197986]}},{"id":"184","type":"Feature","properties":{"id":"mwanza_financial_amenities.185","ogc_fid":185,"fid":185,"osm_id":8532227168,"addr:street":"Liberty","network":"HaloPesa;Tigo Pesa;MPESA;Airtel Money","amenity":"mobile_money_agent","addr:subward":"Liberty","name":null,"operator":"National Microfinance Bank ;Equity;National Bank of Commerce ;CRDB Bank","addr:city":"Mwanza","addr:municipality":"Nyamagana","opening_hours":"Mo-Su 09:00-17:00","addr:ward":"Pamba"},"geometry":{"type":"Point","coordinates":[32.9055467,-2.520308]}},{"id":"185","type":"Feature","properties":{"id":"mwanza_financial_amenities.186","ogc_fid":186,"fid":186,"osm_id":2984216229,"addr:street":null,"network":null,"amenity":"bank","addr:subward":null,"name":"ABSA","operator":null,"addr:city":"Mwanza","addr:municipality":"Nyamagana","opening_hours":null,"addr:ward":"Pamba"},"geometry":{"type":"Point","coordinates":[32.9041542,-2.5224727]}},{"id":"186","type":"Feature","properties":{"id":"mwanza_financial_amenities.187","ogc_fid":187,"fid":187,"osm_id":4401772389,"addr:street":null,"network":null,"amenity":"bank","addr:subward":null,"name":"NCBA","operator":null,"addr:city":"Mwanza","addr:municipality":"Nyamagana","opening_hours":null,"addr:ward":"Pamba"},"geometry":{"type":"Point","coordinates":[32.9034151,-2.5197258]}},{"id":"187","type":"Feature","properties":{"id":"mwanza_financial_amenities.188","ogc_fid":188,"fid":188,"osm_id":4401772489,"addr:street":null,"network":null,"amenity":"bank","addr:subward":null,"name":"Mkombozi Bank","operator":null,"addr:city":"Mwanza","addr:municipality":"Nyamagana","opening_hours":null,"addr:ward":"Pamba"},"geometry":{"type":"Point","coordinates":[32.9032499,-2.5196673]}},{"id":"188","type":"Feature","properties":{"id":"mwanza_financial_amenities.189","ogc_fid":189,"fid":189,"osm_id":8532206408,"addr:street":"Pamba Road","network":null,"amenity":"bank","addr:subward":"Posta","name":"TPB Bank","operator":null,"addr:city":"Mwanza","addr:municipality":"Nyamagana","opening_hours":null,"addr:ward":"Pamba"},"geometry":{"type":"Point","coordinates":[32.904203,-2.5227127]}},{"id":"189","type":"Feature","properties":{"id":"mwanza_financial_amenities.190","ogc_fid":190,"fid":190,"osm_id":8532206274,"addr:street":"Miembeni","network":"HaloPesa;Tigo Pesa;MPESA;Airtel Money","amenity":"mobile_money_agent","addr:subward":"Bugando","name":null,"operator":null,"addr:city":"Mwanza","addr:municipality":"Nyamagana","opening_hours":null,"addr:ward":"Pamba"},"geometry":{"type":"Point","coordinates":[32.90965,-2.5262528]}},{"id":"190","type":"Feature","properties":{"id":"mwanza_financial_amenities.191","ogc_fid":191,"fid":191,"osm_id":8520976012,"addr:street":null,"network":"Tigo Pesa;MPESA","amenity":"mobile_money_agent","addr:subward":"Bugarika Kusini","name":null,"operator":null,"addr:city":"Mwanza","addr:municipality":"Nyamagana","opening_hours":"Mo-Su 09:00-17:00","addr:ward":"Pamba"},"geometry":{"type":"Point","coordinates":[32.9126143,-2.5318461]}},{"id":"191","type":"Feature","properties":{"id":"mwanza_financial_amenities.192","ogc_fid":192,"fid":192,"osm_id":8520976637,"addr:street":null,"network":"MPESA;Airtel Money","amenity":"mobile_money_agent","addr:subward":"Bugarika Kusini","name":null,"operator":null,"addr:city":"Mwanza","addr:municipality":"Nyamagana","opening_hours":"Mo-Su 09:00-17:00","addr:ward":"Pamba"},"geometry":{"type":"Point","coordinates":[32.9126787,-2.5319104]}},{"id":"192","type":"Feature","properties":{"id":"mwanza_financial_amenities.193","ogc_fid":193,"fid":193,"osm_id":8520976115,"addr:street":null,"network":"Tigo Pesa;MPESA;Airtel Money","amenity":"mobile_money_agent","addr:subward":"Bugarika Kusini","name":null,"operator":null,"addr:city":"Mwanza","addr:municipality":"Nyamagana","opening_hours":"Mo-Su 09:00-17:00","addr:ward":"Pamba"},"geometry":{"type":"Point","coordinates":[32.9128718,-2.5321034]}},{"id":"193","type":"Feature","properties":{"id":"mwanza_financial_amenities.194","ogc_fid":194,"fid":194,"osm_id":8520976321,"addr:street":null,"network":"HaloPesa;Tigo Pesa;MPESA;Airtel Money","amenity":"mobile_money_agent","addr:subward":"Bugarika Kusini","name":null,"operator":null,"addr:city":"Mwanza","addr:municipality":"Nyamagana","opening_hours":null,"addr:ward":"Pamba"},"geometry":{"type":"Point","coordinates":[32.9150176,-2.5335182]}},{"id":"194","type":"Feature","properties":{"id":"mwanza_financial_amenities.195","ogc_fid":195,"fid":195,"osm_id":8520975796,"addr:street":"Mlimani","network":"Tigo Pesa;MPESA;Airtel Money","amenity":"mobile_money_agent","addr:subward":"Bugharika Kasikazini","name":null,"operator":null,"addr:city":"Mwanza","addr:municipality":"Nyamagana","opening_hours":"Mo-Sa 08:00-18:00","addr:ward":"Pamba"},"geometry":{"type":"Point","coordinates":[32.9151249,-2.5305542]}},{"id":"195","type":"Feature","properties":{"id":"mwanza_financial_amenities.196","ogc_fid":196,"fid":196,"osm_id":8520976104,"addr:street":null,"network":"Airtel Money;MPESA;Tigo Pesa","amenity":"mobile_money_agent","addr:subward":"Bugarika","name":null,"operator":null,"addr:city":"Mwanza","addr:municipality":"Nyamagana","opening_hours":"Mo-Fr 08:30-15:30; Sa 09:00-13:00","addr:ward":"Pamba"},"geometry":{"type":"Point","coordinates":[32.9153824,-2.5306028]}},{"id":"196","type":"Feature","properties":{"id":"mwanza_financial_amenities.197","ogc_fid":197,"fid":197,"osm_id":8520976645,"addr:street":null,"network":"Airtel Money;MPESA;Tigo Pesa","amenity":"mobile_money_agent","addr:subward":"Bugarika","name":"Mussa Shop","operator":null,"addr:city":"Mwanza","addr:municipality":"Nyamagana","opening_hours":"Mo-Fr 08:30-15:30; Sa 09:00-13:00","addr:ward":"Pamba"},"geometry":{"type":"Point","coordinates":[32.9157006,-2.531322]}},{"id":"197","type":"Feature","properties":{"id":"mwanza_financial_amenities.198","ogc_fid":198,"fid":198,"osm_id":8532206798,"addr:street":null,"network":"HaloPesa;Tigo Pesa;MPESA;Airtel Money","amenity":"mobile_money_agent","addr:subward":"Miti Mirefu","name":"Janeth Maney Shop","operator":null,"addr:city":"Mwanza","addr:municipality":"Nyamagana","opening_hours":"Mo-Sa 08:00-18:00","addr:ward":"Pamba"},"geometry":{"type":"Point","coordinates":[32.905364,-2.5223719]}},{"id":"198","type":"Feature","properties":{"id":"mwanza_financial_amenities.199","ogc_fid":199,"fid":199,"osm_id":8532206818,"addr:street":null,"network":"Visa;MasterCard","amenity":"mobile_money_agent","addr:subward":"Zahanati","name":"CRDB","operator":"CRDB Bank","addr:city":"Mwanza","addr:municipality":"Nyamagana","opening_hours":"Mo-Sa 09:00-18:00","addr:ward":"Pamba"},"geometry":{"type":"Point","coordinates":[32.9074424,-2.5291703]}},{"id":"199","type":"Feature","properties":{"id":"mwanza_financial_amenities.200","ogc_fid":200,"fid":200,"osm_id":8532206822,"addr:street":"Julius Nyerere","network":null,"amenity":"bank","addr:subward":"Pamba","name":"Diamond Trust Bank","operator":null,"addr:city":"Mwanza","addr:municipality":"Nyamagana","opening_hours":null,"addr:ward":"Pamba"},"geometry":{"type":"Point","coordinates":[32.9056191,-2.5211706]}},{"id":"200","type":"Feature","properties":{"id":"mwanza_financial_amenities.201","ogc_fid":201,"fid":201,"osm_id":8532206894,"addr:street":null,"network":"MPESA","amenity":"mobile_money_agent","addr:subward":"Mlimani","name":null,"operator":null,"addr:city":"Mwanza","addr:municipality":"Nyamagana","opening_hours":"Mo-Su 09:00-17:00","addr:ward":"Pamba"},"geometry":{"type":"Point","coordinates":[32.9096103,-2.5302169]}},{"id":"201","type":"Feature","properties":{"id":"mwanza_financial_amenities.202","ogc_fid":202,"fid":202,"osm_id":8532206996,"addr:street":"Julius Nyerere","network":"Airtel Money","amenity":"mobile_money_agent","addr:subward":"Pamba","name":null,"operator":"Access Bank","addr:city":"Mwanza","addr:municipality":"Nyamagana","opening_hours":null,"addr:ward":"Pamba"},"geometry":{"type":"Point","coordinates":[32.9052099,-2.5210525]}},{"id":"202","type":"Feature","properties":{"id":"mwanza_financial_amenities.203","ogc_fid":203,"fid":203,"osm_id":8532207184,"addr:street":"Pamba Road","network":null,"amenity":"bank","addr:subward":"Miti Mirefu","name":"ABC Bank","operator":null,"addr:city":"Mwanza","addr:municipality":"Nyamagana","opening_hours":null,"addr:ward":"Pamba"},"geometry":{"type":"Point","coordinates":[32.904203,-2.5224952]}},{"id":"203","type":"Feature","properties":{"id":"mwanza_financial_amenities.204","ogc_fid":204,"fid":204,"osm_id":8532207244,"addr:street":"Julius Nyerere","network":null,"amenity":"bank","addr:subward":"Pamba","name":"Habib African Bank Ltd","operator":null,"addr:city":"Mwanza","addr:municipality":"Nyamagana","opening_hours":null,"addr:ward":"Pamba"},"geometry":{"type":"Point","coordinates":[32.9058981,-2.5213206]}},{"id":"204","type":"Feature","properties":{"id":"mwanza_financial_amenities.205","ogc_fid":205,"fid":205,"osm_id":5732427121,"addr:street":null,"network":null,"amenity":"atm","addr:subward":null,"name":null,"operator":null,"addr:city":"Mwanza","addr:municipality":"Nyamagana","opening_hours":null,"addr:ward":"Pamba"},"geometry":{"type":"Point","coordinates":[32.9055011,-2.5209824]}},{"id":"205","type":"Feature","properties":{"id":"mwanza_financial_amenities.206","ogc_fid":206,"fid":206,"osm_id":5732427221,"addr:street":null,"network":null,"amenity":"bank","addr:subward":null,"name":"DTB Diamond Trust Bank","operator":null,"addr:city":"Mwanza","addr:municipality":"Nyamagana","opening_hours":null,"addr:ward":"Pamba"},"geometry":{"type":"Point","coordinates":[32.9055398,-2.5209953]}},{"id":"206","type":"Feature","properties":{"id":"mwanza_financial_amenities.207","ogc_fid":207,"fid":207,"osm_id":2450531563,"addr:street":null,"network":null,"amenity":"atm","addr:subward":null,"name":"NBC","operator":null,"addr:city":"Mwanza","addr:municipality":"Nyamagana","opening_hours":null,"addr:ward":"Pamba"},"geometry":{"type":"Point","coordinates":[32.9072329,-2.5286142]}},{"id":"207","type":"Feature","properties":{"id":"mwanza_financial_amenities.208","ogc_fid":208,"fid":208,"osm_id":8532227450,"addr:street":"Liberty","network":"HaloPesa;Tigo Pesa;MPESA;Airtel Money","amenity":"mobile_money_agent","addr:subward":"Liberty","name":"FBM Wakala","operator":"National Microfinance Bank;National Bank of Commerce;Access Bank;CRDB Bank","addr:city":"Mwanza","addr:municipality":"Nyamagana","opening_hours":"Mo-Sa 08:00-18:00","addr:ward":"Pamba"},"geometry":{"type":"Point","coordinates":[32.9061985,-2.5206347]}},{"id":"208","type":"Feature","properties":{"id":"mwanza_financial_amenities.209","ogc_fid":209,"fid":209,"osm_id":8532206051,"addr:street":null,"network":"MPESA","amenity":"mobile_money_agent","addr:subward":"Mlungushi","name":null,"operator":null,"addr:city":"Mwanza","addr:municipality":"Nyamagana","opening_hours":"Mo-Sa 08:00-18:00","addr:ward":"Igogo"},"geometry":{"type":"Point","coordinates":[32.9041725,-2.5324047]}},{"id":"209","type":"Feature","properties":{"id":"mwanza_financial_amenities.210","ogc_fid":210,"fid":210,"osm_id":8532206372,"addr:street":null,"network":"Airtel Money;MPESA;Tigo Pesa","amenity":"mobile_money_agent","addr:subward":"Kwimba","name":"Triple M Secretarial","operator":null,"addr:city":"Mwanza","addr:municipality":"Nyamagana","opening_hours":"Mo-Fr 08:30-15:30; Sa 09:00-13:00","addr:ward":"Igogo"},"geometry":{"type":"Point","coordinates":[32.9064131,-2.5378698]}},{"id":"210","type":"Feature","properties":{"id":"mwanza_financial_amenities.211","ogc_fid":211,"fid":211,"osm_id":8532205781,"addr:street":null,"network":"HaloPesa;Airtel Money;MPESA;Tigo Pesa","amenity":"mobile_money_agent","addr:subward":null,"name":null,"operator":null,"addr:city":"Mwanza","addr:municipality":"Nyamagana","opening_hours":"Mo-Fr 08:30-15:30; Sa 09:00-13:00","addr:ward":"Igogo"},"geometry":{"type":"Point","coordinates":[32.9067076,-2.5325994]}},{"id":"211","type":"Feature","properties":{"id":"mwanza_financial_amenities.212","ogc_fid":212,"fid":212,"osm_id":8532206038,"addr:street":null,"network":"Tigo Pesa;MPESA;Airtel Money","amenity":"mobile_money_agent","addr:subward":"Kwimba","name":null,"operator":null,"addr:city":"Mwanza","addr:municipality":"Nyamagana","opening_hours":"Mo-Su 09:00-17:00","addr:ward":"Igogo"},"geometry":{"type":"Point","coordinates":[32.9073437,-2.537471]}},{"id":"212","type":"Feature","properties":{"id":"mwanza_financial_amenities.213","ogc_fid":213,"fid":213,"osm_id":8532205839,"addr:street":null,"network":"Tigo Pesa;MPESA","amenity":"mobile_money_agent","addr:subward":"Kwimba","name":null,"operator":null,"addr:city":"Mwanza","addr:municipality":"Nyamagana","opening_hours":"Mo-Su 09:00-17:00","addr:ward":"Igogo"},"geometry":{"type":"Point","coordinates":[32.9074216,-2.5371195]}},{"id":"213","type":"Feature","properties":{"id":"mwanza_financial_amenities.214","ogc_fid":214,"fid":214,"osm_id":8532206010,"addr:street":null,"network":"Airtel Money","amenity":"mobile_money_agent","addr:subward":"Kwimba","name":"Airtel Money Branch","operator":null,"addr:city":"Mwanza","addr:municipality":"Nyamagana","opening_hours":"Mo-Fr 09:00-17:00","addr:ward":"Igogo"},"geometry":{"type":"Point","coordinates":[32.9074645,-2.5378055]}},{"id":"214","type":"Feature","properties":{"id":"mwanza_financial_amenities.215","ogc_fid":215,"fid":215,"osm_id":8532203745,"addr:street":null,"network":"MPESA","amenity":"money_transfer","addr:subward":"Azimio","name":"Mpesa","operator":null,"addr:city":"Mwanza","addr:municipality":"Nyamagana","opening_hours":null,"addr:ward":"Igogo"},"geometry":{"type":"Point","coordinates":[32.9082876,-2.5390145]}},{"id":"215","type":"Feature","properties":{"id":"mwanza_financial_amenities.216","ogc_fid":216,"fid":216,"osm_id":8532205884,"addr:street":null,"network":"MPESA","amenity":"money_transfer","addr:subward":"Azimio","name":"Mpesa","operator":null,"addr:city":"Mwanza","addr:municipality":"Nyamagana","opening_hours":null,"addr:ward":"Igogo"},"geometry":{"type":"Point","coordinates":[32.9086541,-2.5387344]}},{"id":"216","type":"Feature","properties":{"id":"mwanza_financial_amenities.217","ogc_fid":217,"fid":217,"osm_id":8532205916,"addr:street":"Mwenge Road","network":"MPESA","amenity":"mobile_money_agent","addr:subward":"Kwimba","name":null,"operator":null,"addr:city":"Mwanza","addr:municipality":"Nyamagana","opening_hours":"Mo-Sa 09:00-18:00","addr:ward":"Igogo"},"geometry":{"type":"Point","coordinates":[32.9088053,-2.5354054]}},{"id":"217","type":"Feature","properties":{"id":"mwanza_financial_amenities.218","ogc_fid":218,"fid":218,"osm_id":8532205712,"addr:street":"Mwenge Road","network":"MPESA","amenity":"mobile_money_agent","addr:subward":"Kwimba","name":null,"operator":null,"addr:city":"Mwanza","addr:municipality":"Nyamagana","opening_hours":"Mo-Sa 09:00-18:00;Mo-Fr 09:00-17:00","addr:ward":"Igogo"},"geometry":{"type":"Point","coordinates":[32.9088502,-2.5353227]}},{"id":"218","type":"Feature","properties":{"id":"mwanza_financial_amenities.219","ogc_fid":219,"fid":219,"osm_id":8532205953,"addr:street":null,"network":"MPESA","amenity":"mobile_money_agent","addr:subward":"Kwimba","name":null,"operator":null,"addr:city":"Mwanza","addr:municipality":"Nyamagana","opening_hours":"Mo-Su 09:00-17:00","addr:ward":"Igogo"},"geometry":{"type":"Point","coordinates":[32.909958,-2.5356327]}},{"id":"219","type":"Feature","properties":{"id":"mwanza_financial_amenities.220","ogc_fid":220,"fid":220,"osm_id":8520975985,"addr:street":"Bugarika Kusini","network":"HaloPesa;Tigo Pesa;MPESA;Airtel Money","amenity":"mobile_money_agent","addr:subward":"Bugarika Kusini","name":null,"operator":null,"addr:city":"Mwanza","addr:municipality":"Nyamagana","opening_hours":"Mo-Sa 09:00-18:00","addr:ward":"Igogo"},"geometry":{"type":"Point","coordinates":[32.9128171,-2.5323862]}},{"id":"220","type":"Feature","properties":{"id":"mwanza_financial_amenities.221","ogc_fid":221,"fid":221,"osm_id":8532207037,"addr:street":null,"network":"MPESA","amenity":"mobile_money_agent","addr:subward":"Mlungushi","name":null,"operator":null,"addr:city":"Mwanza","addr:municipality":"Nyamagana","opening_hours":"Mo-Sa 08:00-18:00","addr:ward":"Igogo"},"geometry":{"type":"Point","coordinates":[32.9039006,-2.5322626]}},{"id":"221","type":"Feature","properties":{"id":"mwanza_financial_amenities.222","ogc_fid":222,"fid":222,"osm_id":8520680575,"addr:street":null,"network":"HaloPesa;Tigo Pesa;MPESA;Airtel Money","amenity":"mobile_money_agent","addr:subward":"Mahina Relini","name":null,"operator":null,"addr:city":"Mwanza","addr:municipality":"Nyamagana","opening_hours":null,"addr:ward":"Mkuyuni"},"geometry":{"type":"Point","coordinates":[32.9198241,-2.5610212]}},{"id":"222","type":"Feature","properties":{"id":"mwanza_financial_amenities.223","ogc_fid":223,"fid":223,"osm_id":8520687935,"addr:street":null,"network":"HaloPesa;Tigo Pesa;MPESA;Airtel Money;ZPESA","amenity":"mobile_money_agent","addr:subward":"Mahina Relini","name":null,"operator":null,"addr:city":"Mwanza","addr:municipality":"Nyamagana","opening_hours":"Mo-Sa 08:00-18:00","addr:ward":"Mkuyuni"},"geometry":{"type":"Point","coordinates":[32.9188371,-2.5604638]}},{"id":"223","type":"Feature","properties":{"id":"mwanza_financial_amenities.224","ogc_fid":224,"fid":224,"osm_id":8520688232,"addr:street":"Kambarage","network":"HaloPesa;Tigo Pesa;MPESA;Airtel Money","amenity":"mobile_money_agent","addr:subward":"Mahina Relini","name":null,"operator":null,"addr:city":"Mwanza","addr:municipality":"Nyamagana","opening_hours":"Mo-Fr 08:30-15:30; Sa 09:00-13:00","addr:ward":"Mkuyuni"},"geometry":{"type":"Point","coordinates":[32.9190516,-2.5604638]}},{"id":"224","type":"Feature","properties":{"id":"mwanza_financial_amenities.225","ogc_fid":225,"fid":225,"osm_id":8520688107,"addr:street":"Sokoni","network":"MPESA","amenity":"mobile_money_agent","addr:subward":"Sokoni","name":null,"operator":null,"addr:city":"Mwanza","addr:municipality":"Nyamagana","opening_hours":"Mo-Sa 09:00-17:00","addr:ward":"Mkuyuni"},"geometry":{"type":"Point","coordinates":[32.914288,-2.5597779]}},{"id":"225","type":"Feature","properties":{"id":"mwanza_financial_amenities.226","ogc_fid":226,"fid":226,"osm_id":8520688147,"addr:street":null,"network":"HaloPesa;Tigo Pesa;MPESA;Airtel Money","amenity":"mobile_money_agent","addr:subward":"Sokoni","name":null,"operator":"National Microfinance Bank (NMB);National Bank of Commerce ;CRDB Bank","addr:city":"Mwanza","addr:municipality":"Nyamagana","opening_hours":"Mo-Su 09:00-17:00","addr:ward":"Mkuyuni"},"geometry":{"type":"Point","coordinates":[32.9140749,-2.5596757]}},{"id":"226","type":"Feature","properties":{"id":"mwanza_financial_amenities.227","ogc_fid":227,"fid":227,"osm_id":8520687859,"addr:street":"Soko la Mkulima","network":"HaloPesa;MPESA;Airtel Money","amenity":"mobile_money_agent","addr:subward":"Mahina","name":null,"operator":null,"addr:city":"Mwanza","addr:municipality":"Nyamagana","opening_hours":"Mo-Fr 08:30-15:30; Sa 09:00-13:00","addr:ward":"Mkuyuni"},"geometry":{"type":"Point","coordinates":[32.9159617,-2.5595206]}},{"id":"227","type":"Feature","properties":{"id":"mwanza_financial_amenities.228","ogc_fid":228,"fid":228,"osm_id":8520687842,"addr:street":null,"network":"HaloPesa;Tigo Pesa;MPESA;Airtel Money","amenity":"mobile_money_agent","addr:subward":"Sokoni","name":null,"operator":null,"addr:city":"Mwanza","addr:municipality":"Nyamagana","opening_hours":"Mo-Su 09:00-17:00","addr:ward":"Mkuyuni"},"geometry":{"type":"Point","coordinates":[32.913537,-2.5594135]}},{"id":"228","type":"Feature","properties":{"id":"mwanza_financial_amenities.229","ogc_fid":229,"fid":229,"osm_id":8520688172,"addr:street":null,"network":"HaloPesa;Tigo Pesa;MPESA;Airtel Money","amenity":"mobile_money_agent","addr:subward":"Shede","name":null,"operator":null,"addr:city":"Mwanza","addr:municipality":"Nyamagana","opening_hours":"Mo-Sa 08:00-18:00","addr:ward":"Mkuyuni"},"geometry":{"type":"Point","coordinates":[32.9075718,-2.5512891]}},{"id":"229","type":"Feature","properties":{"id":"mwanza_financial_amenities.230","ogc_fid":230,"fid":230,"osm_id":8520687913,"addr:street":null,"network":"HaloPesa;Tigo Pesa;MPESA;Airtel Money","amenity":"mobile_money_agent","addr:subward":"Shede","name":null,"operator":null,"addr:city":"Mwanza","addr:municipality":"Nyamagana","opening_hours":"Mo-Sa 09:00-17:00","addr:ward":"Mkuyuni"},"geometry":{"type":"Point","coordinates":[32.9075503,-2.5512676]}},{"id":"230","type":"Feature","properties":{"id":"mwanza_financial_amenities.231","ogc_fid":231,"fid":231,"osm_id":8520687884,"addr:street":null,"network":"Tigo Pesa;MPESA;Airtel Money","amenity":"mobile_money_agent","addr:subward":"Shede","name":null,"operator":"National Microfinance Bank (NMB);Equity Bank","addr:city":"Mwanza","addr:municipality":"Nyamagana","opening_hours":"Mo-Sa 08:00-18:00","addr:ward":"Mkuyuni"},"geometry":{"type":"Point","coordinates":[32.9075053,-2.551066]}},{"id":"231","type":"Feature","properties":{"id":"mwanza_financial_amenities.232","ogc_fid":232,"fid":232,"osm_id":8520688057,"addr:street":null,"network":"Tigo Pesa;MPESA","amenity":"mobile_money_agent","addr:subward":"Shede","name":"Karugutu shop","operator":null,"addr:city":"Mwanza","addr:municipality":"Nyamagana","opening_hours":"Mo-Fr 08:30-15:30; Sa 09:00-13:00","addr:ward":"Mkuyuni"},"geometry":{"type":"Point","coordinates":[32.9072853,-2.5499483]}},{"id":"232","type":"Feature","properties":{"id":"mwanza_financial_amenities.233","ogc_fid":233,"fid":233,"osm_id":8520688205,"addr:street":null,"network":"Tigo Pesa;MPESA","amenity":"mobile_money_agent","addr:subward":"Shede","name":null,"operator":null,"addr:city":"Mwanza","addr:municipality":"Nyamagana","opening_hours":"Mo-Sa 08:00-18:00","addr:ward":"Mkuyuni"},"geometry":{"type":"Point","coordinates":[32.9073795,-2.549802]}},{"id":"233","type":"Feature","properties":{"id":"mwanza_financial_amenities.234","ogc_fid":234,"fid":234,"osm_id":8520680581,"addr:street":null,"network":"HaloPesa;Tigo Pesa;MPESA;Airtel Money;ZPESA","amenity":"mobile_money_agent","addr:subward":"Shede","name":null,"operator":null,"addr:city":"Mwanza","addr:municipality":"Nyamagana","opening_hours":"Mo-Sa 09:00-18:00","addr:ward":"Mkuyuni"},"geometry":{"type":"Point","coordinates":[32.9077782,-2.5494779]}},{"id":"234","type":"Feature","properties":{"id":"mwanza_financial_amenities.235","ogc_fid":235,"fid":235,"osm_id":8520688259,"addr:street":null,"network":"HaloPesa;Tigo Pesa;MPESA;Airtel Money","amenity":"mobile_money_agent","addr:subward":"Sokoni","name":null,"operator":null,"addr:city":"Mwanza","addr:municipality":"Nyamagana","opening_hours":"Mo-Su 09:00-17:00","addr:ward":"Mkuyuni"},"geometry":{"type":"Point","coordinates":[32.9143812,-2.5594393]}},{"id":"235","type":"Feature","properties":{"id":"mwanza_financial_amenities.236","ogc_fid":236,"fid":236,"osm_id":8520688433,"addr:street":null,"network":"MPESA","amenity":"mobile_money_agent","addr:subward":"Mahakama","name":null,"operator":null,"addr:city":"Mwanza","addr:municipality":"Nyamagana","opening_hours":"Mo-Sa 09:00-17:00","addr:ward":"Mkuyuni"},"geometry":{"type":"Point","coordinates":[32.917335,-2.5591133]}},{"id":"236","type":"Feature","properties":{"id":"mwanza_financial_amenities.237","ogc_fid":237,"fid":237,"osm_id":3375058477,"addr:street":null,"network":null,"amenity":"atm","addr:subward":null,"name":"CRDB","operator":null,"addr:city":"Mwanza","addr:municipality":"Nyamagana","opening_hours":null,"addr:ward":"Nyegezi"},"geometry":{"type":"Point","coordinates":[32.924989,-2.5928315]}},{"id":"237","type":"Feature","properties":{"id":"mwanza_financial_amenities.238","ogc_fid":238,"fid":238,"osm_id":8520680565,"addr:street":null,"network":"HaloPesa;Tigo Pesa;MPESA;Airtel Money","amenity":"mobile_money_agent","addr:subward":"Nkamba","name":null,"operator":null,"addr:city":"Mwanza","addr:municipality":"Nyamagana","opening_hours":"Mo-Su 09:00-17:00","addr:ward":"Nyegezi"},"geometry":{"type":"Point","coordinates":[32.9214281,-2.5871009]}},{"id":"238","type":"Feature","properties":{"id":"mwanza_financial_amenities.239","ogc_fid":239,"fid":239,"osm_id":8506790334,"addr:street":null,"network":"MPESA;Airtel Money","amenity":"mobile_money_agent","addr:subward":"Buhongwa Magharibi","name":null,"operator":null,"addr:city":"Mwanza","addr:municipality":"Nyamagana","opening_hours":"Mo-Sa 09:00-18:00","addr:ward":"Buhongwa"},"geometry":{"type":"Point","coordinates":[32.9463887,-2.6218129]}},{"id":"239","type":"Feature","properties":{"id":"mwanza_financial_amenities.240","ogc_fid":240,"fid":240,"osm_id":8506790337,"addr:street":null,"network":"MPESA;Airtel Money","amenity":"mobile_money_agent","addr:subward":"Buhongwa Magharibi","name":null,"operator":null,"addr:city":"Mwanza","addr:municipality":"Nyamagana","opening_hours":"Mo-Sa 08:00-18:00","addr:ward":"Buhongwa"},"geometry":{"type":"Point","coordinates":[32.9466248,-2.6213628]}},{"id":"240","type":"Feature","properties":{"id":"mwanza_financial_amenities.241","ogc_fid":241,"fid":241,"osm_id":8506790348,"addr:street":null,"network":"MPESA;Airtel Money","amenity":"mobile_money_agent","addr:subward":"Buhongwa Magharibi","name":null,"operator":null,"addr:city":"Mwanza","addr:municipality":"Nyamagana","opening_hours":"Mo-Sa 08:00-18:00","addr:ward":"Buhongwa"},"geometry":{"type":"Point","coordinates":[32.9468608,-2.6208483]}},{"id":"241","type":"Feature","properties":{"id":"mwanza_financial_amenities.242","ogc_fid":242,"fid":242,"osm_id":8506790351,"addr:street":null,"network":"MPESA","amenity":"mobile_money_agent","addr:subward":"Buhongwa Magharibi","name":null,"operator":null,"addr:city":"Mwanza","addr:municipality":"Nyamagana","opening_hours":"Mo-Sa 08:00-18:00","addr:ward":"Buhongwa"},"geometry":{"type":"Point","coordinates":[32.9470754,-2.6203553]}},{"id":"242","type":"Feature","properties":{"id":"mwanza_financial_amenities.243","ogc_fid":243,"fid":243,"osm_id":8506790315,"addr:street":null,"network":null,"amenity":"mobile_money_agent","addr:subward":"Buhogwa Kaskazini","name":null,"operator":"National Microfinance Bank (NMB)","addr:city":"Mwanza","addr:municipality":"Nyamagana","opening_hours":"Mo-Su 09:00-17:00","addr:ward":"Buhongwa"},"geometry":{"type":"Point","coordinates":[32.9399085,-2.6202481]}},{"id":"243","type":"Feature","properties":{"id":"mwanza_financial_amenities.244","ogc_fid":244,"fid":244,"osm_id":4938040221,"addr:street":null,"network":null,"amenity":"bank","addr:subward":null,"name":"CRDB Bank","operator":null,"addr:city":"Mwanza","addr:municipality":"Nyamagana","opening_hours":null,"addr:ward":"Buhongwa"},"geometry":{"type":"Point","coordinates":[32.937398,-2.6166992]}},{"id":"244","type":"Feature","properties":{"id":"mwanza_financial_amenities.245","ogc_fid":245,"fid":245,"osm_id":8506790291,"addr:street":null,"network":"Airtel Money;MPESA;Tigo Pesa","amenity":"mobile_money_agent","addr:subward":"Nyambiti","name":null,"operator":null,"addr:city":"Mwanza","addr:municipality":"Nyamagana","opening_hours":"Mo-Sa 09:00-18:00","addr:ward":"Buhongwa"},"geometry":{"type":"Point","coordinates":[32.9402733,-2.6097662]}},{"id":"245","type":"Feature","properties":{"id":"mwanza_financial_amenities.246","ogc_fid":246,"fid":246,"osm_id":8506790292,"addr:street":"Nyambiti","network":"HaloPesa;Tigo Pesa;MPESA;Airtel Money","amenity":"mobile_money_agent","addr:subward":"Nyambiti","name":"NMB Money Agent","operator":"National Microfinance Bank (NMB)","addr:city":"Mwanza","addr:municipality":"Nyamagana","opening_hours":"Mo-Fr 08:30-15:30; Sa 09:00-13:00","addr:ward":"Buhongwa"},"geometry":{"type":"Point","coordinates":[32.933321,-2.6095305]}},{"id":"246","type":"Feature","properties":{"id":"mwanza_financial_amenities.247","ogc_fid":247,"fid":247,"osm_id":8506774325,"addr:street":"Mongo","network":"Tigo Pesa;MPESA;Airtel Money","amenity":"money_transfer","addr:subward":"Ng'wang'alanga","name":null,"operator":null,"addr:city":"Mwanza","addr:municipality":"Nyamagana","opening_hours":null,"addr:ward":"Buhongwa"},"geometry":{"type":"Point","coordinates":[32.9477536,-2.5972263]}},{"id":"247","type":"Feature","properties":{"id":"mwanza_financial_amenities.248","ogc_fid":248,"fid":255,"osm_id":5549505822,"addr:street":null,"network":null,"amenity":"bank","addr:subward":null,"name":"CRDB SAUT branch","operator":null,"addr:city":"Mwanza","addr:municipality":"Nyamagana","opening_hours":null,"addr:ward":"Luchelele"},"geometry":{"type":"Point","coordinates":[32.8978513,-2.5955876]}},{"id":"248","type":"Feature","properties":{"id":"mwanza_financial_amenities.249","ogc_fid":249,"fid":256,"osm_id":4406696191,"addr:street":null,"network":null,"amenity":"atm","addr:subward":null,"name":"CRDB Bank","operator":null,"addr:city":"Mwanza","addr:municipality":"Nyamagana","opening_hours":null,"addr:ward":"Luchelele"},"geometry":{"type":"Point","coordinates":[32.8991818,-2.6016537]}},{"id":"249","type":"Feature","properties":{"id":"mwanza_financial_amenities.250","ogc_fid":250,"fid":257,"osm_id":4406748793,"addr:street":null,"network":null,"amenity":"atm","addr:subward":null,"name":"NMB","operator":null,"addr:city":"Mwanza","addr:municipality":"Nyamagana","opening_hours":null,"addr:ward":"Luchelele"},"geometry":{"type":"Point","coordinates":[32.8987664,-2.6017144]}},{"id":"250","type":"Feature","properties":{"id":"mwanza_financial_amenities.251","ogc_fid":251,"fid":258,"osm_id":4400098292,"addr:street":null,"network":null,"amenity":"bank","addr:subward":null,"name":"NMB","operator":null,"addr:city":"Mwanza","addr:municipality":"Nyamagana","opening_hours":null,"addr:ward":"Mahina"},"geometry":{"type":"Point","coordinates":[32.9388591,-2.5358716]}},{"id":"251","type":"Feature","properties":{"id":"mwanza_financial_amenities.252","ogc_fid":252,"fid":259,"osm_id":4400125292,"addr:street":null,"network":null,"amenity":"atm","addr:subward":null,"name":"Exim bank","operator":null,"addr:city":"Mwanza","addr:municipality":"Nyamagana","opening_hours":null,"addr:ward":"Mahina"},"geometry":{"type":"Point","coordinates":[32.9401655,-2.5362001]}},{"id":"252","type":"Feature","properties":{"id":"mwanza_financial_amenities.253","ogc_fid":253,"fid":260,"osm_id":4400125590,"addr:street":null,"network":null,"amenity":"atm","addr:subward":null,"name":"CRDB Bank","operator":null,"addr:city":"Mwanza","addr:municipality":"Nyamagana","opening_hours":null,"addr:ward":"Mahina"},"geometry":{"type":"Point","coordinates":[32.9402548,-2.5362921]}},{"id":"253","type":"Feature","properties":{"id":"mwanza_financial_amenities.254","ogc_fid":254,"fid":261,"osm_id":8520688194,"addr:street":"Iseni","network":"MPESA","amenity":"mobile_money_agent","addr:subward":"Amani","name":null,"operator":null,"addr:city":"Mwanza","addr:municipality":"Nyamagana","opening_hours":"Mo-Fr 08:30-15:30; Sa 09:00-13:00","addr:ward":"Butimba"},"geometry":{"type":"Point","coordinates":[32.9187466,-2.5748111]}},{"id":"254","type":"Feature","properties":{"id":"mwanza_financial_amenities.255","ogc_fid":255,"fid":262,"osm_id":8520680598,"addr:street":"Iseni","network":"Tigo Pesa;MPESA;Airtel Money","amenity":"mobile_money_agent","addr:subward":"Amani","name":null,"operator":null,"addr:city":"Mwanza","addr:municipality":"Nyamagana","opening_hours":"Mo-Fr 08:30-15:30; Sa 09:00-13:00","addr:ward":"Butimba"},"geometry":{"type":"Point","coordinates":[32.9181933,-2.5747617]}},{"id":"255","type":"Feature","properties":{"id":"mwanza_financial_amenities.256","ogc_fid":256,"fid":263,"osm_id":8520688228,"addr:street":null,"network":"HaloPesa;Airtel Money;Tigo Pesa;MPESA","amenity":"mobile_money_agent","addr:subward":"Amani","name":"M pesa","operator":null,"addr:city":"Mwanza","addr:municipality":"Nyamagana","opening_hours":"Mo-Fr 08:30-15:30; Sa 09:00-13:00","addr:ward":"Butimba"},"geometry":{"type":"Point","coordinates":[32.9107046,-2.5650297]}},{"id":"256","type":"Feature","properties":{"id":"mwanza_financial_amenities.257","ogc_fid":257,"fid":264,"osm_id":8520688200,"addr:street":null,"network":"Airtel Money;MPESA;Tigo Pesa","amenity":"mobile_money_agent","addr:subward":"Amani","name":null,"operator":null,"addr:city":"Mwanza","addr:municipality":"Nyamagana","opening_hours":"Mo-Fr 08:30-15:30; Sa 09:00-13:00","addr:ward":"Butimba"},"geometry":{"type":"Point","coordinates":[32.9109621,-2.5648583]}},{"id":"257","type":"Feature","properties":{"id":"mwanza_financial_amenities.258","ogc_fid":258,"fid":265,"osm_id":8520688000,"addr:street":null,"network":"HaloPesa;Airtel Money;Tigo Pesa;MPESA","amenity":"mobile_money_agent","addr:subward":"Amani","name":null,"operator":null,"addr:city":"Mwanza","addr:municipality":"Nyamagana","opening_hours":"Mo-Fr 08:30-15:30; Sa 09:00-13:00","addr:ward":"Butimba"},"geometry":{"type":"Point","coordinates":[32.9117692,-2.5644619]}},{"id":"258","type":"Feature","properties":{"id":"mwanza_financial_amenities.259","ogc_fid":259,"fid":266,"osm_id":8520688042,"addr:street":null,"network":"HaloPesa;Airtel Money;Tigo Pesa;MPESA","amenity":"mobile_money_agent","addr:subward":"Amani","name":null,"operator":null,"addr:city":"Mwanza","addr:municipality":"Nyamagana","opening_hours":"Mo-Fr 08:30-15:30; Sa 09:00-13:00","addr:ward":"Butimba"},"geometry":{"type":"Point","coordinates":[32.9119554,-2.5642472]}},{"id":"259","type":"Feature","properties":{"id":"mwanza_financial_amenities.260","ogc_fid":260,"fid":267,"osm_id":8520688150,"addr:street":null,"network":"HaloPesa;Airtel Money;Tigo Pesa;MPESA","amenity":"mobile_money_agent","addr:subward":"Amani","name":null,"operator":null,"addr:city":"Mwanza","addr:municipality":"Nyamagana","opening_hours":"Mo-Fr 08:30-15:30; Sa 09:00-13:00","addr:ward":"Butimba"},"geometry":{"type":"Point","coordinates":[32.9124212,-2.5638293]}},{"id":"260","type":"Feature","properties":{"id":"mwanza_financial_amenities.261","ogc_fid":261,"fid":268,"osm_id":8520688294,"addr:street":null,"network":"HaloPesa;Airtel Money;Tigo Pesa;MPESA","amenity":"mobile_money_agent","addr:subward":"Amani","name":null,"operator":null,"addr:city":"Mwanza","addr:municipality":"Nyamagana","opening_hours":"Mo-Fr 08:30-15:30; Sa 09:00-13:00","addr:ward":"Butimba"},"geometry":{"type":"Point","coordinates":[32.9118419,-2.564258]}},{"id":"261","type":"Feature","properties":{"id":"mwanza_financial_amenities.262","ogc_fid":262,"fid":269,"osm_id":8520688347,"addr:street":null,"network":"HaloPesa;Airtel Money;Tigo Pesa;MPESA","amenity":"mobile_money_agent","addr:subward":"Amani","name":null,"operator":null,"addr:city":"Mwanza","addr:municipality":"Nyamagana","opening_hours":"Mo-Fr 08:30-15:30; Sa 09:00-13:00","addr:ward":"Butimba"},"geometry":{"type":"Point","coordinates":[32.9112625,-2.5648583]}},{"id":"262","type":"Feature","properties":{"id":"mwanza_financial_amenities.263","ogc_fid":263,"fid":270,"osm_id":8520688360,"addr:street":null,"network":"Tigo Pesa;MPESA;Airtel Money","amenity":"mobile_money_agent","addr:subward":"Amani","name":null,"operator":null,"addr:city":"Mwanza","addr:municipality":"Nyamagana","opening_hours":"Mo-Fr 08:30-15:30; Sa 09:00-13:00","addr:ward":"Butimba"},"geometry":{"type":"Point","coordinates":[32.9126242,-2.563627]}},{"id":"263","type":"Feature","properties":{"id":"mwanza_financial_amenities.264","ogc_fid":264,"fid":271,"osm_id":8520688374,"addr:street":"sokoni","network":null,"amenity":"bank","addr:subward":"sokoni","name":"CRDB Bank Mkuyuni","operator":"CRDB Bank","addr:city":"Mwanza","addr:municipality":"Nyamagana","opening_hours":"24/7","addr:ward":"Butimba"},"geometry":{"type":"Point","coordinates":[32.9136014,-2.5608497]}},{"id":"264","type":"Feature","properties":{"id":"mwanza_financial_amenities.265","ogc_fid":265,"fid":272,"osm_id":8520688400,"addr:street":null,"network":"HaloPesa;MPESA;Tigo Pesa","amenity":"mobile_money_agent","addr:subward":"Amani","name":null,"operator":null,"addr:city":"Mwanza","addr:municipality":"Nyamagana","opening_hours":null,"addr:ward":"Butimba"},"geometry":{"type":"Point","coordinates":[32.9116116,-2.564562]}},{"id":"265","type":"Feature","properties":{"id":"mwanza_financial_amenities.266","ogc_fid":266,"fid":273,"osm_id":8520688424,"addr:street":null,"network":null,"amenity":"mobile_money_agent","addr:subward":null,"name":null,"operator":null,"addr:city":"Mwanza","addr:municipality":"Nyamagana","opening_hours":"Mo-Su 09:00-21:00","addr:ward":"Butimba"},"geometry":{"type":"Point","coordinates":[32.9163314,-2.5648572]}},{"id":"266","type":"Feature","properties":{"id":"mwanza_financial_amenities.267","ogc_fid":267,"fid":274,"osm_id":8520688354,"addr:street":"Amani","network":"MPESA","amenity":"money_transfer","addr:subward":"Amani","name":"M pesa","operator":null,"addr:city":"Mwanza","addr:municipality":"Nyamagana","opening_hours":null,"addr:ward":"Butimba"},"geometry":{"type":"Point","coordinates":[32.914636,-2.5689595]}},{"id":"267","type":"Feature","properties":{"id":"mwanza_financial_amenities.268","ogc_fid":268,"fid":275,"osm_id":8520975982,"addr:street":null,"network":"Tigo Pesa;MPESA","amenity":"mobile_money_agent","addr:subward":"Mzambalaweni","name":null,"operator":null,"addr:city":"Mwanza","addr:municipality":"Nyamagana","opening_hours":"Mo-Su 09:00-17:00","addr:ward":"Mabatini"},"geometry":{"type":"Point","coordinates":[32.9172921,-2.5205489]}},{"id":"268","type":"Feature","properties":{"id":"mwanza_financial_amenities.269","ogc_fid":269,"fid":276,"osm_id":8520976011,"addr:street":null,"network":"HaloPesa;Tigo Pesa;MPESA;Airtel Money","amenity":"mobile_money_agent","addr:subward":"Mabatini Kusini","name":null,"operator":null,"addr:city":"Mwanza","addr:municipality":"Nyamagana","opening_hours":"Mo-Sa 09:00-17:00;Mo-Fr 08:30-15:30; Sa 09:00-13:00","addr:ward":"Mabatini"},"geometry":{"type":"Point","coordinates":[32.9174852,-2.5253936]}},{"id":"269","type":"Feature","properties":{"id":"mwanza_financial_amenities.270","ogc_fid":270,"fid":277,"osm_id":8520976246,"addr:street":null,"network":"Tigo Pesa;MPESA;Airtel Money","amenity":"mobile_money_agent","addr:subward":"Mzambalaweni","name":null,"operator":null,"addr:city":"Mwanza","addr:municipality":"Nyamagana","opening_hours":"Mo-Su 09:00-17:00","addr:ward":"Mabatini"},"geometry":{"type":"Point","coordinates":[32.9175496,-2.5208276]}},{"id":"270","type":"Feature","properties":{"id":"mwanza_financial_amenities.271","ogc_fid":271,"fid":278,"osm_id":8520976450,"addr:street":null,"network":"HaloPesa;Tigo Pesa;MPESA;Airtel Money","amenity":"mobile_money_agent","addr:subward":"Mabatini kasikazin","name":null,"operator":"Tanzania Poastal Bank;Equity Bank","addr:city":"Mwanza","addr:municipality":"Nyamagana","opening_hours":"Mo-Su 09:00-17:00","addr:ward":"Mabatini"},"geometry":{"type":"Point","coordinates":[32.9180567,-2.5254902]}},{"id":"271","type":"Feature","properties":{"id":"mwanza_financial_amenities.272","ogc_fid":272,"fid":279,"osm_id":8520976648,"addr:street":"Mabatini Kaskazini","network":"Airtel Money","amenity":"mobile_money_agent","addr:subward":"Mabatini Kaskazini","name":"Ngwesa","operator":null,"addr:city":"Mwanza","addr:municipality":"Nyamagana","opening_hours":"Mo-Fr 08:30-15:30; Sa 09:00-13:00","addr:ward":"Mabatini"},"geometry":{"type":"Point","coordinates":[32.9197809,-2.5250375]}},{"id":"272","type":"Feature","properties":{"id":"mwanza_financial_amenities.273","ogc_fid":273,"fid":280,"osm_id":8520975808,"addr:street":"Mabatini Kaskazini","network":"MPESA;Airtel Money","amenity":"mobile_money_agent","addr:subward":"Mabatini Kaskazini","name":null,"operator":null,"addr:city":"Mwanza","addr:municipality":"Nyamagana","opening_hours":"Mo-Fr 08:30-15:30; Sa 09:00-13:00","addr:ward":"Mabatini"},"geometry":{"type":"Point","coordinates":[32.9206395,-2.5251578]}},{"id":"273","type":"Feature","properties":{"id":"mwanza_financial_amenities.274","ogc_fid":274,"fid":281,"osm_id":8520976444,"addr:street":"Mabatini Kaskazini","network":"Tigo Pesa;MPESA","amenity":"mobile_money_agent","addr:subward":"Mabatini Kaskazini","name":null,"operator":null,"addr:city":"Mwanza","addr:municipality":"Nyamagana","opening_hours":"Mo-Fr 08:30-15:30; Sa 09:00-13:00","addr:ward":"Mabatini"},"geometry":{"type":"Point","coordinates":[32.920661,-2.5251578]}},{"id":"274","type":"Feature","properties":{"id":"mwanza_financial_amenities.275","ogc_fid":275,"fid":282,"osm_id":8520975997,"addr:street":"Nyerere B","network":"MPESA;Airtel Money","amenity":"mobile_money_agent","addr:subward":"Nyerere B","name":"Essau M pesa","operator":"Personality","addr:city":"Mwanza","addr:municipality":"Nyamagana","opening_hours":"Mo-Sa 08:00-18:00","addr:ward":"Mabatini"},"geometry":{"type":"Point","coordinates":[32.9207311,-2.5282648]}},{"id":"275","type":"Feature","properties":{"id":"mwanza_financial_amenities.276","ogc_fid":276,"fid":283,"osm_id":8520975896,"addr:street":null,"network":"MPESA","amenity":"mobile_money_agent","addr:subward":"Mabatini Kusini","name":null,"operator":null,"addr:city":"Mwanza","addr:municipality":"Nyamagana","opening_hours":"Mo-Sa 08:00-18:00","addr:ward":"Mabatini"},"geometry":{"type":"Point","coordinates":[32.9217258,-2.5239859]}},{"id":"276","type":"Feature","properties":{"id":"mwanza_financial_amenities.277","ogc_fid":277,"fid":284,"osm_id":8532226998,"addr:street":"Rufiji","network":"Tigo Pesa;MPESA;Airtel Money","amenity":"mobile_money_agent","addr:subward":"Rufiji","name":null,"operator":null,"addr:city":"Mwanza","addr:municipality":"Nyamagana","opening_hours":"Mo-Su 09:00-17:00","addr:ward":"Mabatini"},"geometry":{"type":"Point","coordinates":[32.9114413,-2.5211097]}},{"id":"277","type":"Feature","properties":{"id":"mwanza_financial_amenities.278","ogc_fid":278,"fid":285,"osm_id":8532227668,"addr:street":"Unguja","network":"Tigo Pesa;MPESA;Airtel Money","amenity":"mobile_money_agent","addr:subward":"Unguja","name":null,"operator":null,"addr:city":"Mwanza","addr:municipality":"Nyamagana","opening_hours":"Mo-Su 09:00-17:00","addr:ward":"Mabatini"},"geometry":{"type":"Point","coordinates":[32.9118233,-2.5207077]}},{"id":"278","type":"Feature","properties":{"id":"mwanza_financial_amenities.279","ogc_fid":279,"fid":286,"osm_id":8532228942,"addr:street":"Ung","network":"HaloPesa;Tigo Pesa;MPESA;Airtel Money","amenity":"mobile_money_agent","addr:subward":"Unguja","name":null,"operator":null,"addr:city":"Mwanza","addr:municipality":"Nyamagana","opening_hours":"Mo-Fr 09:00-17:00","addr:ward":"Mabatini"},"geometry":{"type":"Point","coordinates":[32.9116233,-2.5209219]}},{"id":"279","type":"Feature","properties":{"id":"mwanza_financial_amenities.280","ogc_fid":280,"fid":287,"osm_id":8532229168,"addr:street":null,"network":"Airtel Money","amenity":"mobile_money_agent","addr:subward":"Lango","name":"Airtel Money Branch","operator":null,"addr:city":"Mwanza","addr:municipality":"Nyamagana","opening_hours":"Mo-Su 09:00-17:00","addr:ward":"Mabatini"},"geometry":{"type":"Point","coordinates":[32.9121677,-2.5232225]}}]}