{"type":"FeatureCollection","features":[{"id":"0","type":"Feature","properties":{"id":"mwanza_households_at_risk_of_rockfall.1","ogc_fid":1,"fid":1,"ward":"Buhongwa","subward":"Ng'washi","district":"Nyamagana"},"geometry":{"type":"Polygon","coordinates":[[[32.94105017,-2.63374665],[32.94111799,-2.63371915],[32.94116565,-2.63372648],[32.94122798,-2.63380164],[32.94127198,-2.63380714],[32.94130314,-2.63383464],[32.94144613,-2.6338383],[32.94147546,-2.63394463],[32.94138747,-2.63409494],[32.94131414,-2.63412244],[32.94122981,-2.63409861],[32.94116932,-2.63398679],[32.94116932,-2.63394463],[32.94116382,-2.6338878],[32.94108866,-2.6338658],[32.94105017,-2.63382364],[32.94105017,-2.63374665]]]}},{"id":"1","type":"Feature","properties":{"id":"mwanza_households_at_risk_of_rockfall.2","ogc_fid":2,"fid":2,"ward":"Buhongwa","subward":"Ng'washi","district":"Nyamagana"},"geometry":{"type":"Polygon","coordinates":[[[32.94071745,-2.6333736],[32.94077336,-2.63334519],[32.94081827,-2.63333877],[32.9408531,-2.63341943],[32.94083386,-2.63346068],[32.94080086,-2.63346892],[32.94078619,-2.63350559],[32.94073487,-2.63351292],[32.9407037,-2.63350284],[32.94068354,-2.63348817],[32.94067529,-2.63341851],[32.94071745,-2.6333736]]]}},{"id":"2","type":"Feature","properties":{"id":"mwanza_households_at_risk_of_rockfall.3","ogc_fid":3,"fid":3,"ward":"Buhongwa","subward":"Ng'washi","district":"Nyamagana"},"geometry":{"type":"Polygon","coordinates":[[[32.94098417,-2.63314721],[32.941074,-2.63313163],[32.94111433,-2.63313713],[32.94112258,-2.63316829],[32.94112533,-2.63319212],[32.94111799,-2.63320678],[32.94107125,-2.6332242],[32.94103458,-2.63322145],[32.94097501,-2.63318479],[32.94098417,-2.63314721]]]}},{"id":"3","type":"Feature","properties":{"id":"mwanza_households_at_risk_of_rockfall.4","ogc_fid":4,"fid":5,"ward":"Buhongwa","subward":"Ng'washi","district":"Nyamagana"},"geometry":{"type":"Polygon","coordinates":[[[32.94182055,-2.63338139],[32.94183154,-2.63332365],[32.94189112,-2.6333154],[32.94193512,-2.63338506],[32.94194428,-2.6334593],[32.94194795,-2.63351796],[32.94190854,-2.63353538],[32.94186179,-2.63352254],[32.94185171,-2.63351246],[32.94181046,-2.63343547],[32.94182055,-2.63338139]]]}},{"id":"4","type":"Feature","properties":{"id":"mwanza_households_at_risk_of_rockfall.5","ogc_fid":5,"fid":6,"ward":"Buhongwa","subward":"Ng'washi","district":"Nyamagana"},"geometry":{"type":"Polygon","coordinates":[[[32.94119407,-2.63279387],[32.94118857,-2.63261789],[32.94123623,-2.6324584],[32.94128756,-2.63240524],[32.94132422,-2.63238691],[32.94144154,-2.63239058],[32.9415442,-2.63242724],[32.94159919,-2.63253173],[32.94186133,-2.63265088],[32.94189616,-2.63272421],[32.94189616,-2.63281037],[32.94189433,-2.63287086],[32.94191449,-2.63297168],[32.9418925,-2.63306334],[32.94177151,-2.63309634],[32.94163036,-2.63299368],[32.94147821,-2.63296618],[32.94142321,-2.63298085],[32.94142138,-2.63304134],[32.94141221,-2.63309267],[32.94135355,-2.63318983],[32.94130222,-2.63319533],[32.94125823,-2.63318066],[32.9412234,-2.6331275],[32.94123073,-2.63300101],[32.94118307,-2.63293135],[32.94117757,-2.63286169],[32.94119407,-2.63279387]]]}},{"id":"5","type":"Feature","properties":{"id":"mwanza_households_at_risk_of_rockfall.6","ogc_fid":6,"fid":7,"ward":"Buhongwa","subward":"Ng'washi","district":"Nyamagana"},"geometry":{"type":"Polygon","coordinates":[[[32.94192551,-2.63211814],[32.94195175,-2.6320569],[32.94200074,-2.63202541],[32.94206898,-2.63204641],[32.94212146,-2.6320884],[32.94224394,-2.63214089],[32.94229818,-2.63220562],[32.94224044,-2.6323001],[32.94209347,-2.63234734],[32.94202349,-2.63234734],[32.941971,-2.63232985],[32.9419465,-2.63230535],[32.94192551,-2.63211814]]]}},{"id":"6","type":"Feature","properties":{"id":"mwanza_households_at_risk_of_rockfall.7","ogc_fid":7,"fid":8,"ward":"Buhongwa","subward":"Buhongwa Magharibi","district":"Nyamagana"},"geometry":{"type":"Polygon","coordinates":[[[32.94410292,-2.62147516],[32.94424464,-2.62145592],[32.94430587,-2.62151716],[32.94432862,-2.62161688],[32.94429363,-2.62173061],[32.94430762,-2.62185658],[32.94426563,-2.62195456],[32.94421314,-2.62202455],[32.94410467,-2.62204029],[32.94407317,-2.62203505],[32.94405218,-2.62195631],[32.94412391,-2.62187233],[32.94413616,-2.62173586],[32.94408192,-2.6215609],[32.94410292,-2.62147516]]]}},{"id":"7","type":"Feature","properties":{"id":"mwanza_households_at_risk_of_rockfall.8","ogc_fid":8,"fid":9,"ward":"Buhongwa","subward":"Buhongwa Magharibi","district":"Nyamagana"},"geometry":{"type":"Polygon","coordinates":[[[32.94198062,-2.61904843],[32.94210659,-2.61881398],[32.94239353,-2.61861803],[32.94247751,-2.61836258],[32.94249851,-2.61820511],[32.94274869,-2.61817397],[32.94291731,-2.61816679],[32.9430333,-2.61814886],[32.94315528,-2.61810939],[32.94335583,-2.61801265],[32.94360077,-2.61811063],[32.94368126,-2.6182611],[32.94373374,-2.61839407],[32.94375474,-2.61855854],[32.94381423,-2.61866701],[32.94364626,-2.61895745],[32.94328934,-2.61928288],[32.94313537,-2.61949984],[32.94296391,-2.61969929],[32.94241453,-2.62004222],[32.94217658,-2.61989525],[32.94190364,-2.61979727],[32.94166569,-2.61962231],[32.94186164,-2.61928988],[32.94198062,-2.61904843]]]}},{"id":"8","type":"Feature","properties":{"id":"mwanza_households_at_risk_of_rockfall.9","ogc_fid":9,"fid":10,"ward":"Buhongwa","subward":"Buhongwa Magharibi","district":"Nyamagana"},"geometry":{"type":"Polygon","coordinates":[[[32.94100433,-2.61766098],[32.94109006,-2.61744228],[32.94129127,-2.61729181],[32.94134201,-2.61719733],[32.94142949,-2.61692789],[32.94152747,-2.61690864],[32.9416027,-2.61692614],[32.94171118,-2.61702062],[32.94178991,-2.61714484],[32.9418389,-2.61723757],[32.94187914,-2.61736879],[32.94187914,-2.61744927],[32.94177591,-2.61752101],[32.94165519,-2.61753676],[32.94155196,-2.617584],[32.9413525,-2.61760499],[32.94119679,-2.61773096],[32.94104632,-2.61778345],[32.94099908,-2.61776071],[32.94100433,-2.61766098]]]}},{"id":"9","type":"Feature","properties":{"id":"mwanza_households_at_risk_of_rockfall.10","ogc_fid":10,"fid":11,"ward":"Buhongwa","subward":"Buhongwa Magharibi","district":"Nyamagana"},"geometry":{"type":"Polygon","coordinates":[[[32.94062203,-2.61707048],[32.94072264,-2.61704511],[32.94077163,-2.61707136],[32.94077425,-2.61715796],[32.94078125,-2.61725857],[32.94070952,-2.61727169],[32.94062466,-2.61721482],[32.94062203,-2.61707048]]]}},{"id":"10","type":"Feature","properties":{"id":"mwanza_households_at_risk_of_rockfall.11","ogc_fid":11,"fid":12,"ward":"Buhongwa","subward":"Buhongwa Magharibi","district":"Nyamagana"},"geometry":{"type":"Polygon","coordinates":[[[32.9426656,-2.61707835],[32.94270934,-2.61695588],[32.94283531,-2.6168859],[32.94299278,-2.6170906],[32.94295779,-2.61730755],[32.94292104,-2.61740378],[32.94274783,-2.61740903],[32.9426656,-2.61707835]]]}},{"id":"11","type":"Feature","properties":{"id":"mwanza_households_at_risk_of_rockfall.12","ogc_fid":12,"fid":13,"ward":"Buhongwa","subward":"Buhongwa Magharibi","district":"Nyamagana"},"geometry":{"type":"Polygon","coordinates":[[[32.94504509,-2.61650098],[32.94535477,-2.61643799],[32.94541601,-2.61623503],[32.94538802,-2.61596209],[32.94537402,-2.61575739],[32.94538627,-2.61560867],[32.94528829,-2.61558417],[32.94509233,-2.61555443],[32.94494361,-2.61559117],[32.94488412,-2.61567865],[32.94486138,-2.61574164],[32.94482289,-2.61582037],[32.94475815,-2.61587636],[32.94469167,-2.6159061],[32.94465667,-2.61597609],[32.94466192,-2.61610206],[32.94470566,-2.61626828],[32.94486138,-2.6164135],[32.94494711,-2.61647473],[32.94504509,-2.61650098]]]}},{"id":"12","type":"Feature","properties":{"id":"mwanza_households_at_risk_of_rockfall.13","ogc_fid":13,"fid":14,"ward":"Buhongwa","subward":"Buhongwa Magharibi","district":"Nyamagana"},"geometry":{"type":"Polygon","coordinates":[[[32.93978746,-2.61508028],[32.94001491,-2.61464287],[32.94021087,-2.61470236],[32.94047682,-2.61484933],[32.94064128,-2.61502079],[32.94067277,-2.61516076],[32.94069027,-2.61541621],[32.94066927,-2.61574864],[32.9405468,-2.61595509],[32.94020737,-2.61627353],[32.94001491,-2.61621054],[32.93978046,-2.61598659],[32.93971398,-2.61529374],[32.93978746,-2.61508028]]]}},{"id":"13","type":"Feature","properties":{"id":"mwanza_households_at_risk_of_rockfall.14","ogc_fid":14,"fid":15,"ward":"Buhongwa","subward":"Buhongwa Magharibi","district":"Nyamagana"},"geometry":{"type":"Polygon","coordinates":[[[32.94106207,-2.61354411],[32.94121428,-2.61330616],[32.94154146,-2.61322043],[32.94175317,-2.61325017],[32.94190539,-2.61336215],[32.94199812,-2.61349862],[32.94199812,-2.61366833],[32.94194388,-2.61378206],[32.94176367,-2.61394652],[32.94149422,-2.614062],[32.94132276,-2.61398851],[32.94122128,-2.61388879],[32.94106207,-2.61354411]]]}},{"id":"14","type":"Feature","properties":{"id":"mwanza_households_at_risk_of_rockfall.15","ogc_fid":15,"fid":16,"ward":"Buhongwa","subward":"Nyambiti","district":"Nyamagana"},"geometry":{"type":"Polygon","coordinates":[[[32.93915803,-2.61489876],[32.93924114,-2.61486989],[32.93931288,-2.61490226],[32.93930763,-2.61497049],[32.93924902,-2.61506672],[32.93915454,-2.6150606],[32.93909505,-2.61502473],[32.93909855,-2.61494775],[32.93915803,-2.61489876]]]}},{"id":"15","type":"Feature","properties":{"id":"mwanza_households_at_risk_of_rockfall.16","ogc_fid":16,"fid":17,"ward":"Buhongwa","subward":"Nyambiti","district":"Nyamagana"},"geometry":{"type":"Polygon","coordinates":[[[32.93836021,-2.61447097],[32.93833046,-2.61439924],[32.93835583,-2.61432663],[32.93841707,-2.61426539],[32.93847131,-2.61425577],[32.93855091,-2.61428814],[32.93861653,-2.61431088],[32.93863227,-2.6143555],[32.93858153,-2.61442636],[32.93847218,-2.61455146],[32.93837158,-2.61454446],[32.93836021,-2.61447097]]]}},{"id":"16","type":"Feature","properties":{"id":"mwanza_households_at_risk_of_rockfall.17","ogc_fid":17,"fid":18,"ward":"Buhongwa","subward":"Nyambiti","district":"Nyamagana"},"geometry":{"type":"Polygon","coordinates":[[[32.938739,-2.61402132],[32.93862877,-2.61406681],[32.93850455,-2.61399333],[32.93846081,-2.6138761],[32.93848705,-2.61380262],[32.93857978,-2.61373438],[32.93867076,-2.61374138],[32.93876349,-2.61377112],[32.938739,-2.61402132]]]}},{"id":"17","type":"Feature","properties":{"id":"mwanza_households_at_risk_of_rockfall.18","ogc_fid":18,"fid":19,"ward":"Buhongwa","subward":"Nyambiti","district":"Nyamagana"},"geometry":{"type":"Polygon","coordinates":[[[32.9388711,-2.61309052],[32.93896995,-2.61306602],[32.93901544,-2.6130774],[32.93903906,-2.61310277],[32.93904606,-2.61313863],[32.93904606,-2.6131955],[32.93904781,-2.61327948],[32.93900144,-2.61331447],[32.93891921,-2.61331972],[32.93887984,-2.61331447],[32.93884835,-2.61326985],[32.9388711,-2.61309052]]]}},{"id":"18","type":"Feature","properties":{"id":"mwanza_households_at_risk_of_rockfall.19","ogc_fid":19,"fid":20,"ward":"Buhongwa","subward":"Nyambiti","district":"Nyamagana"},"geometry":{"type":"Polygon","coordinates":[[[32.93797091,-2.61265224],[32.93808376,-2.61266011],[32.938131,-2.6127021],[32.93819487,-2.61275459],[32.93819399,-2.61282632],[32.93812925,-2.61287619],[32.9380164,-2.61285869],[32.93793942,-2.6128377],[32.93792367,-2.61282458],[32.93797091,-2.61265224]]]}},{"id":"19","type":"Feature","properties":{"id":"mwanza_households_at_risk_of_rockfall.20","ogc_fid":20,"fid":21,"ward":"Buhongwa","subward":"Nyambiti","district":"Nyamagana"},"geometry":{"type":"Polygon","coordinates":[[[32.93542608,-2.61291031],[32.93555293,-2.61287881],[32.93564304,-2.61289281],[32.93565091,-2.61296717],[32.93563691,-2.6130494],[32.93560017,-2.61307827],[32.93549257,-2.61308789],[32.93541733,-2.61306515],[32.93542608,-2.61291031]]]}},{"id":"20","type":"Feature","properties":{"id":"mwanza_households_at_risk_of_rockfall.21","ogc_fid":21,"fid":22,"ward":"Buhongwa","subward":"Nyambiti","district":"Nyamagana"},"geometry":{"type":"Polygon","coordinates":[[[32.93701999,-2.61116156],[32.93708473,-2.61113094],[32.93717046,-2.61111169],[32.93722032,-2.61116593],[32.93724307,-2.6112919],[32.93720633,-2.61139601],[32.93706986,-2.61136976],[32.93702612,-2.61134177],[32.93701999,-2.61116156]]]}},{"id":"21","type":"Feature","properties":{"id":"mwanza_households_at_risk_of_rockfall.22","ogc_fid":22,"fid":23,"ward":"Buhongwa","subward":"Nyambiti","district":"Nyamagana"},"geometry":{"type":"Polygon","coordinates":[[[32.93668494,-2.61064192],[32.93672343,-2.61058068],[32.93682841,-2.61055968],[32.9368844,-2.61061042],[32.93698062,-2.6107119],[32.9368844,-2.61079413],[32.93674093,-2.61080463],[32.93668494,-2.61064192]]]}},{"id":"22","type":"Feature","properties":{"id":"mwanza_households_at_risk_of_rockfall.23","ogc_fid":23,"fid":24,"ward":"Buhongwa","subward":"Nyambiti","district":"Nyamagana"},"geometry":{"type":"Polygon","coordinates":[[[32.93558267,-2.61030599],[32.93558617,-2.61019576],[32.93564741,-2.61015727],[32.93576988,-2.61015027],[32.93590985,-2.61017477],[32.93596759,-2.61036198],[32.93594135,-2.61046345],[32.93589411,-2.6105072],[32.93566316,-2.6104792],[32.93556343,-2.6104862],[32.93558267,-2.61030599]]]}},{"id":"23","type":"Feature","properties":{"id":"mwanza_households_at_risk_of_rockfall.24","ogc_fid":24,"fid":25,"ward":"Buhongwa","subward":"Nyambiti","district":"Nyamagana"},"geometry":{"type":"Polygon","coordinates":[[[32.93464662,-2.61026662],[32.9346615,-2.61021151],[32.93468599,-2.61018439],[32.93472273,-2.61019051],[32.93484958,-2.61022813],[32.93491082,-2.61028849],[32.93490382,-2.61035498],[32.93474285,-2.61035235],[32.93462825,-2.61028587],[32.93464662,-2.61026662]]]}},{"id":"24","type":"Feature","properties":{"id":"mwanza_households_at_risk_of_rockfall.25","ogc_fid":25,"fid":26,"ward":"Buhongwa","subward":"Nyambiti","district":"Nyamagana"},"geometry":{"type":"Polygon","coordinates":[[[32.93429582,-2.61008554],[32.93437018,-2.61000155],[32.93442442,-2.60998493],[32.93450928,-2.61003655],[32.93452677,-2.61013365],[32.93448216,-2.61016427],[32.9344148,-2.61019751],[32.93436493,-2.61021063],[32.93429582,-2.61018002],[32.93429582,-2.61008554]]]}},{"id":"25","type":"Feature","properties":{"id":"mwanza_households_at_risk_of_rockfall.26","ogc_fid":26,"fid":27,"ward":"Buhongwa","subward":"Nyambiti","district":"Nyamagana"},"geometry":{"type":"Polygon","coordinates":[[[32.93595097,-2.61004179],[32.93578476,-2.6100068],[32.93572352,-2.60994906],[32.93570952,-2.60985983],[32.93579875,-2.60976185],[32.93594747,-2.60973036],[32.9360402,-2.60982134],[32.9360402,-2.60987733],[32.93595097,-2.61004179]]]}},{"id":"26","type":"Feature","properties":{"id":"mwanza_households_at_risk_of_rockfall.27","ogc_fid":27,"fid":28,"ward":"Buhongwa","subward":"Ngwang'alanga","district":"Nyamagana"},"geometry":{"type":"Polygon","coordinates":[[[32.94857102,-2.60069529],[32.94872324,-2.60070404],[32.94875299,-2.60081602],[32.94879148,-2.60097173],[32.94879498,-2.60117644],[32.94875998,-2.60130416],[32.94870225,-2.60131816],[32.94863751,-2.60131466],[32.94859202,-2.60130066],[32.94856228,-2.60098223],[32.94858502,-2.60079152],[32.94857102,-2.60069529]]]}},{"id":"27","type":"Feature","properties":{"id":"mwanza_households_at_risk_of_rockfall.28","ogc_fid":28,"fid":29,"ward":"Buhongwa","subward":"Ngwang'alanga","district":"Nyamagana"},"geometry":{"type":"Polygon","coordinates":[[[32.94916765,-2.60024389],[32.94915715,-2.60014241],[32.94921489,-2.59992546],[32.94927962,-2.59980298],[32.94940735,-2.5997295],[32.94948608,-2.599712],[32.94979926,-2.59979423],[32.94988149,-2.59989396],[32.949871,-2.60008992],[32.94972403,-2.60028763],[32.94955431,-2.60039261],[32.94939685,-2.6004311],[32.94924288,-2.60037861],[32.94916765,-2.60024389]]]}},{"id":"28","type":"Feature","properties":{"id":"mwanza_households_at_risk_of_rockfall.29","ogc_fid":29,"fid":30,"ward":"Buhongwa","subward":"Ngwang'alanga","district":"Nyamagana"},"geometry":{"type":"Polygon","coordinates":[[[32.95065308,-2.59940232],[32.95057785,-2.59960877],[32.95060059,-2.59977849],[32.95066358,-2.5999307],[32.95070207,-2.60006718],[32.95075631,-2.60023689],[32.95087703,-2.60034887],[32.95109748,-2.60032262],[32.95120246,-2.60007942],[32.95109399,-2.59969625],[32.95105899,-2.59939882],[32.95081754,-2.59933058],[32.95065308,-2.59940232]]]}},{"id":"29","type":"Feature","properties":{"id":"mwanza_households_at_risk_of_rockfall.30","ogc_fid":30,"fid":31,"ward":"Buhongwa","subward":"Ngwang'alanga","district":"Nyamagana"},"geometry":{"type":"Polygon","coordinates":[[[32.94918864,-2.59898678],[32.94927087,-2.59891242],[32.94940822,-2.59883544],[32.94952457,-2.59881269],[32.94963042,-2.59886168],[32.94968379,-2.59896754],[32.94963567,-2.59907339],[32.94954557,-2.59918711],[32.94944321,-2.59926322],[32.94929012,-2.59921948],[32.94923501,-2.59915475],[32.94919039,-2.59906551],[32.94918864,-2.59898678]]]}},{"id":"30","type":"Feature","properties":{"id":"mwanza_households_at_risk_of_rockfall.31","ogc_fid":31,"fid":32,"ward":"Buhongwa","subward":"Ngwang'alanga","district":"Nyamagana"},"geometry":{"type":"Polygon","coordinates":[[[32.94877486,-2.59853713],[32.94887283,-2.59837791],[32.94906004,-2.59821345],[32.94915627,-2.59815396],[32.94931199,-2.5982012],[32.94935923,-2.59826419],[32.94932424,-2.59836391],[32.9492525,-2.59845839],[32.94919477,-2.59860536],[32.94902855,-2.59874008],[32.94893057,-2.59876633],[32.94875561,-2.59863336],[32.94877486,-2.59853713]]]}},{"id":"31","type":"Feature","properties":{"id":"mwanza_households_at_risk_of_rockfall.32","ogc_fid":32,"fid":33,"ward":"Buhongwa","subward":"Ngwang'alanga","district":"Nyamagana"},"geometry":{"type":"Polygon","coordinates":[[[32.94818523,-2.59826419],[32.94828846,-2.59815221],[32.94840044,-2.5981732],[32.94845992,-2.59824669],[32.94846517,-2.59832717],[32.94844768,-2.59835692],[32.94839344,-2.59835692],[32.94824122,-2.59838841],[32.94817823,-2.59832542],[32.94818523,-2.59826419]]]}},{"id":"32","type":"Feature","properties":{"id":"mwanza_households_at_risk_of_rockfall.33","ogc_fid":33,"fid":34,"ward":"Buhongwa","subward":"Ngwang'alanga","district":"Nyamagana"},"geometry":{"type":"Polygon","coordinates":[[[32.94686164,-2.60071366],[32.94731654,-2.60058069],[32.94756149,-2.60038123],[32.94779244,-2.60020627],[32.94805488,-2.59988084],[32.94818436,-2.59942594],[32.94812137,-2.59929646],[32.94779594,-2.599132],[32.94767347,-2.59884856],[32.94757199,-2.59836916],[32.94734454,-2.59836916],[32.94722206,-2.59846014],[32.94710309,-2.59861411],[32.94715908,-2.59885206],[32.94717657,-2.59903402],[32.94700161,-2.5991495],[32.94671467,-2.59919499],[32.94641373,-2.59921948],[32.94643823,-2.59910401],[32.94631926,-2.59898853],[32.94589235,-2.59899203],[32.94582936,-2.59919499],[32.94592034,-2.59936995],[32.94607781,-2.59948193],[32.94623877,-2.59951342],[32.94632625,-2.59950292],[32.94642423,-2.59948542],[32.94648722,-2.5996009],[32.94651871,-2.59985984],[32.94660969,-2.59996832],[32.94673217,-2.60011179],[32.94684414,-2.60032525],[32.94682315,-2.60047571],[32.94683015,-2.60068567],[32.94686164,-2.60071366]]]}},{"id":"33","type":"Feature","properties":{"id":"mwanza_households_at_risk_of_rockfall.34","ogc_fid":34,"fid":35,"ward":"Lwanhima","subward":"Kagera","district":"Nyamagana"},"geometry":{"type":"Polygon","coordinates":[[[32.96148677,-2.61681197],[32.96145877,-2.61668075],[32.96141153,-2.61661776],[32.9613153,-2.61655128],[32.96128556,-2.61644805],[32.96134155,-2.61636932],[32.96142028,-2.61636407],[32.96152351,-2.61636757],[32.96160049,-2.61636757],[32.96169322,-2.61637457],[32.96174746,-2.61640781],[32.9618017,-2.61648129],[32.96181919,-2.61660727],[32.96179295,-2.61668425],[32.96171072,-2.61676823],[32.96163723,-2.61684522],[32.9615515,-2.61687496],[32.96148677,-2.61681197]]]}},{"id":"34","type":"Feature","properties":{"id":"mwanza_households_at_risk_of_rockfall.35","ogc_fid":35,"fid":36,"ward":"Lwanhima","subward":"Kagera","district":"Nyamagana"},"geometry":{"type":"Polygon","coordinates":[[[32.9613398,-2.61557324],[32.96142028,-2.61543152],[32.96151301,-2.61544901],[32.96158474,-2.615505],[32.96160749,-2.61554524],[32.96158474,-2.61567122],[32.9615725,-2.61570096],[32.96156025,-2.61590392],[32.96145702,-2.61593891],[32.96139578,-2.61591092],[32.96135554,-2.61586018],[32.96134155,-2.61583918],[32.9613398,-2.61557324]]]}},{"id":"35","type":"Feature","properties":{"id":"mwanza_households_at_risk_of_rockfall.36","ogc_fid":36,"fid":37,"ward":"Lwanhima","subward":"Kagera","district":"Nyamagana"},"geometry":{"type":"Polygon","coordinates":[[[32.95833044,-2.61456414],[32.9585089,-2.6145029],[32.95853165,-2.61439093],[32.95857014,-2.61424921],[32.95862088,-2.61417397],[32.95859288,-2.61397452],[32.95854214,-2.61376981],[32.95862788,-2.61365783],[32.95886757,-2.61364384],[32.95905653,-2.6138398],[32.95913702,-2.61395002],[32.95909153,-2.61403925],[32.9589813,-2.61420372],[32.95882908,-2.61431919],[32.95878009,-2.61441717],[32.95870836,-2.61453615],[32.95863837,-2.61469011],[32.95856664,-2.6147531],[32.95845641,-2.61476535],[32.95834094,-2.61475135],[32.95833044,-2.61456414]]]}},{"id":"36","type":"Feature","properties":{"id":"mwanza_households_at_risk_of_rockfall.37","ogc_fid":37,"fid":38,"ward":"Lwanhima","subward":"Kagera","district":"Nyamagana"},"geometry":{"type":"Polygon","coordinates":[[[32.95892531,-2.61224632],[32.95904254,-2.61215184],[32.95916326,-2.61218509],[32.9592,-2.61224107],[32.959214,-2.61228831],[32.95920525,-2.61235305],[32.95914402,-2.61241779],[32.95901629,-2.61244928],[32.95898655,-2.61244578],[32.95889207,-2.61242129],[32.95887282,-2.6123723],[32.95892531,-2.61224632]]]}},{"id":"37","type":"Feature","properties":{"id":"mwanza_households_at_risk_of_rockfall.38","ogc_fid":38,"fid":39,"ward":"Lwanhima","subward":"Kagera","district":"Nyamagana"},"geometry":{"type":"Polygon","coordinates":[[[32.95883258,-2.61146774],[32.95858588,-2.6114345],[32.9585264,-2.61131552],[32.9585229,-2.61123329],[32.95856139,-2.61116156],[32.95866637,-2.61112131],[32.95877659,-2.61115981],[32.95886757,-2.61127703],[32.95888332,-2.61132952],[32.95883258,-2.61146774]]]}},{"id":"38","type":"Feature","properties":{"id":"mwanza_households_at_risk_of_rockfall.39","ogc_fid":39,"fid":40,"ward":"Lwanhima","subward":"Kagera","district":"Nyamagana"},"geometry":{"type":"Polygon","coordinates":[[[32.95834969,-2.61057893],[32.95841267,-2.61041971],[32.95847741,-2.61038822],[32.95858938,-2.61040922],[32.9587416,-2.61047395],[32.95882208,-2.61053869],[32.95883433,-2.61057543],[32.95883433,-2.61063667],[32.95881159,-2.61073465],[32.9587486,-2.61080288],[32.95870486,-2.61082213],[32.95861913,-2.61082213],[32.9584914,-2.6107014],[32.95842317,-2.61066466],[32.95840567,-2.61065766],[32.95834969,-2.61057893]]]}},{"id":"39","type":"Feature","properties":{"id":"mwanza_households_at_risk_of_rockfall.40","ogc_fid":40,"fid":41,"ward":"Lwanhima","subward":"Igwambiti A","district":"Nyamagana"},"geometry":{"type":"Polygon","coordinates":[[[32.97292757,-2.60330748],[32.97310953,-2.60337397],[32.973239,-2.60354893],[32.97335448,-2.60393735],[32.97351894,-2.60431527],[32.97356793,-2.60522507],[32.97352594,-2.60553301],[32.97270012,-2.60552601],[32.97202826,-2.60528106],[32.97190229,-2.60507111],[32.9718603,-2.60474218],[32.97191629,-2.60438525],[32.97213324,-2.60380438],[32.97217523,-2.60357343],[32.9723432,-2.6032375],[32.97251116,-2.60311152],[32.97292757,-2.60330748]]]}},{"id":"40","type":"Feature","properties":{"id":"mwanza_households_at_risk_of_rockfall.41","ogc_fid":41,"fid":42,"ward":"Lwanhima","subward":"Igwambiti A","district":"Nyamagana"},"geometry":{"type":"Polygon","coordinates":[[[32.96977824,-2.60296718],[32.969738,-2.60290594],[32.9697275,-2.60284121],[32.96979924,-2.60278872],[32.96988147,-2.60282721],[32.96990247,-2.60288495],[32.96988672,-2.60296193],[32.96977824,-2.60296718]]]}},{"id":"41","type":"Feature","properties":{"id":"mwanza_households_at_risk_of_rockfall.42","ogc_fid":42,"fid":43,"ward":"Lwanhima","subward":"Igwambiti A","district":"Nyamagana"},"geometry":{"type":"Polygon","coordinates":[[[32.9725794,-2.60091837],[32.97248842,-2.60060344],[32.97246392,-2.60037249],[32.97262139,-2.60019752],[32.97279985,-2.60015203],[32.97307279,-2.60005055],[32.97340872,-2.59992458],[32.97365017,-2.59978461],[32.97384962,-2.59931221],[32.97400359,-2.59903927],[32.97419955,-2.59874533],[32.97433252,-2.59868934],[32.97447949,-2.59871034],[32.97468245,-2.59875933],[32.97510236,-2.5989063],[32.97542429,-2.5989203],[32.97559925,-2.5988853],[32.97598417,-2.59902527],[32.97611714,-2.59928422],[32.97636209,-2.59976012],[32.97618712,-2.60041098],[32.97590019,-2.60111083],[32.9753473,-2.60139077],[32.97454947,-2.6017127],[32.97390474,-2.60166808],[32.97375077,-2.60165059],[32.97333086,-2.60153511],[32.97301943,-2.60147912],[32.97272899,-2.60120268],[32.9725794,-2.60091837]]]}},{"id":"42","type":"Feature","properties":{"id":"mwanza_households_at_risk_of_rockfall.43","ogc_fid":43,"fid":44,"ward":"Lwanhima","subward":"Igwambiti A","district":"Nyamagana"},"geometry":{"type":"Polygon","coordinates":[[[32.96866898,-2.60133828],[32.96881595,-2.60136627],[32.9687932,-2.60151499],[32.96868473,-2.60163222],[32.96855875,-2.60177569],[32.96844503,-2.60189116],[32.96823682,-2.6019594],[32.96814584,-2.6019524],[32.96792714,-2.60189488],[32.96790089,-2.60177066],[32.96757896,-2.60175141],[32.96730952,-2.60167443],[32.967411,-2.60137699],[32.96748448,-2.60106906],[32.96772943,-2.60111804],[32.96796738,-2.60122652],[32.96802337,-2.60135599],[32.96815459,-2.60140673],[32.96836979,-2.60131925],[32.96866898,-2.60133828]]]}},{"id":"43","type":"Feature","properties":{"id":"mwanza_households_at_risk_of_rockfall.44","ogc_fid":44,"fid":45,"ward":"Lwanhima","subward":"Igwambiti A","district":"Nyamagana"},"geometry":{"type":"Polygon","coordinates":[[[32.96602016,-2.60089223],[32.96607614,-2.60073477],[32.96618812,-2.60072077],[32.9665223,-2.60075226],[32.96663952,-2.6008135],[32.96677075,-2.60087474],[32.96694046,-2.60086074],[32.96703319,-2.60090448],[32.96708568,-2.60101996],[32.96700345,-2.60111968],[32.96687922,-2.60109344],[32.96671651,-2.6010567],[32.96659753,-2.6010672],[32.96650305,-2.60114243],[32.96637533,-2.60127715],[32.9662651,-2.6012684],[32.96602191,-2.60100071],[32.96602016,-2.60089223]]]}},{"id":"44","type":"Feature","properties":{"id":"mwanza_households_at_risk_of_rockfall.45","ogc_fid":45,"fid":46,"ward":"Lwanhima","subward":"Igwambiti A","district":"Nyamagana"},"geometry":{"type":"Polygon","coordinates":[[[32.966755,-2.59952578],[32.96674625,-2.59942255],[32.96678299,-2.59931757],[32.96685823,-2.59926158],[32.96699295,-2.59923884],[32.96717316,-2.59927558],[32.96727639,-2.59939805],[32.96715916,-2.59970774],[32.96707693,-2.59972873],[32.96691946,-2.59972173],[32.966748,-2.59965175],[32.966755,-2.59952578]]]}},{"id":"45","type":"Feature","properties":{"id":"mwanza_households_at_risk_of_rockfall.46","ogc_fid":46,"fid":47,"ward":"Lwanhima","subward":"Igwambiti A","district":"Nyamagana"},"geometry":{"type":"Polygon","coordinates":[[[32.96925871,-2.60012415],[32.96907675,-2.59993519],[32.96911175,-2.59958876],[32.96911175,-2.59931932],[32.96917823,-2.59915485],[32.96915374,-2.59899039],[32.9693147,-2.59861947],[32.96923422,-2.59849],[32.96870233,-2.59803859],[32.96861135,-2.59741485],[32.96870846,-2.59700544],[32.96877669,-2.59654091],[32.96904176,-2.59596879],[32.96936719,-2.59583231],[32.96999706,-2.59574833],[32.97041697,-2.59594254],[32.97096285,-2.59628897],[32.97163996,-2.59645956],[32.97207561,-2.59617612],[32.97310964,-2.59637557],[32.97319887,-2.59703693],[32.97302041,-2.59749883],[32.97270548,-2.59777702],[32.97236955,-2.59796598],[32.97198113,-2.59789775],[32.97154548,-2.59759856],[32.97125679,-2.59771666],[32.97078439,-2.59786888],[32.97043796,-2.59842526],[32.97025425,-2.59859847],[32.96982384,-2.59859322],[32.9697801,-2.59862297],[32.96975298,-2.59880843],[32.96988858,-2.59896939],[32.97008804,-2.59908487],[32.97016152,-2.59920034],[32.97023851,-2.59925283],[32.97034698,-2.59962725],[32.97038897,-2.5998582],[32.97010203,-2.60021863],[32.96991657,-2.6003551],[32.96925871,-2.60012415]]]}},{"id":"46","type":"Feature","properties":{"id":"mwanza_households_at_risk_of_rockfall.47","ogc_fid":47,"fid":48,"ward":"Lwanhima","subward":"Igwambiti A","district":"Nyamagana"},"geometry":{"type":"Polygon","coordinates":[[[32.96673882,-2.59718981],[32.9667913,-2.59710451],[32.96693434,-2.59701134],[32.96705506,-2.5970179],[32.96725977,-2.59708483],[32.96733063,-2.59723311],[32.96725189,-2.59748637],[32.96711936,-2.59760709],[32.96700388,-2.59762677],[32.96691728,-2.59751524],[32.96682148,-2.59729347],[32.96678343,-2.59725935],[32.96673882,-2.59718981]]]}},{"id":"47","type":"Feature","properties":{"id":"mwanza_households_at_risk_of_rockfall.48","ogc_fid":48,"fid":49,"ward":"Lwanhima","subward":"Igwambiti A","district":"Nyamagana"},"geometry":{"type":"Polygon","coordinates":[[[32.96675719,-2.59619383],[32.96701044,-2.59620695],[32.967059,-2.59629356],[32.96706556,-2.59636048],[32.96703013,-2.59642347],[32.96697633,-2.59645365],[32.96689497,-2.59647202],[32.96679786,-2.59648514],[32.96674538,-2.59648514],[32.96665746,-2.59633817],[32.96669682,-2.59626338],[32.96675719,-2.59619383]]]}},{"id":"48","type":"Feature","properties":{"id":"mwanza_households_at_risk_of_rockfall.49","ogc_fid":49,"fid":50,"ward":"Lwanhima","subward":"Bugayamba","district":"Nyamagana"},"geometry":{"type":"Polygon","coordinates":[[[32.96517596,-2.59809524],[32.96519171,-2.59827107],[32.96520483,-2.59836424],[32.96534393,-2.59840623],[32.96548302,-2.59839311],[32.96553026,-2.59829994],[32.96555257,-2.59817266],[32.96537279,-2.59804275],[32.96517596,-2.59809524]]]}},{"id":"49","type":"Feature","properties":{"id":"mwanza_households_at_risk_of_rockfall.50","ogc_fid":50,"fid":51,"ward":"Lwanhima","subward":"Bugayamba","district":"Nyamagana"},"geometry":{"type":"Polygon","coordinates":[[[32.96557504,-2.5978428],[32.96560522,-2.59764072],[32.96566296,-2.59757511],[32.96580337,-2.59755149],[32.96584929,-2.59756067],[32.96586242,-2.5976709],[32.96585586,-2.59774701],[32.96577712,-2.59784149],[32.96570626,-2.59788741],[32.96566033,-2.59790579],[32.9656026,-2.5978966],[32.96557504,-2.5978428]]]}},{"id":"50","type":"Feature","properties":{"id":"mwanza_households_at_risk_of_rockfall.51","ogc_fid":51,"fid":52,"ward":"Lwanhima","subward":"Bugayamba","district":"Nyamagana"},"geometry":{"type":"Polygon","coordinates":[[[32.96549893,-2.59700298],[32.96548056,-2.59686257],[32.96554486,-2.59672872],[32.96560391,-2.59669854],[32.96566952,-2.59673791],[32.96575088,-2.59678909],[32.96580205,-2.59683764],[32.96580862,-2.59688357],[32.96577319,-2.59696886],[32.96573251,-2.59703185],[32.96565509,-2.59708696],[32.96561834,-2.5970804],[32.96549893,-2.59700298]]]}},{"id":"51","type":"Feature","properties":{"id":"mwanza_households_at_risk_of_rockfall.52","ogc_fid":52,"fid":53,"ward":"Lwanhima","subward":"Bugayamba","district":"Nyamagana"},"geometry":{"type":"Polygon","coordinates":[[[32.96544185,-2.59604047],[32.96537427,-2.59608049],[32.96535131,-2.59619531],[32.96540314,-2.59633834],[32.96554814,-2.59636852],[32.9656459,-2.59628716],[32.96567936,-2.59615004],[32.96560391,-2.59604112],[32.96557045,-2.59602406],[32.96544185,-2.59604047]]]}},{"id":"52","type":"Feature","properties":{"id":"mwanza_households_at_risk_of_rockfall.53","ogc_fid":53,"fid":54,"ward":"Lwanhima","subward":"Bugayamba","district":"Nyamagana"},"geometry":{"type":"Polygon","coordinates":[[[32.96484053,-2.59553362],[32.96486283,-2.59546014],[32.96495469,-2.59541158],[32.96507672,-2.59543389],[32.96508197,-2.59560448],[32.96498749,-2.59568059],[32.96492582,-2.59567796],[32.96483134,-2.59560317],[32.96484053,-2.59553362]]]}},{"id":"53","type":"Feature","properties":{"id":"mwanza_households_at_risk_of_rockfall.54","ogc_fid":54,"fid":55,"ward":"Lwanhima","subward":"Bugayamba","district":"Nyamagana"},"geometry":{"type":"Polygon","coordinates":[[[32.95614969,-2.59138044],[32.95636752,-2.59130171],[32.95649874,-2.59118624],[32.95677694,-2.59113112],[32.95700526,-2.59115999],[32.95702626,-2.59150642],[32.95679268,-2.59170588],[32.95657223,-2.59166388],[32.95640164,-2.59146705],[32.95626255,-2.59151954],[32.95620218,-2.59148017],[32.95614969,-2.59138044]]]}},{"id":"54","type":"Feature","properties":{"id":"mwanza_households_at_risk_of_rockfall.55","ogc_fid":55,"fid":56,"ward":"Lwanhima","subward":"Bugayamba","district":"Nyamagana"},"geometry":{"type":"Polygon","coordinates":[[[32.95762988,-2.59070465],[32.95772829,-2.59068366],[32.95775848,-2.59069415],[32.95783196,-2.59079782],[32.95784377,-2.59086212],[32.9578149,-2.59092379],[32.95775848,-2.59096316],[32.95773223,-2.5909566],[32.95767712,-2.59090805],[32.95765087,-2.59088836],[32.95760626,-2.59086212],[32.95758657,-2.5908385],[32.95762988,-2.59070465]]]}},{"id":"55","type":"Feature","properties":{"id":"mwanza_households_at_risk_of_rockfall.56","ogc_fid":56,"fid":57,"ward":"Lwanhima","subward":"Bugayamba","district":"Nyamagana"},"geometry":{"type":"Polygon","coordinates":[[[32.95550539,-2.5896142],[32.955613,-2.58954465],[32.95570748,-2.58954727],[32.95576521,-2.5896037],[32.9557311,-2.58970474],[32.95562874,-2.58978085],[32.95556576,-2.58976248],[32.95550802,-2.58972311],[32.95550539,-2.5896142]]]}},{"id":"56","type":"Feature","properties":{"id":"mwanza_households_at_risk_of_rockfall.57","ogc_fid":57,"fid":58,"ward":"Lwanhima","subward":"Bugayamba","district":"Nyamagana"},"geometry":{"type":"Polygon","coordinates":[[[32.95707743,-2.5893885],[32.9571706,-2.58937012],[32.95721784,-2.58941868],[32.95722047,-2.5894961],[32.95717716,-2.58952628],[32.95712599,-2.58953809],[32.9570735,-2.58946329],[32.95707743,-2.5893885]]]}},{"id":"57","type":"Feature","properties":{"id":"mwanza_households_at_risk_of_rockfall.58","ogc_fid":58,"fid":59,"ward":"Lwanhima","subward":"Bugayamba","district":"Nyamagana"},"geometry":{"type":"Polygon","coordinates":[[[32.95692653,-2.5897966],[32.95700264,-2.58976773],[32.95702626,-2.58984908],[32.9569987,-2.58994619],[32.95694227,-2.58993438],[32.9569016,-2.58987795],[32.95692653,-2.5897966]]]}},{"id":"58","type":"Feature","properties":{"id":"mwanza_households_at_risk_of_rockfall.59","ogc_fid":59,"fid":60,"ward":"Lwanhima","subward":"Bugayamba","district":"Nyamagana"},"geometry":{"type":"Polygon","coordinates":[[[32.95829255,-2.58885573],[32.95834766,-2.588798],[32.9584487,-2.58879931],[32.95850907,-2.58885967],[32.95850119,-2.58896465],[32.95844083,-2.58906569],[32.95838703,-2.58908012],[32.95831223,-2.58905782],[32.95828205,-2.5890132],[32.95825449,-2.5889161],[32.95829255,-2.58885573]]]}},{"id":"59","type":"Feature","properties":{"id":"mwanza_households_at_risk_of_rockfall.60","ogc_fid":60,"fid":61,"ward":"Nyegezi","subward":"Nkamba","district":"Nyamagana"},"geometry":{"type":"Polygon","coordinates":[[[32.9214592,-2.5886694],[32.92154384,-2.58857098],[32.92163832,-2.5885946],[32.92171705,-2.58865234],[32.92176954,-2.5887127],[32.92179841,-2.58879144],[32.9218194,-2.58887279],[32.92186271,-2.58887607],[32.92192241,-2.5888682],[32.92197818,-2.58881768],[32.92207463,-2.58878356],[32.92209431,-2.58867727],[32.92208513,-2.58860248],[32.92202083,-2.58850012],[32.92199983,-2.58840958],[32.92220848,-2.58831116],[32.92229639,-2.58826655],[32.92237775,-2.58824818],[32.92242499,-2.58825867],[32.92244336,-2.58829542],[32.92249237,-2.58832264],[32.92245865,-2.58838465],[32.92238793,-2.58840967],[32.92233839,-2.58847388],[32.92232526,-2.5885408],[32.92229377,-2.58860248],[32.92222029,-2.58864053],[32.92227277,-2.58874944],[32.9222649,-2.58884786],[32.92224391,-2.58898564],[32.92213893,-2.58905388],[32.92211662,-2.58910243],[32.9220825,-2.58916935],[32.92208906,-2.58924809],[32.92209038,-2.58929402],[32.92198015,-2.58935175],[32.9219421,-2.589357],[32.92188305,-2.58937275],[32.92178069,-2.58932945],[32.921504,-2.58890141],[32.92144307,-2.58882526],[32.9214224,-2.58876651],[32.9214592,-2.5886694]]]}},{"id":"60","type":"Feature","properties":{"id":"mwanza_households_at_risk_of_rockfall.61","ogc_fid":61,"fid":62,"ward":"Nyegezi","subward":"Nkamba","district":"Nyamagana"},"geometry":{"type":"Polygon","coordinates":[[[32.92343803,-2.58759994],[32.92347346,-2.58753827],[32.92351545,-2.58751989],[32.92357318,-2.58757763],[32.9237152,-2.58761005],[32.92372607,-2.58771449],[32.9237359,-2.58779415],[32.92374115,-2.5878637],[32.92372015,-2.58791618],[32.92367554,-2.58798836],[32.92362567,-2.58804478],[32.92358499,-2.58807496],[32.92350757,-2.58810777],[32.92341441,-2.58812089],[32.92334355,-2.58800804],[32.92330943,-2.5879503],[32.92336323,-2.58793193],[32.92350626,-2.58795949],[32.92354694,-2.58789913],[32.92359812,-2.58785976],[32.9236073,-2.58779152],[32.9234997,-2.58770229],[32.92343803,-2.58759994]]]}},{"id":"61","type":"Feature","properties":{"id":"mwanza_households_at_risk_of_rockfall.62","ogc_fid":62,"fid":63,"ward":"Nyegezi","subward":"Nkamba","district":"Nyamagana"},"geometry":{"type":"Polygon","coordinates":[[[32.92279766,-2.58682311],[32.92286721,-2.58670107],[32.92299064,-2.58669728],[32.92306897,-2.58674189],[32.92303649,-2.58685329],[32.92306929,-2.58697532],[32.92309422,-2.58707374],[32.92307585,-2.58713673],[32.92305223,-2.58715772],[32.92300106,-2.58714329],[32.92295907,-2.58704356],[32.92290197,-2.58691596],[32.9228949,-2.58686319],[32.92285934,-2.58685854],[32.92279766,-2.58682311]]]}},{"id":"62","type":"Feature","properties":{"id":"mwanza_households_at_risk_of_rockfall.63","ogc_fid":63,"fid":64,"ward":"Nyegezi","subward":"Nkamba","district":"Nyamagana"},"geometry":{"type":"Polygon","coordinates":[[[32.9231559,-2.58661446],[32.92317165,-2.5865541],[32.92320445,-2.58648455],[32.92327269,-2.58645831],[32.92343179,-2.58644434],[32.92353119,-2.58653573],[32.92360599,-2.58660659],[32.92361255,-2.5866617],[32.92360861,-2.58674962],[32.9236283,-2.58680211],[32.92360074,-2.58688478],[32.92352201,-2.58701863],[32.92344984,-2.58706455],[32.92331336,-2.58699369],[32.92324382,-2.58684673],[32.92317952,-2.58673387],[32.9231559,-2.58661446]]]}},{"id":"63","type":"Feature","properties":{"id":"mwanza_households_at_risk_of_rockfall.64","ogc_fid":64,"fid":65,"ward":"Nyegezi","subward":"Nyabulogoya","district":"Nyamagana"},"geometry":{"type":"Polygon","coordinates":[[[32.92467545,-2.5852327],[32.92475943,-2.58522876],[32.92479092,-2.58530749],[32.92477649,-2.58541509],[32.92473056,-2.5854689],[32.92463608,-2.58543478],[32.92461771,-2.58536392],[32.92463346,-2.58525107],[32.92467545,-2.5852327]]]}},{"id":"64","type":"Feature","properties":{"id":"mwanza_households_at_risk_of_rockfall.65","ogc_fid":65,"fid":66,"ward":"Nyegezi","subward":"Nyabulogoya","district":"Nyamagana"},"geometry":{"type":"Polygon","coordinates":[[[32.92491821,-2.58440206],[32.92510192,-2.58432989],[32.9251964,-2.58437582],[32.92522527,-2.5845241],[32.92514391,-2.58465794],[32.92493264,-2.58472093],[32.92487753,-2.58478129],[32.9247778,-2.58474849],[32.92472138,-2.58468419],[32.92461115,-2.58469731],[32.92456785,-2.58471831],[32.92447599,-2.58481935],[32.92438676,-2.58492695],[32.92431459,-2.5850503],[32.92421092,-2.58512116],[32.92409676,-2.58508966],[32.92399441,-2.58499781],[32.92382907,-2.58477604],[32.92388943,-2.5846422],[32.92395898,-2.58459364],[32.92401015,-2.58455953],[32.92405739,-2.58453328],[32.92419386,-2.58450441],[32.9242411,-2.58449392],[32.92436445,-2.58448473],[32.92454291,-2.58448473],[32.92459934,-2.58453984],[32.92471219,-2.58453066],[32.92477255,-2.58455821],[32.92486441,-2.58449392],[32.92491034,-2.58448473],[32.92491034,-2.5844388],[32.92491821,-2.58440206]]]}},{"id":"65","type":"Feature","properties":{"id":"mwanza_households_at_risk_of_rockfall.66","ogc_fid":66,"fid":67,"ward":"Nyegezi","subward":"Nyabulogoya","district":"Nyamagana"},"geometry":{"type":"Polygon","coordinates":[[[32.92357187,-2.58409828],[32.92377395,-2.58410616],[32.92386056,-2.58404842],[32.92391305,-2.58399855],[32.92404952,-2.58398806],[32.92418074,-2.58405892],[32.92418337,-2.58409828],[32.92412825,-2.58417439],[32.92405739,-2.58424525],[32.92393142,-2.58418226],[32.92380807,-2.58419014],[32.9237792,-2.58429249],[32.92364798,-2.58427412],[32.92352988,-2.58419801],[32.92357187,-2.58409828]]]}},{"id":"66","type":"Feature","properties":{"id":"mwanza_households_at_risk_of_rockfall.67","ogc_fid":67,"fid":68,"ward":"Nyegezi","subward":"Nyabulogoya","district":"Nyamagana"},"geometry":{"type":"Polygon","coordinates":[[[32.9232425,-2.58365213],[32.92330812,-2.58358914],[32.92338029,-2.58361276],[32.92348789,-2.58357471],[32.92349708,-2.58350253],[32.92351938,-2.58346317],[32.92357712,-2.58349597],[32.92358368,-2.58353534],[32.92355875,-2.58356814],[32.92353382,-2.58362457],[32.92347739,-2.58374005],[32.92351282,-2.58398937],[32.92346165,-2.58403398],[32.92335273,-2.58401561],[32.92331185,-2.58393696],[32.9233383,-2.58390407],[32.92329499,-2.58378991],[32.92326219,-2.58375054],[32.9232425,-2.58365213]]]}},{"id":"67","type":"Feature","properties":{"id":"mwanza_households_at_risk_of_rockfall.68","ogc_fid":68,"fid":69,"ward":"Nyegezi","subward":"Nyabulogoya","district":"Nyamagana"},"geometry":{"type":"Polygon","coordinates":[[[32.92218879,-2.58331751],[32.92219667,-2.58323222],[32.92217829,-2.58307475],[32.9222006,-2.58300783],[32.92231345,-2.5829081],[32.92228983,-2.58286348],[32.92225965,-2.58277032],[32.92228458,-2.58269158],[32.922383,-2.58269027],[32.92242368,-2.58273226],[32.92254309,-2.58284905],[32.92259821,-2.58288054],[32.92272549,-2.58286611],[32.92280422,-2.58289104],[32.92280816,-2.58295796],[32.9227806,-2.58300651],[32.9228016,-2.58317185],[32.92273205,-2.58319416],[32.92260083,-2.58315873],[32.92255097,-2.58315348],[32.92250504,-2.58322697],[32.92241449,-2.58323747],[32.92240137,-2.58331882],[32.92241843,-2.58336213],[32.92218879,-2.58334507],[32.92218879,-2.58331751]]]}},{"id":"68","type":"Feature","properties":{"id":"mwanza_households_at_risk_of_rockfall.69","ogc_fid":69,"fid":70,"ward":"Nyegezi","subward":"Nyabulogoya","district":"Nyamagana"},"geometry":{"type":"Polygon","coordinates":[[[32.923854,-2.58275326],[32.92394717,-2.58281231],[32.92398522,-2.58282805],[32.92406527,-2.58287529],[32.92411513,-2.58292122],[32.92419518,-2.58289498],[32.9242831,-2.58278344],[32.92429359,-2.58276375],[32.92425948,-2.58259841],[32.92428178,-2.58254199],[32.92424635,-2.5825328],[32.92419124,-2.58253805],[32.92413481,-2.58256036],[32.92400753,-2.58253543],[32.92393667,-2.58251574],[32.923854,-2.58275326]]]}},{"id":"69","type":"Feature","properties":{"id":"mwanza_households_at_risk_of_rockfall.70","ogc_fid":70,"fid":71,"ward":"Nyegezi","subward":"Nyabulogoya","district":"Nyamagana"},"geometry":{"type":"Polygon","coordinates":[[[32.92446287,-2.58291728],[32.92451142,-2.58282412],[32.92457834,-2.58283068],[32.92461509,-2.58287267],[32.9246269,-2.58291466],[32.9246164,-2.58296846],[32.92468201,-2.58302882],[32.92476206,-2.58307869],[32.92477387,-2.58311805],[32.92474762,-2.58318891],[32.92468923,-2.58322238],[32.92468267,-2.58327618],[32.92471153,-2.58329586],[32.9247719,-2.58337328],[32.92478502,-2.58346514],[32.92476402,-2.58355699],[32.92465117,-2.58352681],[32.92460918,-2.58348876],[32.92458425,-2.5833969],[32.92461181,-2.58331423],[32.92462362,-2.58321188],[32.92458884,-2.5831338],[32.92454029,-2.58308918],[32.92442219,-2.58296584],[32.92446287,-2.58291728]]]}},{"id":"70","type":"Feature","properties":{"id":"mwanza_households_at_risk_of_rockfall.71","ogc_fid":71,"fid":72,"ward":"Nyegezi","subward":"Nyabulogoya","district":"Nyamagana"},"geometry":{"type":"Polygon","coordinates":[[[32.92487359,-2.58290547],[32.92493527,-2.58286348],[32.92487359,-2.58278475],[32.92487359,-2.58268502],[32.92492083,-2.58265484],[32.92499038,-2.5827047],[32.92499301,-2.58277032],[32.92502975,-2.58291466],[32.92503237,-2.58297502],[32.92499432,-2.58304719],[32.92492871,-2.58305507],[32.9248959,-2.58305507],[32.92485391,-2.58297765],[32.92487359,-2.58290547]]]}},{"id":"71","type":"Feature","properties":{"id":"mwanza_households_at_risk_of_rockfall.72","ogc_fid":72,"fid":73,"ward":"Nyegezi","subward":"Swila","district":"Nyamagana"},"geometry":{"type":"Polygon","coordinates":[[[32.92687407,-2.58080133],[32.92700923,-2.58075015],[32.9271352,-2.58078033],[32.92722312,-2.5807554],[32.92733073,-2.58070554],[32.9274672,-2.58068061],[32.92756692,-2.58071341],[32.92761285,-2.58081839],[32.92757349,-2.58091943],[32.92746457,-2.58101391],[32.9272848,-2.58106902],[32.92705778,-2.58108346],[32.92688588,-2.5810454],[32.92688063,-2.58103884],[32.92687407,-2.58080133]]]}},{"id":"72","type":"Feature","properties":{"id":"mwanza_households_at_risk_of_rockfall.73","ogc_fid":73,"fid":74,"ward":"Nyegezi","subward":"Swila","district":"Nyamagana"},"geometry":{"type":"Polygon","coordinates":[[[32.92679272,-2.57956259],[32.92691082,-2.57945499],[32.92729661,-2.579413],[32.92751444,-2.57995888],[32.92772702,-2.57984078],[32.92786874,-2.57969119],[32.92819154,-2.57957309],[32.92820466,-2.57937888],[32.9282624,-2.57923454],[32.92841462,-2.5791768],[32.92865082,-2.57920042],[32.92871905,-2.57933689],[32.92862982,-2.5795206],[32.92854322,-2.5798959],[32.92850647,-2.58030531],[32.92840412,-2.58080658],[32.92822828,-2.58088269],[32.92794747,-2.5808407],[32.92762466,-2.58052314],[32.92741208,-2.58053364],[32.92712339,-2.58041291],[32.9268767,-2.5801426],[32.92679272,-2.57956259]]]}},{"id":"73","type":"Feature","properties":{"id":"mwanza_households_at_risk_of_rockfall.74","ogc_fid":74,"fid":75,"ward":"Nyegezi","subward":"Swila","district":"Nyamagana"},"geometry":{"type":"Polygon","coordinates":[[[32.92944012,-2.57834485],[32.92946899,-2.57821626],[32.92953985,-2.57817033],[32.92961202,-2.57817558],[32.92976292,-2.57818739],[32.9298246,-2.57821101],[32.9298889,-2.57827137],[32.92998075,-2.57833567],[32.92996238,-2.57843671],[32.92991777,-2.57853775],[32.9298574,-2.57862305],[32.92962514,-2.57878182],[32.92955034,-2.57879101],[32.9294703,-2.57874902],[32.92946374,-2.57874246],[32.92949786,-2.57849182],[32.92945718,-2.57845377],[32.92944012,-2.57834485]]]}},{"id":"74","type":"Feature","properties":{"id":"mwanza_households_at_risk_of_rockfall.75","ogc_fid":75,"fid":76,"ward":"Nyegezi","subward":"Swila","district":"Nyamagana"},"geometry":{"type":"Polygon","coordinates":[[[32.92985084,-2.57795119],[32.9298889,-2.57790395],[32.92999912,-2.5779092],[32.93014478,-2.57784227],[32.93023401,-2.57780028],[32.93032718,-2.57784359],[32.93047808,-2.57793675],[32.93056994,-2.5779958],[32.93058831,-2.57804961],[32.93058437,-2.57809684],[32.93051614,-2.57820313],[32.93047415,-2.57824906],[32.93033899,-2.57824906],[32.93018546,-2.57816639],[32.93000306,-2.57809028],[32.92992958,-2.57809684],[32.92986265,-2.57802861],[32.92985084,-2.57795119]]]}},{"id":"75","type":"Feature","properties":{"id":"mwanza_households_at_risk_of_rockfall.76","ogc_fid":76,"fid":77,"ward":"Nyegezi","subward":"Swila","district":"Nyamagana"},"geometry":{"type":"Polygon","coordinates":[[[32.92924722,-2.57577947],[32.92930102,-2.57568761],[32.9293955,-2.57566399],[32.92945062,-2.57561937],[32.92947424,-2.57568499],[32.92947555,-2.57577422],[32.92947949,-2.57585426],[32.92946505,-2.57594087],[32.92942831,-2.57602879],[32.92940075,-2.5760406],[32.92938894,-2.57624662],[32.92927872,-2.57637915],[32.92919605,-2.57642245],[32.92901233,-2.57621512],[32.92896641,-2.57599992],[32.92905301,-2.57579784],[32.92908188,-2.57581489],[32.92924722,-2.57577947]]]}},{"id":"76","type":"Feature","properties":{"id":"mwanza_households_at_risk_of_rockfall.77","ogc_fid":77,"fid":78,"ward":"Nyegezi","subward":"Swila","district":"Nyamagana"},"geometry":{"type":"Polygon","coordinates":[[[32.92996238,-2.57607734],[32.93000634,-2.57598548],[32.93009229,-2.57598023],[32.93013494,-2.57601042],[32.93010148,-2.57610686],[32.93004243,-2.57615476],[32.92997616,-2.57614754],[32.92996238,-2.57607734]]]}},{"id":"77","type":"Feature","properties":{"id":"mwanza_households_at_risk_of_rockfall.78","ogc_fid":78,"fid":79,"ward":"Nyegezi","subward":"Swila","district":"Nyamagana"},"geometry":{"type":"Polygon","coordinates":[[[32.93021105,-2.57678987],[32.93033177,-2.57667046],[32.93042494,-2.57669015],[32.93044069,-2.5765458],[32.93048924,-2.57638046],[32.93056666,-2.57626892],[32.93067557,-2.57617444],[32.93072806,-2.57614426],[32.93078842,-2.57616788],[32.93081861,-2.57623481],[32.93084485,-2.57637784],[32.93085666,-2.57648544],[32.93077268,-2.5765996],[32.93069788,-2.57668621],[32.9306572,-2.57675182],[32.93061127,-2.5769106],[32.93052992,-2.5770287],[32.93039345,-2.57704182],[32.93019924,-2.57688173],[32.93021105,-2.57678987]]]}},{"id":"78","type":"Feature","properties":{"id":"mwanza_households_at_risk_of_rockfall.79","ogc_fid":79,"fid":80,"ward":"Nyegezi","subward":"Swila","district":"Nyamagana"},"geometry":{"type":"Polygon","coordinates":[[[32.9307215,-2.5772439],[32.93081926,-2.57726293],[32.93086453,-2.57733773],[32.93084616,-2.57739481],[32.93078055,-2.57744926],[32.93075103,-2.57745189],[32.93071166,-2.5774368],[32.93068607,-2.57742236],[32.93065655,-2.57738234],[32.9307215,-2.5772439]]]}},{"id":"79","type":"Feature","properties":{"id":"mwanza_households_at_risk_of_rockfall.80","ogc_fid":80,"fid":81,"ward":"Nyegezi","subward":"Swila","district":"Nyamagana"},"geometry":{"type":"Polygon","coordinates":[[[32.93066048,-2.5757729],[32.93077421,-2.57567318],[32.93091768,-2.57571167],[32.9310489,-2.57582889],[32.93100691,-2.57591112],[32.93081795,-2.57590763],[32.93072872,-2.57582364],[32.93066048,-2.5757729]]]}},{"id":"80","type":"Feature","properties":{"id":"mwanza_households_at_risk_of_rockfall.81","ogc_fid":81,"fid":82,"ward":"Nyegezi","subward":"Swila","district":"Nyamagana"},"geometry":{"type":"Polygon","coordinates":[[[32.93163677,-2.57664247],[32.93167352,-2.57659173],[32.931768,-2.57662322],[32.93181174,-2.57668271],[32.93180824,-2.57675269],[32.93174525,-2.57687867],[32.93171726,-2.57699414],[32.93163852,-2.57704488],[32.93154754,-2.57704663],[32.93153005,-2.57694515],[32.93161578,-2.57676319],[32.93163677,-2.57664247]]]}},{"id":"81","type":"Feature","properties":{"id":"mwanza_households_at_risk_of_rockfall.82","ogc_fid":82,"fid":83,"ward":"Nyegezi","subward":"Swila","district":"Nyamagana"},"geometry":{"type":"Polygon","coordinates":[[[32.93207768,-2.57724434],[32.93213717,-2.57715161],[32.93221765,-2.57710262],[32.93228239,-2.57707463],[32.93236812,-2.57712886],[32.93242761,-2.57717435],[32.9324381,-2.57724084],[32.93240836,-2.57732482],[32.93233138,-2.57741055],[32.93219141,-2.57738781],[32.93207943,-2.57731607],[32.93207768,-2.57724434]]]}},{"id":"82","type":"Feature","properties":{"id":"mwanza_households_at_risk_of_rockfall.83","ogc_fid":83,"fid":84,"ward":"Nyegezi","subward":"Swila","district":"Nyamagana"},"geometry":{"type":"Polygon","coordinates":[[[32.93220365,-2.57631879],[32.93229638,-2.5762488],[32.93247834,-2.57630304],[32.93252209,-2.57641677],[32.93241711,-2.57656723],[32.93232263,-2.57653924],[32.93222115,-2.57644126],[32.93220365,-2.57631879]]]}},{"id":"83","type":"Feature","properties":{"id":"mwanza_households_at_risk_of_rockfall.84","ogc_fid":84,"fid":85,"ward":"Nyegezi","subward":"Swila","district":"Nyamagana"},"geometry":{"type":"Polygon","coordinates":[[[32.93075321,-2.57527295],[32.93082845,-2.57523358],[32.93091068,-2.57522308],[32.93096229,-2.57523621],[32.93097542,-2.57527295],[32.93098591,-2.57531669],[32.93097717,-2.57534293],[32.9309308,-2.57536393],[32.93089406,-2.5753718],[32.9307917,-2.57536743],[32.93074272,-2.57533069],[32.93075321,-2.57527295]]]}},{"id":"84","type":"Feature","properties":{"id":"mwanza_households_at_risk_of_rockfall.85","ogc_fid":85,"fid":86,"ward":"Nyegezi","subward":"Swila","district":"Nyamagana"},"geometry":{"type":"Polygon","coordinates":[[[32.9348399,-2.57693903],[32.93486527,-2.57691628],[32.93489589,-2.57691191],[32.9349475,-2.57691454],[32.93497462,-2.57695128],[32.9349615,-2.57701601],[32.93490464,-2.57703876],[32.93484078,-2.57703701],[32.93482591,-2.5769714],[32.9348399,-2.57693903]]]}},{"id":"85","type":"Feature","properties":{"id":"mwanza_households_at_risk_of_rockfall.86","ogc_fid":86,"fid":87,"ward":"Nyegezi","subward":"Swila","district":"Nyamagana"},"geometry":{"type":"Polygon","coordinates":[[[32.93509885,-2.5763704],[32.93518195,-2.57627417],[32.93524144,-2.57627767],[32.93536129,-2.57632841],[32.93544265,-2.57636078],[32.93544877,-2.57638965],[32.93544877,-2.57643951],[32.93541728,-2.57646663],[32.93535604,-2.57645088],[32.93523619,-2.57641502],[32.93513821,-2.57641327],[32.93509885,-2.5763704]]]}},{"id":"86","type":"Feature","properties":{"id":"mwanza_households_at_risk_of_rockfall.87","ogc_fid":87,"fid":88,"ward":"Nyegezi","subward":"Swila","district":"Nyamagana"},"geometry":{"type":"Polygon","coordinates":[[[32.93479354,-2.57609046],[32.93483378,-2.5760021],[32.93489152,-2.57600648],[32.93492826,-2.57602835],[32.93494313,-2.57607559],[32.93494313,-2.57610183],[32.93494051,-2.57613683],[32.93492301,-2.57616307],[32.93488014,-2.57616744],[32.93479529,-2.57616307],[32.93479354,-2.57609046]]]}},{"id":"87","type":"Feature","properties":{"id":"mwanza_households_at_risk_of_rockfall.88","ogc_fid":88,"fid":89,"ward":"Nyegezi","subward":"Swila","district":"Nyamagana"},"geometry":{"type":"Polygon","coordinates":[[[32.934979,-2.57563468],[32.93506473,-2.57562069],[32.93510322,-2.5756793],[32.93510322,-2.57574054],[32.93509272,-2.57576241],[32.93504023,-2.57583152],[32.93501137,-2.57586126],[32.93497112,-2.57586388],[32.93494051,-2.57585076],[32.93492826,-2.57579565],[32.934979,-2.57563468]]]}},{"id":"88","type":"Feature","properties":{"id":"mwanza_households_at_risk_of_rockfall.89","ogc_fid":89,"fid":90,"ward":"Nyegezi","subward":"Swila","district":"Nyamagana"},"geometry":{"type":"Polygon","coordinates":[[[32.9352983,-2.57518241],[32.93537004,-2.57508268],[32.93546277,-2.57514216],[32.93546277,-2.5751999],[32.93539978,-2.57528913],[32.93530005,-2.57529263],[32.93526856,-2.57526289],[32.9352983,-2.57518241]]]}},{"id":"89","type":"Feature","properties":{"id":"mwanza_households_at_risk_of_rockfall.90","ogc_fid":90,"fid":91,"ward":"Nyegezi","subward":"Swila","district":"Nyamagana"},"geometry":{"type":"Polygon","coordinates":[[[32.93259513,-2.57349052],[32.93266337,-2.57340304],[32.93272285,-2.57338379],[32.93276572,-2.57340653],[32.9327666,-2.5734739],[32.9327316,-2.57353338],[32.93266862,-2.57354126],[32.93262925,-2.57354825],[32.93259513,-2.57349052]]]}},{"id":"90","type":"Feature","properties":{"id":"mwanza_households_at_risk_of_rockfall.91","ogc_fid":91,"fid":92,"ward":"Nyegezi","subward":"Swila","district":"Nyamagana"},"geometry":{"type":"Polygon","coordinates":[[[32.93270361,-2.57388156],[32.93283658,-2.57382732],[32.93287507,-2.57389031],[32.93295556,-2.57400403],[32.93301329,-2.57415625],[32.9329783,-2.57427172],[32.93286457,-2.57427172],[32.93282083,-2.57419824],[32.93277359,-2.574158],[32.9327246,-2.57415275],[32.93267212,-2.57423848],[32.93261963,-2.57435221],[32.93250415,-2.57443444],[32.93235018,-2.57445544],[32.93226795,-2.57442044],[32.93216822,-2.57434171],[32.93210349,-2.57428922],[32.93207549,-2.57433296],[32.93203875,-2.57448343],[32.93206849,-2.57459366],[32.93204225,-2.57471438],[32.93199676,-2.57474412],[32.93185854,-2.57468639],[32.9318008,-2.57465489],[32.93176756,-2.57470563],[32.93162059,-2.57474762],[32.93156285,-2.57480536],[32.93152611,-2.5748701],[32.93133365,-2.57476862],[32.93131441,-2.57467939],[32.93143863,-2.57457266],[32.93149812,-2.57449743],[32.9315786,-2.57447118],[32.93171682,-2.57451492],[32.93184104,-2.57450792],[32.93191978,-2.57444494],[32.93189528,-2.57433296],[32.93195477,-2.5741755],[32.93208949,-2.57417724],[32.93215948,-2.57401453],[32.93224871,-2.57387281],[32.93231432,-2.57367948],[32.93244379,-2.57371622],[32.93251028,-2.5738107],[32.93251028,-2.57389818],[32.93252427,-2.57397866],[32.93257851,-2.5740259],[32.93266424,-2.57403815],[32.93270361,-2.57388156]]]}},{"id":"91","type":"Feature","properties":{"id":"mwanza_households_at_risk_of_rockfall.92","ogc_fid":92,"fid":93,"ward":"Nyegezi","subward":"Swila","district":"Nyamagana"},"geometry":{"type":"Polygon","coordinates":[[[32.93163459,-2.57400316],[32.93168708,-2.57393842],[32.93176231,-2.57393842],[32.93180605,-2.57397516],[32.9318078,-2.5740539],[32.93177456,-2.57409064],[32.93162934,-2.57406964],[32.93163459,-2.57400316]]]}},{"id":"92","type":"Feature","properties":{"id":"mwanza_households_at_risk_of_rockfall.93","ogc_fid":93,"fid":94,"ward":"Nyegezi","subward":"Swila","district":"Nyamagana"},"geometry":{"type":"Polygon","coordinates":[[[32.93084594,-2.57396554],[32.93089493,-2.57390955],[32.93096754,-2.57392005],[32.93099729,-2.57396117],[32.93099204,-2.57400753],[32.93097104,-2.57404427],[32.93089493,-2.57402853],[32.93086256,-2.57401365],[32.93084594,-2.57396554]]]}},{"id":"93","type":"Feature","properties":{"id":"mwanza_households_at_risk_of_rockfall.94","ogc_fid":94,"fid":95,"ward":"Nyegezi","subward":"Swila","district":"Nyamagana"},"geometry":{"type":"Polygon","coordinates":[[[32.9310255,-2.57313359],[32.93115672,-2.57317821],[32.93120571,-2.57322982],[32.9311506,-2.5733103],[32.93106924,-2.57328494],[32.93098176,-2.5732377],[32.9310255,-2.57313359]]]}},{"id":"94","type":"Feature","properties":{"id":"mwanza_households_at_risk_of_rockfall.95","ogc_fid":95,"fid":96,"ward":"Nyegezi","subward":"Swila","district":"Nyamagana"},"geometry":{"type":"Polygon","coordinates":[[[32.92884721,-2.57487972],[32.9289207,-2.57479661],[32.92899593,-2.57476337],[32.92906592,-2.57478262],[32.92908429,-2.57486135],[32.92903267,-2.57498032],[32.92898106,-2.57503544],[32.92892595,-2.57505993],[32.92889883,-2.57504069],[32.92884721,-2.57487972]]]}},{"id":"95","type":"Feature","properties":{"id":"mwanza_households_at_risk_of_rockfall.96","ogc_fid":96,"fid":97,"ward":"Nyegezi","subward":"Swila","district":"Nyamagana"},"geometry":{"type":"Polygon","coordinates":[[[32.92847542,-2.57504681],[32.92851478,-2.57502056],[32.92857252,-2.57505293],[32.92859439,-2.5750818],[32.92859439,-2.57516928],[32.92856727,-2.57519728],[32.92853053,-2.57519465],[32.92847279,-2.57512817],[32.92847542,-2.57504681]]]}},{"id":"96","type":"Feature","properties":{"id":"mwanza_households_at_risk_of_rockfall.97","ogc_fid":97,"fid":98,"ward":"Nyegezi","subward":"Swila","district":"Nyamagana"},"geometry":{"type":"Polygon","coordinates":[[[32.9283337,-2.57529001],[32.9284343,-2.57529438],[32.9284588,-2.57536437],[32.92843168,-2.57540198],[32.92834682,-2.57541161],[32.9283372,-2.57537836],[32.9283337,-2.57529001]]]}},{"id":"97","type":"Feature","properties":{"id":"mwanza_households_at_risk_of_rockfall.98","ogc_fid":98,"fid":99,"ward":"Nyegezi","subward":"Ibanda","district":"Nyamagana"},"geometry":{"type":"Polygon","coordinates":[[[32.92733466,-2.5748526],[32.9272568,-2.57478262],[32.92721831,-2.57470213],[32.92723668,-2.57466976],[32.92727955,-2.57466014],[32.92731279,-2.57467064],[32.92737928,-2.57472925],[32.9273889,-2.57476249],[32.92733466,-2.5748526]]]}},{"id":"98","type":"Feature","properties":{"id":"mwanza_households_at_risk_of_rockfall.99","ogc_fid":99,"fid":100,"ward":"Nyegezi","subward":"Ibanda","district":"Nyamagana"},"geometry":{"type":"Polygon","coordinates":[[[32.92778519,-2.57351676],[32.92783768,-2.57342316],[32.92790854,-2.57339341],[32.92795753,-2.57342141],[32.92796628,-2.5734634],[32.92794178,-2.57348789],[32.92792604,-2.57352026],[32.92791904,-2.57356837],[32.92792866,-2.57363749],[32.92789104,-2.57370834],[32.92784905,-2.57371359],[32.92780619,-2.57368298],[32.92778082,-2.57360162],[32.92778519,-2.57351676]]]}},{"id":"99","type":"Feature","properties":{"id":"mwanza_households_at_risk_of_rockfall.100","ogc_fid":100,"fid":101,"ward":"Nyegezi","subward":"Ibanda","district":"Nyamagana"},"geometry":{"type":"Polygon","coordinates":[[[32.92741252,-2.57377177],[32.9274322,-2.57372847],[32.92748032,-2.5736926],[32.92753106,-2.57372234],[32.92753893,-2.57377221],[32.92752362,-2.57381507],[32.92750131,-2.5738247],[32.92744401,-2.57381813],[32.92741252,-2.57377177]]]}},{"id":"100","type":"Feature","properties":{"id":"mwanza_households_at_risk_of_rockfall.101","ogc_fid":101,"fid":102,"ward":"Nyegezi","subward":"Ibanda","district":"Nyamagana"},"geometry":{"type":"Polygon","coordinates":[[[32.92678003,-2.57402809],[32.92682377,-2.57398172],[32.92687014,-2.57395198],[32.92690163,-2.57389337],[32.9269305,-2.57382601],[32.92691825,-2.57377614],[32.92685002,-2.57375777],[32.92683864,-2.57369041],[32.92685614,-2.57364142],[32.92689113,-2.57363355],[32.92696812,-2.57357406],[32.9270416,-2.57362043],[32.92710546,-2.57374115],[32.92708534,-2.57382601],[32.9270556,-2.57390824],[32.92700398,-2.57396773],[32.9269305,-2.57401759],[32.92687801,-2.57404384],[32.92682552,-2.57408933],[32.92678003,-2.57402809]]]}},{"id":"101","type":"Feature","properties":{"id":"mwanza_households_at_risk_of_rockfall.102","ogc_fid":102,"fid":103,"ward":"Nyegezi","subward":"Ibanda","district":"Nyamagana"},"geometry":{"type":"Polygon","coordinates":[[[32.92676866,-2.57310866],[32.92685789,-2.57308767],[32.92689463,-2.57315765],[32.92688063,-2.57323463],[32.92678615,-2.57325913],[32.92676341,-2.57318914],[32.92676866,-2.57310866]]]}},{"id":"102","type":"Feature","properties":{"id":"mwanza_households_at_risk_of_rockfall.103","ogc_fid":103,"fid":104,"ward":"Nyegezi","subward":"Ibanda","district":"Nyamagana"},"geometry":{"type":"Polygon","coordinates":[[[32.92481061,-2.57430453],[32.92489109,-2.57427216],[32.92495145,-2.57428528],[32.92499782,-2.57433427],[32.92501531,-2.57440688],[32.92501531,-2.57446637],[32.92499782,-2.57451099],[32.9249602,-2.5745486],[32.92491559,-2.57455735],[32.92487009,-2.57454335],[32.92481673,-2.57447512],[32.92480623,-2.57443663],[32.92479836,-2.57439551],[32.92481061,-2.57430453]]]}},{"id":"103","type":"Feature","properties":{"id":"mwanza_households_at_risk_of_rockfall.104","ogc_fid":104,"fid":105,"ward":"Nyegezi","subward":"Ibanda","district":"Nyamagana"},"geometry":{"type":"Polygon","coordinates":[[[32.92466976,-2.57471569],[32.92480186,-2.57473581],[32.92484473,-2.57480842],[32.92481061,-2.57488016],[32.92476687,-2.5749239],[32.92462952,-2.57491515],[32.9246094,-2.57484691],[32.92462077,-2.57476293],[32.92466976,-2.57471569]]]}},{"id":"104","type":"Feature","properties":{"id":"mwanza_households_at_risk_of_rockfall.105","ogc_fid":105,"fid":106,"ward":"Nyegezi","subward":"Ibanda","district":"Nyamagana"},"geometry":{"type":"Polygon","coordinates":[[[32.92428135,-2.57505162],[32.92438195,-2.57502188],[32.92441694,-2.57505075],[32.92443969,-2.57515397],[32.92440207,-2.57518897],[32.92432771,-2.5751671],[32.92428135,-2.57505162]]]}},{"id":"105","type":"Feature","properties":{"id":"mwanza_households_at_risk_of_rockfall.106","ogc_fid":106,"fid":107,"ward":"Nyegezi","subward":"Ibanda","district":"Nyamagana"},"geometry":{"type":"Polygon","coordinates":[[[32.92411338,-2.57363092],[32.92425423,-2.57367379],[32.92430672,-2.57375427],[32.92429359,-2.57380239],[32.92434258,-2.57390124],[32.92416674,-2.57403334],[32.92410813,-2.57404996],[32.92401715,-2.57402372],[32.92396029,-2.57398435],[32.92389643,-2.57389337],[32.92388506,-2.57379714],[32.92397166,-2.57370966],[32.92411338,-2.57363092]]]}},{"id":"106","type":"Feature","properties":{"id":"mwanza_households_at_risk_of_rockfall.107","ogc_fid":107,"fid":108,"ward":"Nyegezi","subward":"Ibanda","district":"Nyamagana"},"geometry":{"type":"Polygon","coordinates":[[[32.92211268,-2.573495],[32.92221591,-2.57340752],[32.92230164,-2.57352649],[32.92234188,-2.57365072],[32.92224391,-2.57367696],[32.92215467,-2.57359823],[32.92209869,-2.57353349],[32.92211268,-2.573495]]]}},{"id":"107","type":"Feature","properties":{"id":"mwanza_households_at_risk_of_rockfall.108","ogc_fid":108,"fid":109,"ward":"Nyegezi","subward":"Ibanda","district":"Nyamagana"},"geometry":{"type":"Polygon","coordinates":[[[32.92222335,-2.57388123],[32.92226271,-2.57383661],[32.92234407,-2.57379637],[32.92239744,-2.57378588],[32.9224298,-2.57383137],[32.92241493,-2.57387773],[32.92237906,-2.57390747],[32.92233707,-2.57393897],[32.92230995,-2.57394947],[32.92226621,-2.57394684],[32.92222335,-2.57388123]]]}},{"id":"108","type":"Feature","properties":{"id":"mwanza_households_at_risk_of_rockfall.109","ogc_fid":109,"fid":110,"ward":"Nyegezi","subward":"Ibanda","district":"Nyamagana"},"geometry":{"type":"Polygon","coordinates":[[[32.92123918,-2.57676199],[32.92123218,-2.57649605],[32.92143514,-2.57616712],[32.9216136,-2.57601665],[32.92180606,-2.57581719],[32.922079,-2.57571921],[32.92213499,-2.57550576],[32.92226796,-2.57522582],[32.92247617,-2.57494763],[32.92257765,-2.57478666],[32.92264938,-2.57479366],[32.92289783,-2.57514359],[32.92310953,-2.57542003],[32.92333349,-2.57577695],[32.92338772,-2.57599565],[32.9230448,-2.57632283],[32.92290133,-2.57651879],[32.92276836,-2.57662727],[32.92241493,-2.57663077],[32.922114,-2.57690371],[32.92158911,-2.57714866],[32.92123918,-2.57676199]]]}},{"id":"109","type":"Feature","properties":{"id":"mwanza_households_at_risk_of_rockfall.110","ogc_fid":110,"fid":111,"ward":"Nyegezi","subward":"Ibanda","district":"Nyamagana"},"geometry":{"type":"Polygon","coordinates":[[[32.9212838,-2.57801035],[32.92114383,-2.57803309],[32.92105285,-2.57796136],[32.92101086,-2.57782664],[32.92110359,-2.5777584],[32.92118582,-2.5777514],[32.92121906,-2.57778465],[32.92130654,-2.57785638],[32.92133454,-2.57795961],[32.9212838,-2.57801035]]]}},{"id":"110","type":"Feature","properties":{"id":"mwanza_households_at_risk_of_rockfall.111","ogc_fid":111,"fid":112,"ward":"Nyegezi","subward":"Ibanda","district":"Nyamagana"},"geometry":{"type":"Polygon","coordinates":[[[32.92124181,-2.57816431],[32.92128905,-2.57808208],[32.92140102,-2.57811533],[32.92140977,-2.57816082],[32.92139752,-2.57823955],[32.92134678,-2.57828329],[32.9212663,-2.57826229],[32.92124181,-2.57816431]]]}},{"id":"111","type":"Feature","properties":{"id":"mwanza_households_at_risk_of_rockfall.112","ogc_fid":112,"fid":113,"ward":"Nyegezi","subward":"Ibanda","district":"Nyamagana"},"geometry":{"type":"Polygon","coordinates":[[[32.92152175,-2.57829204],[32.92165997,-2.57823255],[32.9217667,-2.57816606],[32.92200464,-2.57819231],[32.92207988,-2.57820631],[32.92211662,-2.57831653],[32.92224259,-2.57833228],[32.92224434,-2.57842851],[32.92220935,-2.57859997],[32.92206763,-2.57853873],[32.92198365,-2.57847575],[32.92198015,-2.57842501],[32.92197315,-2.57835852],[32.92191541,-2.57833053],[32.92179469,-2.57833753],[32.92167047,-2.57838477],[32.92161798,-2.57841976],[32.92151825,-2.57836552],[32.92152175,-2.57829204]]]}},{"id":"112","type":"Feature","properties":{"id":"mwanza_households_at_risk_of_rockfall.113","ogc_fid":113,"fid":114,"ward":"Butimba","subward":"Amani","district":"Nyamagana"},"geometry":{"type":"Polygon","coordinates":[[[32.91507678,-2.56765536],[32.91510434,-2.56756744],[32.91518832,-2.56757925],[32.91521194,-2.5676383],[32.91523031,-2.56772753],[32.91515027,-2.56772753],[32.91511221,-2.56770785],[32.91507678,-2.56765536]]]}},{"id":"113","type":"Feature","properties":{"id":"mwanza_households_at_risk_of_rockfall.114","ogc_fid":114,"fid":115,"ward":"Butimba","subward":"Amani","district":"Nyamagana"},"geometry":{"type":"Polygon","coordinates":[[[32.91473758,-2.56802213],[32.91477825,-2.56794799],[32.91485108,-2.56796636],[32.91492522,-2.56801819],[32.91492719,-2.56806477],[32.91490029,-2.5681107],[32.91478088,-2.56808446],[32.91473758,-2.56802213]]]}},{"id":"114","type":"Feature","properties":{"id":"mwanza_households_at_risk_of_rockfall.115","ogc_fid":115,"fid":116,"ward":"Butimba","subward":"Amani","district":"Nyamagana"},"geometry":{"type":"Polygon","coordinates":[[[32.91416086,-2.56693954],[32.91422975,-2.56684966],[32.91429995,-2.56684047],[32.91433472,-2.56685359],[32.91436491,-2.56689624],[32.91436097,-2.56701303],[32.9143426,-2.56706814],[32.91418907,-2.56722167],[32.91408803,-2.56716393],[32.91408015,-2.56702353],[32.91416086,-2.56693954]]]}},{"id":"115","type":"Feature","properties":{"id":"mwanza_households_at_risk_of_rockfall.116","ogc_fid":116,"fid":117,"ward":"Butimba","subward":"Amani","district":"Nyamagana"},"geometry":{"type":"Polygon","coordinates":[[[32.91384461,-2.56845188],[32.91391547,-2.56836724],[32.91398108,-2.56840201],[32.91400601,-2.56844532],[32.9140047,-2.56846894],[32.91393712,-2.56850109],[32.91388857,-2.56849715],[32.91384461,-2.56845188]]]}},{"id":"116","type":"Feature","properties":{"id":"mwanza_households_at_risk_of_rockfall.117","ogc_fid":117,"fid":118,"ward":"Butimba","subward":"Amani","district":"Nyamagana"},"geometry":{"type":"Polygon","coordinates":[[[32.91350737,-2.56866511],[32.91357167,-2.56857063],[32.91367533,-2.56859688],[32.91375407,-2.56869267],[32.91374619,-2.56879502],[32.91367009,-2.56883177],[32.91356248,-2.56880027],[32.91350737,-2.56866511]]]}},{"id":"117","type":"Feature","properties":{"id":"mwanza_households_at_risk_of_rockfall.118","ogc_fid":118,"fid":119,"ward":"Butimba","subward":"Amani","district":"Nyamagana"},"geometry":{"type":"Polygon","coordinates":[[[32.91265869,-2.56777969],[32.91257209,-2.56778101],[32.91246448,-2.56773508],[32.91244349,-2.56757499],[32.91253141,-2.567512],[32.91262195,-2.56753824],[32.91269937,-2.5675225],[32.91274923,-2.56751594],[32.91280435,-2.5675763],[32.91287783,-2.56767078],[32.91290539,-2.56775476],[32.91283847,-2.56780725],[32.91272299,-2.56783349],[32.91265869,-2.56777969]]]}},{"id":"118","type":"Feature","properties":{"id":"mwanza_households_at_risk_of_rockfall.119","ogc_fid":119,"fid":120,"ward":"Butimba","subward":"Amani","district":"Nyamagana"},"geometry":{"type":"Polygon","coordinates":[[[32.91001063,-2.56726727],[32.91013136,-2.56729876],[32.91026258,-2.56719641],[32.91033869,-2.5670127],[32.91045941,-2.56706257],[32.91070873,-2.56719116],[32.91080321,-2.5672489],[32.91080059,-2.56744573],[32.91078747,-2.56757958],[32.91065624,-2.56771867],[32.91045941,-2.56773967],[32.91030719,-2.5677318],[32.91025995,-2.56776329],[32.91022321,-2.56787614],[32.91018909,-2.56798374],[32.91011299,-2.56809135],[32.91003163,-2.56828818],[32.91013136,-2.56841678],[32.90991615,-2.56848501],[32.90973507,-2.56815433],[32.90972194,-2.56792863],[32.90973507,-2.56779216],[32.91001063,-2.56726727]]]}},{"id":"119","type":"Feature","properties":{"id":"mwanza_households_at_risk_of_rockfall.120","ogc_fid":120,"fid":121,"ward":"Butimba","subward":"Amani","district":"Nyamagana"},"geometry":{"type":"Polygon","coordinates":[[[32.9090409,-2.56821863],[32.90920755,-2.56829999],[32.90921936,-2.56840628],[32.90911439,-2.56850207],[32.90899629,-2.56851519],[32.90892674,-2.56844433],[32.90890443,-2.56834592],[32.9088795,-2.56826981],[32.9090409,-2.56821863]]]}},{"id":"120","type":"Feature","properties":{"id":"mwanza_households_at_risk_of_rockfall.121","ogc_fid":121,"fid":122,"ward":"Butimba","subward":"Amani","district":"Nyamagana"},"geometry":{"type":"Polygon","coordinates":[[[32.90767751,-2.5681727],[32.90787696,-2.56816745],[32.90793208,-2.56822519],[32.90795307,-2.56842202],[32.90799506,-2.5685585],[32.90803443,-2.56878945],[32.90779036,-2.56891017],[32.90765651,-2.56884981],[32.90761977,-2.56866085],[32.90764076,-2.56831442],[32.90767751,-2.5681727]]]}},{"id":"121","type":"Feature","properties":{"id":"mwanza_households_at_risk_of_rockfall.122","ogc_fid":122,"fid":123,"ward":"Butimba","subward":"Amani","district":"Nyamagana"},"geometry":{"type":"Polygon","coordinates":[[[32.90770769,-2.56765831],[32.90783628,-2.56765438],[32.90792552,-2.56767537],[32.90797144,-2.56773311],[32.90801737,-2.56777248],[32.90793733,-2.56789189],[32.90784416,-2.56793125],[32.90768538,-2.56786827],[32.90767619,-2.56779085],[32.90770769,-2.56765831]]]}},{"id":"122","type":"Feature","properties":{"id":"mwanza_households_at_risk_of_rockfall.123","ogc_fid":123,"fid":124,"ward":"Butimba","subward":"Amani","district":"Nyamagana"},"geometry":{"type":"Polygon","coordinates":[[[32.90787856,-2.56692909],[32.90801339,-2.56703144],[32.90798092,-2.56711805],[32.90790218,-2.56723713],[32.90783821,-2.56725485],[32.90775161,-2.56717611],[32.90772503,-2.56710919],[32.90787856,-2.56692909]]]}},{"id":"123","type":"Feature","properties":{"id":"mwanza_households_at_risk_of_rockfall.124","ogc_fid":124,"fid":125,"ward":"Butimba","subward":"Amani","district":"Nyamagana"},"geometry":{"type":"Polygon","coordinates":[[[32.90875053,-2.56740346],[32.90879974,-2.56750778],[32.90866196,-2.56760816],[32.90858322,-2.56763965],[32.90850843,-2.56762784],[32.90845135,-2.56756683],[32.90848284,-2.56747235],[32.9086344,-2.56739952],[32.90868755,-2.5673759],[32.90875053,-2.56740346]]]}},{"id":"124","type":"Feature","properties":{"id":"mwanza_households_at_risk_of_rockfall.125","ogc_fid":125,"fid":126,"ward":"Butimba","subward":"Amani","district":"Nyamagana"},"geometry":{"type":"Polygon","coordinates":[[[32.90894048,-2.56738279],[32.90898575,-2.56749695],[32.90909597,-2.56746644],[32.90918455,-2.56746743],[32.9092495,-2.56743396],[32.90928297,-2.56737491],[32.90929576,-2.56732275],[32.90928001,-2.56727059],[32.9091501,-2.56724008],[32.90902511,-2.56730012],[32.90898181,-2.56729913],[32.90894048,-2.56738279]]]}},{"id":"125","type":"Feature","properties":{"id":"mwanza_households_at_risk_of_rockfall.126","ogc_fid":126,"fid":127,"ward":"Butimba","subward":"Kambarage","district":"Nyamagana"},"geometry":{"type":"Polygon","coordinates":[[[32.92714457,-2.56246393],[32.92725972,-2.5623419],[32.92735715,-2.56226119],[32.9274349,-2.56217951],[32.9274723,-2.56216278],[32.92752151,-2.56220805],[32.92753036,-2.56230154],[32.92756973,-2.56239012],[32.92757367,-2.56254267],[32.92751954,-2.5626962],[32.92747033,-2.56277296],[32.92732861,-2.56285661],[32.92720264,-2.56277886],[32.92712883,-2.56262337],[32.9270747,-2.56256333],[32.92714457,-2.56246393]]]}},{"id":"126","type":"Feature","properties":{"id":"mwanza_households_at_risk_of_rockfall.127","ogc_fid":127,"fid":128,"ward":"Butimba","subward":"Kambarage","district":"Nyamagana"},"geometry":{"type":"Polygon","coordinates":[[[32.92605018,-2.56232418],[32.92623225,-2.56236945],[32.92651372,-2.56255841],[32.92656293,-2.56271785],[32.92641629,-2.5628015],[32.92625292,-2.5627208],[32.92605412,-2.56263222],[32.92595964,-2.56246688],[32.92605018,-2.56232418]]]}},{"id":"127","type":"Feature","properties":{"id":"mwanza_households_at_risk_of_rockfall.128","ogc_fid":128,"fid":129,"ward":"Butimba","subward":"Kambarage","district":"Nyamagana"},"geometry":{"type":"Polygon","coordinates":[[[32.92712554,-2.56162182],[32.92718919,-2.56159885],[32.92723708,-2.56164806],[32.9272338,-2.5617281],[32.92717213,-2.56174385],[32.92711177,-2.56168283],[32.92712554,-2.56162182]]]}},{"id":"128","type":"Feature","properties":{"id":"mwanza_households_at_risk_of_rockfall.129","ogc_fid":129,"fid":130,"ward":"Butimba","subward":"Kambarage","district":"Nyamagana"},"geometry":{"type":"Polygon","coordinates":[[[32.92625686,-2.56169399],[32.92635527,-2.56169333],[32.92638086,-2.56174516],[32.92638283,-2.5618029],[32.92638414,-2.56183964],[32.92634281,-2.56188032],[32.92630475,-2.56187179],[32.9262667,-2.56185342],[32.92622995,-2.56181537],[32.92625686,-2.56169399]]]}},{"id":"129","type":"Feature","properties":{"id":"mwanza_households_at_risk_of_rockfall.130","ogc_fid":130,"fid":131,"ward":"Butimba","subward":"Kambarage","district":"Nyamagana"},"geometry":{"type":"Polygon","coordinates":[[[32.92509226,-2.56138365],[32.92521298,-2.56136003],[32.92534683,-2.56148338],[32.92559353,-2.56163822],[32.92582448,-2.56175107],[32.9259767,-2.56185605],[32.92593208,-2.56216311],[32.92581661,-2.56222609],[32.9255148,-2.56203188],[32.92525104,-2.5619794],[32.92516837,-2.56192953],[32.92509226,-2.56210274],[32.92489018,-2.56204501],[32.92479045,-2.5619689],[32.92479045,-2.56184817],[32.92479045,-2.56165921],[32.92489543,-2.56150175],[32.92509226,-2.56138365]]]}},{"id":"130","type":"Feature","properties":{"id":"mwanza_households_at_risk_of_rockfall.131","ogc_fid":131,"fid":132,"ward":"Butimba","subward":"Kambarage","district":"Nyamagana"},"geometry":{"type":"Polygon","coordinates":[[[32.92374658,-2.56204894],[32.92387518,-2.56187048],[32.92396834,-2.5618298],[32.92408776,-2.56187967],[32.92414024,-2.56196759],[32.92410613,-2.562066],[32.92395653,-2.56212636],[32.92377676,-2.56211324],[32.92374658,-2.56204894]]]}},{"id":"131","type":"Feature","properties":{"id":"mwanza_households_at_risk_of_rockfall.132","ogc_fid":132,"fid":133,"ward":"Butimba","subward":"Kambarage","district":"Nyamagana"},"geometry":{"type":"Polygon","coordinates":[[[32.92507323,-2.56110283],[32.92515853,-2.56101491],[32.92529893,-2.56103197],[32.92537636,-2.56106347],[32.92541047,-2.56113695],[32.9253593,-2.561217],[32.92522939,-2.56124849],[32.92508242,-2.56120912],[32.92507323,-2.56110283]]]}},{"id":"132","type":"Feature","properties":{"id":"mwanza_households_at_risk_of_rockfall.133","ogc_fid":133,"fid":134,"ward":"Butimba","subward":"Kambarage","district":"Nyamagana"},"geometry":{"type":"Polygon","coordinates":[[[32.92457065,-2.56090337],[32.92469007,-2.56086401],[32.92475436,-2.56090731],[32.92477011,-2.56099392],[32.92474518,-2.56108184],[32.92467169,-2.56108184],[32.92458771,-2.56103591],[32.92457065,-2.56090337]]]}},{"id":"133","type":"Feature","properties":{"id":"mwanza_households_at_risk_of_rockfall.134","ogc_fid":134,"fid":135,"ward":"Butimba","subward":"Kambarage","district":"Nyamagana"},"geometry":{"type":"Polygon","coordinates":[[[32.92471106,-2.56052546],[32.92483441,-2.56052808],[32.92486721,-2.56061075],[32.92484097,-2.56075641],[32.92475699,-2.56072754],[32.92469269,-2.56067242],[32.92471106,-2.56052546]]]}},{"id":"134","type":"Feature","properties":{"id":"mwanza_households_at_risk_of_rockfall.135","ogc_fid":135,"fid":136,"ward":"Butimba","subward":"Kambarage","district":"Nyamagana"},"geometry":{"type":"Polygon","coordinates":[[[32.92521758,-2.56059369],[32.92534486,-2.56062781],[32.92537636,-2.56068161],[32.92535142,-2.56076953],[32.92525038,-2.56088369],[32.92520708,-2.56092306],[32.92511654,-2.56087582],[32.9250693,-2.56079315],[32.9251336,-2.56065668],[32.92521758,-2.56059369]]]}},{"id":"135","type":"Feature","properties":{"id":"mwanza_households_at_risk_of_rockfall.136","ogc_fid":136,"fid":137,"ward":"Butimba","subward":"Kambarage","district":"Nyamagana"},"geometry":{"type":"Polygon","coordinates":[[[32.92447092,-2.56027876],[32.92451554,-2.56024858],[32.92461658,-2.56024333],[32.92471237,-2.56028663],[32.92475699,-2.56038111],[32.92473074,-2.56045066],[32.92467826,-2.56046641],[32.92462183,-2.56045853],[32.92449979,-2.56039423],[32.92447092,-2.56027876]]]}},{"id":"136","type":"Feature","properties":{"id":"mwanza_households_at_risk_of_rockfall.137","ogc_fid":137,"fid":138,"ward":"Butimba","subward":"Kambarage","district":"Nyamagana"},"geometry":{"type":"Polygon","coordinates":[[[32.9273893,-2.55999007],[32.92748641,-2.55989165],[32.92758745,-2.55992708],[32.92763862,-2.56002025],[32.92757957,-2.56011342],[32.92742079,-2.56005306],[32.9273893,-2.55999007]]]}},{"id":"137","type":"Feature","properties":{"id":"mwanza_households_at_risk_of_rockfall.138","ogc_fid":138,"fid":139,"ward":"Butimba","subward":"Kambarage","district":"Nyamagana"},"geometry":{"type":"Polygon","coordinates":[[[32.92193047,-2.56034174],[32.92201707,-2.56023414],[32.92212205,-2.56022365],[32.92219029,-2.5602722],[32.92222178,-2.56033256],[32.92221128,-2.56035355],[32.92211287,-2.5604769],[32.92196458,-2.56045328],[32.92193047,-2.56034174]]]}},{"id":"138","type":"Feature","properties":{"id":"mwanza_households_at_risk_of_rockfall.139","ogc_fid":139,"fid":140,"ward":"Butimba","subward":"Kambarage","district":"Nyamagana"},"geometry":{"type":"Polygon","coordinates":[[[32.92248291,-2.55977979],[32.9225564,-2.55971418],[32.92268499,-2.55980997],[32.9226745,-2.55992807],[32.92259051,-2.55991495],[32.92247373,-2.55982965],[32.92248291,-2.55977979]]]}},{"id":"139","type":"Feature","properties":{"id":"mwanza_households_at_risk_of_rockfall.140","ogc_fid":140,"fid":141,"ward":"Butimba","subward":"Kambarage","district":"Nyamagana"},"geometry":{"type":"Polygon","coordinates":[[[32.9224816,-2.55947929],[32.92257477,-2.55947929],[32.92265744,-2.5595016],[32.9227073,-2.55953047],[32.92281097,-2.55953703],[32.92289757,-2.5595882],[32.9228792,-2.55971942],[32.92280178,-2.55971286],[32.92256558,-2.55961051],[32.92247373,-2.5595554],[32.9224816,-2.55947929]]]}},{"id":"140","type":"Feature","properties":{"id":"mwanza_households_at_risk_of_rockfall.141","ogc_fid":141,"fid":142,"ward":"Butimba","subward":"Kambarage","district":"Nyamagana"},"geometry":{"type":"Polygon","coordinates":[[[32.92317642,-2.55913089],[32.92325712,-2.55899902],[32.92333323,-2.55896949],[32.92341328,-2.55899639],[32.92340015,-2.55905544],[32.92333782,-2.55915517],[32.92328599,-2.55919651],[32.92320135,-2.55917879],[32.92317642,-2.55913089]]]}},{"id":"141","type":"Feature","properties":{"id":"mwanza_households_at_risk_of_rockfall.142","ogc_fid":142,"fid":143,"ward":"Butimba","subward":"Kambarage","district":"Nyamagana"},"geometry":{"type":"Polygon","coordinates":[[[32.92377282,-2.55937103],[32.92382925,-2.55928836],[32.92391061,-2.55929361],[32.92394997,-2.55934347],[32.92391061,-2.55944583],[32.9238778,-2.55947601],[32.92377414,-2.55942614],[32.92377282,-2.55937103]]]}},{"id":"142","type":"Feature","properties":{"id":"mwanza_households_at_risk_of_rockfall.143","ogc_fid":143,"fid":144,"ward":"Butimba","subward":"Kambarage","district":"Nyamagana"},"geometry":{"type":"Polygon","coordinates":[[[32.92359764,-2.55893931],[32.92365604,-2.55885467],[32.9237164,-2.55886189],[32.92371049,-2.55892553],[32.92367047,-2.55898524],[32.92362323,-2.55897933],[32.92359764,-2.55893931]]]}},{"id":"143","type":"Feature","properties":{"id":"mwanza_households_at_risk_of_rockfall.144","ogc_fid":144,"fid":145,"ward":"Butimba","subward":"Kambarage","district":"Nyamagana"},"geometry":{"type":"Polygon","coordinates":[[[32.92385549,-2.55865587],[32.92392832,-2.55866178],[32.9239526,-2.55869392],[32.92395129,-2.55876807],[32.92391323,-2.55881006],[32.9238614,-2.55881465],[32.92385549,-2.55880874],[32.92384106,-2.5587287],[32.92385549,-2.55865587]]]}},{"id":"144","type":"Feature","properties":{"id":"mwanza_households_at_risk_of_rockfall.145","ogc_fid":145,"fid":146,"ward":"Butimba","subward":"Kambarage","district":"Nyamagana"},"geometry":{"type":"Polygon","coordinates":[[[32.92523136,-2.55848594],[32.92534421,-2.55851284],[32.92541441,-2.55854105],[32.92543344,-2.55858042],[32.92543737,-2.55863881],[32.92540194,-2.55867621],[32.92534158,-2.55867818],[32.9252786,-2.55864078],[32.92519396,-2.55858501],[32.92523136,-2.55848594]]]}},{"id":"145","type":"Feature","properties":{"id":"mwanza_households_at_risk_of_rockfall.146","ogc_fid":146,"fid":147,"ward":"Butimba","subward":"Kambarage","district":"Nyamagana"},"geometry":{"type":"Polygon","coordinates":[[[32.92637692,-2.55773076],[32.92645762,-2.55772944],[32.92648912,-2.55773797],[32.92650421,-2.55781408],[32.92649109,-2.5579184],[32.926455,-2.55795055],[32.92640579,-2.5579499],[32.92637102,-2.55785738],[32.92636708,-2.55780358],[32.92637692,-2.55773076]]]}},{"id":"146","type":"Feature","properties":{"id":"mwanza_households_at_risk_of_rockfall.147","ogc_fid":147,"fid":148,"ward":"Mkuyuni","subward":"Nyakurunduma","district":"Nyamagana"},"geometry":{"type":"Polygon","coordinates":[[[32.91922729,-2.55515093],[32.91928766,-2.55495672],[32.91937689,-2.55482288],[32.91954485,-2.55489374],[32.91968132,-2.55486487],[32.91984404,-2.55500921],[32.92032431,-2.55490817],[32.92038861,-2.55494885],[32.92045553,-2.55516405],[32.92046078,-2.55536089],[32.92051852,-2.55561546],[32.92052114,-2.55590152],[32.920012,-2.55604849],[32.91957634,-2.55608523],[32.91939001,-2.55582016],[32.91951598,-2.55539238],[32.919432,-2.55522704],[32.91940051,-2.55516143],[32.91922729,-2.55515093]]]}},{"id":"147","type":"Feature","properties":{"id":"mwanza_households_at_risk_of_rockfall.148","ogc_fid":148,"fid":149,"ward":"Mkuyuni","subward":"Nyakurunduma","district":"Nyamagana"},"geometry":{"type":"Polygon","coordinates":[[[32.92186092,-2.55384527],[32.92193309,-2.55383609],[32.92198952,-2.55385446],[32.92212468,-2.5539017],[32.92237662,-2.55395419],[32.92253671,-2.5539765],[32.9225144,-2.55406573],[32.92250653,-2.55410116],[32.9222992,-2.55409984],[32.92215223,-2.55408147],[32.92202363,-2.55405129],[32.92191866,-2.55413921],[32.92189241,-2.5541917],[32.92181368,-2.55420876],[32.92176775,-2.55413659],[32.92177169,-2.55404342],[32.92181499,-2.55393057],[32.92186092,-2.55384527]]]}},{"id":"148","type":"Feature","properties":{"id":"mwanza_households_at_risk_of_rockfall.149","ogc_fid":149,"fid":150,"ward":"Mkuyuni","subward":"Nyakurunduma","district":"Nyamagana"},"geometry":{"type":"Polygon","coordinates":[[[32.92269943,-2.55346998],[32.92275848,-2.55344505],[32.92284246,-2.55346211],[32.92293956,-2.55351853],[32.92312196,-2.55358939],[32.9233188,-2.55369174],[32.92338047,-2.55374686],[32.92333323,-2.55390432],[32.92328205,-2.55391876],[32.92318364,-2.55381772],[32.92298155,-2.5537193],[32.92282015,-2.55369174],[32.92274929,-2.55364582],[32.92268368,-2.5535579],[32.92269943,-2.55346998]]]}},{"id":"149","type":"Feature","properties":{"id":"mwanza_households_at_risk_of_rockfall.150","ogc_fid":150,"fid":151,"ward":"Mkuyuni","subward":"Nyakurunduma","district":"Nyamagana"},"geometry":{"type":"Polygon","coordinates":[[[32.92346052,-2.55286373],[32.92353794,-2.55283618],[32.92357861,-2.5528598],[32.92365079,-2.55295559],[32.92369409,-2.55303957],[32.92373214,-2.55315111],[32.92370984,-2.55322459],[32.92361404,-2.55324821],[32.92355106,-2.55320753],[32.92353269,-2.55311962],[32.92348545,-2.5530107],[32.92344739,-2.55290835],[32.92346052,-2.55286373]]]}},{"id":"150","type":"Feature","properties":{"id":"mwanza_households_at_risk_of_rockfall.151","ogc_fid":151,"fid":152,"ward":"Mkuyuni","subward":"Kang'anga","district":"Nyamagana"},"geometry":{"type":"Polygon","coordinates":[[[32.91186328,-2.55498608],[32.91204174,-2.5551278],[32.91218346,-2.55528265],[32.91230681,-2.55545586],[32.91216247,-2.55552409],[32.91198925,-2.55539812],[32.9118764,-2.55525115],[32.91186328,-2.55516192],[32.91181079,-2.55508319],[32.91186328,-2.55498608]]]}},{"id":"151","type":"Feature","properties":{"id":"mwanza_households_at_risk_of_rockfall.152","ogc_fid":152,"fid":155,"ward":"Mkuyuni","subward":"Kang'anga","district":"Nyamagana"},"geometry":{"type":"Polygon","coordinates":[[[32.9101738,-2.55502086],[32.91022891,-2.5548962],[32.9102919,-2.55482534],[32.91036669,-2.55478991],[32.91040869,-2.55481222],[32.91048611,-2.55497034],[32.91060552,-2.55505301],[32.9106252,-2.55512649],[32.91058977,-2.5552459],[32.91053335,-2.55528002],[32.91043493,-2.55529905],[32.91027746,-2.55543027],[32.91020923,-2.55540534],[32.91011475,-2.55530561],[32.91005045,-2.55522688],[32.90997828,-2.55508516],[32.91010163,-2.55501298],[32.9101738,-2.55502086]]]}},{"id":"152","type":"Feature","properties":{"id":"mwanza_households_at_risk_of_rockfall.153","ogc_fid":153,"fid":156,"ward":"Mkuyuni","subward":"Kang'anga","district":"Nyamagana"},"geometry":{"type":"Polygon","coordinates":[[[32.91093489,-2.55487192],[32.91100247,-2.5547886],[32.91109104,-2.55478335],[32.91115665,-2.55479581],[32.91119011,-2.55482403],[32.91118027,-2.55489226],[32.91115075,-2.55494212],[32.91107726,-2.55495065],[32.91103593,-2.55494081],[32.91093489,-2.55487192]]]}},{"id":"153","type":"Feature","properties":{"id":"mwanza_households_at_risk_of_rockfall.154","ogc_fid":154,"fid":157,"ward":"Mkuyuni","subward":"Kang'anga","district":"Nyamagana"},"geometry":{"type":"Polygon","coordinates":[[[32.91114222,-2.5544566],[32.91120389,-2.55434244],[32.91128,-2.55431488],[32.91139154,-2.55435819],[32.91140597,-2.55440018],[32.91133905,-2.55456027],[32.91118027,-2.55455108],[32.91114222,-2.5544566]]]}},{"id":"154","type":"Feature","properties":{"id":"mwanza_households_at_risk_of_rockfall.155","ogc_fid":155,"fid":158,"ward":"Mkuyuni","subward":"Kang'anga","district":"Nyamagana"},"geometry":{"type":"Polygon","coordinates":[[[32.91184786,-2.55404263],[32.91184916,-2.55391463],[32.91189749,-2.55387022],[32.91202287,-2.55387937],[32.91207381,-2.55400867],[32.91207512,-2.55413275],[32.91196018,-2.55417063],[32.91190402,-2.55416541],[32.91184786,-2.55404263]]]}},{"id":"155","type":"Feature","properties":{"id":"mwanza_households_at_risk_of_rockfall.156","ogc_fid":156,"fid":159,"ward":"Mkuyuni","subward":"Kang'anga","district":"Nyamagana"},"geometry":{"type":"Polygon","coordinates":[[[32.91219006,-2.55412492],[32.91234679,-2.55405569],[32.91239251,-2.55414581],[32.91239773,-2.55427381],[32.91229847,-2.55434957],[32.91218092,-2.55426337],[32.91214304,-2.554185],[32.91213128,-2.55413406],[32.91219006,-2.55412492]]]}},{"id":"156","type":"Feature","properties":{"id":"mwanza_households_at_risk_of_rockfall.157","ogc_fid":157,"fid":160,"ward":"Mkuyuni","subward":"Kang'anga","district":"Nyamagana"},"geometry":{"type":"Polygon","coordinates":[[[32.91256785,-2.55453177],[32.91259267,-2.55448475],[32.91269716,-2.55448345],[32.9127285,-2.55455136],[32.91272067,-2.55457879],[32.91272459,-2.55461798],[32.91272067,-2.55464018],[32.91265275,-2.55460361],[32.91258744,-2.5545814],[32.91256785,-2.55453177]]]}},{"id":"157","type":"Feature","properties":{"id":"mwanza_households_at_risk_of_rockfall.158","ogc_fid":158,"fid":161,"ward":"Mkuyuni","subward":"Kang'anga","district":"Nyamagana"},"geometry":{"type":"Polygon","coordinates":[[[32.91264034,-2.55427904],[32.91265993,-2.55423071],[32.91266744,-2.55408475],[32.9126152,-2.55398157],[32.91265569,-2.55389537],[32.91272491,-2.55388361],[32.91280459,-2.55404035],[32.91291169,-2.55420884],[32.91285454,-2.55437961],[32.91277618,-2.55445406],[32.91266777,-2.55440834],[32.9126325,-2.55436394],[32.91264034,-2.55427904]]]}},{"id":"158","type":"Feature","properties":{"id":"mwanza_households_at_risk_of_rockfall.159","ogc_fid":159,"fid":162,"ward":"Mkuyuni","subward":"Kang'anga","district":"Nyamagana"},"geometry":{"type":"Polygon","coordinates":[[[32.91204443,-2.5535561],[32.91195822,-2.55345945],[32.91201047,-2.55335627],[32.91206141,-2.55335104],[32.91210189,-2.55339415],[32.91213977,-2.55348949],[32.91211234,-2.55354435],[32.91204443,-2.5535561]]]}},{"id":"159","type":"Feature","properties":{"id":"mwanza_households_at_risk_of_rockfall.160","ogc_fid":160,"fid":163,"ward":"Mkuyuni","subward":"Kang'anga","district":"Nyamagana"},"geometry":{"type":"Polygon","coordinates":[[[32.91071088,-2.55381602],[32.91080884,-2.55378598],[32.91086892,-2.55381471],[32.91089113,-2.55388002],[32.91084019,-2.55400802],[32.91079447,-2.55404328],[32.91072002,-2.5540028],[32.91071088,-2.55381602]]]}},{"id":"160","type":"Feature","properties":{"id":"mwanza_households_at_risk_of_rockfall.161","ogc_fid":161,"fid":164,"ward":"Mkuyuni","subward":"Kang'anga","district":"Nyamagana"},"geometry":{"type":"Polygon","coordinates":[[[32.91081015,-2.55344639],[32.91095904,-2.55323349],[32.91109357,-2.55323088],[32.91120067,-2.55330272],[32.9112712,-2.55335888],[32.91136786,-2.55348688],[32.91141357,-2.55358745],[32.91136394,-2.55370761],[32.91123594,-2.55374549],[32.91105961,-2.55371545],[32.91104394,-2.55369586],[32.91081015,-2.55344639]]]}},{"id":"161","type":"Feature","properties":{"id":"mwanza_households_at_risk_of_rockfall.162","ogc_fid":162,"fid":165,"ward":"Mkuyuni","subward":"Kang'anga","district":"Nyamagana"},"geometry":{"type":"Polygon","coordinates":[[[32.91045488,-2.55358876],[32.9103099,-2.55348688],[32.91014794,-2.5532988],[32.91006305,-2.55316166],[32.91001472,-2.55287954],[32.91004999,-2.55276721],[32.91006305,-2.55271235],[32.91020411,-2.5526575],[32.9103099,-2.55260786],[32.91046011,-2.5525935],[32.91056329,-2.55277374],[32.91084541,-2.55275807],[32.91122418,-2.55285994],[32.91144884,-2.55268754],[32.91173879,-2.55287823],[32.91167088,-2.55326484],[32.9112712,-2.55323349],[32.91106745,-2.55313423],[32.91081929,-2.55307415],[32.91060247,-2.55299056],[32.91056329,-2.55304019],[32.91057635,-2.55315774],[32.91063121,-2.55324917],[32.91063904,-2.55330925],[32.91069651,-2.55345031],[32.91059986,-2.55359137],[32.91045488,-2.55358876]]]}},{"id":"162","type":"Feature","properties":{"id":"mwanza_households_at_risk_of_rockfall.163","ogc_fid":163,"fid":166,"ward":"Mkuyuni","subward":"Mlumbani","district":"Nyamagana"},"geometry":{"type":"Polygon","coordinates":[[[32.9099024,-2.55128673],[32.90993897,-2.55121358],[32.91002386,-2.55123056],[32.91009439,-2.55127236],[32.91009831,-2.55130893],[32.91009701,-2.55137554],[32.91004476,-2.55142387],[32.90990501,-2.55142387],[32.9099024,-2.55128673]]]}},{"id":"163","type":"Feature","properties":{"id":"mwanza_households_at_risk_of_rockfall.164","ogc_fid":164,"fid":167,"ward":"Mkuyuni","subward":"Mlumbani","district":"Nyamagana"},"geometry":{"type":"Polygon","coordinates":[[[32.90962615,-2.55098958],[32.90968427,-2.55093407],[32.90976395,-2.55095954],[32.90982011,-2.55104118],[32.90977178,-2.55107252],[32.90966991,-2.55108363],[32.90962615,-2.55098958]]]}},{"id":"164","type":"Feature","properties":{"id":"mwanza_households_at_risk_of_rockfall.165","ogc_fid":165,"fid":168,"ward":"Mkuyuni","subward":"Mlumbani","district":"Nyamagana"},"geometry":{"type":"Polygon","coordinates":[[[32.90912395,-2.55122664],[32.90927285,-2.55114044],[32.90938779,-2.55111824],[32.90946615,-2.55120444],[32.90942436,-2.55126191],[32.90924803,-2.55131154],[32.90916575,-2.55131546],[32.90912395,-2.55122664]]]}},{"id":"165","type":"Feature","properties":{"id":"mwanza_households_at_risk_of_rockfall.166","ogc_fid":166,"fid":169,"ward":"Mkuyuni","subward":"Mlumbani","district":"Nyamagana"},"geometry":{"type":"Polygon","coordinates":[[[32.9086642,-2.55074338],[32.9090064,-2.55064804],[32.90911089,-2.55064804],[32.90916966,-2.5507042],[32.9092206,-2.55077212],[32.90920493,-2.55082306],[32.90913962,-2.55086746],[32.90908607,-2.55097718],[32.90906126,-2.55112607],[32.90886142,-2.55118354],[32.90873734,-2.55115089],[32.90871905,-2.55104901],[32.90866942,-2.55103073],[32.90843693,-2.5510686],[32.90840428,-2.55101767],[32.90839514,-2.55093799],[32.90861718,-2.55086877],[32.9086655,-2.55086093],[32.9086642,-2.55074338]]]}},{"id":"166","type":"Feature","properties":{"id":"mwanza_households_at_risk_of_rockfall.167","ogc_fid":167,"fid":170,"ward":"Mkuyuni","subward":"Mlumbani","district":"Nyamagana"},"geometry":{"type":"Polygon","coordinates":[[[32.90923823,-2.55032085],[32.90935187,-2.55028689],[32.90941587,-2.55033391],[32.90941979,-2.55041098],[32.90939236,-2.55044232],[32.90919644,-2.5504384],[32.90902534,-2.55042795],[32.9089522,-2.55040314],[32.90892738,-2.55023987],[32.90885685,-2.55024771],[32.9088033,-2.55018632],[32.90880591,-2.55014453],[32.90906452,-2.55006355],[32.90915334,-2.55016804],[32.90917685,-2.550266],[32.90923823,-2.55032085]]]}},{"id":"167","type":"Feature","properties":{"id":"mwanza_households_at_risk_of_rockfall.168","ogc_fid":168,"fid":171,"ward":"Mkuyuni","subward":"Mlumbani","district":"Nyamagana"},"geometry":{"type":"Polygon","coordinates":[[[32.90926305,-2.55007922],[32.90925913,-2.55002175],[32.90930615,-2.54999171],[32.9094237,-2.55001522],[32.90947072,-2.55008575],[32.90945244,-2.55016281],[32.90939497,-2.55017457],[32.90931268,-2.55018894],[32.90926697,-2.550138],[32.90926305,-2.55007922]]]}},{"id":"168","type":"Feature","properties":{"id":"mwanza_households_at_risk_of_rockfall.169","ogc_fid":169,"fid":172,"ward":"Mkuyuni","subward":"Mlumbani","district":"Nyamagana"},"geometry":{"type":"Polygon","coordinates":[[[32.9107997,-2.54937914],[32.9108428,-2.54931123],[32.91092247,-2.54933735],[32.91094468,-2.54939874],[32.91087284,-2.54944837],[32.91078141,-2.54940918],[32.9107997,-2.54937914]]]}},{"id":"169","type":"Feature","properties":{"id":"mwanza_households_at_risk_of_rockfall.170","ogc_fid":170,"fid":173,"ward":"Mkuyuni","subward":"Mlumbani","district":"Nyamagana"},"geometry":{"type":"Polygon","coordinates":[[[32.9088993,-2.54880184],[32.90891432,-2.54876527],[32.90898877,-2.54876004],[32.90902142,-2.5487927],[32.90902991,-2.5488136],[32.90902991,-2.54883711],[32.90898877,-2.5488678],[32.90893195,-2.54886649],[32.9088993,-2.54880184]]]}},{"id":"170","type":"Feature","properties":{"id":"mwanza_households_at_risk_of_rockfall.171","ogc_fid":171,"fid":174,"ward":"Mkuyuni","subward":"Mlumbani","district":"Nyamagana"},"geometry":{"type":"Polygon","coordinates":[[[32.90848787,-2.54853213],[32.90856754,-2.54849294],[32.90864591,-2.54847074],[32.90867073,-2.54838454],[32.90869424,-2.5483336],[32.9087504,-2.54836364],[32.90877391,-2.54841719],[32.90878697,-2.5485269],[32.90874648,-2.54861311],[32.90856101,-2.54865882],[32.90848787,-2.54853213]]]}},{"id":"171","type":"Feature","properties":{"id":"mwanza_households_at_risk_of_rockfall.172","ogc_fid":172,"fid":175,"ward":"Mkuyuni","subward":"Mlumbani","district":"Nyamagana"},"geometry":{"type":"Polygon","coordinates":[[[32.90857669,-2.54810546],[32.90864199,-2.54806889],[32.90870033,-2.54807499],[32.9087282,-2.54813855],[32.90872558,-2.54817164],[32.90867595,-2.54820037],[32.90862719,-2.54820821],[32.90857669,-2.54810546]]]}},{"id":"172","type":"Feature","properties":{"id":"mwanza_households_at_risk_of_rockfall.173","ogc_fid":173,"fid":176,"ward":"Mkuyuni","subward":"Relwe","district":"Nyamagana"},"geometry":{"type":"Polygon","coordinates":[[[32.90847046,-2.54780201],[32.90859497,-2.54778721],[32.90861935,-2.54785425],[32.90860455,-2.5479631],[32.90849571,-2.5479779],[32.90845565,-2.5479065],[32.90847046,-2.54780201]]]}},{"id":"173","type":"Feature","properties":{"id":"mwanza_households_at_risk_of_rockfall.174","ogc_fid":174,"fid":177,"ward":"Mkuyuni","subward":"Relwe","district":"Nyamagana"},"geometry":{"type":"Polygon","coordinates":[[[32.9085436,-2.54755472],[32.90861326,-2.54745719],[32.90868031,-2.54745632],[32.90878392,-2.54745893],[32.90885445,-2.54748593],[32.9089006,-2.54755994],[32.9089215,-2.54761915],[32.90887187,-2.54765137],[32.90860885,-2.5476887],[32.9085436,-2.54755472]]]}},{"id":"174","type":"Feature","properties":{"id":"mwanza_households_at_risk_of_rockfall.175","ogc_fid":175,"fid":178,"ward":"Mkuyuni","subward":"Relwe","district":"Nyamagana"},"geometry":{"type":"Polygon","coordinates":[[[32.90913478,-2.54728468],[32.90913478,-2.54741529],[32.90906164,-2.54744489],[32.90897805,-2.5474031],[32.90894496,-2.54726552],[32.90913478,-2.54728468]]]}},{"id":"175","type":"Feature","properties":{"id":"mwanza_households_at_risk_of_rockfall.176","ogc_fid":176,"fid":179,"ward":"Mkuyuni","subward":"Relwe","district":"Nyamagana"},"geometry":{"type":"Polygon","coordinates":[[[32.90825359,-2.54758508],[32.90826316,-2.54753806],[32.90834676,-2.54753719],[32.9083694,-2.5475607],[32.90838507,-2.54760598],[32.9083694,-2.54763036],[32.90834501,-2.54764342],[32.90827361,-2.54767912],[32.90824488,-2.54765823],[32.90825359,-2.54758508]]]}},{"id":"176","type":"Feature","properties":{"id":"mwanza_households_at_risk_of_rockfall.177","ogc_fid":177,"fid":180,"ward":"Mkuyuni","subward":"Relwe","district":"Nyamagana"},"geometry":{"type":"Polygon","coordinates":[[[32.90850088,-2.54698427],[32.9085209,-2.54693986],[32.90857141,-2.54691287],[32.90866197,-2.5469416],[32.90868896,-2.54701388],[32.90866022,-2.54706525],[32.90851307,-2.54706873],[32.90850088,-2.54698427]]]}},{"id":"177","type":"Feature","properties":{"id":"mwanza_households_at_risk_of_rockfall.178","ogc_fid":178,"fid":181,"ward":"Mkuyuni","subward":"Relwe","district":"Nyamagana"},"geometry":{"type":"Polygon","coordinates":[[[32.90899111,-2.54704348],[32.90886224,-2.54701823],[32.90881609,-2.54696337],[32.90882915,-2.54690503],[32.90883089,-2.5468763],[32.90876907,-2.54679445],[32.90881522,-2.54671347],[32.90881957,-2.54662378],[32.9088483,-2.54652539],[32.90901462,-2.54649404],[32.90907209,-2.54637388],[32.90914153,-2.54628942],[32.90922316,-2.54626656],[32.90935442,-2.5463286],[32.90944302,-2.5464418],[32.90946392,-2.54665426],[32.90932112,-2.5467274],[32.90926539,-2.54681448],[32.90915916,-2.54681273],[32.90913652,-2.54682492],[32.90916961,-2.54695902],[32.90913826,-2.54702171],[32.90906686,-2.54700604],[32.90899111,-2.54704348]]]}},{"id":"178","type":"Feature","properties":{"id":"mwanza_households_at_risk_of_rockfall.179","ogc_fid":179,"fid":182,"ward":"Mkuyuni","subward":"Relwe","district":"Nyamagana"},"geometry":{"type":"Polygon","coordinates":[[[32.90818828,-2.5467348],[32.90831802,-2.54666688],[32.90838333,-2.54667472],[32.90842164,-2.54676267],[32.90840945,-2.54681404],[32.90834763,-2.54685061],[32.90820308,-2.54684452],[32.90818828,-2.5467348]]]}},{"id":"179","type":"Feature","properties":{"id":"mwanza_households_at_risk_of_rockfall.180","ogc_fid":180,"fid":183,"ward":"Mkuyuni","subward":"Relwe","district":"Nyamagana"},"geometry":{"type":"Polygon","coordinates":[[[32.91015377,-2.54642133],[32.91018381,-2.54638868],[32.91026479,-2.54638476],[32.91029875,-2.54641611],[32.91028438,-2.54648664],[32.91021907,-2.54652713],[32.91020079,-2.5466055],[32.91008324,-2.54664076],[32.91002838,-2.54657284],[32.9099892,-2.54652844],[32.91000748,-2.54643309],[32.91015377,-2.54642133]]]}},{"id":"180","type":"Feature","properties":{"id":"mwanza_households_at_risk_of_rockfall.181","ogc_fid":181,"fid":184,"ward":"Mkuyuni","subward":"Relwe","district":"Nyamagana"},"geometry":{"type":"Polygon","coordinates":[[[32.90986903,-2.5462228],[32.91004014,-2.54614836],[32.9100545,-2.54627244],[32.9099892,-2.54634689],[32.90987948,-2.54633644],[32.90985989,-2.54627374],[32.90986903,-2.5462228]]]}},{"id":"181","type":"Feature","properties":{"id":"mwanza_households_at_risk_of_rockfall.182","ogc_fid":182,"fid":185,"ward":"Mkuyuni","subward":"Relwe","district":"Nyamagana"},"geometry":{"type":"Polygon","coordinates":[[[32.9089652,-2.54634754],[32.90882022,-2.54624958],[32.90878365,-2.54618819],[32.90867524,-2.54613072],[32.90854333,-2.54626917],[32.90838398,-2.54626917],[32.90831606,-2.54613987],[32.90847541,-2.54595701],[32.90855116,-2.54594134],[32.90854594,-2.54580289],[32.90860863,-2.54576109],[32.90875884,-2.54573889],[32.90889337,-2.54574803],[32.90894953,-2.54587211],[32.908943,-2.54602885],[32.90894692,-2.5461464],[32.90906316,-2.54628876],[32.90906316,-2.54628876],[32.9089652,-2.54634754]]]}},{"id":"182","type":"Feature","properties":{"id":"mwanza_households_at_risk_of_rockfall.183","ogc_fid":183,"fid":186,"ward":"Mkuyuni","subward":"Relwe","district":"Nyamagana"},"geometry":{"type":"Polygon","coordinates":[[[32.90943083,-2.5457686],[32.9095732,-2.54576207],[32.90962283,-2.5458953],[32.90962283,-2.54599195],[32.909551,-2.5460233],[32.90947393,-2.54599195],[32.90939426,-2.54591619],[32.90943083,-2.5457686]]]}},{"id":"183","type":"Feature","properties":{"id":"mwanza_households_at_risk_of_rockfall.184","ogc_fid":184,"fid":187,"ward":"Igogo","subward":"Azimio","district":"Nyamagana"},"geometry":{"type":"Polygon","coordinates":[[[32.90882349,-2.54488828],[32.90888357,-2.54464534],[32.9090403,-2.54463489],[32.90919965,-2.54465057],[32.90968814,-2.54479163],[32.90966724,-2.54497448],[32.90953402,-2.54529579],[32.90936683,-2.54567195],[32.90923361,-2.54567195],[32.90906381,-2.54555701],[32.90892275,-2.54538983],[32.90879998,-2.5451913],[32.90878169,-2.54501628],[32.90882349,-2.54488828]]]}},{"id":"184","type":"Feature","properties":{"id":"mwanza_households_at_risk_of_rockfall.185","ogc_fid":185,"fid":188,"ward":"Igogo","subward":"Azimio","district":"Nyamagana"},"geometry":{"type":"Polygon","coordinates":[[[32.90901883,-2.54437831],[32.90906527,-2.54429124],[32.90911054,-2.54427034],[32.90919065,-2.54433304],[32.90923129,-2.54442127],[32.90909545,-2.54447352],[32.90901883,-2.54437831]]]}},{"id":"185","type":"Feature","properties":{"id":"mwanza_households_at_risk_of_rockfall.186","ogc_fid":186,"fid":189,"ward":"Igogo","subward":"Azimio","district":"Nyamagana"},"geometry":{"type":"Polygon","coordinates":[[[32.90946116,-2.54403698],[32.90925218,-2.54390231],[32.90910126,-2.54378389],[32.90911519,-2.54360742],[32.90925218,-2.54341469],[32.90933578,-2.54336128],[32.90952618,-2.54345416],[32.90967479,-2.54354704],[32.90974445,-2.54362367],[32.90978392,-2.54370958],[32.90946116,-2.54403698]]]}},{"id":"186","type":"Feature","properties":{"id":"mwanza_households_at_risk_of_rockfall.187","ogc_fid":187,"fid":190,"ward":"Igogo","subward":"Malulu","district":"Nyamagana"},"geometry":{"type":"Polygon","coordinates":[[[32.90985358,-2.54283884],[32.90993949,-2.54268559],[32.91005791,-2.5426972],[32.91021116,-2.54278311],[32.91023438,-2.54288528],[32.91019955,-2.54302228],[32.91015544,-2.54306871],[32.90988376,-2.54295029],[32.90985358,-2.54283884]]]}},{"id":"187","type":"Feature","properties":{"id":"mwanza_households_at_risk_of_rockfall.188","ogc_fid":188,"fid":191,"ward":"Igogo","subward":"Malulu","district":"Nyamagana"},"geometry":{"type":"Polygon","coordinates":[[[32.9100614,-2.54243946],[32.91020188,-2.54233729],[32.91024716,-2.54233961],[32.91028431,-2.54238373],[32.91033655,-2.54234077],[32.91039344,-2.54235587],[32.91043872,-2.54241159],[32.91049909,-2.54243597],[32.91058268,-2.54241972],[32.9106326,-2.54241275],[32.91066976,-2.54246616],[32.91068369,-2.54252537],[32.91077425,-2.54255672],[32.91077657,-2.54264031],[32.91073245,-2.54268675],[32.91064189,-2.54271461],[32.91057572,-2.54267398],[32.91050141,-2.54260083],[32.91045381,-2.54254743],[32.91036442,-2.54258574],[32.91029243,-2.542602],[32.91020768,-2.54258226],[32.9101148,-2.5425126],[32.9100614,-2.54243946]]]}},{"id":"188","type":"Feature","properties":{"id":"mwanza_households_at_risk_of_rockfall.189","ogc_fid":189,"fid":192,"ward":"Igogo","subward":"Malulu","district":"Nyamagana"},"geometry":{"type":"Polygon","coordinates":[[[32.91091589,-2.54245049],[32.91105056,-2.54241914],[32.91108017,-2.54244816],[32.91108829,-2.5425097],[32.91107785,-2.54257181],[32.91102212,-2.54258748],[32.91094027,-2.54257181],[32.91091589,-2.54245049]]]}},{"id":"189","type":"Feature","properties":{"id":"mwanza_households_at_risk_of_rockfall.190","ogc_fid":190,"fid":193,"ward":"Igogo","subward":"Malulu","district":"Nyamagana"},"geometry":{"type":"Polygon","coordinates":[[[32.9114006,-2.5422061],[32.9115376,-2.54210625],[32.9116386,-2.54215501],[32.91173381,-2.54229433],[32.91174542,-2.54236051],[32.91166879,-2.54243017],[32.91157475,-2.5424708],[32.91143891,-2.54226066],[32.9114006,-2.5422061]]]}},{"id":"190","type":"Feature","properties":{"id":"mwanza_households_at_risk_of_rockfall.191","ogc_fid":191,"fid":194,"ward":"Igogo","subward":"Malulu","district":"Nyamagana"},"geometry":{"type":"Polygon","coordinates":[[[32.9118917,-2.54212135],[32.91196717,-2.54210161],[32.91198226,-2.54204704],[32.91193234,-2.54198783],[32.91188706,-2.54195416],[32.91175819,-2.54190076],[32.9117222,-2.54196461],[32.91175586,-2.54200176],[32.9118917,-2.54212135]]]}},{"id":"191","type":"Feature","properties":{"id":"mwanza_households_at_risk_of_rockfall.192","ogc_fid":192,"fid":195,"ward":"Igogo","subward":"Malulu","district":"Nyamagana"},"geometry":{"type":"Polygon","coordinates":[[[32.91113589,-2.54202266],[32.91124155,-2.54194023],[32.91131817,-2.54199247],[32.91149,-2.54200408],[32.91148768,-2.54189843],[32.91145052,-2.54179743],[32.91136577,-2.54179395],[32.91128566,-2.54178698],[32.91122645,-2.54178466],[32.91112312,-2.54179859],[32.91107552,-2.54184038],[32.91106856,-2.54195765],[32.91113589,-2.54202266]]]}},{"id":"192","type":"Feature","properties":{"id":"mwanza_households_at_risk_of_rockfall.193","ogc_fid":193,"fid":196,"ward":"Igogo","subward":"Malulu","district":"Nyamagana"},"geometry":{"type":"Polygon","coordinates":[[[32.91301322,-2.5415989],[32.912853,-2.54145377],[32.91278334,-2.54128079],[32.91290641,-2.54119371],[32.91301206,-2.54121229],[32.91308984,-2.54130052],[32.91311655,-2.54137251],[32.91309565,-2.5415095],[32.91301322,-2.5415989]]]}},{"id":"193","type":"Feature","properties":{"id":"mwanza_households_at_risk_of_rockfall.194","ogc_fid":194,"fid":197,"ward":"Igogo","subward":"Azimio","district":"Nyamagana"},"geometry":{"type":"Polygon","coordinates":[[[32.90841859,-2.54145552],[32.90850683,-2.54145436],[32.90852889,-2.5414857],[32.90853005,-2.541596],[32.9084511,-2.54165172],[32.90841859,-2.54157974],[32.90841859,-2.54145552]]]}},{"id":"194","type":"Feature","properties":{"id":"mwanza_households_at_risk_of_rockfall.195","ogc_fid":195,"fid":198,"ward":"Igogo","subward":"Malulu","district":"Nyamagana"},"geometry":{"type":"Polygon","coordinates":[[[32.90939963,-2.53943423],[32.90941472,-2.5396165],[32.90949715,-2.5396583],[32.90955404,-2.53960838],[32.90951921,-2.53945977],[32.90939963,-2.53943423]]]}},{"id":"195","type":"Feature","properties":{"id":"mwanza_households_at_risk_of_rockfall.196","ogc_fid":196,"fid":199,"ward":"Igogo","subward":"Malulu","district":"Nyamagana"},"geometry":{"type":"Polygon","coordinates":[[[32.90936945,-2.53861167],[32.90943098,-2.53855245],[32.90950064,-2.5385629],[32.90955636,-2.53863605],[32.90958307,-2.53869177],[32.90958539,-2.53878001],[32.90951341,-2.5387893],[32.90940892,-2.53873821],[32.90936945,-2.53861167]]]}},{"id":"196","type":"Feature","properties":{"id":"mwanza_households_at_risk_of_rockfall.197","ogc_fid":197,"fid":200,"ward":"Igogo","subward":"Malulu","district":"Nyamagana"},"geometry":{"type":"Polygon","coordinates":[[[32.91111442,-2.53798589],[32.91116318,-2.53792552],[32.91124213,-2.537929],[32.91127579,-2.53791275],[32.91128973,-2.53787211],[32.91132804,-2.53778156],[32.91135358,-2.5377386],[32.91139073,-2.53777343],[32.9114244,-2.53780013],[32.9114244,-2.53785586],[32.91137912,-2.53792552],[32.91132572,-2.53801143],[32.91127347,-2.53809154],[32.91120149,-2.53814727],[32.91113531,-2.53809967],[32.91111442,-2.53798589]]]}},{"id":"197","type":"Feature","properties":{"id":"mwanza_households_at_risk_of_rockfall.198","ogc_fid":198,"fid":201,"ward":"Igogo","subward":"Malulu","district":"Nyamagana"},"geometry":{"type":"Polygon","coordinates":[[[32.91162758,-2.53743094],[32.91164035,-2.53734734],[32.91171233,-2.53735431],[32.91179011,-2.53737869],[32.91181914,-2.53745532],[32.91181914,-2.53754355],[32.91179592,-2.5376225],[32.91178083,-2.53770957],[32.91169375,-2.53768519],[32.91157765,-2.53762598],[32.91162874,-2.53751569],[32.91162758,-2.53743094]]]}},{"id":"198","type":"Feature","properties":{"id":"mwanza_households_at_risk_of_rockfall.199","ogc_fid":199,"fid":202,"ward":"Igogo","subward":"Malulu","district":"Nyamagana"},"geometry":{"type":"Polygon","coordinates":[[[32.91196542,-2.53774905],[32.91212448,-2.53763063],[32.91226148,-2.53775369],[32.91232881,-2.53772583],[32.91238222,-2.53773279],[32.91241473,-2.53776995],[32.91241473,-2.53786283],[32.91239383,-2.53793016],[32.91236364,-2.5379708],[32.91227309,-2.53806716],[32.91209081,-2.53788372],[32.91196542,-2.53774905]]]}},{"id":"199","type":"Feature","properties":{"id":"mwanza_households_at_risk_of_rockfall.200","ogc_fid":200,"fid":203,"ward":"Igogo","subward":"Malulu","district":"Nyamagana"},"geometry":{"type":"Polygon","coordinates":[[[32.91236306,-2.538441],[32.91248381,-2.53831561],[32.9125407,-2.53835973],[32.91255231,-2.53838759],[32.91252909,-2.5384619],[32.91246291,-2.53851066],[32.91236306,-2.538441]]]}},{"id":"200","type":"Feature","properties":{"id":"mwanza_households_at_risk_of_rockfall.201","ogc_fid":201,"fid":204,"ward":"Igogo","subward":"Malulu","district":"Nyamagana"},"geometry":{"type":"Polygon","coordinates":[[[32.91252502,-2.53804162],[32.91256972,-2.53801143],[32.91261384,-2.53802014],[32.91263241,-2.53803814],[32.91264228,-2.53806716],[32.91264112,-2.53809851],[32.91263358,-2.53811882],[32.91256217,-2.53811244],[32.91252502,-2.53804162]]]}},{"id":"201","type":"Feature","properties":{"id":"mwanza_households_at_risk_of_rockfall.202","ogc_fid":202,"fid":205,"ward":"Igogo","subward":"Malulu","district":"Nyamagana"},"geometry":{"type":"Polygon","coordinates":[[[32.91276128,-2.53786457],[32.91283094,-2.53778388],[32.91286461,-2.53776124],[32.91293776,-2.53776472],[32.91300683,-2.53772409],[32.9130614,-2.5377206],[32.91309623,-2.53774847],[32.91310958,-2.53779375],[32.91311829,-2.53783206],[32.91312758,-2.53788721],[32.91312061,-2.53793829],[32.91309913,-2.53796325],[32.91302483,-2.53797428],[32.91298071,-2.53791739],[32.9128948,-2.53794758],[32.91278915,-2.53792958],[32.91276128,-2.53786457]]]}},{"id":"202","type":"Feature","properties":{"id":"mwanza_households_at_risk_of_rockfall.203","ogc_fid":203,"fid":206,"ward":"Igogo","subward":"Jiwe","district":"Nyamagana"},"geometry":{"type":"Polygon","coordinates":[[[32.91430348,-2.53817189],[32.91430192,-2.53817107],[32.91415099,-2.53803872],[32.9141092,-2.53795861],[32.9140407,-2.53792029],[32.91388512,-2.53793423],[32.91387869,-2.53793076],[32.91384855,-2.53783496],[32.9138114,-2.53772118],[32.91381721,-2.53758419],[32.91382649,-2.53752382],[32.91363609,-2.53754239],[32.91358965,-2.5375006],[32.91351535,-2.53745648],[32.91354089,-2.53733341],[32.91371968,-2.5372057],[32.91381721,-2.53719642],[32.91381953,-2.5370571],[32.9138381,-2.53691081],[32.91382649,-2.53681213],[32.91390312,-2.53671576],[32.91388919,-2.53664611],[32.91383927,-2.53661011],[32.91378354,-2.53653929],[32.91362796,-2.53645106],[32.91356992,-2.53639998],[32.91364654,-2.53621886],[32.91387642,-2.53620493],[32.91394143,-2.53616662],[32.91404824,-2.53618635],[32.9141864,-2.53621886],[32.91423284,-2.53625717],[32.91418756,-2.53635586],[32.91418756,-2.53641507],[32.91428973,-2.53643713],[32.91435242,-2.53643016],[32.9143977,-2.53637559],[32.91442092,-2.53634193],[32.91451961,-2.53634425],[32.91457882,-2.53632103],[32.91463338,-2.53634889],[32.91468795,-2.53639998],[32.91465777,-2.53653117],[32.91468098,-2.53665423],[32.91453934,-2.53676569],[32.91440699,-2.53678891],[32.91431643,-2.5368307],[32.9142967,-2.53688179],[32.91427232,-2.53695377],[32.91429205,-2.53706987],[32.91420846,-2.53712792],[32.91417015,-2.53714765],[32.9141806,-2.53718481],[32.91427928,-2.53714998],[32.91435126,-2.53714998],[32.91437216,-2.53721267],[32.91449523,-2.53725679],[32.91441744,-2.53739262],[32.91438725,-2.5375273],[32.91440467,-2.53758767],[32.914508,-2.53761786],[32.91450335,-2.5376968],[32.91451729,-2.53784309],[32.91448942,-2.5380451],[32.91433965,-2.53809502],[32.91430348,-2.53817189]]]}},{"id":"203","type":"Feature","properties":{"id":"mwanza_households_at_risk_of_rockfall.204","ogc_fid":204,"fid":207,"ward":"Igogo","subward":"Jiwe","district":"Nyamagana"},"geometry":{"type":"Polygon","coordinates":[[[32.91467576,-2.53804336],[32.91496369,-2.53798763],[32.91510301,-2.53808516],[32.91520749,-2.53814553],[32.91528412,-2.53818732],[32.91540719,-2.53825698],[32.91543969,-2.53828949],[32.91542344,-2.53840791],[32.91530037,-2.53846364],[32.91514248,-2.53843578],[32.91502174,-2.53838005],[32.91493814,-2.53834986],[32.91479186,-2.53830342],[32.91471059,-2.53822215],[32.91467576,-2.53804336]]]}},{"id":"204","type":"Feature","properties":{"id":"mwanza_households_at_risk_of_rockfall.205","ogc_fid":205,"fid":208,"ward":"Igogo","subward":"Malulu","district":"Nyamagana"},"geometry":{"type":"Polygon","coordinates":[[[32.91387869,-2.53793076],[32.91388512,-2.53793423],[32.9140407,-2.53792029],[32.9141092,-2.53795861],[32.91415099,-2.53803872],[32.91430192,-2.53817107],[32.91430348,-2.53817189],[32.9143025,-2.53817397],[32.91437913,-2.53832026],[32.91441163,-2.53841778],[32.91431411,-2.53860354],[32.91415622,-2.53858264],[32.91386365,-2.53855245],[32.91360823,-2.53828543],[32.91356527,-2.53814146],[32.91356875,-2.53806484],[32.91360591,-2.53804278],[32.9136744,-2.53803349],[32.91376496,-2.5380393],[32.91376496,-2.53794177],[32.91388106,-2.53793829],[32.91387869,-2.53793076]]]}},{"id":"205","type":"Feature","properties":{"id":"mwanza_households_at_risk_of_rockfall.206","ogc_fid":206,"fid":209,"ward":"Igogo","subward":"Jiwe","district":"Nyamagana"},"geometry":{"type":"Polygon","coordinates":[[[32.91564693,-2.53848686],[32.91576071,-2.53846364],[32.91591396,-2.53836612],[32.91602193,-2.53829065],[32.91606489,-2.53819777],[32.91607766,-2.53798067],[32.91601264,-2.53777633],[32.91595111,-2.53775079],[32.91576419,-2.53773802],[32.91562023,-2.53787269],[32.91550181,-2.53805149],[32.91549368,-2.53817687],[32.91551342,-2.53825698],[32.91550529,-2.53837773],[32.91549368,-2.53841023],[32.91552038,-2.53844274],[32.91564693,-2.53848686]]]}},{"id":"206","type":"Feature","properties":{"id":"mwanza_households_at_risk_of_rockfall.207","ogc_fid":207,"fid":210,"ward":"Igogo","subward":"Jiwe","district":"Nyamagana"},"geometry":{"type":"Polygon","coordinates":[[[32.91529167,-2.53754297],[32.91547975,-2.53753601],[32.91557959,-2.53739901],[32.91561674,-2.53724344],[32.9155912,-2.53711573],[32.91552619,-2.53698105],[32.91536133,-2.53685334],[32.91513609,-2.53678368],[32.91508501,-2.53683012],[32.91505715,-2.53694158],[32.91520111,-2.53701124],[32.9153056,-2.53710876],[32.91534043,-2.53734328],[32.91529167,-2.53754297]]]}},{"id":"207","type":"Feature","properties":{"id":"mwanza_households_at_risk_of_rockfall.208","ogc_fid":208,"fid":211,"ward":"Igogo","subward":"Jiwe","district":"Nyamagana"},"geometry":{"type":"Polygon","coordinates":[[[32.91505831,-2.53557857],[32.91517557,-2.53554258],[32.91525684,-2.53555187],[32.91527773,-2.53562501],[32.91530676,-2.53571325],[32.91527425,-2.53578639],[32.91515931,-2.53575504],[32.91508849,-2.53574343],[32.91505831,-2.53557857]]]}},{"id":"208","type":"Feature","properties":{"id":"mwanza_households_at_risk_of_rockfall.209","ogc_fid":209,"fid":212,"ward":"Igogo","subward":"Kwimba","district":"Nyamagana"},"geometry":{"type":"Polygon","coordinates":[[[32.90905598,-2.5370182],[32.90930211,-2.53699614],[32.90933345,-2.53704839],[32.9093114,-2.53717145],[32.90928934,-2.53728059],[32.9092754,-2.53735025],[32.9091268,-2.53738043],[32.90913492,-2.53751511],[32.90895845,-2.53746751],[32.90900722,-2.53727014],[32.90906643,-2.53714475],[32.90905598,-2.5370182]]]}},{"id":"209","type":"Feature","properties":{"id":"mwanza_households_at_risk_of_rockfall.210","ogc_fid":210,"fid":213,"ward":"Igogo","subward":"Kwimba","district":"Nyamagana"},"geometry":{"type":"Polygon","coordinates":[[[32.90899444,-2.53688237],[32.90927889,-2.53689978],[32.9093114,-2.53676511],[32.90937061,-2.53677091],[32.90945304,-2.53666526],[32.90949715,-2.53659676],[32.90949832,-2.53646093],[32.90943562,-2.53642029],[32.90931604,-2.53639707],[32.90930095,-2.53632625],[32.90926089,-2.53630942],[32.90915466,-2.53627575],[32.90912331,-2.53627749],[32.909085,-2.53630593],[32.90894452,-2.53642319],[32.90892014,-2.53652885],[32.90892479,-2.53662521],[32.908984,-2.53665772],[32.90895497,-2.53681329],[32.90899444,-2.53688237]]]}},{"id":"210","type":"Feature","properties":{"id":"mwanza_households_at_risk_of_rockfall.211","ogc_fid":211,"fid":214,"ward":"Igogo","subward":"Kwimba","district":"Nyamagana"},"geometry":{"type":"Polygon","coordinates":[[[32.9080819,-2.53626878],[32.90823864,-2.53627807],[32.90828624,-2.53620145],[32.9083083,-2.53612134],[32.90832339,-2.53607838],[32.90835822,-2.5360273],[32.90832107,-2.53595067],[32.90829204,-2.53588333],[32.90815853,-2.53593674],[32.9080819,-2.53598782],[32.90804359,-2.53607141],[32.9080819,-2.53626878]]]}},{"id":"211","type":"Feature","properties":{"id":"mwanza_households_at_risk_of_rockfall.212","ogc_fid":212,"fid":215,"ward":"Igogo","subward":"Kwimba","district":"Nyamagana"},"geometry":{"type":"Polygon","coordinates":[[[32.90788454,-2.53744487],[32.90802037,-2.53743906],[32.90806217,-2.53747505],[32.90807726,-2.53758535],[32.90806101,-2.53762366],[32.90790776,-2.53762482],[32.90784506,-2.53756329],[32.90788454,-2.53744487]]]}},{"id":"212","type":"Feature","properties":{"id":"mwanza_households_at_risk_of_rockfall.213","ogc_fid":213,"fid":216,"ward":"Igogo","subward":"Mulungushi","district":"Nyamagana"},"geometry":{"type":"Polygon","coordinates":[[[32.90303043,-2.53139145],[32.90309776,-2.5313276],[32.90317439,-2.53133689],[32.90319529,-2.53124517],[32.90323244,-2.53115345],[32.9032545,-2.53102342],[32.90335434,-2.53092357],[32.90345883,-2.53088178],[32.9035192,-2.53088642],[32.90352153,-2.53098511],[32.90353081,-2.53103155],[32.90357145,-2.53105361],[32.90359119,-2.5310954],[32.90357145,-2.53113139],[32.90346464,-2.53122079],[32.90340659,-2.5312382],[32.90340427,-2.53132644],[32.90337872,-2.53137404],[32.90334041,-2.53142396],[32.90328468,-2.53148666],[32.90321619,-2.53148898],[32.90309428,-2.53144834],[32.90303043,-2.53139145]]]}},{"id":"213","type":"Feature","properties":{"id":"mwanza_households_at_risk_of_rockfall.214","ogc_fid":214,"fid":217,"ward":"Igogo","subward":"Mulungushi","district":"Nyamagana"},"geometry":{"type":"Polygon","coordinates":[[[32.90433422,-2.5314228],[32.90450373,-2.53144834],[32.90455133,-2.53149943],[32.9045699,-2.53155748],[32.90451998,-2.53161088],[32.90462331,-2.53173511],[32.90467555,-2.53163294],[32.90471387,-2.53161204],[32.90472896,-2.53158186],[32.90468949,-2.53154122],[32.90470458,-2.53141235],[32.90474057,-2.53140771],[32.90482648,-2.53144254],[32.90489614,-2.53148201],[32.90491704,-2.5315598],[32.90491356,-2.53159695],[32.90488105,-2.53164107],[32.90481255,-2.53163178],[32.90478353,-2.5316968],[32.90476379,-2.5317444],[32.90476147,-2.53180477],[32.90479397,-2.53186978],[32.90478353,-2.53195105],[32.90489266,-2.53197659],[32.90500876,-2.53202884],[32.90500063,-2.53226916],[32.90496232,-2.53235508],[32.90487873,-2.53238991],[32.90483809,-2.5323156],[32.90485319,-2.53224943],[32.9048497,-2.53212288],[32.90480791,-2.53211824],[32.90471851,-2.53213217],[32.9045641,-2.53207644],[32.90447006,-2.53197543],[32.90441781,-2.53193248],[32.90434931,-2.53189068],[32.90417052,-2.53194989],[32.90395109,-2.53180361],[32.90382106,-2.53164339],[32.90399521,-2.53148782],[32.90425992,-2.53135779],[32.90433422,-2.5314228]]]}},{"id":"214","type":"Feature","properties":{"id":"mwanza_households_at_risk_of_rockfall.215","ogc_fid":215,"fid":218,"ward":"Igogo","subward":"Mulungushi","district":"Nyamagana"},"geometry":{"type":"Polygon","coordinates":[[[32.90516868,-2.53213188],[32.90526156,-2.53213768],[32.90531265,-2.53217135],[32.90532194,-2.53225494],[32.90529291,-2.53229209],[32.90519771,-2.53227236],[32.90517449,-2.53224449],[32.90516868,-2.53213188]]]}},{"id":"215","type":"Feature","properties":{"id":"mwanza_households_at_risk_of_rockfall.216","ogc_fid":216,"fid":219,"ward":"Igogo","subward":"Mulungushi","district":"Nyamagana"},"geometry":{"type":"Polygon","coordinates":[[[32.90536547,-2.53177023],[32.90546184,-2.53174353],[32.90552453,-2.53175455],[32.90556691,-2.53178996],[32.90559593,-2.53182654],[32.90560812,-2.53186775],[32.90562031,-2.53190781],[32.90559129,-2.53198095],[32.90555239,-2.5319972],[32.90546416,-2.53197166],[32.90542526,-2.53193567],[32.90537186,-2.53185962],[32.90536547,-2.53177023]]]}},{"id":"216","type":"Feature","properties":{"id":"mwanza_households_at_risk_of_rockfall.217","ogc_fid":217,"fid":220,"ward":"Igogo","subward":"Bugando","district":"Nyamagana"},"geometry":{"type":"Polygon","coordinates":[[[32.91070604,-2.53586969],[32.91081517,-2.53580584],[32.91088947,-2.53575243],[32.91097771,-2.53573269],[32.9110613,-2.5356909],[32.91106362,-2.53563169],[32.91110658,-2.53559105],[32.91116231,-2.53562937],[32.91118088,-2.53566652],[32.91117972,-2.53570715],[32.91113328,-2.53576985],[32.91105085,-2.5358337],[32.91095681,-2.53585692],[32.91088019,-2.53594748],[32.91078847,-2.53597766],[32.91070604,-2.53586969]]]}},{"id":"217","type":"Feature","properties":{"id":"mwanza_households_at_risk_of_rockfall.218","ogc_fid":218,"fid":221,"ward":"Igogo","subward":"Bugando","district":"Nyamagana"},"geometry":{"type":"Polygon","coordinates":[[[32.91071765,-2.5352265],[32.91075248,-2.53500359],[32.91082678,-2.53493625],[32.9108082,-2.53486195],[32.91073622,-2.53482015],[32.91064102,-2.5348457],[32.91065495,-2.53498502],[32.91064567,-2.53507557],[32.91055279,-2.53510111],[32.91045062,-2.53508254],[32.91039489,-2.53488749],[32.91041579,-2.53476443],[32.91029737,-2.53474817],[32.91027879,-2.53456241],[32.91035774,-2.53443238],[32.91036238,-2.5342443],[32.91034845,-2.5341282],[32.91058297,-2.53396566],[32.91070372,-2.53385189],[32.91090573,-2.53397495],[32.91098235,-2.5340957],[32.91098932,-2.5342861],[32.91096378,-2.53438827],[32.91093359,-2.53451133],[32.91095913,-2.53458563],[32.91103808,-2.53455313],[32.91109845,-2.53462975],[32.91126099,-2.53464833],[32.91132601,-2.53468316],[32.91136084,-2.53474121],[32.91136316,-2.53479229],[32.91130975,-2.5348991],[32.91116347,-2.53497341],[32.91103808,-2.53502913],[32.91099629,-2.53504074],[32.91096378,-2.53521257],[32.91071765,-2.5352265]]]}},{"id":"218","type":"Feature","properties":{"id":"mwanza_households_at_risk_of_rockfall.219","ogc_fid":219,"fid":222,"ward":"Igogo","subward":"Bugando","district":"Nyamagana"},"geometry":{"type":"Polygon","coordinates":[[[32.91214683,-2.53407944],[32.9122548,-2.53409802],[32.91228499,-2.5341282],[32.91229776,-2.53417813],[32.91229428,-2.53421528],[32.91228615,-2.53424662],[32.91216889,-2.53422921],[32.91208297,-2.53417929],[32.91214683,-2.53407944]]]}},{"id":"219","type":"Feature","properties":{"id":"mwanza_households_at_risk_of_rockfall.220","ogc_fid":220,"fid":223,"ward":"Igogo","subward":"Bugando","district":"Nyamagana"},"geometry":{"type":"Polygon","coordinates":[[[32.91267392,-2.53362549],[32.91275287,-2.5335837],[32.91286548,-2.53354771],[32.91293746,-2.53354887],[32.91305124,-2.53360808],[32.91307446,-2.53362549],[32.91307446,-2.5337474],[32.91305589,-2.533795],[32.91298739,-2.53379848],[32.91288406,-2.53383331],[32.91274822,-2.53383331],[32.91268321,-2.53382635],[32.91267392,-2.53362549]]]}},{"id":"220","type":"Feature","properties":{"id":"mwanza_households_at_risk_of_rockfall.221","ogc_fid":221,"fid":224,"ward":"Mabatini","subward":"Nyerere A","district":"Nyamagana"},"geometry":{"type":"Polygon","coordinates":[[[32.92391081,-2.53252982],[32.9239897,-2.53244847],[32.92414007,-2.53250517],[32.92416225,-2.53257419],[32.92409816,-2.53268759],[32.92402914,-2.53279605],[32.92412528,-2.53288233],[32.92429784,-2.5329267],[32.92430523,-2.53303024],[32.9241943,-2.53327675],[32.92400202,-2.53321019],[32.92378016,-2.53310419],[32.92375058,-2.53298833],[32.92385904,-2.53269991],[32.92391081,-2.53252982]]]}},{"id":"221","type":"Feature","properties":{"id":"mwanza_households_at_risk_of_rockfall.222","ogc_fid":222,"fid":225,"ward":"Mabatini","subward":"Nyerere A","district":"Nyamagana"},"geometry":{"type":"Polygon","coordinates":[[[32.9245616,-2.53347396],[32.92447532,-2.53329401],[32.92455421,-2.53305489],[32.92485742,-2.53281577],[32.92498807,-2.53261856],[32.92525184,-2.53277387],[32.9253677,-2.53260624],[32.9254737,-2.53250024],[32.92579417,-2.53280838],[32.9261171,-2.53279852],[32.92650905,-2.53287001],[32.92692566,-2.53302531],[32.92710561,-2.53349122],[32.92709575,-2.53397931],[32.92708589,-2.53454136],[32.92680487,-2.53502945],[32.92651398,-2.53520694],[32.92620831,-2.53530555],[32.9253603,-2.53494564],[32.92483277,-2.53446741],[32.92464049,-2.53396945],[32.9245616,-2.53347396]]]}},{"id":"222","type":"Feature","properties":{"id":"mwanza_households_at_risk_of_rockfall.223","ogc_fid":223,"fid":226,"ward":"Mabatini","subward":"Nyerere A","district":"Nyamagana"},"geometry":{"type":"Polygon","coordinates":[[[32.92463802,-2.53145995],[32.92435207,-2.53189382],[32.92446546,-2.53204172],[32.92466021,-2.53217977],[32.92477853,-2.53234986],[32.92487221,-2.53242135],[32.92498807,-2.53258652],[32.9251483,-2.53243121],[32.92538003,-2.53204419],[32.92496342,-2.53172372],[32.92481798,-2.5314994],[32.92463802,-2.53145995]]]}},{"id":"223","type":"Feature","properties":{"id":"mwanza_households_at_risk_of_rockfall.224","ogc_fid":224,"fid":227,"ward":"Mabatini","subward":"Nyerere A","district":"Nyamagana"},"geometry":{"type":"Polygon","coordinates":[[[32.92325509,-2.53022],[32.92330439,-2.53007948],[32.92337834,-2.52999814],[32.92352132,-2.5300499],[32.92354351,-2.53013618],[32.92348434,-2.53029395],[32.92341039,-2.53034325],[32.92325509,-2.53022]]]}},{"id":"224","type":"Feature","properties":{"id":"mwanza_households_at_risk_of_rockfall.225","ogc_fid":225,"fid":228,"ward":"Mabatini","subward":"Nyerere A","district":"Nyamagana"},"geometry":{"type":"Polygon","coordinates":[[[32.92146911,-2.53030997],[32.92135571,-2.53024835],[32.92137543,-2.53011769],[32.92135324,-2.52997472],[32.9214198,-2.52979969],[32.9213212,-2.52976025],[32.92122999,-2.52975532],[32.92105743,-2.52974793],[32.92091199,-2.52970109],[32.92095143,-2.52954825],[32.92111166,-2.52948662],[32.92124971,-2.52951127],[32.92130887,-2.52955565],[32.9214198,-2.52964192],[32.92155785,-2.52971095],[32.92159483,-2.52973067],[32.9216392,-2.52976518],[32.92174273,-2.52979969],[32.92175259,-2.52987858],[32.92156524,-2.5301029],[32.92146911,-2.53030997]]]}},{"id":"225","type":"Feature","properties":{"id":"mwanza_households_at_risk_of_rockfall.226","ogc_fid":226,"fid":229,"ward":"Mabatini","subward":"Nyerere A","district":"Nyamagana"},"geometry":{"type":"Polygon","coordinates":[[[32.92035025,-2.52913203],[32.92022637,-2.52913942],[32.92012284,-2.52921892],[32.91990652,-2.52904698],[32.92001376,-2.52887504],[32.92015057,-2.52879924],[32.9204168,-2.52880478],[32.92069013,-2.52887157],[32.92077394,-2.52890855],[32.92081431,-2.52895269],[32.92084759,-2.52903219],[32.92078935,-2.52930297],[32.92064421,-2.52927624],[32.92053698,-2.52924111],[32.92042235,-2.5291838],[32.92035025,-2.52913203]]]}},{"id":"226","type":"Feature","properties":{"id":"mwanza_households_at_risk_of_rockfall.227","ogc_fid":227,"fid":230,"ward":"Mabatini","subward":"Nyerere A","district":"Nyamagana"},"geometry":{"type":"Polygon","coordinates":[[[32.91963474,-2.52932801],[32.91968651,-2.52923187],[32.9197919,-2.52922817],[32.91985106,-2.5292633],[32.91986585,-2.52931506],[32.91985661,-2.52938902],[32.91982887,-2.5294223],[32.91972164,-2.52944633],[32.9196255,-2.52940381],[32.91963474,-2.52932801]]]}},{"id":"227","type":"Feature","properties":{"id":"mwanza_households_at_risk_of_rockfall.228","ogc_fid":228,"fid":231,"ward":"Mabatini","subward":"Nyerere A","district":"Nyamagana"},"geometry":{"type":"Polygon","coordinates":[[[32.91909396,-2.52980871],[32.91915404,-2.52967466],[32.91922707,-2.52962752],[32.91927699,-2.52962567],[32.91933523,-2.52964878],[32.91936574,-2.52968298],[32.91937591,-2.52971072],[32.91939532,-2.52974122],[32.91939255,-2.5297708],[32.91936759,-2.52982257],[32.91931767,-2.52985215],[32.91920119,-2.52987989],[32.91912354,-2.52986879],[32.91909396,-2.52980871]]]}},{"id":"228","type":"Feature","properties":{"id":"mwanza_households_at_risk_of_rockfall.229","ogc_fid":229,"fid":232,"ward":"Mabatini","subward":"Nyerere B","district":"Nyamagana"},"geometry":{"type":"Polygon","coordinates":[[[32.91643624,-2.52717133],[32.91647692,-2.5268977],[32.91658415,-2.52680526],[32.91673576,-2.52686073],[32.91684669,-2.52691619],[32.91688736,-2.52701603],[32.91689846,-2.5270678],[32.91692434,-2.52707149],[32.91706485,-2.52701973],[32.9171462,-2.52701603],[32.91729411,-2.52712696],[32.91732739,-2.5272194],[32.91722385,-2.52731924],[32.91735327,-2.52746345],[32.9174605,-2.52752631],[32.91744202,-2.52765203],[32.91735697,-2.5277075],[32.91717948,-2.52768392],[32.91702279,-2.52758131],[32.91700338,-2.52749395],[32.91700615,-2.52737609],[32.91707548,-2.52729844],[32.91700199,-2.52725823],[32.91684669,-2.52718196],[32.91683559,-2.52725684],[32.9168148,-2.52733172],[32.91674824,-2.52733172],[32.91661743,-2.52727487],[32.91643624,-2.52717133]]]}},{"id":"229","type":"Feature","properties":{"id":"mwanza_households_at_risk_of_rockfall.230","ogc_fid":230,"fid":233,"ward":"Mabatini","subward":"Nyerere B","district":"Nyamagana"},"geometry":{"type":"Polygon","coordinates":[[[32.91644549,-2.52765573],[32.91661928,-2.52754295],[32.91643624,-2.52730815],[32.91633456,-2.52718797],[32.91617741,-2.52713805],[32.91607942,-2.52719167],[32.91593521,-2.52749303],[32.91593151,-2.527628],[32.91586865,-2.52779254],[32.91575032,-2.5276964],[32.91535467,-2.52768901],[32.91529181,-2.52785171],[32.91521416,-2.52808096],[32.91472606,-2.5286578],[32.91551737,-2.52890924],[32.91566158,-2.52884823],[32.91582428,-2.52894437],[32.91607757,-2.52871881],[32.91614043,-2.52847846],[32.91591487,-2.52839527],[32.9159426,-2.52829728],[32.91604429,-2.52825475],[32.91608681,-2.5280976],[32.9161885,-2.52798482],[32.91631237,-2.52795894],[32.91641591,-2.52796079],[32.916427,-2.52786465],[32.9163401,-2.52773708],[32.91615152,-2.52762245],[32.91629203,-2.52754295],[32.91643624,-2.52759656],[32.91644549,-2.52765573]]]}},{"id":"230","type":"Feature","properties":{"id":"mwanza_households_at_risk_of_rockfall.231","ogc_fid":231,"fid":234,"ward":"Pamba","subward":"Mlimani","district":"Nyamagana"},"geometry":{"type":"Polygon","coordinates":[[[32.91635859,-2.52809853],[32.91643994,-2.52800054],[32.91657306,-2.52802272],[32.91664886,-2.52815584],[32.91664886,-2.52823904],[32.91653608,-2.52829081],[32.91644179,-2.52824458],[32.91635859,-2.52809853]]]}},{"id":"231","type":"Feature","properties":{"id":"mwanza_households_at_risk_of_rockfall.232","ogc_fid":232,"fid":235,"ward":"Pamba","subward":"Mlimani","district":"Nyamagana"},"geometry":{"type":"Polygon","coordinates":[[[32.91648616,-2.52852746],[32.9165102,-2.52842207],[32.91657121,-2.52839619],[32.9166692,-2.52843317],[32.91669878,-2.52850897],[32.91661743,-2.52856628],[32.91652129,-2.52858662],[32.91648616,-2.52852746]]]}},{"id":"232","type":"Feature","properties":{"id":"mwanza_households_at_risk_of_rockfall.233","ogc_fid":233,"fid":236,"ward":"Pamba","subward":"Mlimani","district":"Nyamagana"},"geometry":{"type":"Polygon","coordinates":[[[32.91670733,-2.52781427],[32.91674269,-2.52776781],[32.91680093,-2.52778515],[32.91682728,-2.52781011],[32.91681064,-2.52785171],[32.9167732,-2.52786072],[32.91672189,-2.52783368],[32.91670733,-2.52781427]]]}},{"id":"233","type":"Feature","properties":{"id":"mwanza_households_at_risk_of_rockfall.234","ogc_fid":234,"fid":237,"ward":"Pamba","subward":"Mlimani","district":"Nyamagana"},"geometry":{"type":"Polygon","coordinates":[[[32.9168453,-2.52779],[32.9168765,-2.52773037],[32.91692573,-2.52773731],[32.91696525,-2.52775672],[32.91702834,-2.52779069],[32.91701586,-2.52783923],[32.91698396,-2.52785933],[32.91688343,-2.52784963],[32.9168453,-2.52779]]]}},{"id":"234","type":"Feature","properties":{"id":"mwanza_households_at_risk_of_rockfall.235","ogc_fid":235,"fid":238,"ward":"Pamba","subward":"Mlimani","district":"Nyamagana"},"geometry":{"type":"Polygon","coordinates":[[[32.91667267,-2.52831623],[32.91687373,-2.52824828],[32.91694583,-2.52830236],[32.91691533,-2.52836615],[32.91690701,-2.52847153],[32.9167628,-2.52848678],[32.91672258,-2.52842438],[32.91667267,-2.52831623]]]}},{"id":"235","type":"Feature","properties":{"id":"mwanza_households_at_risk_of_rockfall.236","ogc_fid":236,"fid":239,"ward":"Pamba","subward":"Mlimani","district":"Nyamagana"},"geometry":{"type":"Polygon","coordinates":[[[32.91715521,-2.52806525],[32.91720652,-2.52797789],[32.91727862,-2.5279765],[32.91731884,-2.5280181],[32.9172911,-2.52810407],[32.91725921,-2.52814844],[32.9171774,-2.52813874],[32.91715521,-2.52806525]]]}},{"id":"236","type":"Feature","properties":{"id":"mwanza_households_at_risk_of_rockfall.237","ogc_fid":237,"fid":240,"ward":"Pamba","subward":"Mlimani","district":"Nyamagana"},"geometry":{"type":"Polygon","coordinates":[[[32.91721512,-2.52831892],[32.91727146,-2.5283423],[32.91734374,-2.52836144],[32.91734587,-2.52840608],[32.91736925,-2.52841884],[32.91738414,-2.52849962],[32.9173278,-2.52859317],[32.91711627,-2.52841246],[32.91714603,-2.52836569],[32.91721512,-2.52831892]]]}},{"id":"237","type":"Feature","properties":{"id":"mwanza_households_at_risk_of_rockfall.238","ogc_fid":238,"fid":241,"ward":"Pamba","subward":"Mlimani","district":"Nyamagana"},"geometry":{"type":"Polygon","coordinates":[[[32.91769134,-2.52853258],[32.91772004,-2.52847518],[32.91776468,-2.52846242],[32.91780614,-2.52848262],[32.91781571,-2.52851663],[32.91780986,-2.52856234],[32.91779126,-2.52859529],[32.91772429,-2.5285921],[32.91769984,-2.52856925],[32.91769134,-2.52853258]]]}},{"id":"238","type":"Feature","properties":{"id":"mwanza_households_at_risk_of_rockfall.239","ogc_fid":239,"fid":242,"ward":"Pamba","subward":"Bugarika Kaskazini","district":"Nyamagana"},"geometry":{"type":"Polygon","coordinates":[[[32.91799694,-2.52865907],[32.91790712,-2.52858626],[32.91794645,-2.52853045],[32.9180198,-2.52856447],[32.91805328,-2.52860326],[32.91799694,-2.52865907]]]}},{"id":"239","type":"Feature","properties":{"id":"mwanza_households_at_risk_of_rockfall.240","ogc_fid":240,"fid":243,"ward":"Pamba","subward":"Bugarika Kaskazini","district":"Nyamagana"},"geometry":{"type":"Polygon","coordinates":[[[32.91805222,-2.52911137],[32.91809686,-2.52904015],[32.91814363,-2.52903271],[32.91825312,-2.52908905],[32.91827013,-2.5291592],[32.9182393,-2.52922085],[32.91815958,-2.52925487],[32.9180384,-2.52920278],[32.91805222,-2.52911137]]]}},{"id":"240","type":"Feature","properties":{"id":"mwanza_households_at_risk_of_rockfall.241","ogc_fid":241,"fid":244,"ward":"Pamba","subward":"Bugarika Kaskazini","district":"Nyamagana"},"geometry":{"type":"Polygon","coordinates":[[[32.91880002,-2.52926019],[32.91886486,-2.52919322],[32.9189499,-2.52920704],[32.91903175,-2.52929314],[32.91896478,-2.5293803],[32.91886061,-2.52941963],[32.91880002,-2.52926019]]]}},{"id":"241","type":"Feature","properties":{"id":"mwanza_households_at_risk_of_rockfall.242","ogc_fid":242,"fid":245,"ward":"Pamba","subward":"Bugarika Kaskazini","district":"Nyamagana"},"geometry":{"type":"Polygon","coordinates":[[[32.92254915,-2.53388175],[32.92243434,-2.53382009],[32.92250237,-2.53374781],[32.92259379,-2.53375419],[32.92262568,-2.53383072],[32.92254915,-2.53388175]]]}},{"id":"242","type":"Feature","properties":{"id":"mwanza_households_at_risk_of_rockfall.243","ogc_fid":243,"fid":246,"ward":"Pamba","subward":"Bugarika Kaskazini","district":"Nyamagana"},"geometry":{"type":"Polygon","coordinates":[[[32.92149786,-2.53331305],[32.92162329,-2.53331731],[32.92162223,-2.53342998],[32.92151062,-2.53344486],[32.92149786,-2.53331305]]]}},{"id":"243","type":"Feature","properties":{"id":"mwanza_households_at_risk_of_rockfall.244","ogc_fid":244,"fid":247,"ward":"Pamba","subward":"Bugarika Kaskazini","district":"Nyamagana"},"geometry":{"type":"Polygon","coordinates":[[[32.92139475,-2.53352565],[32.921399,-2.53368297],[32.92164561,-2.53367447],[32.92165199,-2.53351927],[32.92139475,-2.53352565]]]}},{"id":"244","type":"Feature","properties":{"id":"mwanza_households_at_risk_of_rockfall.245","ogc_fid":245,"fid":248,"ward":"Pamba","subward":"Bugarika Kaskazini","district":"Nyamagana"},"geometry":{"type":"Polygon","coordinates":[[[32.92098232,-2.53317699],[32.92108224,-2.53317912],[32.92114389,-2.53325353],[32.92111413,-2.53342148],[32.92111413,-2.5335384],[32.9209398,-2.53353628],[32.92087389,-2.53361707],[32.92075484,-2.53358411],[32.92079948,-2.5334438],[32.92089834,-2.53345124],[32.92096318,-2.53338108],[32.92096318,-2.53332581],[32.92098232,-2.53317699]]]}},{"id":"245","type":"Feature","properties":{"id":"mwanza_households_at_risk_of_rockfall.246","ogc_fid":246,"fid":249,"ward":"Pamba","subward":"Bugarika Kaskazini","district":"Nyamagana"},"geometry":{"type":"Polygon","coordinates":[[[32.920225,-2.53345333],[32.920285,-2.53336408],[32.92037429,-2.53337896],[32.9203998,-2.53341404],[32.92038917,-2.53347463],[32.92030201,-2.53356073],[32.92019359,-2.5335299],[32.920225,-2.53345333]]]}},{"id":"246","type":"Feature","properties":{"id":"mwanza_households_at_risk_of_rockfall.247","ogc_fid":247,"fid":250,"ward":"Pamba","subward":"Bugarika Kaskazini","district":"Nyamagana"},"geometry":{"type":"Polygon","coordinates":[[[32.91987841,-2.53191843],[32.9200081,-2.53194606],[32.92008038,-2.53200346],[32.92010058,-2.53200772],[32.92017073,-2.53197795],[32.92019624,-2.53193118],[32.92032168,-2.53197158],[32.92034719,-2.53200028],[32.92037482,-2.53203961],[32.92038333,-2.53203961],[32.92043967,-2.53203961],[32.92043967,-2.53203961],[32.92048333,-2.53199667],[32.92052789,-2.53198965],[32.92056297,-2.5320715],[32.92058742,-2.53211614],[32.92060974,-2.53216716],[32.92060336,-2.5322809],[32.92055128,-2.53236594],[32.92048333,-2.53238],[32.9204503,-2.53234893],[32.92037164,-2.53233618],[32.92034825,-2.53227984],[32.92023664,-2.53228197],[32.92014628,-2.53216823],[32.92006656,-2.53212358],[32.91997515,-2.53207681],[32.91986034,-2.53204492],[32.91983589,-2.53198327],[32.91987841,-2.53191843]]]}},{"id":"247","type":"Feature","properties":{"id":"mwanza_households_at_risk_of_rockfall.248","ogc_fid":248,"fid":251,"ward":"Pamba","subward":"Bugarika Kaskazini","district":"Nyamagana"},"geometry":{"type":"Polygon","coordinates":[[[32.91960735,-2.53163567],[32.91965413,-2.53159847],[32.91973385,-2.53161973],[32.91978594,-2.5316463],[32.91981782,-2.53173559],[32.91976042,-2.53179406],[32.91969771,-2.53181638],[32.91961373,-2.53172284],[32.91960735,-2.53163567]]]}},{"id":"248","type":"Feature","properties":{"id":"mwanza_households_at_risk_of_rockfall.249","ogc_fid":249,"fid":252,"ward":"Pamba","subward":"Bugarika Kaskazini","district":"Nyamagana"},"geometry":{"type":"Polygon","coordinates":[[[32.9193634,-2.53193703],[32.91936021,-2.53202844],[32.91929643,-2.53203695],[32.91925604,-2.53201569],[32.91923159,-2.53194766],[32.91923372,-2.53191364],[32.9193634,-2.53193703]]]}},{"id":"249","type":"Feature","properties":{"id":"mwanza_households_at_risk_of_rockfall.250","ogc_fid":250,"fid":253,"ward":"Pamba","subward":"Bugarika Kaskazini","district":"Nyamagana"},"geometry":{"type":"Polygon","coordinates":[[[32.91868804,-2.53244096],[32.91884042,-2.53246427],[32.91893648,-2.53237164],[32.9189414,-2.53230482],[32.91888506,-2.53223785],[32.91883191,-2.53221872],[32.91878408,-2.5322421],[32.91875432,-2.53228143],[32.91865865,-2.53222191],[32.91867991,-2.53213793],[32.91867034,-2.53205502],[32.91860975,-2.532021],[32.91850345,-2.532004],[32.91845456,-2.53207415],[32.9183929,-2.53208478],[32.91837908,-2.53214325],[32.91841948,-2.53219852],[32.9184705,-2.53226974],[32.91851621,-2.53233777],[32.91864483,-2.5323686],[32.91868804,-2.53244096]]]}},{"id":"250","type":"Feature","properties":{"id":"mwanza_households_at_risk_of_rockfall.251","ogc_fid":251,"fid":254,"ward":"Pamba","subward":"Bugarika Kaskazini","district":"Nyamagana"},"geometry":{"type":"Polygon","coordinates":[[[32.91770197,-2.5310707],[32.9177785,-2.53106964],[32.91783165,-2.53107283],[32.91786885,-2.53115149],[32.91782846,-2.53126204],[32.91778275,-2.53132475],[32.91768921,-2.53122271],[32.91770197,-2.5310707]]]}},{"id":"251","type":"Feature","properties":{"id":"mwanza_households_at_risk_of_rockfall.252","ogc_fid":252,"fid":255,"ward":"Pamba","subward":"Bugarika Kaskazini","district":"Nyamagana"},"geometry":{"type":"Polygon","coordinates":[[[32.9180198,-2.53111641],[32.91802299,-2.53124822],[32.91814842,-2.53128861],[32.91816755,-2.53113554],[32.9180198,-2.53111641]]]}},{"id":"252","type":"Feature","properties":{"id":"mwanza_households_at_risk_of_rockfall.253","ogc_fid":253,"fid":256,"ward":"Pamba","subward":"Bugarika Kaskazini","district":"Nyamagana"},"geometry":{"type":"Polygon","coordinates":[[[32.91787417,-2.53127586],[32.91781677,-2.53136727],[32.9178646,-2.53145231],[32.9179532,-2.5314296],[32.91798791,-2.53133857],[32.91787417,-2.53127586]]]}},{"id":"253","type":"Feature","properties":{"id":"mwanza_households_at_risk_of_rockfall.254","ogc_fid":254,"fid":257,"ward":"Pamba","subward":"Bugarika Kaskazini","district":"Nyamagana"},"geometry":{"type":"Polygon","coordinates":[[[32.91853534,-2.5309846],[32.9186548,-2.5309801],[32.9186714,-2.53110578],[32.91865227,-2.53116637],[32.91857042,-2.53115999],[32.91852471,-2.53112598],[32.91853534,-2.5309846]]]}},{"id":"254","type":"Feature","properties":{"id":"mwanza_households_at_risk_of_rockfall.255","ogc_fid":255,"fid":258,"ward":"Pamba","subward":"Bugarika Kaskazini","district":"Nyamagana"},"geometry":{"type":"Polygon","coordinates":[[[32.91863526,-2.53067421],[32.91879258,-2.53054665],[32.9188149,-2.53047543],[32.91886912,-2.53040953],[32.91897648,-2.53037658],[32.91902963,-2.53037977],[32.91904982,-2.53039465],[32.91918588,-2.53051264],[32.91915931,-2.53065189],[32.91906683,-2.53083685],[32.91897648,-2.53081346],[32.91877132,-2.5307348],[32.91863526,-2.53067421]]]}},{"id":"255","type":"Feature","properties":{"id":"mwanza_households_at_risk_of_rockfall.256","ogc_fid":256,"fid":259,"ward":"Pamba","subward":"Mlimani","district":"Nyamagana"},"geometry":{"type":"Polygon","coordinates":[[[32.91592892,-2.53096228],[32.9160214,-2.53085385],[32.91596081,-2.53079752],[32.91594168,-2.53069441],[32.91598951,-2.53055835],[32.91591723,-2.53048925],[32.91577585,-2.53050413],[32.91567667,-2.5306],[32.91564404,-2.53068484],[32.91557389,-2.53077413],[32.9155792,-2.53086874],[32.91586939,-2.53097291],[32.91592892,-2.53096228]]]}},{"id":"256","type":"Feature","properties":{"id":"mwanza_households_at_risk_of_rockfall.257","ogc_fid":257,"fid":260,"ward":"Pamba","subward":"Mlimani","district":"Nyamagana"},"geometry":{"type":"Polygon","coordinates":[[[32.91632754,-2.53066464],[32.91618297,-2.53056791],[32.91620955,-2.5303617],[32.91622549,-2.53028091],[32.916355,-2.53019667],[32.91652206,-2.53032981],[32.91650187,-2.53048288],[32.91644234,-2.53058173],[32.91632754,-2.53066464]]]}},{"id":"257","type":"Feature","properties":{"id":"mwanza_households_at_risk_of_rockfall.258","ogc_fid":258,"fid":261,"ward":"Pamba","subward":"Mlimani","district":"Nyamagana"},"geometry":{"type":"Polygon","coordinates":[[[32.91568231,-2.53026922],[32.91577479,-2.53015548],[32.91591298,-2.53017674],[32.91600971,-2.53012571],[32.91605223,-2.53009276],[32.91618191,-2.53010658],[32.91629352,-2.53015973],[32.91621805,-2.53025965],[32.91614577,-2.53031811],[32.91609262,-2.53038296],[32.91592786,-2.53039146],[32.91568231,-2.53026922]]]}},{"id":"258","type":"Feature","properties":{"id":"mwanza_households_at_risk_of_rockfall.259","ogc_fid":259,"fid":262,"ward":"Pamba","subward":"Mlimani","district":"Nyamagana"},"geometry":{"type":"Polygon","coordinates":[[[32.91641576,-2.52982914],[32.91647848,-2.52989717],[32.91650399,-2.52999284],[32.91654864,-2.53003961],[32.91666556,-2.52992587],[32.91676655,-2.5298993],[32.91681651,-2.52982914],[32.91677667,-2.52974667],[32.91662517,-2.52964844],[32.91656139,-2.52967926],[32.91649336,-2.52970584],[32.91641576,-2.52982914]]]}},{"id":"259","type":"Feature","properties":{"id":"mwanza_households_at_risk_of_rockfall.260","ogc_fid":260,"fid":263,"ward":"Pamba","subward":"Mlimani","district":"Nyamagana"},"geometry":{"type":"Polygon","coordinates":[[[32.91622762,-2.52966863],[32.91636049,-2.5296697],[32.91646785,-2.52958997],[32.91648486,-2.52952513],[32.91646041,-2.52946242],[32.91641364,-2.52941671],[32.91624781,-2.52946029],[32.91616596,-2.52956765],[32.91622762,-2.52966863]]]}},{"id":"260","type":"Feature","properties":{"id":"mwanza_households_at_risk_of_rockfall.261","ogc_fid":261,"fid":264,"ward":"Pamba","subward":"Mlimani","district":"Nyamagana"},"geometry":{"type":"Polygon","coordinates":[[[32.91660179,-2.52924451],[32.91672615,-2.52938057],[32.9168771,-2.52932848],[32.91685158,-2.5291786],[32.91672828,-2.52914352],[32.91669001,-2.52913502],[32.91660179,-2.52924451]]]}},{"id":"261","type":"Feature","properties":{"id":"mwanza_households_at_risk_of_rockfall.262","ogc_fid":262,"fid":265,"ward":"Pamba","subward":"Mlimani","district":"Nyamagana"},"geometry":{"type":"Polygon","coordinates":[[[32.91480535,-2.52996414],[32.91486913,-2.52986954],[32.9149361,-2.52985572],[32.91500094,-2.52987591],[32.91504027,-2.52990143],[32.91505728,-2.52995032],[32.91506366,-2.53000135],[32.91502751,-2.53006406],[32.91494992,-2.53009701],[32.9148585,-2.53009489],[32.91480535,-2.52996414]]]}},{"id":"262","type":"Feature","properties":{"id":"mwanza_households_at_risk_of_rockfall.263","ogc_fid":263,"fid":266,"ward":"Pamba","subward":"Mlimani","district":"Nyamagana"},"geometry":{"type":"Polygon","coordinates":[[[32.91540806,-2.52991365],[32.9152433,-2.52984987],[32.9153007,-2.52975527],[32.91536342,-2.52976058],[32.91547397,-2.52981267],[32.91548672,-2.52984456],[32.91540806,-2.52991365]]]}},{"id":"263","type":"Feature","properties":{"id":"mwanza_households_at_risk_of_rockfall.264","ogc_fid":264,"fid":267,"ward":"Pamba","subward":"Mlimani","district":"Nyamagana"},"geometry":{"type":"Polygon","coordinates":[[[32.91548034,-2.52950015],[32.9155303,-2.5294183],[32.915559,-2.52940342],[32.9156164,-2.52935612],[32.91570357,-2.52942309],[32.91568762,-2.52949271],[32.91563341,-2.52953789],[32.91559302,-2.52954533],[32.91548034,-2.52950015]]]}},{"id":"264","type":"Feature","properties":{"id":"mwanza_households_at_risk_of_rockfall.265","ogc_fid":265,"fid":268,"ward":"Mabatini","subward":"Mabatini Kaskazini","district":"Nyamagana"},"geometry":{"type":"Polygon","coordinates":[[[32.92225098,-2.52749236],[32.92210925,-2.52737898],[32.92218012,-2.52725142],[32.92233885,-2.52729961],[32.92241255,-2.5273563],[32.92241964,-2.52739882],[32.92225098,-2.52749236]]]}},{"id":"265","type":"Feature","properties":{"id":"mwanza_households_at_risk_of_rockfall.266","ogc_fid":266,"fid":269,"ward":"Mabatini","subward":"Mabatini Kaskazini","district":"Nyamagana"},"geometry":{"type":"Polygon","coordinates":[[[32.92184138,-2.5271019],[32.9218214,-2.5270049],[32.921835,-2.52694954],[32.92164225,-2.52689001],[32.92155438,-2.52681064],[32.92155579,-2.52664907],[32.92162524,-2.52658529],[32.92171878,-2.52666041],[32.92186051,-2.52679505],[32.92198098,-2.52686733],[32.92204476,-2.52691977],[32.92204618,-2.52700198],[32.92203201,-2.52707851],[32.92195264,-2.52715646],[32.92184138,-2.5271019]]]}},{"id":"266","type":"Feature","properties":{"id":"mwanza_households_at_risk_of_rockfall.267","ogc_fid":267,"fid":270,"ward":"Mabatini","subward":"Mabatini Kaskazini","district":"Nyamagana"},"geometry":{"type":"Polygon","coordinates":[[[32.92134391,-2.52662285],[32.92139847,-2.5265619],[32.92143532,-2.52659238],[32.92144028,-2.52662072],[32.92144099,-2.52666253],[32.92141548,-2.52668025],[32.92138076,-2.52667387],[32.92134391,-2.52662285]]]}},{"id":"267","type":"Feature","properties":{"id":"mwanza_households_at_risk_of_rockfall.268","ogc_fid":268,"fid":271,"ward":"Mabatini","subward":"Mabatini Kaskazini","district":"Nyamagana"},"geometry":{"type":"Polygon","coordinates":[[[32.92110226,-2.52618348],[32.9211131,-2.5261],[32.92125958,-2.52614522],[32.92130918,-2.52617923],[32.92129784,-2.52629687],[32.92125107,-2.52631813],[32.92111359,-2.52624868],[32.92110226,-2.52618348]]]}},{"id":"268","type":"Feature","properties":{"id":"mwanza_households_at_risk_of_rockfall.269","ogc_fid":269,"fid":272,"ward":"Mabatini","subward":"Mabatini Kaskazini","district":"Nyamagana"},"geometry":{"type":"Polygon","coordinates":[[[32.92153595,-2.52622955],[32.92146934,-2.52614451],[32.92137438,-2.52604105],[32.92144666,-2.52589365],[32.92157138,-2.52585396],[32.9216876,-2.52588372],[32.9217172,-2.5257918],[32.92167201,-2.52575333],[32.92162666,-2.52569664],[32.92167059,-2.52563853],[32.9217854,-2.52555349],[32.92186618,-2.52540184],[32.9219495,-2.525331],[32.92202917,-2.52536074],[32.92205043,-2.52543727],[32.92205043,-2.52546279],[32.92202634,-2.52561302],[32.92197531,-2.52576042],[32.92195547,-2.52589365],[32.92190587,-2.52596451],[32.92191862,-2.52607223],[32.92188461,-2.52615443],[32.92183075,-2.52625506],[32.92175563,-2.52629758],[32.92165359,-2.52624797],[32.92153595,-2.52622955]]]}},{"id":"269","type":"Feature","properties":{"id":"mwanza_households_at_risk_of_rockfall.270","ogc_fid":270,"fid":273,"ward":"Mabatini","subward":"Mabatini Kaskazini","district":"Nyamagana"},"geometry":{"type":"Polygon","coordinates":[[[32.92215319,-2.52549503],[32.92219854,-2.52535472],[32.92228358,-2.52531078],[32.92241822,-2.52529802],[32.9224735,-2.5253207],[32.92247066,-2.52552338],[32.92243948,-2.52557723],[32.92215177,-2.5255418],[32.92215319,-2.52549503]]]}},{"id":"270","type":"Feature","properties":{"id":"mwanza_households_at_risk_of_rockfall.271","ogc_fid":271,"fid":274,"ward":"Mabatini","subward":"Mabatini Kaskazini","district":"Nyamagana"},"geometry":{"type":"Polygon","coordinates":[[[32.92289479,-2.52556412],[32.92302979,-2.52557794],[32.92307018,-2.52563534],[32.92307018,-2.52569912],[32.9230468,-2.52574377],[32.922949,-2.52576715],[32.92287566,-2.52570762],[32.92289479,-2.52556412]]]}},{"id":"271","type":"Feature","properties":{"id":"mwanza_households_at_risk_of_rockfall.272","ogc_fid":272,"fid":275,"ward":"Mabatini","subward":"Mabatini Kaskazini","district":"Nyamagana"},"geometry":{"type":"Polygon","coordinates":[[[32.92255039,-2.52550141],[32.92259822,-2.52547908],[32.92270558,-2.52548865],[32.92277467,-2.52552054],[32.92277786,-2.52557794],[32.92276511,-2.5256481],[32.92274916,-2.52567574],[32.92268432,-2.52567786],[32.92259397,-2.52566192],[32.9225557,-2.52565766],[32.92255039,-2.52550141]]]}},{"id":"272","type":"Feature","properties":{"id":"mwanza_households_at_risk_of_rockfall.273","ogc_fid":273,"fid":276,"ward":"Mabatini","subward":"Majengo Mapya","district":"Nyamagana"},"geometry":{"type":"Polygon","coordinates":[[[32.923527,-2.52381712],[32.92358759,-2.52375493],[32.92365376,-2.52379958],[32.92373986,-2.52381074],[32.92382835,-2.52381632],[32.92390249,-2.52388967],[32.92395272,-2.52394786],[32.92395112,-2.52400766],[32.92388097,-2.52402998],[32.92383871,-2.5240244],[32.92370319,-2.5239678],[32.923527,-2.52381712]]]}},{"id":"273","type":"Feature","properties":{"id":"mwanza_households_at_risk_of_rockfall.274","ogc_fid":274,"fid":277,"ward":"Mabatini","subward":"Majengo Mapya","district":"Nyamagana"},"geometry":{"type":"Polygon","coordinates":[[[32.92371833,-2.52370232],[32.9237574,-2.52363774],[32.92384111,-2.5236489],[32.92385865,-2.52367999],[32.92386901,-2.52372623],[32.92385865,-2.52377088],[32.92382995,-2.52378762],[32.92374624,-2.52376769],[32.92371674,-2.52374776],[32.92371833,-2.52370232]]]}},{"id":"274","type":"Feature","properties":{"id":"mwanza_households_at_risk_of_rockfall.275","ogc_fid":275,"fid":278,"ward":"Mabatini","subward":"Majengo Mapya","district":"Nyamagana"},"geometry":{"type":"Polygon","coordinates":[[[32.92409782,-2.52369195],[32.92416877,-2.52361542],[32.92424929,-2.52364811],[32.92428118,-2.52371188],[32.92424212,-2.5237661],[32.92416558,-2.52375493],[32.92409782,-2.52369195]]]}},{"id":"275","type":"Feature","properties":{"id":"mwanza_households_at_risk_of_rockfall.276","ogc_fid":276,"fid":279,"ward":"Mabatini","subward":"Majengo Mapya","district":"Nyamagana"},"geometry":{"type":"Polygon","coordinates":[[[32.92476311,-2.52389804],[32.92476271,-2.52382031],[32.92483326,-2.52381712],[32.92483526,-2.52390641],[32.92476311,-2.52389804]]]}},{"id":"276","type":"Feature","properties":{"id":"mwanza_households_at_risk_of_rockfall.277","ogc_fid":277,"fid":280,"ward":"Mabatini","subward":"Majengo Mapya","district":"Nyamagana"},"geometry":{"type":"Polygon","coordinates":[[[32.92499311,-2.52415913],[32.9250545,-2.524081],[32.92500746,-2.52402121],[32.92492455,-2.52409296],[32.92499311,-2.52415913]]]}},{"id":"277","type":"Feature","properties":{"id":"mwanza_households_at_risk_of_rockfall.278","ogc_fid":278,"fid":281,"ward":"Mabatini","subward":"Majengo Mapya","district":"Nyamagana"},"geometry":{"type":"Polygon","coordinates":[[[32.92576523,-2.5234755],[32.92596254,-2.52348866],[32.92612518,-2.52349942],[32.92622922,-2.52349464],[32.92623759,-2.52358911],[32.92614073,-2.52390601],[32.92623998,-2.52409974],[32.92616106,-2.52415594],[32.92599722,-2.52415116],[32.92580469,-2.52410213],[32.92558705,-2.52397657],[32.92534668,-2.52383665],[32.92509077,-2.52376968],[32.92510751,-2.52365727],[32.92529885,-2.52349942],[32.92535386,-2.5233894],[32.92576523,-2.5234755]]]}},{"id":"278","type":"Feature","properties":{"id":"mwanza_households_at_risk_of_rockfall.279","ogc_fid":279,"fid":282,"ward":"Mabatini","subward":"Majengo Mapya","district":"Nyamagana"},"geometry":{"type":"Polygon","coordinates":[[[32.92600918,-2.52445072],[32.9260612,-2.52435266],[32.9261479,-2.52438854],[32.92617182,-2.52448002],[32.92616345,-2.52450633],[32.92611083,-2.52451769],[32.92601696,-2.52450214],[32.92600918,-2.52445072]]]}},{"id":"279","type":"Feature","properties":{"id":"mwanza_households_at_risk_of_rockfall.280","ogc_fid":280,"fid":283,"ward":"Mabatini","subward":"Majengo Mapya","district":"Nyamagana"},"geometry":{"type":"Polygon","coordinates":[[[32.92521035,-2.52584269],[32.92528689,-2.52590487],[32.92542322,-2.52586661],[32.92553563,-2.52587976],[32.92561575,-2.52580203],[32.9255715,-2.5256956],[32.92555356,-2.52561309],[32.92551649,-2.52556286],[32.92547344,-2.52551622],[32.92533353,-2.5255222],[32.92527493,-2.52557243],[32.92528569,-2.52567766],[32.92526417,-2.52576615],[32.92521035,-2.52584269]]]}},{"id":"280","type":"Feature","properties":{"id":"mwanza_households_at_risk_of_rockfall.281","ogc_fid":281,"fid":284,"ward":"Mabatini","subward":"Majengo Mapya","district":"Nyamagana"},"geometry":{"type":"Polygon","coordinates":[[[32.92559781,-2.5254636],[32.9257162,-2.52543969],[32.92578078,-2.52538229],[32.92583698,-2.5253213],[32.92591112,-2.52533684],[32.92599244,-2.52536794],[32.9260331,-2.52549948],[32.92600799,-2.52553416],[32.92590634,-2.52551263],[32.92582143,-2.52554014],[32.92566119,-2.52553057],[32.92559542,-2.52551144],[32.92559781,-2.5254636]]]}},{"id":"281","type":"Feature","properties":{"id":"mwanza_households_at_risk_of_rockfall.282","ogc_fid":282,"fid":285,"ward":"Mabatini","subward":"Majengo Mapya","district":"Nyamagana"},"geometry":{"type":"Polygon","coordinates":[[[32.92597032,-2.52522384],[32.92593743,-2.52530575],[32.92599483,-2.52534163],[32.92605463,-2.5253488],[32.92607017,-2.52539783],[32.92616584,-2.52541996],[32.92618497,-2.52537451],[32.92616106,-2.52532369],[32.92610904,-2.52528542],[32.92603011,-2.52524058],[32.92597032,-2.52522384]]]}},{"id":"282","type":"Feature","properties":{"id":"mwanza_households_at_risk_of_rockfall.283","ogc_fid":283,"fid":286,"ward":"Mabatini","subward":"Majengo Mapya","district":"Nyamagana"},"geometry":{"type":"Polygon","coordinates":[[[32.92658528,-2.52513594],[32.92651293,-2.52513953],[32.92650397,-2.52525493],[32.9266373,-2.52526988],[32.92667736,-2.52521367],[32.92665883,-2.52513893],[32.92658528,-2.52513594]]]}},{"id":"283","type":"Feature","properties":{"id":"mwanza_households_at_risk_of_rockfall.284","ogc_fid":284,"fid":287,"ward":"Mabatini","subward":"Majengo Mapya","district":"Nyamagana"},"geometry":{"type":"Polygon","coordinates":[[[32.92683522,-2.52515567],[32.92691295,-2.52516584],[32.92694583,-2.52520351],[32.92692192,-2.52524357],[32.92689082,-2.52526988],[32.92685016,-2.52529738],[32.9268107,-2.52529798],[32.9267826,-2.52522802],[32.92683522,-2.52515567]]]}},{"id":"284","type":"Feature","properties":{"id":"mwanza_households_at_risk_of_rockfall.285","ogc_fid":285,"fid":288,"ward":"Mabatini","subward":"Majengo Mapya","district":"Nyamagana"},"geometry":{"type":"Polygon","coordinates":[[[32.926553,-2.5253207],[32.92664029,-2.5253219],[32.92666122,-2.52536913],[32.92666899,-2.52545105],[32.92663969,-2.52550606],[32.92657691,-2.52550905],[32.92654403,-2.5254947],[32.926553,-2.5253207]]]}},{"id":"285","type":"Feature","properties":{"id":"mwanza_households_at_risk_of_rockfall.286","ogc_fid":286,"fid":289,"ward":"Mabatini","subward":"Majengo Mapya","district":"Nyamagana"},"geometry":{"type":"Polygon","coordinates":[[[32.92673955,-2.52558319],[32.92660083,-2.52576257],[32.92679814,-2.52589411],[32.92687827,-2.52583312],[32.92701579,-2.52590487],[32.92709591,-2.52580083],[32.92714972,-2.52571952],[32.92716766,-2.52560113],[32.92713418,-2.52552579],[32.9269261,-2.52561189],[32.92673955,-2.52558319]]]}},{"id":"286","type":"Feature","properties":{"id":"mwanza_households_at_risk_of_rockfall.287","ogc_fid":287,"fid":290,"ward":"Mabatini","subward":"Majengo Mapya","district":"Nyamagana"},"geometry":{"type":"Polygon","coordinates":[[[32.92813451,-2.52829598],[32.92808667,-2.52841197],[32.92823974,-2.52843469],[32.92826725,-2.52842393],[32.92831508,-2.52835338],[32.92830312,-2.52830554],[32.92813451,-2.52829598]]]}},{"id":"287","type":"Feature","properties":{"id":"mwanza_households_at_risk_of_rockfall.288","ogc_fid":288,"fid":291,"ward":"Mabatini","subward":"Majengo Mapya","district":"Nyamagana"},"geometry":{"type":"Polygon","coordinates":[[[32.92823197,-2.52813513],[32.92821762,-2.52827146],[32.92853811,-2.52831929],[32.92861703,-2.52824037],[32.92868041,-2.52810763],[32.92869835,-2.52803707],[32.92858116,-2.52802033],[32.92843526,-2.5280012],[32.92835275,-2.52800359],[32.92826187,-2.52798206],[32.92823197,-2.52813513]]]}},{"id":"288","type":"Feature","properties":{"id":"mwanza_households_at_risk_of_rockfall.289","ogc_fid":289,"fid":292,"ward":"Mabatini","subward":"Majengo Mapya","district":"Nyamagana"},"geometry":{"type":"Polygon","coordinates":[[[32.9285698,-2.52859494],[32.92865709,-2.52863799],[32.92866606,-2.52870795],[32.92864693,-2.52873665],[32.92861046,-2.52875698],[32.92855365,-2.52871452],[32.92852376,-2.52865234],[32.9285698,-2.52859494]]]}},{"id":"289","type":"Feature","properties":{"id":"mwanza_households_at_risk_of_rockfall.290","ogc_fid":290,"fid":293,"ward":"Buhongwa","subward":"Buhongwa Magharibi","district":"Nyamagana"},"geometry":{"type":"Polygon","coordinates":[[[32.94074714,-2.61809923],[32.94081082,-2.61797187],[32.94089602,-2.61798981],[32.94097495,-2.61803645],[32.94095611,-2.61817188],[32.94074803,-2.61819699],[32.94074714,-2.61809923]]]}},{"id":"290","type":"Feature","properties":{"id":"mwanza_households_at_risk_of_rockfall.291","ogc_fid":291,"fid":294,"ward":"Pamba","subward":"Bugarika Kaskazini","district":"Nyamagana"},"geometry":{"type":"Polygon","coordinates":[[[32.91996401,-2.532252],[32.92004563,-2.53224751],[32.92010931,-2.53228249],[32.92011379,-2.5323363],[32.92008689,-2.53238563],[32.91999361,-2.53242061],[32.91990751,-2.53236859],[32.91996401,-2.532252]]]}},{"id":"291","type":"Feature","properties":{"id":"mwanza_households_at_risk_of_rockfall.292","ogc_fid":292,"fid":295,"ward":"Pamba","subward":"Bugarika Kaskazini","district":"Nyamagana"},"geometry":{"type":"Polygon","coordinates":[[[32.92010662,-2.53178562],[32.920112,-2.53166723],[32.92025012,-2.53166005],[32.92028061,-2.53176768],[32.92024474,-2.53184122],[32.92010662,-2.53178562]]]}},{"id":"292","type":"Feature","properties":{"id":"mwanza_households_at_risk_of_rockfall.293","ogc_fid":293,"fid":296,"ward":"Pamba","subward":"Bugarika Kaskazini","district":"Nyamagana"},"geometry":{"type":"Polygon","coordinates":[[[32.92029093,-2.53160893],[32.92032501,-2.53151655],[32.92038689,-2.53152462],[32.92043981,-2.53156677],[32.92048645,-2.53162238],[32.92044788,-2.53166992],[32.92035999,-2.53166992],[32.920299,-2.53166095],[32.92029093,-2.53160893]]]}},{"id":"293","type":"Feature","properties":{"id":"mwanza_households_at_risk_of_rockfall.294","ogc_fid":294,"fid":297,"ward":"Pamba","subward":"Bugarika Kaskazini","district":"Nyamagana"},"geometry":{"type":"Polygon","coordinates":[[[32.92053981,-2.53095465],[32.92069408,-2.53097617],[32.92070305,-2.53112865],[32.92053174,-2.53110891],[32.92053981,-2.53095465]]]}},{"id":"294","type":"Feature","properties":{"id":"mwanza_households_at_risk_of_rockfall.295","ogc_fid":295,"fid":298,"ward":"Pamba","subward":"Bugarika Kaskazini","district":"Nyamagana"},"geometry":{"type":"Polygon","coordinates":[[[32.92040169,-2.53122461],[32.92050932,-2.5312273],[32.92059542,-2.53128919],[32.92056672,-2.53138067],[32.92049676,-2.53147753],[32.92039631,-2.53149547],[32.92033174,-2.53145332],[32.92040169,-2.53122461]]]}},{"id":"295","type":"Feature","properties":{"id":"mwanza_households_at_risk_of_rockfall.296","ogc_fid":296,"fid":299,"ward":"Kirumba","subward":"Kabuhoro B","district":"Ilemela"},"geometry":{"type":"Polygon","coordinates":[[[32.88889518,-2.50551953],[32.88892515,-2.50544247],[32.88896797,-2.50543069],[32.88902362,-2.50548956],[32.88906322,-2.50552916],[32.88906322,-2.50557732],[32.88903753,-2.50560087],[32.88893693,-2.50557411],[32.88889518,-2.50551953]]]}},{"id":"296","type":"Feature","properties":{"id":"mwanza_households_at_risk_of_rockfall.297","ogc_fid":297,"fid":300,"ward":"Kirumba","subward":"Kabuhoro B","district":"Ilemela"},"geometry":{"type":"Polygon","coordinates":[[[32.88861035,-2.50529737],[32.88866066,-2.50524172],[32.88872701,-2.50525028],[32.88877304,-2.50529202],[32.88881692,-2.50535731],[32.88880408,-2.50542581],[32.88865852,-2.50542581],[32.88861035,-2.50529737]]]}},{"id":"297","type":"Feature","properties":{"id":"mwanza_households_at_risk_of_rockfall.298","ogc_fid":298,"fid":301,"ward":"Kirumba","subward":"Kabuhoro B","district":"Ilemela"},"geometry":{"type":"Polygon","coordinates":[[[32.88859109,-2.50508653],[32.88866494,-2.5050298],[32.88874093,-2.50501161],[32.88882762,-2.50497521],[32.88887579,-2.50498378],[32.88889826,-2.5050191],[32.8888394,-2.50506833],[32.88878909,-2.50509723],[32.88872059,-2.50512827],[32.88864567,-2.50517215],[32.88859109,-2.50508653]]]}},{"id":"298","type":"Feature","properties":{"id":"mwanza_households_at_risk_of_rockfall.299","ogc_fid":299,"fid":302,"ward":"Kirumba","subward":"Kabuhoro B","district":"Ilemela"},"geometry":{"type":"Polygon","coordinates":[[[32.88907968,-2.50519141],[32.8891364,-2.50512934],[32.88918992,-2.50514539],[32.88922738,-2.50518606],[32.88919848,-2.50525456],[32.88913961,-2.50526634],[32.88907968,-2.50519141]]]}},{"id":"299","type":"Feature","properties":{"id":"mwanza_households_at_risk_of_rockfall.300","ogc_fid":300,"fid":303,"ward":"Kirumba","subward":"Kabuhoro B","district":"Ilemela"},"geometry":{"type":"Polygon","coordinates":[[[32.8892231,-2.50497093],[32.88927019,-2.5049217],[32.88938685,-2.50493133],[32.88941896,-2.50494097],[32.88948425,-2.50486283],[32.88958379,-2.50479755],[32.88962018,-2.50482216],[32.88956559,-2.50491956],[32.88950887,-2.50499127],[32.8894896,-2.50505977],[32.88945856,-2.50512292],[32.88942217,-2.50515824],[32.88936866,-2.50517536],[32.88929588,-2.50513255],[32.88929267,-2.50504907],[32.8892231,-2.50497093]]]}},{"id":"300","type":"Feature","properties":{"id":"mwanza_households_at_risk_of_rockfall.301","ogc_fid":301,"fid":304,"ward":"Kirumba","subward":"Kabuhoro B","district":"Ilemela"},"geometry":{"type":"Polygon","coordinates":[[[32.8895003,-2.5045685],[32.88966299,-2.50446575],[32.88958486,-2.50435123],[32.88949602,-2.50438548],[32.88946605,-2.50448395],[32.8895003,-2.5045685]]]}},{"id":"301","type":"Feature","properties":{"id":"mwanza_households_at_risk_of_rockfall.302","ogc_fid":302,"fid":305,"ward":"Kirumba","subward":"Kabuhoro B","district":"Ilemela"},"geometry":{"type":"Polygon","coordinates":[[[32.88898603,-2.50419818],[32.88907272,-2.50414359],[32.88917761,-2.50413503],[32.8892429,-2.50416821],[32.88926109,-2.50422922],[32.88926966,-2.50429237],[32.88922684,-2.50436301],[32.88920758,-2.50440047],[32.88926966,-2.50450857],[32.88923219,-2.50452355],[32.88915727,-2.50448181],[32.88908877,-2.50441759],[32.8889689,-2.50430842],[32.8889689,-2.50425383],[32.88898603,-2.50419818]]]}},{"id":"302","type":"Feature","properties":{"id":"mwanza_households_at_risk_of_rockfall.303","ogc_fid":303,"fid":306,"ward":"Kirumba","subward":"Kigoto","district":"Ilemela"},"geometry":{"type":"Polygon","coordinates":[[[32.88724679,-2.50540654],[32.88732814,-2.50532734],[32.8874844,-2.50545578],[32.88752935,-2.50552963],[32.88745229,-2.50562381],[32.88726499,-2.50550715],[32.88724679,-2.50540654]]]}},{"id":"303","type":"Feature","properties":{"id":"mwanza_households_at_risk_of_rockfall.304","ogc_fid":304,"fid":307,"ward":"Kirumba","subward":"Kigoto","district":"Ilemela"},"geometry":{"type":"Polygon","coordinates":[[[32.88754541,-2.50532734],[32.88762247,-2.50527383],[32.88768562,-2.50534554],[32.88763317,-2.50542902],[32.8875529,-2.505383],[32.88754541,-2.50532734]]]}},{"id":"304","type":"Feature","properties":{"id":"mwanza_households_at_risk_of_rockfall.305","ogc_fid":305,"fid":308,"ward":"Kirumba","subward":"Kigoto","district":"Ilemela"},"geometry":{"type":"Polygon","coordinates":[[[32.88689199,-2.50480985],[32.88695567,-2.50472798],[32.88700758,-2.50475902],[32.88694818,-2.50485427],[32.88689199,-2.50480985]]]}},{"id":"305","type":"Feature","properties":{"id":"mwanza_households_at_risk_of_rockfall.306","ogc_fid":306,"fid":309,"ward":"Kirumba","subward":"Kigoto","district":"Ilemela"},"geometry":{"type":"Polygon","coordinates":[[[32.88399737,-2.50349767],[32.88402734,-2.50358758],[32.88394707,-2.50362075],[32.88388285,-2.50360363],[32.88387215,-2.50354262],[32.88389141,-2.50352229],[32.88399737,-2.50349767]]]}},{"id":"306","type":"Feature","properties":{"id":"mwanza_households_at_risk_of_rockfall.307","ogc_fid":307,"fid":310,"ward":"Kirumba","subward":"Kigoto","district":"Ilemela"},"geometry":{"type":"Polygon","coordinates":[[[32.88369876,-2.50250979],[32.88378331,-2.50241881],[32.88394886,-2.50258881],[32.88385181,-2.50266819],[32.88369876,-2.50250979]]]}},{"id":"307","type":"Feature","properties":{"id":"mwanza_households_at_risk_of_rockfall.308","ogc_fid":308,"fid":311,"ward":"Kirumba","subward":"Kigoto","district":"Ilemela"},"geometry":{"type":"Polygon","coordinates":[[[32.88283125,-2.50184323],[32.88286871,-2.50179506],[32.88295541,-2.50180469],[32.8830421,-2.50174369],[32.88311809,-2.50175974],[32.88310525,-2.5019342],[32.8829843,-2.50200163],[32.88289333,-2.50194918],[32.88283125,-2.50184323]]]}},{"id":"308","type":"Feature","properties":{"id":"mwanza_households_at_risk_of_rockfall.309","ogc_fid":309,"fid":312,"ward":"Kirumba","subward":"Kigoto","district":"Ilemela"},"geometry":{"type":"Polygon","coordinates":[[[32.88389834,-2.50170944],[32.88395613,-2.50175439],[32.8838384,-2.50192992],[32.88360936,-2.50195347],[32.88350447,-2.50183145],[32.88351303,-2.50174583],[32.88363932,-2.50159599],[32.88389834,-2.50170944]]]}},{"id":"309","type":"Feature","properties":{"id":"mwanza_households_at_risk_of_rockfall.310","ogc_fid":310,"fid":313,"ward":"Nyamanoro","subward":"Nenetwa","district":"Ilemela"},"geometry":{"type":"Polygon","coordinates":[[[32.90793007,-2.49803886],[32.90794077,-2.49812591],[32.90800356,-2.49815873],[32.90812344,-2.49814446],[32.90832251,-2.49807739],[32.90826543,-2.49792754],[32.9079843,-2.49798177],[32.90793007,-2.49803886]]]}},{"id":"310","type":"Feature","properties":{"id":"mwanza_households_at_risk_of_rockfall.311","ogc_fid":311,"fid":314,"ward":"Kitangiri","subward":"Mwinuko","district":"Ilemela"},"geometry":{"type":"Polygon","coordinates":[[[32.89214898,-2.48903146],[32.89232879,-2.48903717],[32.89235733,-2.489197],[32.89233592,-2.48923696],[32.89214184,-2.48923838],[32.89207049,-2.48919843],[32.89214898,-2.48903146]]]}},{"id":"311","type":"Feature","properties":{"id":"mwanza_households_at_risk_of_rockfall.312","ogc_fid":312,"fid":315,"ward":"Kitangiri","subward":"Mwinuko","district":"Ilemela"},"geometry":{"type":"Polygon","coordinates":[[[32.89197648,-2.48870377],[32.89207209,-2.48868736],[32.89212989,-2.48887645],[32.89202357,-2.48891069],[32.89197648,-2.48870377]]]}},{"id":"312","type":"Feature","properties":{"id":"mwanza_households_at_risk_of_rockfall.313","ogc_fid":313,"fid":316,"ward":"Kitangiri","subward":"Mwinuko","district":"Ilemela"},"geometry":{"type":"Polygon","coordinates":[[[32.89210527,-2.48857533],[32.89224441,-2.48854037],[32.89227937,-2.48862528],[32.892228,-2.4886895],[32.89216521,-2.48869307],[32.89210527,-2.48857533]]]}},{"id":"313","type":"Feature","properties":{"id":"mwanza_households_at_risk_of_rockfall.314","ogc_fid":314,"fid":317,"ward":"Kitangiri","subward":"Jiwe Kuu","district":"Ilemela"},"geometry":{"type":"Polygon","coordinates":[[[32.8883678,-2.48079856],[32.88849338,-2.48078429],[32.88860326,-2.48085136],[32.88851906,-2.48101975],[32.88838635,-2.48104116],[32.88827932,-2.481054],[32.8881994,-2.48110538],[32.88809523,-2.48102546],[32.88809237,-2.48095839],[32.8881309,-2.48090273],[32.88818656,-2.48084851],[32.8883678,-2.48079856]]]}},{"id":"314","type":"Feature","properties":{"id":"mwanza_households_at_risk_of_rockfall.315","ogc_fid":315,"fid":318,"ward":"Kitangiri","subward":"Jiwe Kuu","district":"Ilemela"},"geometry":{"type":"Polygon","coordinates":[[[32.88782979,-2.48043894],[32.8880039,-2.48039898],[32.88805812,-2.48075289],[32.88786119,-2.48081854],[32.88782979,-2.48043894]]]}},{"id":"315","type":"Feature","properties":{"id":"mwanza_households_at_risk_of_rockfall.316","ogc_fid":316,"fid":319,"ward":"Kitangiri","subward":"Jiwe Kuu","district":"Ilemela"},"geometry":{"type":"Polygon","coordinates":[[[32.8872183,-2.48120598],[32.88746375,-2.48133014],[32.88740952,-2.48143431],[32.88724541,-2.4813915],[32.88715551,-2.48130302],[32.8872183,-2.48120598]]]}},{"id":"316","type":"Feature","properties":{"id":"mwanza_households_at_risk_of_rockfall.317","ogc_fid":317,"fid":320,"ward":"Kitangiri","subward":"Jiwe Kuu","district":"Ilemela"},"geometry":{"type":"Polygon","coordinates":[[[32.88631729,-2.48046177],[32.8865342,-2.48039042],[32.88672543,-2.48016494],[32.88648283,-2.48004507],[32.88616316,-2.48016494],[32.88631729,-2.48046177]]]}},{"id":"317","type":"Feature","properties":{"id":"mwanza_households_at_risk_of_rockfall.318","ogc_fid":318,"fid":321,"ward":"Kitangiri","subward":"Jiwe Kuu","district":"Ilemela"},"geometry":{"type":"Polygon","coordinates":[[[32.88660698,-2.47970543],[32.88653135,-2.4795456],[32.88664123,-2.47945426],[32.88672828,-2.4795142],[32.88694091,-2.47953275],[32.8869823,-2.47963122],[32.88694519,-2.47971256],[32.88677395,-2.47978962],[32.88660698,-2.47970543]]]}},{"id":"318","type":"Feature","properties":{"id":"mwanza_households_at_risk_of_rockfall.319","ogc_fid":319,"fid":322,"ward":"Kitangiri","subward":"Jiwe Kuu","district":"Ilemela"},"geometry":{"type":"Polygon","coordinates":[[[32.8869509,-2.47983814],[32.88706935,-2.47980247],[32.88708219,-2.48000654],[32.8869295,-2.48002366],[32.88686813,-2.47994375],[32.8869509,-2.47983814]]]}},{"id":"319","type":"Feature","properties":{"id":"mwanza_households_at_risk_of_rockfall.320","ogc_fid":320,"fid":323,"ward":"Kitangiri","subward":"Jiwe Kuu","district":"Ilemela"},"geometry":{"type":"Polygon","coordinates":[[[32.8876045,-2.4798781],[32.88755027,-2.47999512],[32.88768584,-2.4800679],[32.88776861,-2.47993519],[32.8876045,-2.4798781]]]}},{"id":"320","type":"Feature","properties":{"id":"mwanza_households_at_risk_of_rockfall.321","ogc_fid":321,"fid":324,"ward":"Kitangiri","subward":"Jiwe Kuu","district":"Ilemela"},"geometry":{"type":"Polygon","coordinates":[[[32.88679678,-2.47918027],[32.88689667,-2.47910606],[32.8869823,-2.47922593],[32.88686956,-2.47931584],[32.88679678,-2.47918027]]]}},{"id":"321","type":"Feature","properties":{"id":"mwanza_households_at_risk_of_rockfall.322","ogc_fid":322,"fid":325,"ward":"Kitangiri","subward":"Mihama","district":"Ilemela"},"geometry":{"type":"Polygon","coordinates":[[[32.88322627,-2.47945712],[32.883349,-2.47941145],[32.88337754,-2.47918312],[32.88333187,-2.47911177],[32.88315349,-2.4791132],[32.88303504,-2.47913888],[32.88298652,-2.47917741],[32.88297511,-2.47924591],[32.88308499,-2.4793715],[32.88322627,-2.47945712]]]}},{"id":"322","type":"Feature","properties":{"id":"mwanza_households_at_risk_of_rockfall.323","ogc_fid":323,"fid":326,"ward":"Kitangiri","subward":"Mihama","district":"Ilemela"},"geometry":{"type":"Polygon","coordinates":[[[32.8825741,-2.47901045],[32.88266971,-2.47891055],[32.88282669,-2.47884919],[32.88289947,-2.47887345],[32.8829223,-2.4789391],[32.88293229,-2.47900617],[32.88292801,-2.47904898],[32.88290375,-2.47906325],[32.8825741,-2.47901045]]]}},{"id":"323","type":"Feature","properties":{"id":"mwanza_households_at_risk_of_rockfall.324","ogc_fid":324,"fid":327,"ward":"Kitangiri","subward":"Mihama","district":"Ilemela"},"geometry":{"type":"Polygon","coordinates":[[[32.8819305,-2.47894052],[32.88201612,-2.47880067],[32.88235719,-2.47888629],[32.88223303,-2.47903471],[32.8819305,-2.47894052]]]}},{"id":"324","type":"Feature","properties":{"id":"mwanza_households_at_risk_of_rockfall.325","ogc_fid":325,"fid":328,"ward":"Kitangiri","subward":"Mihama","district":"Ilemela"},"geometry":{"type":"Polygon","coordinates":[[[32.88196475,-2.47924663],[32.88205893,-2.47918669],[32.88213028,-2.47917956],[32.88221163,-2.47923378],[32.88221305,-2.47932797],[32.88204751,-2.47933796],[32.88196475,-2.47924663]]]}},{"id":"325","type":"Feature","properties":{"id":"mwanza_households_at_risk_of_rockfall.326","ogc_fid":326,"fid":329,"ward":"Kitangiri","subward":"Mihama","district":"Ilemela"},"geometry":{"type":"Polygon","coordinates":[[[32.88206321,-2.47944499],[32.88216453,-2.47938505],[32.88223874,-2.47941359],[32.88228013,-2.47947068],[32.88225158,-2.47952062],[32.88216168,-2.47952062],[32.88206321,-2.47944499]]]}},{"id":"326","type":"Feature","properties":{"id":"mwanza_households_at_risk_of_rockfall.327","ogc_fid":327,"fid":330,"ward":"Kitangiri","subward":"Mihama","district":"Ilemela"},"geometry":{"type":"Polygon","coordinates":[[[32.8808602,-2.47968188],[32.88091871,-2.47963978],[32.88088232,-2.4795877],[32.88087946,-2.47958698],[32.88083308,-2.47958555],[32.88079669,-2.47961838],[32.8808602,-2.47968188]]]}},{"id":"327","type":"Feature","properties":{"id":"mwanza_households_at_risk_of_rockfall.328","ogc_fid":328,"fid":331,"ward":"Kitangiri","subward":"Mihama","district":"Ilemela"},"geometry":{"type":"Polygon","coordinates":[[[32.88308142,-2.47883849],[32.88317418,-2.47873288],[32.88331831,-2.47875001],[32.88336255,-2.47880567],[32.88343961,-2.47885419],[32.88339966,-2.47895693],[32.88329405,-2.47897977],[32.8831542,-2.47895123],[32.88308142,-2.47883849]]]}},{"id":"328","type":"Feature","properties":{"id":"mwanza_households_at_risk_of_rockfall.329","ogc_fid":329,"fid":332,"ward":"Kitangiri","subward":"Mihama","district":"Ilemela"},"geometry":{"type":"Polygon","coordinates":[[[32.88371718,-2.47894052],[32.88359017,-2.47884776],[32.88358161,-2.47863513],[32.88350455,-2.47850241],[32.88356591,-2.47846674],[32.88384419,-2.47844819],[32.88404255,-2.4784596],[32.88410534,-2.47848957],[32.88404826,-2.4787493],[32.88396549,-2.47895765],[32.88381422,-2.47906753],[32.88374572,-2.47901616],[32.88371718,-2.47894052]]]}},{"id":"329","type":"Feature","properties":{"id":"mwanza_households_at_risk_of_rockfall.330","ogc_fid":330,"fid":333,"ward":"Kitangiri","subward":"Mihama","district":"Ilemela"},"geometry":{"type":"Polygon","coordinates":[[[32.88269397,-2.47809142],[32.88279387,-2.47794443],[32.88289804,-2.47791732],[32.8831121,-2.47804433],[32.8831592,-2.47812139],[32.88317061,-2.47825268],[32.88307785,-2.47853666],[32.88303647,-2.47857091],[32.88292516,-2.47855093],[32.88282098,-2.47846103],[32.8827268,-2.47832831],[32.88269397,-2.47809142]]]}},{"id":"330","type":"Feature","properties":{"id":"mwanza_households_at_risk_of_rockfall.331","ogc_fid":331,"fid":334,"ward":"Kitangiri","subward":"Mihama","district":"Ilemela"},"geometry":{"type":"Polygon","coordinates":[[[32.88254413,-2.4775841],[32.8825848,-2.47749848],[32.88267114,-2.47752916],[32.88266401,-2.47759766],[32.88259337,-2.47763119],[32.88254413,-2.4775841]]]}},{"id":"331","type":"Feature","properties":{"id":"mwanza_households_at_risk_of_rockfall.332","ogc_fid":332,"fid":335,"ward":"Kitangiri","subward":"Mihama","district":"Ilemela"},"geometry":{"type":"Polygon","coordinates":[[[32.88206749,-2.47703968],[32.882126,-2.47685558],[32.88245994,-2.4770254],[32.88236646,-2.47723411],[32.88206749,-2.47703968]]]}},{"id":"332","type":"Feature","properties":{"id":"mwanza_households_at_risk_of_rockfall.333","ogc_fid":333,"fid":336,"ward":"Kitangiri","subward":"Mihama","district":"Ilemela"},"geometry":{"type":"Polygon","coordinates":[[[32.88163153,-2.47687307],[32.88179564,-2.47687735],[32.88182418,-2.47711781],[32.88187413,-2.47720628],[32.88178708,-2.4773547],[32.88159728,-2.47721627],[32.881593,-2.47719915],[32.88163153,-2.47687307]]]}},{"id":"333","type":"Feature","properties":{"id":"mwanza_households_at_risk_of_rockfall.334","ogc_fid":334,"fid":337,"ward":"Kitangiri","subward":"Mihama","district":"Ilemela"},"geometry":{"type":"Polygon","coordinates":[[[32.88120626,-2.47793266],[32.88127476,-2.47784561],[32.88138036,-2.47784418],[32.88142746,-2.47795407],[32.88136181,-2.47804968],[32.88124479,-2.47806252],[32.88120626,-2.47793266]]]}},{"id":"334","type":"Feature","properties":{"id":"mwanza_households_at_risk_of_rockfall.335","ogc_fid":335,"fid":338,"ward":"Kitangiri","subward":"Mihama","district":"Ilemela"},"geometry":{"type":"Polygon","coordinates":[[[32.88148026,-2.47822663],[32.88162011,-2.47825232],[32.88158871,-2.47840074],[32.88148597,-2.47842357],[32.88138179,-2.47848921],[32.88126763,-2.47841929],[32.88132185,-2.47827515],[32.88148026,-2.47822663]]]}},{"id":"335","type":"Feature","properties":{"id":"mwanza_households_at_risk_of_rockfall.336","ogc_fid":336,"fid":339,"ward":"Bwiru","subward":"Bwiru Press","district":"Ilemela"},"geometry":{"type":"Polygon","coordinates":[[[32.88818745,-2.47856532],[32.88829591,-2.47852061],[32.88833301,-2.47848636],[32.88836346,-2.47840454],[32.88841864,-2.47832367],[32.88851663,-2.47832938],[32.88855754,-2.4784797],[32.88858513,-2.4784797],[32.8886717,-2.47846448],[32.88868787,-2.47857103],[32.88864221,-2.47865475],[32.88850426,-2.47865666],[32.88834633,-2.47867663],[32.88833587,-2.47864048],[32.88821599,-2.47866807],[32.88818745,-2.47856532]]]}},{"id":"336","type":"Feature","properties":{"id":"mwanza_households_at_risk_of_rockfall.337","ogc_fid":337,"fid":340,"ward":"Bwiru","subward":"Bwiru Press","district":"Ilemela"},"geometry":{"type":"Polygon","coordinates":[[[32.89072287,-2.47806823],[32.89079707,-2.47801115],[32.89081515,-2.47800925],[32.89085701,-2.4780787],[32.8908865,-2.47827087],[32.89080659,-2.478288],[32.89071145,-2.47823853],[32.89055447,-2.47824423],[32.89048217,-2.47816242],[32.89057065,-2.4780806],[32.89072287,-2.47806823]]]}},{"id":"337","type":"Feature","properties":{"id":"mwanza_households_at_risk_of_rockfall.338","ogc_fid":338,"fid":341,"ward":"Bwiru","subward":"Bwiru Press","district":"Ilemela"},"geometry":{"type":"Polygon","coordinates":[[[32.89109866,-2.47804064],[32.89118048,-2.47786178],[32.89128513,-2.47790935],[32.89129084,-2.47804064],[32.89115289,-2.47809867],[32.89109866,-2.47804064]]]}},{"id":"338","type":"Feature","properties":{"id":"mwanza_households_at_risk_of_rockfall.339","ogc_fid":339,"fid":342,"ward":"Bwiru","subward":"Bwiru Press","district":"Ilemela"},"geometry":{"type":"Polygon","coordinates":[[[32.89105585,-2.47774571],[32.89113196,-2.47764677],[32.8912328,-2.47760111],[32.8912661,-2.47758113],[32.89123471,-2.47744508],[32.89114147,-2.47743842],[32.89110342,-2.47752975],[32.89107868,-2.47759159],[32.89099115,-2.47766485],[32.89097403,-2.47769719],[32.89094739,-2.47772764],[32.89105585,-2.47774571]]]}},{"id":"339","type":"Feature","properties":{"id":"mwanza_households_at_risk_of_rockfall.340","ogc_fid":340,"fid":343,"ward":"Bwiru","subward":"Bwiru Press","district":"Ilemela"},"geometry":{"type":"Polygon","coordinates":[[[32.89144781,-2.47740227],[32.89155722,-2.47740417],[32.89164332,-2.4773899],[32.89165331,-2.47739704],[32.89165426,-2.47749741],[32.89165949,-2.47757066],[32.89161193,-2.47764487],[32.89152154,-2.47767151],[32.89143592,-2.47764677],[32.89141404,-2.47746316],[32.89144781,-2.47740227]]]}},{"id":"340","type":"Feature","properties":{"id":"mwanza_households_at_risk_of_rockfall.341","ogc_fid":341,"fid":344,"ward":"Bwiru","subward":"Bwiru Press","district":"Ilemela"},"geometry":{"type":"Polygon","coordinates":[[[32.89110199,-2.47685523],[32.89114385,-2.47681432],[32.89126372,-2.476801],[32.8913503,-2.47698176],[32.89141594,-2.47701411],[32.89141214,-2.47721009],[32.8912818,-2.4772491],[32.89119142,-2.47723387],[32.89110199,-2.47685523]]]}},{"id":"341","type":"Feature","properties":{"id":"mwanza_households_at_risk_of_rockfall.342","ogc_fid":342,"fid":345,"ward":"Bwiru","subward":"Bwiru Press","district":"Ilemela"},"geometry":{"type":"Polygon","coordinates":[[[32.89125231,-2.47630914],[32.89135601,-2.47622922],[32.89137028,-2.47615502],[32.89142926,-2.47601992],[32.89152059,-2.47601231],[32.89155484,-2.47606178],[32.89151013,-2.47624444],[32.89149681,-2.47631104],[32.89147017,-2.47634529],[32.8914207,-2.47637003],[32.89127799,-2.47639381],[32.89125231,-2.47630914]]]}},{"id":"342","type":"Feature","properties":{"id":"mwanza_households_at_risk_of_rockfall.343","ogc_fid":343,"fid":346,"ward":"Bwiru","subward":"Bwiru Press","district":"Ilemela"},"geometry":{"type":"Polygon","coordinates":[[[32.89162953,-2.47627156],[32.89175225,-2.47624968],[32.8917846,-2.47639429],[32.89169422,-2.47641712],[32.89160574,-2.47640761],[32.89162953,-2.47627156]]]}},{"id":"343","type":"Feature","properties":{"id":"mwanza_households_at_risk_of_rockfall.344","ogc_fid":344,"fid":347,"ward":"Bwiru","subward":"Bwiru Press","district":"Ilemela"},"geometry":{"type":"Polygon","coordinates":[[[32.89188164,-2.47568075],[32.89216896,-2.47561987],[32.89223365,-2.47593382],[32.89203576,-2.47603467],[32.89189877,-2.47590718],[32.89188164,-2.47568075]]]}},{"id":"344","type":"Feature","properties":{"id":"mwanza_households_at_risk_of_rockfall.345","ogc_fid":345,"fid":348,"ward":"Bwiru","subward":"Bwiru Mchangani","district":"Ilemela"},"geometry":{"type":"Polygon","coordinates":[[[32.90227636,-2.48122917],[32.90242668,-2.48107125],[32.90264359,-2.48122156],[32.90259412,-2.4813167],[32.90249708,-2.48140423],[32.90235057,-2.48142516],[32.90227636,-2.48122917]]]}},{"id":"345","type":"Feature","properties":{"id":"mwanza_households_at_risk_of_rockfall.346","ogc_fid":346,"fid":349,"ward":"Bwiru","subward":"Bwiru Mchangani","district":"Ilemela"},"geometry":{"type":"Polygon","coordinates":[[[32.90207657,-2.48070497],[32.90214507,-2.48061078],[32.90224972,-2.48071924],[32.90218123,-2.48088382],[32.90202615,-2.4808667],[32.90207657,-2.48070497]]]}},{"id":"346","type":"Feature","properties":{"id":"mwanza_households_at_risk_of_rockfall.347","ogc_fid":347,"fid":350,"ward":"Ilemela","subward":"Sabasaba","district":"Ilemela"},"geometry":{"type":"Polygon","coordinates":[[[32.91723008,-2.47430221],[32.91737088,-2.47427367],[32.91732141,-2.47396162],[32.9173157,-2.47377705],[32.91730428,-2.47373519],[32.91724339,-2.47371807],[32.91719012,-2.47376754],[32.91714445,-2.47394259],[32.91716538,-2.4741538],[32.91723008,-2.47430221]]]}},{"id":"347","type":"Feature","properties":{"id":"mwanza_households_at_risk_of_rockfall.348","ogc_fid":348,"fid":351,"ward":"Ilemela","subward":"Sabasaba","district":"Ilemela"},"geometry":{"type":"Polygon","coordinates":[[[32.91793409,-2.47425655],[32.91784466,-2.47416807],[32.91791602,-2.47407103],[32.91800354,-2.4741871],[32.91793409,-2.47425655]]]}}]}