{"type":"FeatureCollection","features":[{"id":"0","type":"Feature","properties":{"id":"mwanza_rockfall_locations.1","ogc_fid":1,"fid":1,"district":"Nyamagana","ward":"Igogo","subward":"Mulungushi","source":"At risk","geolocation":"-2.5319581 32.9048146 1174.7 4.92","geolocation precision":4.92,"rockfall causes":null,"rockfall causes/heavy rainfall":null,"rockfall causes/human activities":null,"rockfall causes/earthquakes":null,"other":null,"risky":null,"year affected":null},"geometry":{"type":"Point","coordinates":[32.9048146,-2.5319581]}},{"id":"1","type":"Feature","properties":{"id":"mwanza_rockfall_locations.2","ogc_fid":2,"fid":2,"district":"Nyamagana","ward":"Igogo","subward":"Mulungushi","source":"At risk","geolocation":"-2.5320235 32.9047336 1177.5 3.96","geolocation precision":3.96,"rockfall causes":null,"rockfall causes/heavy rainfall":null,"rockfall causes/human activities":null,"rockfall causes/earthquakes":null,"other":null,"risky":null,"year affected":null},"geometry":{"type":"Point","coordinates":[32.9047336,-2.5320235]}},{"id":"2","type":"Feature","properties":{"id":"mwanza_rockfall_locations.3","ogc_fid":3,"fid":3,"district":"Nyamagana","ward":"Igogo","subward":"Mulungushi","source":"At risk","geolocation":"-2.5320555 32.904527 1183.2 4.74","geolocation precision":4.74,"rockfall causes":null,"rockfall causes/heavy rainfall":null,"rockfall causes/human activities":null,"rockfall causes/earthquakes":null,"other":null,"risky":null,"year affected":null},"geometry":{"type":"Point","coordinates":[32.904527,-2.5320555]}},{"id":"3","type":"Feature","properties":{"id":"mwanza_rockfall_locations.4","ogc_fid":4,"fid":4,"district":"Nyamagana","ward":"Igogo","subward":"Mulungushi","source":"At risk","geolocation":"-2.5321102 32.9051975 1177.1 5.0","geolocation precision":5.0,"rockfall causes":null,"rockfall causes/heavy rainfall":null,"rockfall causes/human activities":null,"rockfall causes/earthquakes":null,"other":null,"risky":null,"year affected":null},"geometry":{"type":"Point","coordinates":[32.9051975,-2.5321102]}},{"id":"4","type":"Feature","properties":{"id":"mwanza_rockfall_locations.5","ogc_fid":5,"fid":5,"district":"Nyamagana","ward":"Igogo","subward":"Mulungushi","source":"At risk","geolocation":"-2.5322448 32.90494 1161.2 4.76","geolocation precision":4.76,"rockfall causes":null,"rockfall causes/heavy rainfall":null,"rockfall causes/human activities":null,"rockfall causes/earthquakes":null,"other":null,"risky":null,"year affected":null},"geometry":{"type":"Point","coordinates":[32.90494,-2.5322448]}},{"id":"5","type":"Feature","properties":{"id":"mwanza_rockfall_locations.6","ogc_fid":6,"fid":6,"district":"Nyamagana","ward":"Igogo","subward":"Mulungushi","source":"At risk","geolocation":"-2.5318254 32.9053946 1173.4 3.714","geolocation precision":3.714,"rockfall causes":null,"rockfall causes/heavy rainfall":null,"rockfall causes/human activities":null,"rockfall causes/earthquakes":null,"other":null,"risky":null,"year affected":null},"geometry":{"type":"Point","coordinates":[32.9053946,-2.5318254]}},{"id":"6","type":"Feature","properties":{"id":"mwanza_rockfall_locations.7","ogc_fid":7,"fid":7,"district":"Nyamagana","ward":"Mkuyuni","subward":"Kang'anga","source":"At risk","geolocation":"-2.5539664240948023 32.912741455464555 1179.9899352739678 4.0","geolocation precision":4.0,"rockfall causes":null,"rockfall causes/heavy rainfall":null,"rockfall causes/human activities":null,"rockfall causes/earthquakes":null,"other":null,"risky":null,"year affected":null},"geometry":{"type":"Point","coordinates":[32.91274146,-2.55396642]}},{"id":"7","type":"Feature","properties":{"id":"mwanza_rockfall_locations.8","ogc_fid":8,"fid":8,"district":"Nyamagana","ward":"Mkuyuni","subward":"Kang'anga","source":"At risk","geolocation":"-2.5544932702352954 32.91267722506721 1164.2713576372525 4.0","geolocation precision":4.0,"rockfall causes":null,"rockfall causes/heavy rainfall":null,"rockfall causes/human activities":null,"rockfall causes/earthquakes":null,"other":null,"risky":null,"year affected":null},"geometry":{"type":"Point","coordinates":[32.91267723,-2.55449327]}},{"id":"8","type":"Feature","properties":{"id":"mwanza_rockfall_locations.9","ogc_fid":9,"fid":9,"district":"Nyamagana","ward":"Mkuyuni","subward":"Kang'anga","source":"At risk","geolocation":"-2.554962669777439 32.91196977217519 1161.8009666055952 4.0","geolocation precision":4.0,"rockfall causes":null,"rockfall causes/heavy rainfall":null,"rockfall causes/human activities":null,"rockfall causes/earthquakes":null,"other":null,"risky":null,"year affected":null},"geometry":{"type":"Point","coordinates":[32.91196977,-2.55496267]}},{"id":"9","type":"Feature","properties":{"id":"mwanza_rockfall_locations.10","ogc_fid":10,"fid":10,"district":"Nyamagana","ward":"Mkuyuni","subward":"Mlumbani","source":"At risk","geolocation":"-2.5503883333333333 32.909285 1165.9 1.6","geolocation precision":1.6,"rockfall causes":null,"rockfall causes/heavy rainfall":null,"rockfall causes/human activities":null,"rockfall causes/earthquakes":null,"other":null,"risky":null,"year affected":null},"geometry":{"type":"Point","coordinates":[32.909285,-2.55038833]}},{"id":"10","type":"Feature","properties":{"id":"mwanza_rockfall_locations.11","ogc_fid":11,"fid":11,"district":"Nyamagana","ward":"Mkuyuni","subward":"Mlumbani","source":"At risk","geolocation":"-2.5507216666666666 32.90896166666666 1158.7 2.3","geolocation precision":2.3,"rockfall causes":null,"rockfall causes/heavy rainfall":null,"rockfall causes/human activities":null,"rockfall causes/earthquakes":null,"other":null,"risky":null,"year affected":null},"geometry":{"type":"Point","coordinates":[32.90896167,-2.55072167]}},{"id":"11","type":"Feature","properties":{"id":"mwanza_rockfall_locations.12","ogc_fid":12,"fid":12,"district":"Nyamagana","ward":"Mkuyuni","subward":"Mlumbani","source":"At risk","geolocation":"-2.550961666666667 32.908903333333335 1147.3 1.9","geolocation precision":1.9,"rockfall causes":null,"rockfall causes/heavy rainfall":null,"rockfall causes/human activities":null,"rockfall causes/earthquakes":null,"other":null,"risky":null,"year affected":null},"geometry":{"type":"Point","coordinates":[32.90890333,-2.55096167]}},{"id":"12","type":"Feature","properties":{"id":"mwanza_rockfall_locations.13","ogc_fid":13,"fid":13,"district":"Nyamagana","ward":"Mkuyuni","subward":"Mlumbani","source":"At risk","geolocation":"-2.551155 32.90889166666667 1156.0 1.3","geolocation precision":1.3,"rockfall causes":null,"rockfall causes/heavy rainfall":null,"rockfall causes/human activities":null,"rockfall causes/earthquakes":null,"other":null,"risky":null,"year affected":null},"geometry":{"type":"Point","coordinates":[32.90889167,-2.551155]}},{"id":"13","type":"Feature","properties":{"id":"mwanza_rockfall_locations.14","ogc_fid":14,"fid":14,"district":"Nyamagana","ward":"Mkuyuni","subward":"Mlumbani","source":"At risk","geolocation":"-2.551168333333333 32.909355 1151.2 1.5","geolocation precision":1.5,"rockfall causes":null,"rockfall causes/heavy rainfall":null,"rockfall causes/human activities":null,"rockfall causes/earthquakes":null,"other":null,"risky":null,"year affected":null},"geometry":{"type":"Point","coordinates":[32.909355,-2.55116833]}},{"id":"14","type":"Feature","properties":{"id":"mwanza_rockfall_locations.15","ogc_fid":15,"fid":15,"district":"Nyamagana","ward":"Mkuyuni","subward":"Mlumbani","source":"At risk","geolocation":"-2.55095 32.90847833333333 1148.4 1.6","geolocation precision":1.6,"rockfall causes":null,"rockfall causes/heavy rainfall":null,"rockfall causes/human activities":null,"rockfall causes/earthquakes":null,"other":null,"risky":null,"year affected":null},"geometry":{"type":"Point","coordinates":[32.90847833,-2.55095]}},{"id":"15","type":"Feature","properties":{"id":"mwanza_rockfall_locations.16","ogc_fid":16,"fid":16,"district":"Nyamagana","ward":"Igogo","subward":"Kwimba","source":"At risk","geolocation":"-2.536023333333333 32.908204999999995 1177.8 3.4","geolocation precision":3.4,"rockfall causes":null,"rockfall causes/heavy rainfall":null,"rockfall causes/human activities":null,"rockfall causes/earthquakes":null,"other":null,"risky":null,"year affected":null},"geometry":{"type":"Point","coordinates":[32.908205,-2.53602333]}},{"id":"16","type":"Feature","properties":{"id":"mwanza_rockfall_locations.17","ogc_fid":17,"fid":17,"district":"Nyamagana","ward":"Igogo","subward":"Kwimba","source":"At risk","geolocation":"-2.536103333333333 32.908231666666666 1175.0 5.0","geolocation precision":5.0,"rockfall causes":null,"rockfall causes/heavy rainfall":null,"rockfall causes/human activities":null,"rockfall causes/earthquakes":null,"other":null,"risky":null,"year affected":null},"geometry":{"type":"Point","coordinates":[32.90823167,-2.53610333]}},{"id":"17","type":"Feature","properties":{"id":"mwanza_rockfall_locations.18","ogc_fid":18,"fid":18,"district":"Nyamagana","ward":"Igogo","subward":"Kwimba","source":"At risk","geolocation":"-2.536175 32.908225 1181.2 2.9","geolocation precision":2.9,"rockfall causes":null,"rockfall causes/heavy rainfall":null,"rockfall causes/human activities":null,"rockfall causes/earthquakes":null,"other":null,"risky":null,"year affected":null},"geometry":{"type":"Point","coordinates":[32.908225,-2.536175]}},{"id":"18","type":"Feature","properties":{"id":"mwanza_rockfall_locations.19","ogc_fid":19,"fid":19,"district":"Nyamagana","ward":"Igogo","subward":"Kwimba","source":"At risk","geolocation":"-2.5360316666666667 32.90830166666667 1192.1 4.3","geolocation precision":4.3,"rockfall causes":null,"rockfall causes/heavy rainfall":null,"rockfall causes/human activities":null,"rockfall causes/earthquakes":null,"other":null,"risky":null,"year affected":null},"geometry":{"type":"Point","coordinates":[32.90830167,-2.53603167]}},{"id":"19","type":"Feature","properties":{"id":"mwanza_rockfall_locations.20","ogc_fid":20,"fid":20,"district":"Nyamagana","ward":"Igogo","subward":"Kwimba","source":"At risk","geolocation":"-2.5366766666666667 32.90912 1176.1 2.1","geolocation precision":2.1,"rockfall causes":null,"rockfall causes/heavy rainfall":null,"rockfall causes/human activities":null,"rockfall causes/earthquakes":null,"other":null,"risky":null,"year affected":null},"geometry":{"type":"Point","coordinates":[32.90912,-2.53667667]}},{"id":"20","type":"Feature","properties":{"id":"mwanza_rockfall_locations.21","ogc_fid":21,"fid":21,"district":"Nyamagana","ward":"Igogo","subward":"Kwimba","source":"At risk","geolocation":"-2.53658 32.909020000000005 1174.2 4.4","geolocation precision":4.4,"rockfall causes":null,"rockfall causes/heavy rainfall":null,"rockfall causes/human activities":null,"rockfall causes/earthquakes":null,"other":null,"risky":null,"year affected":null},"geometry":{"type":"Point","coordinates":[32.90902,-2.53658]}},{"id":"21","type":"Feature","properties":{"id":"mwanza_rockfall_locations.22","ogc_fid":22,"fid":22,"district":"Nyamagana","ward":"Igogo","subward":"Kwimba","source":"At risk","geolocation":"-2.5364883333333332 32.909335000000006 1170.9 2.1","geolocation precision":2.1,"rockfall causes":null,"rockfall causes/heavy rainfall":null,"rockfall causes/human activities":null,"rockfall causes/earthquakes":null,"other":null,"risky":null,"year affected":null},"geometry":{"type":"Point","coordinates":[32.909335,-2.53648833]}},{"id":"22","type":"Feature","properties":{"id":"mwanza_rockfall_locations.23","ogc_fid":23,"fid":23,"district":"Nyamagana","ward":"Mkuyuni","subward":"Kang'anga","source":"At risk","geolocation":"-2.5534995272755623 32.912062061950564 1176.0 5.0","geolocation precision":5.0,"rockfall causes":null,"rockfall causes/heavy rainfall":null,"rockfall causes/human activities":null,"rockfall causes/earthquakes":null,"other":null,"risky":null,"year affected":null},"geometry":{"type":"Point","coordinates":[32.91206206,-2.55349953]}},{"id":"23","type":"Feature","properties":{"id":"mwanza_rockfall_locations.24","ogc_fid":24,"fid":24,"district":"Nyamagana","ward":"Mkuyuni","subward":"Kang'anga","source":"At risk","geolocation":"-2.5544000789523125 32.9112243745476 1151.0 4.5","geolocation precision":4.5,"rockfall causes":null,"rockfall causes/heavy rainfall":null,"rockfall causes/human activities":null,"rockfall causes/earthquakes":null,"other":null,"risky":null,"year affected":null},"geometry":{"type":"Point","coordinates":[32.91122437,-2.55440008]}},{"id":"24","type":"Feature","properties":{"id":"mwanza_rockfall_locations.25","ogc_fid":25,"fid":25,"district":"Nyamagana","ward":"Mkuyuni","subward":"Mlumbani","source":"At risk","geolocation":"-2.5514116666666666 32.91 1176.1 4.7","geolocation precision":4.7,"rockfall causes":null,"rockfall causes/heavy rainfall":null,"rockfall causes/human activities":null,"rockfall causes/earthquakes":null,"other":null,"risky":null,"year affected":null},"geometry":{"type":"Point","coordinates":[32.91,-2.55141167]}},{"id":"25","type":"Feature","properties":{"id":"mwanza_rockfall_locations.26","ogc_fid":26,"fid":26,"district":"Nyamagana","ward":"Mkuyuni","subward":"Mlumbani","source":"At risk","geolocation":"-2.55017 32.909035 1090.1 4.8","geolocation precision":4.8,"rockfall causes":null,"rockfall causes/heavy rainfall":null,"rockfall causes/human activities":null,"rockfall causes/earthquakes":null,"other":null,"risky":null,"year affected":null},"geometry":{"type":"Point","coordinates":[32.909035,-2.55017]}},{"id":"26","type":"Feature","properties":{"id":"mwanza_rockfall_locations.27","ogc_fid":27,"fid":27,"district":"Nyamagana","ward":"Mkuyuni","subward":"Mlumbani","source":"At risk","geolocation":"-2.54844 32.90867333333333 1157.3 4.9","geolocation precision":4.9,"rockfall causes":null,"rockfall causes/heavy rainfall":null,"rockfall causes/human activities":null,"rockfall causes/earthquakes":null,"other":null,"risky":null,"year affected":null},"geometry":{"type":"Point","coordinates":[32.90867333,-2.54844]}},{"id":"27","type":"Feature","properties":{"id":"mwanza_rockfall_locations.28","ogc_fid":28,"fid":28,"district":"Nyamagana","ward":"Mkuyuni","subward":"Mlumbani","source":"At risk","geolocation":"-2.5484733333333334 32.90858166666667 1180.9 4.9","geolocation precision":4.9,"rockfall causes":null,"rockfall causes/heavy rainfall":null,"rockfall causes/human activities":null,"rockfall causes/earthquakes":null,"other":null,"risky":null,"year affected":null},"geometry":{"type":"Point","coordinates":[32.90858167,-2.54847333]}},{"id":"28","type":"Feature","properties":{"id":"mwanza_rockfall_locations.29","ogc_fid":29,"fid":29,"district":"Nyamagana","ward":"Mkuyuni","subward":"Mlumbani","source":"At risk","geolocation":"-2.5488077150657773 32.90891516022384 1166.0 5.0","geolocation precision":5.0,"rockfall causes":null,"rockfall causes/heavy rainfall":null,"rockfall causes/human activities":null,"rockfall causes/earthquakes":null,"other":null,"risky":null,"year affected":null},"geometry":{"type":"Point","coordinates":[32.90891516,-2.54880771]}},{"id":"29","type":"Feature","properties":{"id":"mwanza_rockfall_locations.30","ogc_fid":30,"fid":30,"district":"Nyamagana","ward":"Mkuyuni","subward":"Mlumbani","source":"At risk","geolocation":"-2.548136282712221 32.90864392183721 1167.0 5.0","geolocation precision":5.0,"rockfall causes":null,"rockfall causes/heavy rainfall":null,"rockfall causes/human activities":null,"rockfall causes/earthquakes":null,"other":null,"risky":null,"year affected":null},"geometry":{"type":"Point","coordinates":[32.90864392,-2.54813628]}},{"id":"30","type":"Feature","properties":{"id":"mwanza_rockfall_locations.31","ogc_fid":31,"fid":31,"district":"Nyamagana","ward":"Mkuyuni","subward":"Mlumbani","source":"At risk","geolocation":"-2.549367374740541 32.910887924954295 1191.0 5.0","geolocation precision":5.0,"rockfall causes":null,"rockfall causes/heavy rainfall":null,"rockfall causes/human activities":null,"rockfall causes/earthquakes":null,"other":null,"risky":null,"year affected":null},"geometry":{"type":"Point","coordinates":[32.91088792,-2.54936737]}},{"id":"31","type":"Feature","properties":{"id":"mwanza_rockfall_locations.32","ogc_fid":32,"fid":32,"district":"Nyamagana","ward":"Mkuyuni","subward":"Relwe","source":"At risk","geolocation":"-2.5458950000000002 32.908633333333334 1198.3 4.6","geolocation precision":4.6,"rockfall causes":null,"rockfall causes/heavy rainfall":null,"rockfall causes/human activities":null,"rockfall causes/earthquakes":null,"other":null,"risky":null,"year affected":null},"geometry":{"type":"Point","coordinates":[32.90863333,-2.545895]}},{"id":"32","type":"Feature","properties":{"id":"mwanza_rockfall_locations.33","ogc_fid":33,"fid":33,"district":"Nyamagana","ward":"Mkuyuni","subward":"Relwe","source":"At risk","geolocation":"-2.546135 32.90833833333333 1195.4 5.0","geolocation precision":5.0,"rockfall causes":null,"rockfall causes/heavy rainfall":null,"rockfall causes/human activities":null,"rockfall causes/earthquakes":null,"other":null,"risky":null,"year affected":null},"geometry":{"type":"Point","coordinates":[32.90833833,-2.546135]}},{"id":"33","type":"Feature","properties":{"id":"mwanza_rockfall_locations.34","ogc_fid":34,"fid":34,"district":"Nyamagana","ward":"Mkuyuni","subward":"Relwe","source":"At risk","geolocation":"-2.5461166666666664 32.90885 1190.8 4.5","geolocation precision":4.5,"rockfall causes":null,"rockfall causes/heavy rainfall":null,"rockfall causes/human activities":null,"rockfall causes/earthquakes":null,"other":null,"risky":null,"year affected":null},"geometry":{"type":"Point","coordinates":[32.90885,-2.54611667]}},{"id":"34","type":"Feature","properties":{"id":"mwanza_rockfall_locations.35","ogc_fid":35,"fid":35,"district":"Nyamagana","ward":"Mkuyuni","subward":"Relwe","source":"At risk","geolocation":"-2.5458616666666667 32.908863333333336 1195.1 4.0","geolocation precision":4.0,"rockfall causes":null,"rockfall causes/heavy rainfall":null,"rockfall causes/human activities":null,"rockfall causes/earthquakes":null,"other":null,"risky":null,"year affected":null},"geometry":{"type":"Point","coordinates":[32.90886333,-2.54586167]}},{"id":"35","type":"Feature","properties":{"id":"mwanza_rockfall_locations.36","ogc_fid":36,"fid":36,"district":"Nyamagana","ward":"Mkuyuni","subward":"Relwe","source":"At risk","geolocation":"-2.545811666666667 32.908876666666664 1196.9 3.7","geolocation precision":3.7,"rockfall causes":null,"rockfall causes/heavy rainfall":null,"rockfall causes/human activities":null,"rockfall causes/earthquakes":null,"other":null,"risky":null,"year affected":null},"geometry":{"type":"Point","coordinates":[32.90887667,-2.54581167]}},{"id":"36","type":"Feature","properties":{"id":"mwanza_rockfall_locations.37","ogc_fid":37,"fid":37,"district":"Nyamagana","ward":"Mkuyuni","subward":"Relwe","source":"At risk","geolocation":"-2.545996666666667 32.909560000000006 1217.6 4.4","geolocation precision":4.4,"rockfall causes":null,"rockfall causes/heavy rainfall":null,"rockfall causes/human activities":null,"rockfall causes/earthquakes":null,"other":null,"risky":null,"year affected":null},"geometry":{"type":"Point","coordinates":[32.90956,-2.54599667]}},{"id":"37","type":"Feature","properties":{"id":"mwanza_rockfall_locations.38","ogc_fid":38,"fid":38,"district":"Nyamagana","ward":"Mkuyuni","subward":"Relwe","source":"At risk","geolocation":"-2.545915 32.90956833333333 1217.3 4.2","geolocation precision":4.2,"rockfall causes":null,"rockfall causes/heavy rainfall":null,"rockfall causes/human activities":null,"rockfall causes/earthquakes":null,"other":null,"risky":null,"year affected":null},"geometry":{"type":"Point","coordinates":[32.90956833,-2.545915]}},{"id":"38","type":"Feature","properties":{"id":"mwanza_rockfall_locations.39","ogc_fid":39,"fid":39,"district":"Nyamagana","ward":"Mkuyuni","subward":"Relwe","source":"At risk","geolocation":"-2.5463250000000004 32.909191666666665 1212.5 3.5","geolocation precision":3.5,"rockfall causes":null,"rockfall causes/heavy rainfall":null,"rockfall causes/human activities":null,"rockfall causes/earthquakes":null,"other":null,"risky":null,"year affected":null},"geometry":{"type":"Point","coordinates":[32.90919167,-2.546325]}},{"id":"39","type":"Feature","properties":{"id":"mwanza_rockfall_locations.40","ogc_fid":40,"fid":40,"district":"Nyamagana","ward":"Mkuyuni","subward":"Relwe","source":"At risk","geolocation":"-2.546475 32.90904166666667 1205.2 4.3","geolocation precision":4.3,"rockfall causes":null,"rockfall causes/heavy rainfall":null,"rockfall causes/human activities":null,"rockfall causes/earthquakes":null,"other":null,"risky":null,"year affected":null},"geometry":{"type":"Point","coordinates":[32.90904167,-2.546475]}},{"id":"40","type":"Feature","properties":{"id":"mwanza_rockfall_locations.41","ogc_fid":41,"fid":41,"district":"Nyamagana","ward":"Mkuyuni","subward":"Relwe","source":"At risk","geolocation":"-2.546406666666667 32.90909666666666 1204.6 4.4","geolocation precision":4.4,"rockfall causes":null,"rockfall causes/heavy rainfall":null,"rockfall causes/human activities":null,"rockfall causes/earthquakes":null,"other":null,"risky":null,"year affected":null},"geometry":{"type":"Point","coordinates":[32.90909667,-2.54640667]}},{"id":"41","type":"Feature","properties":{"id":"mwanza_rockfall_locations.42","ogc_fid":42,"fid":42,"district":"Nyamagana","ward":"Mkuyuni","subward":"Relwe","source":"At risk","geolocation":"-2.5463283333333333 32.908924999999996 1200.5 4.7","geolocation precision":4.7,"rockfall causes":null,"rockfall causes/heavy rainfall":null,"rockfall causes/human activities":null,"rockfall causes/earthquakes":null,"other":null,"risky":null,"year affected":null},"geometry":{"type":"Point","coordinates":[32.908925,-2.54632833]}},{"id":"42","type":"Feature","properties":{"id":"mwanza_rockfall_locations.43","ogc_fid":43,"fid":43,"district":"Nyamagana","ward":"Mkuyuni","subward":"Relwe","source":"At risk","geolocation":"-2.5462533333333335 32.90887166666666 1194.0 3.4","geolocation precision":3.4,"rockfall causes":null,"rockfall causes/heavy rainfall":null,"rockfall causes/human activities":null,"rockfall causes/earthquakes":null,"other":null,"risky":null,"year affected":null},"geometry":{"type":"Point","coordinates":[32.90887167,-2.54625333]}},{"id":"43","type":"Feature","properties":{"id":"mwanza_rockfall_locations.44","ogc_fid":44,"fid":44,"district":"Nyamagana","ward":"Mkuyuni","subward":"Relwe","source":"At risk","geolocation":"-2.546245 32.908455000000004 1171.1 5.0","geolocation precision":5.0,"rockfall causes":null,"rockfall causes/heavy rainfall":null,"rockfall causes/human activities":null,"rockfall causes/earthquakes":null,"other":null,"risky":null,"year affected":null},"geometry":{"type":"Point","coordinates":[32.908455,-2.546245]}},{"id":"44","type":"Feature","properties":{"id":"mwanza_rockfall_locations.45","ogc_fid":45,"fid":45,"district":"Nyamagana","ward":"Mkuyuni","subward":"Relwe","source":"At risk","geolocation":"-2.5467334873974323 32.90919167920947 1179.0 5.0","geolocation precision":5.0,"rockfall causes":null,"rockfall causes/heavy rainfall":null,"rockfall causes/human activities":null,"rockfall causes/earthquakes":null,"other":null,"risky":null,"year affected":null},"geometry":{"type":"Point","coordinates":[32.90919168,-2.54673349]}},{"id":"45","type":"Feature","properties":{"id":"mwanza_rockfall_locations.46","ogc_fid":46,"fid":46,"district":"Nyamagana","ward":"Mkuyuni","subward":"Relwe","source":"At risk","geolocation":"-2.54648148547858 32.90923057124019 1185.0 5.0","geolocation precision":5.0,"rockfall causes":null,"rockfall causes/heavy rainfall":null,"rockfall causes/human activities":null,"rockfall causes/earthquakes":null,"other":null,"risky":null,"year affected":null},"geometry":{"type":"Point","coordinates":[32.90923057,-2.54648149]}},{"id":"46","type":"Feature","properties":{"id":"mwanza_rockfall_locations.47","ogc_fid":47,"fid":47,"district":"Nyamagana","ward":"Mkuyuni","subward":"Relwe","source":"At risk","geolocation":"-2.547241053543985 32.90913887321949 1178.0 5.0","geolocation precision":5.0,"rockfall causes":null,"rockfall causes/heavy rainfall":null,"rockfall causes/human activities":null,"rockfall causes/earthquakes":null,"other":null,"risky":null,"year affected":null},"geometry":{"type":"Point","coordinates":[32.90913887,-2.54724105]}},{"id":"47","type":"Feature","properties":{"id":"mwanza_rockfall_locations.48","ogc_fid":48,"fid":48,"district":"Nyamagana","ward":"Mkuyuni","subward":"Relwe","source":"At risk","geolocation":"-2.546467613428831 32.9100517462939 1217.0 5.0","geolocation precision":5.0,"rockfall causes":null,"rockfall causes/heavy rainfall":null,"rockfall causes/human activities":null,"rockfall causes/earthquakes":null,"other":null,"risky":null,"year affected":null},"geometry":{"type":"Point","coordinates":[32.91005175,-2.54646761]}},{"id":"48","type":"Feature","properties":{"id":"mwanza_rockfall_locations.49","ogc_fid":49,"fid":49,"district":"Nyamagana","ward":"Mkuyuni","subward":"Relwe","source":"At risk","geolocation":"-2.5464179925620556 32.91026121005416 1226.0 4.5","geolocation precision":4.5,"rockfall causes":null,"rockfall causes/heavy rainfall":null,"rockfall causes/human activities":null,"rockfall causes/earthquakes":null,"other":null,"risky":null,"year affected":null},"geometry":{"type":"Point","coordinates":[32.91026121,-2.54641799]}},{"id":"49","type":"Feature","properties":{"id":"mwanza_rockfall_locations.50","ogc_fid":50,"fid":50,"district":"Nyamagana","ward":"Mkuyuni","subward":"Relwe","source":"At risk","geolocation":"-2.5467283333333333 32.908425 1164.8 4.9","geolocation precision":4.9,"rockfall causes":null,"rockfall causes/heavy rainfall":null,"rockfall causes/human activities":null,"rockfall causes/earthquakes":null,"other":null,"risky":null,"year affected":null},"geometry":{"type":"Point","coordinates":[32.908425,-2.54672833]}},{"id":"50","type":"Feature","properties":{"id":"mwanza_rockfall_locations.51","ogc_fid":51,"fid":51,"district":"Nyamagana","ward":"Mkuyuni","subward":"Relwe","source":"At risk","geolocation":"-2.5468083333333333 32.908341666666665 1164.0 4.1","geolocation precision":4.1,"rockfall causes":null,"rockfall causes/heavy rainfall":null,"rockfall causes/human activities":null,"rockfall causes/earthquakes":null,"other":null,"risky":null,"year affected":null},"geometry":{"type":"Point","coordinates":[32.90834167,-2.54680833]}},{"id":"51","type":"Feature","properties":{"id":"mwanza_rockfall_locations.52","ogc_fid":52,"fid":52,"district":"Nyamagana","ward":"Mkuyuni","subward":"Relwe","source":"At risk","geolocation":"-2.5470733333333335 32.90864666666666 1164.6 4.9","geolocation precision":4.9,"rockfall causes":null,"rockfall causes/heavy rainfall":null,"rockfall causes/human activities":null,"rockfall causes/earthquakes":null,"other":null,"risky":null,"year affected":null},"geometry":{"type":"Point","coordinates":[32.90864667,-2.54707333]}},{"id":"52","type":"Feature","properties":{"id":"mwanza_rockfall_locations.53","ogc_fid":53,"fid":53,"district":"Nyamagana","ward":"Mkuyuni","subward":"Relwe","source":"At risk","geolocation":"-2.54677 32.908845 1165.8 4.8","geolocation precision":4.8,"rockfall causes":null,"rockfall causes/heavy rainfall":null,"rockfall causes/human activities":null,"rockfall causes/earthquakes":null,"other":null,"risky":null,"year affected":null},"geometry":{"type":"Point","coordinates":[32.908845,-2.54677]}},{"id":"53","type":"Feature","properties":{"id":"mwanza_rockfall_locations.54","ogc_fid":54,"fid":54,"district":"Nyamagana","ward":"Mkuyuni","subward":"Relwe","source":"At risk","geolocation":"-2.547031666666667 32.909061666666666 1169.5 4.6","geolocation precision":4.6,"rockfall causes":null,"rockfall causes/heavy rainfall":null,"rockfall causes/human activities":null,"rockfall causes/earthquakes":null,"other":null,"risky":null,"year affected":null},"geometry":{"type":"Point","coordinates":[32.90906167,-2.54703167]}},{"id":"54","type":"Feature","properties":{"id":"mwanza_rockfall_locations.55","ogc_fid":55,"fid":55,"district":"Nyamagana","ward":"Mkuyuni","subward":"Relwe","source":"At risk","geolocation":"-2.547521666666667 32.90877833333333 1180.0 4.4","geolocation precision":4.4,"rockfall causes":null,"rockfall causes/heavy rainfall":null,"rockfall causes/human activities":null,"rockfall causes/earthquakes":null,"other":null,"risky":null,"year affected":null},"geometry":{"type":"Point","coordinates":[32.90877833,-2.54752167]}},{"id":"55","type":"Feature","properties":{"id":"mwanza_rockfall_locations.56","ogc_fid":56,"fid":56,"district":"Nyamagana","ward":"Mkuyuni","subward":"Relwe","source":"At risk","geolocation":"-2.547451666666667 32.90866166666667 1181.5 4.3","geolocation precision":4.3,"rockfall causes":null,"rockfall causes/heavy rainfall":null,"rockfall causes/human activities":null,"rockfall causes/earthquakes":null,"other":null,"risky":null,"year affected":null},"geometry":{"type":"Point","coordinates":[32.90866167,-2.54745167]}},{"id":"56","type":"Feature","properties":{"id":"mwanza_rockfall_locations.57","ogc_fid":57,"fid":57,"district":"Nyamagana","ward":"Mkuyuni","subward":"Relwe","source":"At risk","geolocation":"-2.5477399999999997 32.90866666666667 1183.5 3.1","geolocation precision":3.1,"rockfall causes":null,"rockfall causes/heavy rainfall":null,"rockfall causes/human activities":null,"rockfall causes/earthquakes":null,"other":null,"risky":null,"year affected":null},"geometry":{"type":"Point","coordinates":[32.90866667,-2.54774]}},{"id":"57","type":"Feature","properties":{"id":"mwanza_rockfall_locations.58","ogc_fid":58,"fid":58,"district":"Nyamagana","ward":"Mkuyuni","subward":"Relwe","source":"At risk","geolocation":"-2.547546666666667 32.90835166666667 1180.0 4.9","geolocation precision":4.9,"rockfall causes":null,"rockfall causes/heavy rainfall":null,"rockfall causes/human activities":null,"rockfall causes/earthquakes":null,"other":null,"risky":null,"year affected":null},"geometry":{"type":"Point","coordinates":[32.90835167,-2.54754667]}},{"id":"58","type":"Feature","properties":{"id":"mwanza_rockfall_locations.59","ogc_fid":59,"fid":59,"district":"Nyamagana","ward":"Igogo","subward":"Mulungushi","source":"At risk","geolocation":"-2.5316233333333336 32.904833333333336 1192.8 4.5","geolocation precision":4.5,"rockfall causes":null,"rockfall causes/heavy rainfall":null,"rockfall causes/human activities":null,"rockfall causes/earthquakes":null,"other":null,"risky":null,"year affected":null},"geometry":{"type":"Point","coordinates":[32.90483333,-2.53162333]}},{"id":"59","type":"Feature","properties":{"id":"mwanza_rockfall_locations.60","ogc_fid":60,"fid":60,"district":"Nyamagana","ward":"Igogo","subward":"Mulungushi","source":"At risk","geolocation":"-2.531835 32.90479333333334 1190.5 3.8","geolocation precision":3.8,"rockfall causes":null,"rockfall causes/heavy rainfall":null,"rockfall causes/human activities":null,"rockfall causes/earthquakes":null,"other":null,"risky":null,"year affected":null},"geometry":{"type":"Point","coordinates":[32.90479333,-2.531835]}},{"id":"60","type":"Feature","properties":{"id":"mwanza_rockfall_locations.61","ogc_fid":61,"fid":61,"district":"Nyamagana","ward":"Igogo","subward":"Mulungushi","source":"At risk","geolocation":"-2.531625 32.90445333333333 1178.3 2.9","geolocation precision":2.9,"rockfall causes":null,"rockfall causes/heavy rainfall":null,"rockfall causes/human activities":null,"rockfall causes/earthquakes":null,"other":null,"risky":null,"year affected":null},"geometry":{"type":"Point","coordinates":[32.90445333,-2.531625]}},{"id":"61","type":"Feature","properties":{"id":"mwanza_rockfall_locations.62","ogc_fid":62,"fid":62,"district":"Nyamagana","ward":"Igogo","subward":"Mulungushi","source":"At risk","geolocation":"-2.5317950000000002 32.904423333333334 1184.3 4.5","geolocation precision":4.5,"rockfall causes":null,"rockfall causes/heavy rainfall":null,"rockfall causes/human activities":null,"rockfall causes/earthquakes":null,"other":null,"risky":null,"year affected":null},"geometry":{"type":"Point","coordinates":[32.90442333,-2.531795]}},{"id":"62","type":"Feature","properties":{"id":"mwanza_rockfall_locations.63","ogc_fid":63,"fid":63,"district":"Nyamagana","ward":"Igogo","subward":"Mulungushi","source":"At risk","geolocation":"-2.5308473082259297 32.903305822983384 1147.0 4.5","geolocation precision":4.5,"rockfall causes":null,"rockfall causes/heavy rainfall":null,"rockfall causes/human activities":null,"rockfall causes/earthquakes":null,"other":null,"risky":null,"year affected":null},"geometry":{"type":"Point","coordinates":[32.90330582,-2.53084731]}},{"id":"63","type":"Feature","properties":{"id":"mwanza_rockfall_locations.64","ogc_fid":64,"fid":64,"district":"Nyamagana","ward":"Igogo","subward":"Mulungushi","source":"At risk","geolocation":"-2.5312384497374296 32.90318646468222 1176.0 5.0","geolocation precision":5.0,"rockfall causes":null,"rockfall causes/heavy rainfall":null,"rockfall causes/human activities":null,"rockfall causes/earthquakes":null,"other":null,"risky":null,"year affected":null},"geometry":{"type":"Point","coordinates":[32.90318646,-2.53123845]}},{"id":"64","type":"Feature","properties":{"id":"mwanza_rockfall_locations.65","ogc_fid":65,"fid":65,"district":"Nyamagana","ward":"Igogo","subward":"Jiwe","source":"At risk","geolocation":"-2.535634168405551 32.915260594250114 1224.271205154875 4.0","geolocation precision":4.0,"rockfall causes":null,"rockfall causes/heavy rainfall":null,"rockfall causes/human activities":null,"rockfall causes/earthquakes":null,"other":null,"risky":null,"year affected":null},"geometry":{"type":"Point","coordinates":[32.91526059,-2.53563417]}},{"id":"65","type":"Feature","properties":{"id":"mwanza_rockfall_locations.66","ogc_fid":66,"fid":66,"district":"Nyamagana","ward":"Igogo","subward":"Jiwe","source":"At risk","geolocation":"-2.5365680878364296 32.91414908331804 1218.5235944584101 4.0","geolocation precision":4.0,"rockfall causes":null,"rockfall causes/heavy rainfall":null,"rockfall causes/human activities":null,"rockfall causes/earthquakes":null,"other":null,"risky":null,"year affected":null},"geometry":{"type":"Point","coordinates":[32.91414908,-2.53656809]}},{"id":"66","type":"Feature","properties":{"id":"mwanza_rockfall_locations.67","ogc_fid":67,"fid":67,"district":"Nyamagana","ward":"Igogo","subward":"Jiwe","source":"At risk","geolocation":"-2.536383827387498 32.91368735684587 1220.1809650415687 4.0","geolocation precision":4.0,"rockfall causes":null,"rockfall causes/heavy rainfall":null,"rockfall causes/human activities":null,"rockfall causes/earthquakes":null,"other":null,"risky":null,"year affected":null},"geometry":{"type":"Point","coordinates":[32.91368736,-2.53638383]}},{"id":"67","type":"Feature","properties":{"id":"mwanza_rockfall_locations.68","ogc_fid":68,"fid":68,"district":"Nyamagana","ward":"Igogo","subward":"Jiwe","source":"At risk","geolocation":"-2.5368245053335583 32.91405378064756 1191.4240123215939 4.0","geolocation precision":4.0,"rockfall causes":null,"rockfall causes/heavy rainfall":null,"rockfall causes/human activities":null,"rockfall causes/earthquakes":null,"other":null,"risky":null,"year affected":null},"geometry":{"type":"Point","coordinates":[32.91405378,-2.5368245]}},{"id":"68","type":"Feature","properties":{"id":"mwanza_rockfall_locations.69","ogc_fid":69,"fid":69,"district":"Nyamagana","ward":"Igogo","subward":"Jiwe","source":"At risk","geolocation":"-2.5375300172292232 32.91401538559719 1204.4342878424327 4.0","geolocation precision":4.0,"rockfall causes":null,"rockfall causes/heavy rainfall":null,"rockfall causes/human activities":null,"rockfall causes/earthquakes":null,"other":null,"risky":null,"year affected":null},"geometry":{"type":"Point","coordinates":[32.91401539,-2.53753002]}},{"id":"69","type":"Feature","properties":{"id":"mwanza_rockfall_locations.70","ogc_fid":70,"fid":70,"district":"Nyamagana","ward":"Igogo","subward":"Jiwe","source":"At risk","geolocation":"-2.538011744252216 32.91445965534614 1231.8621236929416 4.0","geolocation precision":4.0,"rockfall causes":null,"rockfall causes/heavy rainfall":null,"rockfall causes/human activities":null,"rockfall causes/earthquakes":null,"other":null,"risky":null,"year affected":null},"geometry":{"type":"Point","coordinates":[32.91445966,-2.53801174]}},{"id":"70","type":"Feature","properties":{"id":"mwanza_rockfall_locations.71","ogc_fid":71,"fid":71,"district":"Nyamagana","ward":"Igogo","subward":"Jiwe","source":"At risk","geolocation":"-2.538332910153333 32.91433177338776 1230.7052361127326 4.0","geolocation precision":4.0,"rockfall causes":null,"rockfall causes/heavy rainfall":null,"rockfall causes/human activities":null,"rockfall causes/earthquakes":null,"other":null,"risky":null,"year affected":null},"geometry":{"type":"Point","coordinates":[32.91433177,-2.53833291]}},{"id":"71","type":"Feature","properties":{"id":"mwanza_rockfall_locations.72","ogc_fid":72,"fid":72,"district":"Nyamagana","ward":"Igogo","subward":"Jiwe","source":"At risk","geolocation":"-2.538429754021388 32.91575639553291 1233.0921995955664 4.0","geolocation precision":4.0,"rockfall causes":null,"rockfall causes/heavy rainfall":null,"rockfall causes/human activities":null,"rockfall causes/earthquakes":null,"other":null,"risky":null,"year affected":null},"geometry":{"type":"Point","coordinates":[32.9157564,-2.53842975]}},{"id":"72","type":"Feature","properties":{"id":"mwanza_rockfall_locations.73","ogc_fid":73,"fid":73,"district":"Nyamagana","ward":"Igogo","subward":"Jiwe","source":"At risk","geolocation":"-2.5383007432612907 32.91545792442682 1240.5092659606535 4.0","geolocation precision":4.0,"rockfall causes":null,"rockfall causes/heavy rainfall":null,"rockfall causes/human activities":null,"rockfall causes/earthquakes":null,"other":null,"risky":null,"year affected":null},"geometry":{"type":"Point","coordinates":[32.91545792,-2.53830074]}},{"id":"73","type":"Feature","properties":{"id":"mwanza_rockfall_locations.74","ogc_fid":74,"fid":74,"district":"Nyamagana","ward":"Igogo","subward":"Jiwe","source":"At risk","geolocation":"-2.5383612201906227 32.91484327828729 1231.2309211084732 4.0","geolocation precision":4.0,"rockfall causes":null,"rockfall causes/heavy rainfall":null,"rockfall causes/human activities":null,"rockfall causes/earthquakes":null,"other":null,"risky":null,"year affected":null},"geometry":{"type":"Point","coordinates":[32.91484328,-2.53836122]}},{"id":"74","type":"Feature","properties":{"id":"mwanza_rockfall_locations.75","ogc_fid":75,"fid":75,"district":"Nyamagana","ward":"Igogo","subward":"Jiwe","source":"At risk","geolocation":"-2.537396728155489 32.915289774226025 1221.4882265972005 4.0","geolocation precision":4.0,"rockfall causes":null,"rockfall causes/heavy rainfall":null,"rockfall causes/human activities":null,"rockfall causes/earthquakes":null,"other":null,"risky":null,"year affected":null},"geometry":{"type":"Point","coordinates":[32.91528977,-2.53739673]}},{"id":"75","type":"Feature","properties":{"id":"mwanza_rockfall_locations.76","ogc_fid":76,"fid":76,"district":"Nyamagana","ward":"Igogo","subward":"Azimio","source":"At risk","geolocation":"-2.544418791902088 32.909068801281606 1164.8210292258602 4.0","geolocation precision":4.0,"rockfall causes":null,"rockfall causes/heavy rainfall":null,"rockfall causes/human activities":null,"rockfall causes/earthquakes":null,"other":null,"risky":null,"year affected":null},"geometry":{"type":"Point","coordinates":[32.9090688,-2.54441879]}},{"id":"76","type":"Feature","properties":{"id":"mwanza_rockfall_locations.77","ogc_fid":77,"fid":77,"district":"Nyamagana","ward":"Igogo","subward":"Azimio","source":"At risk","geolocation":"-2.5449236269605744 32.90901899280444 1208.8582976293856 4.0","geolocation precision":4.0,"rockfall causes":null,"rockfall causes/heavy rainfall":null,"rockfall causes/human activities":null,"rockfall causes/earthquakes":null,"other":null,"risky":null,"year affected":null},"geometry":{"type":"Point","coordinates":[32.90901899,-2.54492363]}},{"id":"77","type":"Feature","properties":{"id":"mwanza_rockfall_locations.78","ogc_fid":78,"fid":78,"district":"Nyamagana","ward":"Igogo","subward":"Kwimba","source":"At risk","geolocation":"-2.5373564 32.90794907 1146.103759765625 4.288","geolocation precision":4.288,"rockfall causes":null,"rockfall causes/heavy rainfall":null,"rockfall causes/human activities":null,"rockfall causes/earthquakes":null,"other":null,"risky":null,"year affected":null},"geometry":{"type":"Point","coordinates":[32.90794907,-2.5373564]}},{"id":"78","type":"Feature","properties":{"id":"mwanza_rockfall_locations.79","ogc_fid":79,"fid":79,"district":"Nyamagana","ward":"Igogo","subward":"Kwimba","source":"At risk","geolocation":"-2.5365876 32.90904124 1165.4326171875 4.288","geolocation precision":4.288,"rockfall causes":null,"rockfall causes/heavy rainfall":null,"rockfall causes/human activities":null,"rockfall causes/earthquakes":null,"other":null,"risky":null,"year affected":null},"geometry":{"type":"Point","coordinates":[32.90904124,-2.5365876]}},{"id":"79","type":"Feature","properties":{"id":"mwanza_rockfall_locations.80","ogc_fid":80,"fid":80,"district":"Nyamagana","ward":"Igogo","subward":"Bugando","source":"At risk","geolocation":"-2.5346399999999996 32.91095833333333 1208.8 2.3","geolocation precision":2.3,"rockfall causes":null,"rockfall causes/heavy rainfall":null,"rockfall causes/human activities":null,"rockfall causes/earthquakes":null,"other":null,"risky":null,"year affected":null},"geometry":{"type":"Point","coordinates":[32.91095833,-2.53464]}},{"id":"80","type":"Feature","properties":{"id":"mwanza_rockfall_locations.81","ogc_fid":81,"fid":81,"district":"Nyamagana","ward":"Igogo","subward":"Bugando","source":"At risk","geolocation":"-2.5348816666666663 32.91083833333333 1164.4 1.9","geolocation precision":1.9,"rockfall causes":null,"rockfall causes/heavy rainfall":null,"rockfall causes/human activities":null,"rockfall causes/earthquakes":null,"other":null,"risky":null,"year affected":null},"geometry":{"type":"Point","coordinates":[32.91083833,-2.53488167]}},{"id":"81","type":"Feature","properties":{"id":"mwanza_rockfall_locations.82","ogc_fid":82,"fid":82,"district":"Nyamagana","ward":"Igogo","subward":"Bugando","source":"At risk","geolocation":"-2.534985 32.91086 1197.6 1.7","geolocation precision":1.7,"rockfall causes":null,"rockfall causes/heavy rainfall":null,"rockfall causes/human activities":null,"rockfall causes/earthquakes":null,"other":null,"risky":null,"year affected":null},"geometry":{"type":"Point","coordinates":[32.91086,-2.534985]}},{"id":"82","type":"Feature","properties":{"id":"mwanza_rockfall_locations.83","ogc_fid":83,"fid":83,"district":"Nyamagana","ward":"Igogo","subward":"Bugando","source":"At risk","geolocation":"-2.5358 32.91088 1191.7 3.6","geolocation precision":3.6,"rockfall causes":null,"rockfall causes/heavy rainfall":null,"rockfall causes/human activities":null,"rockfall causes/earthquakes":null,"other":null,"risky":null,"year affected":null},"geometry":{"type":"Point","coordinates":[32.91088,-2.5358]}},{"id":"83","type":"Feature","properties":{"id":"mwanza_rockfall_locations.84","ogc_fid":84,"fid":84,"district":"Nyamagana","ward":"Igogo","subward":"Bugando","source":"At risk","geolocation":"-2.5338866666666666 32.912803333333336 1223.8 4.3","geolocation precision":4.3,"rockfall causes":null,"rockfall causes/heavy rainfall":null,"rockfall causes/human activities":null,"rockfall causes/earthquakes":null,"other":null,"risky":null,"year affected":null},"geometry":{"type":"Point","coordinates":[32.91280333,-2.53388667]}},{"id":"84","type":"Feature","properties":{"id":"mwanza_rockfall_locations.85","ogc_fid":85,"fid":85,"district":"Nyamagana","ward":"Igogo","subward":"Bugando","source":"At risk","geolocation":"-2.534535 32.91077166666666 1208.0 3.0","geolocation precision":3.0,"rockfall causes":null,"rockfall causes/heavy rainfall":null,"rockfall causes/human activities":null,"rockfall causes/earthquakes":null,"other":null,"risky":null,"year affected":null},"geometry":{"type":"Point","coordinates":[32.91077167,-2.534535]}},{"id":"85","type":"Feature","properties":{"id":"mwanza_rockfall_locations.86","ogc_fid":86,"fid":86,"district":"Nyamagana","ward":"Igogo","subward":"Bugando","source":"At risk","geolocation":"-2.5356949999999996 32.91111166666667 1199.9 3.4","geolocation precision":3.4,"rockfall causes":null,"rockfall causes/heavy rainfall":null,"rockfall causes/human activities":null,"rockfall causes/earthquakes":null,"other":null,"risky":null,"year affected":null},"geometry":{"type":"Point","coordinates":[32.91111167,-2.535695]}},{"id":"86","type":"Feature","properties":{"id":"mwanza_rockfall_locations.87","ogc_fid":87,"fid":87,"district":"Nyamagana","ward":"Igogo","subward":"Bugando","source":"At risk","geolocation":"-2.535686666666667 32.91107833333333 1190.6 2.4","geolocation precision":2.4,"rockfall causes":null,"rockfall causes/heavy rainfall":null,"rockfall causes/human activities":null,"rockfall causes/earthquakes":null,"other":null,"risky":null,"year affected":null},"geometry":{"type":"Point","coordinates":[32.91107833,-2.53568667]}},{"id":"87","type":"Feature","properties":{"id":"mwanza_rockfall_locations.88","ogc_fid":88,"fid":88,"district":"Nyamagana","ward":"Igogo","subward":"Bugando","source":"At risk","geolocation":"-2.5341699999999996 32.91230333333333 1199.4 3.7","geolocation precision":3.7,"rockfall causes":null,"rockfall causes/heavy rainfall":null,"rockfall causes/human activities":null,"rockfall causes/earthquakes":null,"other":null,"risky":null,"year affected":null},"geometry":{"type":"Point","coordinates":[32.91230333,-2.53417]}},{"id":"88","type":"Feature","properties":{"id":"mwanza_rockfall_locations.89","ogc_fid":89,"fid":89,"district":"Nyamagana","ward":"Mkuyuni","subward":"Nyakurunduma","source":"At risk","geolocation":"-2.55504 32.91974166666667 1223.7 3.7","geolocation precision":3.7,"rockfall causes":null,"rockfall causes/heavy rainfall":null,"rockfall causes/human activities":null,"rockfall causes/earthquakes":null,"other":null,"risky":null,"year affected":null},"geometry":{"type":"Point","coordinates":[32.91974167,-2.55504]}},{"id":"89","type":"Feature","properties":{"id":"mwanza_rockfall_locations.90","ogc_fid":90,"fid":90,"district":"Nyamagana","ward":"Mkuyuni","subward":"Nyakurunduma","source":"At risk","geolocation":"-2.555335 32.91984166666667 1210.1 3.7","geolocation precision":3.7,"rockfall causes":null,"rockfall causes/heavy rainfall":null,"rockfall causes/human activities":null,"rockfall causes/earthquakes":null,"other":null,"risky":null,"year affected":null},"geometry":{"type":"Point","coordinates":[32.91984167,-2.555335]}},{"id":"90","type":"Feature","properties":{"id":"mwanza_rockfall_locations.91","ogc_fid":91,"fid":91,"district":"Nyamagana","ward":"Mkuyuni","subward":"Nyakurunduma","source":"At risk","geolocation":"-2.5551633333333332 32.91966166666667 1231.7 4.4","geolocation precision":4.4,"rockfall causes":null,"rockfall causes/heavy rainfall":null,"rockfall causes/human activities":null,"rockfall causes/earthquakes":null,"other":null,"risky":null,"year affected":null},"geometry":{"type":"Point","coordinates":[32.91966167,-2.55516333]}},{"id":"91","type":"Feature","properties":{"id":"mwanza_rockfall_locations.92","ogc_fid":92,"fid":92,"district":"Nyamagana","ward":"Mkuyuni","subward":"Nyakurunduma","source":"At risk","geolocation":"-2.555358333333333 32.919945 1185.8 5.0","geolocation precision":5.0,"rockfall causes":null,"rockfall causes/heavy rainfall":null,"rockfall causes/human activities":null,"rockfall causes/earthquakes":null,"other":null,"risky":null,"year affected":null},"geometry":{"type":"Point","coordinates":[32.919945,-2.55535833]}},{"id":"92","type":"Feature","properties":{"id":"mwanza_rockfall_locations.93","ogc_fid":93,"fid":93,"district":"Nyamagana","ward":"Mkuyuni","subward":"Nyakurunduma","source":"At risk","geolocation":"-2.5550616666666666 32.920049999999996 1201.9 2.9","geolocation precision":2.9,"rockfall causes":null,"rockfall causes/heavy rainfall":null,"rockfall causes/human activities":null,"rockfall causes/earthquakes":null,"other":null,"risky":null,"year affected":null},"geometry":{"type":"Point","coordinates":[32.92005,-2.55506167]}},{"id":"93","type":"Feature","properties":{"id":"mwanza_rockfall_locations.94","ogc_fid":94,"fid":94,"district":"Nyamagana","ward":"Igogo","subward":"Kwimba","source":"At risk","geolocation":"-2.5373733333333335 32.90909166666667 1176.1 4.8","geolocation precision":4.8,"rockfall causes":null,"rockfall causes/heavy rainfall":null,"rockfall causes/human activities":null,"rockfall causes/earthquakes":null,"other":null,"risky":null,"year affected":null},"geometry":{"type":"Point","coordinates":[32.90909167,-2.53737333]}},{"id":"94","type":"Feature","properties":{"id":"mwanza_rockfall_locations.95","ogc_fid":95,"fid":95,"district":"Nyamagana","ward":"Igogo","subward":"Kwimba","source":"At risk","geolocation":"-2.536461666666667 32.909009999999995 1172.3 4.8","geolocation precision":4.8,"rockfall causes":null,"rockfall causes/heavy rainfall":null,"rockfall causes/human activities":null,"rockfall causes/earthquakes":null,"other":null,"risky":null,"year affected":null},"geometry":{"type":"Point","coordinates":[32.90901,-2.53646167]}},{"id":"95","type":"Feature","properties":{"id":"mwanza_rockfall_locations.96","ogc_fid":96,"fid":96,"district":"Nyamagana","ward":"Mkuyuni","subward":"Kang'anga","source":"At risk","geolocation":"-2.5526583333333335 32.91025 1171.8 4.9","geolocation precision":4.9,"rockfall causes":null,"rockfall causes/heavy rainfall":null,"rockfall causes/human activities":null,"rockfall causes/earthquakes":null,"other":null,"risky":null,"year affected":null},"geometry":{"type":"Point","coordinates":[32.91025,-2.55265833]}},{"id":"96","type":"Feature","properties":{"id":"mwanza_rockfall_locations.97","ogc_fid":97,"fid":97,"district":"Nyamagana","ward":"Mkuyuni","subward":"Kang'anga","source":"At risk","geolocation":"-2.5527983333333335 32.91010000000001 1186.4 4.9","geolocation precision":4.9,"rockfall causes":null,"rockfall causes/heavy rainfall":null,"rockfall causes/human activities":null,"rockfall causes/earthquakes":null,"other":null,"risky":null,"year affected":null},"geometry":{"type":"Point","coordinates":[32.9101,-2.55279833]}},{"id":"97","type":"Feature","properties":{"id":"mwanza_rockfall_locations.98","ogc_fid":98,"fid":98,"district":"Nyamagana","ward":"Mkuyuni","subward":"Kang'anga","source":"At risk","geolocation":"-2.5527683333333333 32.910215 1157.2 4.4","geolocation precision":4.4,"rockfall causes":null,"rockfall causes/heavy rainfall":null,"rockfall causes/human activities":null,"rockfall causes/earthquakes":null,"other":null,"risky":null,"year affected":null},"geometry":{"type":"Point","coordinates":[32.910215,-2.55276833]}},{"id":"98","type":"Feature","properties":{"id":"mwanza_rockfall_locations.99","ogc_fid":99,"fid":99,"district":"Nyamagana","ward":"Mkuyuni","subward":"Kang'anga","source":"At risk","geolocation":"-2.5527966666666666 32.910639999999994 1195.9 4.8","geolocation precision":4.8,"rockfall causes":null,"rockfall causes/heavy rainfall":null,"rockfall causes/human activities":null,"rockfall causes/earthquakes":null,"other":null,"risky":null,"year affected":null},"geometry":{"type":"Point","coordinates":[32.91064,-2.55279667]}},{"id":"99","type":"Feature","properties":{"id":"mwanza_rockfall_locations.100","ogc_fid":100,"fid":100,"district":"Nyamagana","ward":"Mkuyuni","subward":"Kang'anga","source":"At risk","geolocation":"-2.5528166666666667 32.910755 1199.7 2.1","geolocation precision":2.1,"rockfall causes":null,"rockfall causes/heavy rainfall":null,"rockfall causes/human activities":null,"rockfall causes/earthquakes":null,"other":null,"risky":null,"year affected":null},"geometry":{"type":"Point","coordinates":[32.910755,-2.55281667]}},{"id":"100","type":"Feature","properties":{"id":"mwanza_rockfall_locations.101","ogc_fid":101,"fid":101,"district":"Nyamagana","ward":"Mkuyuni","subward":"Kang'anga","source":"At risk","geolocation":"-2.55342 32.91139333333333 1169.3 2.5","geolocation precision":2.5,"rockfall causes":null,"rockfall causes/heavy rainfall":null,"rockfall causes/human activities":null,"rockfall causes/earthquakes":null,"other":null,"risky":null,"year affected":null},"geometry":{"type":"Point","coordinates":[32.91139333,-2.55342]}},{"id":"101","type":"Feature","properties":{"id":"mwanza_rockfall_locations.102","ogc_fid":102,"fid":102,"district":"Nyamagana","ward":"Mkuyuni","subward":"Kang'anga","source":"At risk","geolocation":"-2.55303 32.91123833333334 1191.6 2.0","geolocation precision":2.0,"rockfall causes":null,"rockfall causes/heavy rainfall":null,"rockfall causes/human activities":null,"rockfall causes/earthquakes":null,"other":null,"risky":null,"year affected":null},"geometry":{"type":"Point","coordinates":[32.91123833,-2.55303]}},{"id":"102","type":"Feature","properties":{"id":"mwanza_rockfall_locations.103","ogc_fid":103,"fid":103,"district":"Nyamagana","ward":"Mkuyuni","subward":"Kang'anga","source":"At risk","geolocation":"-2.5526183333333337 32.91137166666667 1191.9 1.9","geolocation precision":1.9,"rockfall causes":null,"rockfall causes/heavy rainfall":null,"rockfall causes/human activities":null,"rockfall causes/earthquakes":null,"other":null,"risky":null,"year affected":null},"geometry":{"type":"Point","coordinates":[32.91137167,-2.55261833]}},{"id":"103","type":"Feature","properties":{"id":"mwanza_rockfall_locations.104","ogc_fid":104,"fid":104,"district":"Nyamagana","ward":"Mkuyuni","subward":"Mlumbani","source":"At risk","geolocation":"-2.550926666666667 32.909620000000004 1160.0 2.0","geolocation precision":2.0,"rockfall causes":null,"rockfall causes/heavy rainfall":null,"rockfall causes/human activities":null,"rockfall causes/earthquakes":null,"other":null,"risky":null,"year affected":null},"geometry":{"type":"Point","coordinates":[32.90962,-2.55092667]}},{"id":"104","type":"Feature","properties":{"id":"mwanza_rockfall_locations.105","ogc_fid":105,"fid":105,"district":"Nyamagana","ward":"Mkuyuni","subward":"Mlumbani","source":"At risk","geolocation":"-2.5501300000000002 32.909353333333335 1164.3 3.6","geolocation precision":3.6,"rockfall causes":null,"rockfall causes/heavy rainfall":null,"rockfall causes/human activities":null,"rockfall causes/earthquakes":null,"other":null,"risky":null,"year affected":null},"geometry":{"type":"Point","coordinates":[32.90935333,-2.55013]}},{"id":"105","type":"Feature","properties":{"id":"mwanza_rockfall_locations.106","ogc_fid":106,"fid":106,"district":"Nyamagana","ward":"Igogo","subward":"Malulu","source":"At risk","geolocation":"-2.5420766666666665 32.911955 1216.1 4.7","geolocation precision":4.7,"rockfall causes":null,"rockfall causes/heavy rainfall":null,"rockfall causes/human activities":null,"rockfall causes/earthquakes":null,"other":null,"risky":null,"year affected":null},"geometry":{"type":"Point","coordinates":[32.911955,-2.54207667]}},{"id":"106","type":"Feature","properties":{"id":"mwanza_rockfall_locations.107","ogc_fid":107,"fid":107,"district":"Nyamagana","ward":"Igogo","subward":"Malulu","source":"At risk","geolocation":"-2.5419300000000002 32.91133833333333 1199.5 4.6","geolocation precision":4.6,"rockfall causes":null,"rockfall causes/heavy rainfall":null,"rockfall causes/human activities":null,"rockfall causes/earthquakes":null,"other":null,"risky":null,"year affected":null},"geometry":{"type":"Point","coordinates":[32.91133833,-2.54193]}},{"id":"107","type":"Feature","properties":{"id":"mwanza_rockfall_locations.108","ogc_fid":108,"fid":108,"district":"Nyamagana","ward":"Igogo","subward":"Malulu","source":"At risk","geolocation":"-2.541993333333333 32.911325000000005 1198.4 4.0","geolocation precision":4.0,"rockfall causes":null,"rockfall causes/heavy rainfall":null,"rockfall causes/human activities":null,"rockfall causes/earthquakes":null,"other":null,"risky":null,"year affected":null},"geometry":{"type":"Point","coordinates":[32.911325,-2.54199333]}},{"id":"108","type":"Feature","properties":{"id":"mwanza_rockfall_locations.109","ogc_fid":109,"fid":109,"district":"Nyamagana","ward":"Igogo","subward":"Malulu","source":"At risk","geolocation":"-2.541951666666667 32.911465 1197.8 4.8","geolocation precision":4.8,"rockfall causes":null,"rockfall causes/heavy rainfall":null,"rockfall causes/human activities":null,"rockfall causes/earthquakes":null,"other":null,"risky":null,"year affected":null},"geometry":{"type":"Point","coordinates":[32.911465,-2.54195167]}},{"id":"109","type":"Feature","properties":{"id":"mwanza_rockfall_locations.110","ogc_fid":110,"fid":110,"district":"Nyamagana","ward":"Igogo","subward":"Malulu","source":"At risk","geolocation":"-2.5425466666666665 32.91097833333333 1211.8 4.2","geolocation precision":4.2,"rockfall causes":null,"rockfall causes/heavy rainfall":null,"rockfall causes/human activities":null,"rockfall causes/earthquakes":null,"other":null,"risky":null,"year affected":null},"geometry":{"type":"Point","coordinates":[32.91097833,-2.54254667]}},{"id":"110","type":"Feature","properties":{"id":"mwanza_rockfall_locations.111","ogc_fid":111,"fid":111,"district":"Nyamagana","ward":"Igogo","subward":"Malulu","source":"At risk","geolocation":"-2.54251 32.910583333333335 1212.6 4.7","geolocation precision":4.7,"rockfall causes":null,"rockfall causes/heavy rainfall":null,"rockfall causes/human activities":null,"rockfall causes/earthquakes":null,"other":null,"risky":null,"year affected":null},"geometry":{"type":"Point","coordinates":[32.91058333,-2.54251]}},{"id":"111","type":"Feature","properties":{"id":"mwanza_rockfall_locations.112","ogc_fid":112,"fid":112,"district":"Nyamagana","ward":"Igogo","subward":"Malulu","source":"At risk","geolocation":"-2.5425883333333332 32.910309999999996 1205.8 4.9","geolocation precision":4.9,"rockfall causes":null,"rockfall causes/heavy rainfall":null,"rockfall causes/human activities":null,"rockfall causes/earthquakes":null,"other":null,"risky":null,"year affected":null},"geometry":{"type":"Point","coordinates":[32.91031,-2.54258833]}},{"id":"112","type":"Feature","properties":{"id":"mwanza_rockfall_locations.113","ogc_fid":113,"fid":113,"district":"Nyamagana","ward":"Igogo","subward":"Malulu","source":"At risk","geolocation":"-2.542825 32.91014333333333 1204.2 5.0","geolocation precision":5.0,"rockfall causes":null,"rockfall causes/heavy rainfall":null,"rockfall causes/human activities":null,"rockfall causes/earthquakes":null,"other":null,"risky":null,"year affected":null},"geometry":{"type":"Point","coordinates":[32.91014333,-2.542825]}},{"id":"113","type":"Feature","properties":{"id":"mwanza_rockfall_locations.114","ogc_fid":114,"fid":114,"district":"Nyamagana","ward":"Igogo","subward":"Malulu","source":"At risk","geolocation":"-2.54148398 32.91294865 1215.67138671875 4.288","geolocation precision":4.288,"rockfall causes":null,"rockfall causes/heavy rainfall":null,"rockfall causes/human activities":null,"rockfall causes/earthquakes":null,"other":null,"risky":null,"year affected":null},"geometry":{"type":"Point","coordinates":[32.91294865,-2.54148398]}},{"id":"114","type":"Feature","properties":{"id":"mwanza_rockfall_locations.115","ogc_fid":115,"fid":115,"district":"Nyamagana","ward":"Igogo","subward":"Malulu","source":"At risk","geolocation":"-2.54239432 32.91172461 1203.207763671875 4.288","geolocation precision":4.288,"rockfall causes":null,"rockfall causes/heavy rainfall":null,"rockfall causes/human activities":null,"rockfall causes/earthquakes":null,"other":null,"risky":null,"year affected":null},"geometry":{"type":"Point","coordinates":[32.91172461,-2.54239432]}},{"id":"115","type":"Feature","properties":{"id":"mwanza_rockfall_locations.116","ogc_fid":116,"fid":116,"district":"Nyamagana","ward":"Igogo","subward":"Malulu","source":"At risk","geolocation":"-2.54257445 32.91076509 1202.4263916015625 4.288","geolocation precision":4.288,"rockfall causes":null,"rockfall causes/heavy rainfall":null,"rockfall causes/human activities":null,"rockfall causes/earthquakes":null,"other":null,"risky":null,"year affected":null},"geometry":{"type":"Point","coordinates":[32.91076509,-2.54257445]}},{"id":"116","type":"Feature","properties":{"id":"mwanza_rockfall_locations.117","ogc_fid":117,"fid":117,"district":"Nyamagana","ward":"Igogo","subward":"Malulu","source":"At risk","geolocation":"-2.54250544 32.91038093 1194.04931640625 4.288","geolocation precision":4.288,"rockfall causes":null,"rockfall causes/heavy rainfall":null,"rockfall causes/human activities":null,"rockfall causes/earthquakes":null,"other":null,"risky":null,"year affected":null},"geometry":{"type":"Point","coordinates":[32.91038093,-2.54250544]}},{"id":"117","type":"Feature","properties":{"id":"mwanza_rockfall_locations.118","ogc_fid":118,"fid":118,"district":"Nyamagana","ward":"Mkuyuni","subward":"Nyakurunduma","source":"At risk","geolocation":"-2.553501666666667 32.92272833333333 1207.0 3.9","geolocation precision":3.9,"rockfall causes":null,"rockfall causes/heavy rainfall":null,"rockfall causes/human activities":null,"rockfall causes/earthquakes":null,"other":null,"risky":null,"year affected":null},"geometry":{"type":"Point","coordinates":[32.92272833,-2.55350167]}},{"id":"118","type":"Feature","properties":{"id":"mwanza_rockfall_locations.119","ogc_fid":119,"fid":119,"district":"Nyamagana","ward":"Mkuyuni","subward":"Nyakurunduma","source":"At risk","geolocation":"-2.553993333333333 32.92214666666666 1220.6 2.6","geolocation precision":2.6,"rockfall causes":null,"rockfall causes/heavy rainfall":null,"rockfall causes/human activities":null,"rockfall causes/earthquakes":null,"other":null,"risky":null,"year affected":null},"geometry":{"type":"Point","coordinates":[32.92214667,-2.55399333]}},{"id":"119","type":"Feature","properties":{"id":"mwanza_rockfall_locations.120","ogc_fid":120,"fid":120,"district":"Nyamagana","ward":"Igogo","subward":"Malulu","source":"At risk","geolocation":"-2.538028333333333 32.91386333333333 1226.3 5.0","geolocation precision":5.0,"rockfall causes":null,"rockfall causes/heavy rainfall":null,"rockfall causes/human activities":null,"rockfall causes/earthquakes":null,"other":null,"risky":null,"year affected":null},"geometry":{"type":"Point","coordinates":[32.91386333,-2.53802833]}},{"id":"120","type":"Feature","properties":{"id":"mwanza_rockfall_locations.121","ogc_fid":121,"fid":121,"district":"Nyamagana","ward":"Igogo","subward":"Malulu","source":"At risk","geolocation":"-2.5378350000000003 32.913855 1217.6 4.2","geolocation precision":4.2,"rockfall causes":null,"rockfall causes/heavy rainfall":null,"rockfall causes/human activities":null,"rockfall causes/earthquakes":null,"other":null,"risky":null,"year affected":null},"geometry":{"type":"Point","coordinates":[32.913855,-2.537835]}},{"id":"121","type":"Feature","properties":{"id":"mwanza_rockfall_locations.122","ogc_fid":122,"fid":122,"district":"Nyamagana","ward":"Igogo","subward":"Malulu","source":"At risk","geolocation":"-2.537808333333333 32.912455 1197.0 5.0","geolocation precision":5.0,"rockfall causes":null,"rockfall causes/heavy rainfall":null,"rockfall causes/human activities":null,"rockfall causes/earthquakes":null,"other":null,"risky":null,"year affected":null},"geometry":{"type":"Point","coordinates":[32.912455,-2.53780833]}},{"id":"122","type":"Feature","properties":{"id":"mwanza_rockfall_locations.123","ogc_fid":123,"fid":123,"district":"Nyamagana","ward":"Igogo","subward":"Malulu","source":"At risk","geolocation":"-2.537938333333333 32.911426666666664 1186.2 4.5","geolocation precision":4.5,"rockfall causes":null,"rockfall causes/heavy rainfall":null,"rockfall causes/human activities":null,"rockfall causes/earthquakes":null,"other":null,"risky":null,"year affected":null},"geometry":{"type":"Point","coordinates":[32.91142667,-2.53793833]}},{"id":"123","type":"Feature","properties":{"id":"mwanza_rockfall_locations.124","ogc_fid":124,"fid":124,"district":"Nyamagana","ward":"Igogo","subward":"Malulu","source":"At risk","geolocation":"-2.5380216666666664 32.91126333333333 1182.3 5.0","geolocation precision":5.0,"rockfall causes":null,"rockfall causes/heavy rainfall":null,"rockfall causes/human activities":null,"rockfall causes/earthquakes":null,"other":null,"risky":null,"year affected":null},"geometry":{"type":"Point","coordinates":[32.91126333,-2.53802167]}},{"id":"124","type":"Feature","properties":{"id":"mwanza_rockfall_locations.125","ogc_fid":125,"fid":125,"district":"Nyamagana","ward":"Igogo","subward":"Bugando","source":"At risk","geolocation":"-2.5343194 32.9109594 1207.4 4.78","geolocation precision":4.78,"rockfall causes":null,"rockfall causes/heavy rainfall":null,"rockfall causes/human activities":null,"rockfall causes/earthquakes":null,"other":null,"risky":null,"year affected":null},"geometry":{"type":"Point","coordinates":[32.9109594,-2.5343194]}},{"id":"125","type":"Feature","properties":{"id":"mwanza_rockfall_locations.126","ogc_fid":126,"fid":126,"district":"Nyamagana","ward":"Igogo","subward":"Bugando","source":"At risk","geolocation":"-2.5342226 32.9108155 1229.6 4.34","geolocation precision":4.34,"rockfall causes":null,"rockfall causes/heavy rainfall":null,"rockfall causes/human activities":null,"rockfall causes/earthquakes":null,"other":null,"risky":null,"year affected":null},"geometry":{"type":"Point","coordinates":[32.9108155,-2.5342226]}},{"id":"126","type":"Feature","properties":{"id":"mwanza_rockfall_locations.127","ogc_fid":127,"fid":127,"district":"Nyamagana","ward":"Mkuyuni","subward":"Nyakurunduma","source":"At risk","geolocation":"-2.5530516666666667 32.923321666666666 1242.0 4.0","geolocation precision":4.0,"rockfall causes":null,"rockfall causes/heavy rainfall":null,"rockfall causes/human activities":null,"rockfall causes/earthquakes":null,"other":null,"risky":null,"year affected":null},"geometry":{"type":"Point","coordinates":[32.92332167,-2.55305167]}},{"id":"127","type":"Feature","properties":{"id":"mwanza_rockfall_locations.128","ogc_fid":128,"fid":128,"district":"Nyamagana","ward":"Mkuyuni","subward":"Nyakurunduma","source":"At risk","geolocation":"-2.5538316666666665 32.92191666666667 1229.4 2.8","geolocation precision":2.8,"rockfall causes":null,"rockfall causes/heavy rainfall":null,"rockfall causes/human activities":null,"rockfall causes/earthquakes":null,"other":null,"risky":null,"year affected":null},"geometry":{"type":"Point","coordinates":[32.92191667,-2.55383167]}},{"id":"128","type":"Feature","properties":{"id":"mwanza_rockfall_locations.129","ogc_fid":129,"fid":129,"district":"Nyamagana","ward":"Mkuyuni","subward":"Nyakurunduma","source":"At risk","geolocation":"-2.5539633333333334 32.922336666666666 1223.5 4.0","geolocation precision":4.0,"rockfall causes":null,"rockfall causes/heavy rainfall":null,"rockfall causes/human activities":null,"rockfall causes/earthquakes":null,"other":null,"risky":null,"year affected":null},"geometry":{"type":"Point","coordinates":[32.92233667,-2.55396333]}},{"id":"129","type":"Feature","properties":{"id":"mwanza_rockfall_locations.130","ogc_fid":130,"fid":130,"district":"Nyamagana","ward":"Mkuyuni","subward":"Nyakurunduma","source":"At risk","geolocation":"-2.5552683333333333 32.91979 1203.4 4.9","geolocation precision":4.9,"rockfall causes":null,"rockfall causes/heavy rainfall":null,"rockfall causes/human activities":null,"rockfall causes/earthquakes":null,"other":null,"risky":null,"year affected":null},"geometry":{"type":"Point","coordinates":[32.91979,-2.55526833]}},{"id":"130","type":"Feature","properties":{"id":"mwanza_rockfall_locations.131","ogc_fid":131,"fid":131,"district":"Nyamagana","ward":"Igogo","subward":"Bugando","source":"At risk","geolocation":"-2.5347172 32.9106958 1211.2886962890625 4.998","geolocation precision":4.998,"rockfall causes":null,"rockfall causes/heavy rainfall":null,"rockfall causes/human activities":null,"rockfall causes/earthquakes":null,"other":null,"risky":null,"year affected":null},"geometry":{"type":"Point","coordinates":[32.9106958,-2.5347172]}},{"id":"131","type":"Feature","properties":{"id":"mwanza_rockfall_locations.132","ogc_fid":132,"fid":132,"district":"Nyamagana","ward":"Igogo","subward":"Azimio","source":"At risk","geolocation":"-2.5438716666666665 32.909411666666664 1187.2 3.9","geolocation precision":3.9,"rockfall causes":null,"rockfall causes/heavy rainfall":null,"rockfall causes/human activities":null,"rockfall causes/earthquakes":null,"other":null,"risky":null,"year affected":null},"geometry":{"type":"Point","coordinates":[32.90941167,-2.54387167]}},{"id":"132","type":"Feature","properties":{"id":"mwanza_rockfall_locations.133","ogc_fid":133,"fid":133,"district":"Nyamagana","ward":"Igogo","subward":"Malulu","source":"At risk","geolocation":"-2.538571666666667 32.91425166666667 1250.7 4.7","geolocation precision":4.7,"rockfall causes":null,"rockfall causes/heavy rainfall":null,"rockfall causes/human activities":null,"rockfall causes/earthquakes":null,"other":null,"risky":null,"year affected":null},"geometry":{"type":"Point","coordinates":[32.91425167,-2.53857167]}},{"id":"133","type":"Feature","properties":{"id":"mwanza_rockfall_locations.134","ogc_fid":134,"fid":134,"district":"Nyamagana","ward":"Igogo","subward":"Malulu","source":"At risk","geolocation":"-2.538075 32.91375666666667 1212.4 4.6","geolocation precision":4.6,"rockfall causes":null,"rockfall causes/heavy rainfall":null,"rockfall causes/human activities":null,"rockfall causes/earthquakes":null,"other":null,"risky":null,"year affected":null},"geometry":{"type":"Point","coordinates":[32.91375667,-2.538075]}},{"id":"134","type":"Feature","properties":{"id":"mwanza_rockfall_locations.135","ogc_fid":135,"fid":135,"district":"Nyamagana","ward":"Igogo","subward":"Malulu","source":"At risk","geolocation":"-2.5383383333333334 32.91264 1175.5 4.8","geolocation precision":4.8,"rockfall causes":null,"rockfall causes/heavy rainfall":null,"rockfall causes/human activities":null,"rockfall causes/earthquakes":null,"other":null,"risky":null,"year affected":null},"geometry":{"type":"Point","coordinates":[32.91264,-2.53833833]}},{"id":"135","type":"Feature","properties":{"id":"mwanza_rockfall_locations.136","ogc_fid":136,"fid":136,"district":"Nyamagana","ward":"Igogo","subward":"Malulu","source":"At risk","geolocation":"-2.5375816666666666 32.91167 1182.1 4.5","geolocation precision":4.5,"rockfall causes":null,"rockfall causes/heavy rainfall":null,"rockfall causes/human activities":null,"rockfall causes/earthquakes":null,"other":null,"risky":null,"year affected":null},"geometry":{"type":"Point","coordinates":[32.91167,-2.53758167]}},{"id":"136","type":"Feature","properties":{"id":"mwanza_rockfall_locations.137","ogc_fid":137,"fid":137,"district":"Nyamagana","ward":"Igogo","subward":"Malulu","source":"At risk","geolocation":"-2.5394133333333335 32.909435 1160.3 4.9","geolocation precision":4.9,"rockfall causes":null,"rockfall causes/heavy rainfall":null,"rockfall causes/human activities":null,"rockfall causes/earthquakes":null,"other":null,"risky":null,"year affected":null},"geometry":{"type":"Point","coordinates":[32.909435,-2.53941333]}},{"id":"137","type":"Feature","properties":{"id":"mwanza_rockfall_locations.138","ogc_fid":138,"fid":138,"district":"Nyamagana","ward":"Igogo","subward":"Malulu","source":"At risk","geolocation":"-2.53824 32.91391833333333 1207.9 4.9","geolocation precision":4.9,"rockfall causes":null,"rockfall causes/heavy rainfall":null,"rockfall causes/human activities":null,"rockfall causes/earthquakes":null,"other":null,"risky":null,"year affected":null},"geometry":{"type":"Point","coordinates":[32.91391833,-2.53824]}},{"id":"138","type":"Feature","properties":{"id":"mwanza_rockfall_locations.139","ogc_fid":139,"fid":139,"district":"Nyamagana","ward":"Igogo","subward":"Malulu","source":"At risk","geolocation":"-2.537945 32.913063333333334 1199.9 4.7","geolocation precision":4.7,"rockfall causes":null,"rockfall causes/heavy rainfall":null,"rockfall causes/human activities":null,"rockfall causes/earthquakes":null,"other":null,"risky":null,"year affected":null},"geometry":{"type":"Point","coordinates":[32.91306333,-2.537945]}},{"id":"139","type":"Feature","properties":{"id":"mwanza_rockfall_locations.140","ogc_fid":140,"fid":140,"district":"Nyamagana","ward":"Igogo","subward":"Malulu","source":"At risk","geolocation":"-2.5377666666666663 32.91292333333333 1202.9 5.0","geolocation precision":5.0,"rockfall causes":null,"rockfall causes/heavy rainfall":null,"rockfall causes/human activities":null,"rockfall causes/earthquakes":null,"other":null,"risky":null,"year affected":null},"geometry":{"type":"Point","coordinates":[32.91292333,-2.53776667]}},{"id":"140","type":"Feature","properties":{"id":"mwanza_rockfall_locations.141","ogc_fid":141,"fid":141,"district":"Nyamagana","ward":"Igogo","subward":"Malulu","source":"At risk","geolocation":"-2.53806 32.912625000000006 1205.1 4.7","geolocation precision":4.7,"rockfall causes":null,"rockfall causes/heavy rainfall":null,"rockfall causes/human activities":null,"rockfall causes/earthquakes":null,"other":null,"risky":null,"year affected":null},"geometry":{"type":"Point","coordinates":[32.912625,-2.53806]}},{"id":"141","type":"Feature","properties":{"id":"mwanza_rockfall_locations.142","ogc_fid":142,"fid":142,"district":"Nyamagana","ward":"Igogo","subward":"Malulu","source":"At risk","geolocation":"-2.5380116666666668 32.912395 1202.2 5.0","geolocation precision":5.0,"rockfall causes":null,"rockfall causes/heavy rainfall":null,"rockfall causes/human activities":null,"rockfall causes/earthquakes":null,"other":null,"risky":null,"year affected":null},"geometry":{"type":"Point","coordinates":[32.912395,-2.53801167]}},{"id":"142","type":"Feature","properties":{"id":"mwanza_rockfall_locations.143","ogc_fid":143,"fid":143,"district":"Nyamagana","ward":"Mkuyuni","subward":"Kang'anga","source":"At risk","geolocation":"-2.554005 32.911965 1162.6 4.6","geolocation precision":4.6,"rockfall causes":null,"rockfall causes/heavy rainfall":null,"rockfall causes/human activities":null,"rockfall causes/earthquakes":null,"other":null,"risky":null,"year affected":null},"geometry":{"type":"Point","coordinates":[32.911965,-2.554005]}},{"id":"143","type":"Feature","properties":{"id":"mwanza_rockfall_locations.144","ogc_fid":144,"fid":144,"district":"Nyamagana","ward":"Mkuyuni","subward":"Kang'anga","source":"At risk","geolocation":"-2.5552116666666667 32.91215 1189.8 4.8","geolocation precision":4.8,"rockfall causes":null,"rockfall causes/heavy rainfall":null,"rockfall causes/human activities":null,"rockfall causes/earthquakes":null,"other":null,"risky":null,"year affected":null},"geometry":{"type":"Point","coordinates":[32.91215,-2.55521167]}},{"id":"144","type":"Feature","properties":{"id":"mwanza_rockfall_locations.145","ogc_fid":145,"fid":145,"district":"Nyamagana","ward":"Mkuyuni","subward":"Kang'anga","source":"At risk","geolocation":"-2.555325 32.91225833333333 1156.0 5.0","geolocation precision":5.0,"rockfall causes":null,"rockfall causes/heavy rainfall":null,"rockfall causes/human activities":null,"rockfall causes/earthquakes":null,"other":null,"risky":null,"year affected":null},"geometry":{"type":"Point","coordinates":[32.91225833,-2.555325]}},{"id":"145","type":"Feature","properties":{"id":"mwanza_rockfall_locations.146","ogc_fid":146,"fid":146,"district":"Nyamagana","ward":"Mkuyuni","subward":"Kang'anga","source":"At risk","geolocation":"-2.5549233333333334 32.911055000000005 1155.8 4.8","geolocation precision":4.8,"rockfall causes":null,"rockfall causes/heavy rainfall":null,"rockfall causes/human activities":null,"rockfall causes/earthquakes":null,"other":null,"risky":null,"year affected":null},"geometry":{"type":"Point","coordinates":[32.911055,-2.55492333]}},{"id":"146","type":"Feature","properties":{"id":"mwanza_rockfall_locations.147","ogc_fid":147,"fid":147,"district":"Nyamagana","ward":"Mkuyuni","subward":"Kang'anga","source":"At risk","geolocation":"-2.5550783333333333 32.91059833333334 1155.7 4.8","geolocation precision":4.8,"rockfall causes":null,"rockfall causes/heavy rainfall":null,"rockfall causes/human activities":null,"rockfall causes/earthquakes":null,"other":null,"risky":null,"year affected":null},"geometry":{"type":"Point","coordinates":[32.91059833,-2.55507833]}},{"id":"147","type":"Feature","properties":{"id":"mwanza_rockfall_locations.148","ogc_fid":148,"fid":148,"district":"Nyamagana","ward":"Mkuyuni","subward":"Kang'anga","source":"At risk","geolocation":"-2.5547899999999997 32.91039333333333 1156.2 4.9","geolocation precision":4.9,"rockfall causes":null,"rockfall causes/heavy rainfall":null,"rockfall causes/human activities":null,"rockfall causes/earthquakes":null,"other":null,"risky":null,"year affected":null},"geometry":{"type":"Point","coordinates":[32.91039333,-2.55479]}},{"id":"148","type":"Feature","properties":{"id":"mwanza_rockfall_locations.149","ogc_fid":149,"fid":149,"district":"Nyamagana","ward":"Igogo","subward":"Kwimba","source":"At risk","geolocation":"-2.5386716666666667 32.90951333333333 1173.7 4.0","geolocation precision":4.0,"rockfall causes":null,"rockfall causes/heavy rainfall":null,"rockfall causes/human activities":null,"rockfall causes/earthquakes":null,"other":null,"risky":null,"year affected":null},"geometry":{"type":"Point","coordinates":[32.90951333,-2.53867167]}},{"id":"149","type":"Feature","properties":{"id":"mwanza_rockfall_locations.150","ogc_fid":150,"fid":150,"district":"Nyamagana","ward":"Mkuyuni","subward":"Relwe","source":"At risk","geolocation":"-2.5470306 32.9091055 1176.6 4.04","geolocation precision":4.04,"rockfall causes":null,"rockfall causes/heavy rainfall":null,"rockfall causes/human activities":null,"rockfall causes/earthquakes":null,"other":null,"risky":null,"year affected":null},"geometry":{"type":"Point","coordinates":[32.9091055,-2.5470306]}},{"id":"150","type":"Feature","properties":{"id":"mwanza_rockfall_locations.151","ogc_fid":151,"fid":151,"district":"Nyamagana","ward":"Mkuyuni","subward":"Relwe","source":"At risk","geolocation":"-2.5465014 32.9093628 1206.7 4.18","geolocation precision":4.18,"rockfall causes":null,"rockfall causes/heavy rainfall":null,"rockfall causes/human activities":null,"rockfall causes/earthquakes":null,"other":null,"risky":null,"year affected":null},"geometry":{"type":"Point","coordinates":[32.9093628,-2.5465014]}},{"id":"151","type":"Feature","properties":{"id":"mwanza_rockfall_locations.152","ogc_fid":152,"fid":152,"district":"Nyamagana","ward":"Mkuyuni","subward":"Relwe","source":"At risk","geolocation":"-2.5461883 32.9100115 1229.3 4.46","geolocation precision":4.46,"rockfall causes":null,"rockfall causes/heavy rainfall":null,"rockfall causes/human activities":null,"rockfall causes/earthquakes":null,"other":null,"risky":null,"year affected":null},"geometry":{"type":"Point","coordinates":[32.9100115,-2.5461883]}},{"id":"152","type":"Feature","properties":{"id":"mwanza_rockfall_locations.153","ogc_fid":153,"fid":153,"district":"Nyamagana","ward":"Igogo","subward":"Jiwe","source":"At risk","geolocation":"-2.53686 32.91417666666667 1223.6 5.0","geolocation precision":5.0,"rockfall causes":null,"rockfall causes/heavy rainfall":null,"rockfall causes/human activities":null,"rockfall causes/earthquakes":null,"other":null,"risky":null,"year affected":null},"geometry":{"type":"Point","coordinates":[32.91417667,-2.53686]}},{"id":"153","type":"Feature","properties":{"id":"mwanza_rockfall_locations.154","ogc_fid":154,"fid":155,"district":"Nyamagana","ward":"Mkuyuni","subward":"Mlumbani","source":"At risk","geolocation":"-2.5507296 32.9089621 1154.7216796875 4.269","geolocation precision":4.269,"rockfall causes":null,"rockfall causes/heavy rainfall":null,"rockfall causes/human activities":null,"rockfall causes/earthquakes":null,"other":null,"risky":null,"year affected":null},"geometry":{"type":"Point","coordinates":[32.9089621,-2.5507296]}},{"id":"154","type":"Feature","properties":{"id":"mwanza_rockfall_locations.155","ogc_fid":155,"fid":156,"district":"Nyamagana","ward":"Mkuyuni","subward":"Kang'anga","source":"Happened","geolocation":"-2.5551737309026126 32.91008217739948 1145.72890521333 4.0","geolocation precision":4.0,"rockfall causes":"heavy rainfall","rockfall causes/heavy rainfall":1.0,"rockfall causes/human activities":0.0,"rockfall causes/earthquakes":0.0,"other":null,"risky":"yes","year affected":"11/1/2019"},"geometry":{"type":"Point","coordinates":[32.91008218,-2.55517373]}},{"id":"155","type":"Feature","properties":{"id":"mwanza_rockfall_locations.156","ogc_fid":156,"fid":157,"district":"Nyamagana","ward":"Mkuyuni","subward":"Kang'anga","source":"Happened","geolocation":"-2.553471385684211 32.912075044386164 1175.7790307997225 4.0","geolocation precision":4.0,"rockfall causes":"heavy rainfall human activities","rockfall causes/heavy rainfall":1.0,"rockfall causes/human activities":1.0,"rockfall causes/earthquakes":0.0,"other":null,"risky":"yes","year affected":"12/1/2019"},"geometry":{"type":"Point","coordinates":[32.91207504,-2.55347139]}},{"id":"156","type":"Feature","properties":{"id":"mwanza_rockfall_locations.157","ogc_fid":157,"fid":158,"district":"Nyamagana","ward":"Mkuyuni","subward":"Kang'anga","source":"Happened","geolocation":"-2.553471385684211 32.912075044386164 1175.7790307997225 4.0","geolocation precision":4.0,"rockfall causes":"heavy rainfall human activities","rockfall causes/heavy rainfall":1.0,"rockfall causes/human activities":1.0,"rockfall causes/earthquakes":0.0,"other":null,"risky":"yes","year affected":"11/1/2019"},"geometry":{"type":"Point","coordinates":[32.91207504,-2.55347139]}},{"id":"157","type":"Feature","properties":{"id":"mwanza_rockfall_locations.158","ogc_fid":158,"fid":159,"district":"Nyamagana","ward":"Mkuyuni","subward":"Kang'anga","source":"Happened","geolocation":"-2.553471385684211 32.912075044386164 1175.7790307997225 4.0","geolocation precision":4.0,"rockfall causes":"heavy rainfall human activities","rockfall causes/heavy rainfall":1.0,"rockfall causes/human activities":1.0,"rockfall causes/earthquakes":0.0,"other":null,"risky":"yes","year affected":"11/1/2019"},"geometry":{"type":"Point","coordinates":[32.91207504,-2.55347139]}},{"id":"158","type":"Feature","properties":{"id":"mwanza_rockfall_locations.159","ogc_fid":159,"fid":160,"district":"Nyamagana","ward":"Mkuyuni","subward":"Kang'anga","source":"Happened","geolocation":"-2.5542620458141077 32.91281106604875 1174.4472069111014 4.0","geolocation precision":4.0,"rockfall causes":"heavy rainfall","rockfall causes/heavy rainfall":1.0,"rockfall causes/human activities":0.0,"rockfall causes/earthquakes":0.0,"other":null,"risky":"yes","year affected":"11/1/2019"},"geometry":{"type":"Point","coordinates":[32.91281107,-2.55426205]}},{"id":"159","type":"Feature","properties":{"id":"mwanza_rockfall_locations.160","ogc_fid":160,"fid":161,"district":"Nyamagana","ward":"Mkuyuni","subward":"Mlumbani","source":"Happened","geolocation":"-2.55027 32.90887 1150.8 5.0","geolocation precision":5.0,"rockfall causes":"heavy rainfall","rockfall causes/heavy rainfall":1.0,"rockfall causes/human activities":0.0,"rockfall causes/earthquakes":0.0,"other":null,"risky":"yes","year affected":"12/1/2019"},"geometry":{"type":"Point","coordinates":[32.90887,-2.55027]}},{"id":"160","type":"Feature","properties":{"id":"mwanza_rockfall_locations.161","ogc_fid":161,"fid":162,"district":"Nyamagana","ward":"Mkuyuni","subward":"Kang'anga","source":"Happened","geolocation":"-2.555409804917872 32.910274621099234 1152.0 5.0","geolocation precision":5.0,"rockfall causes":"heavy rainfall human activities","rockfall causes/heavy rainfall":1.0,"rockfall causes/human activities":1.0,"rockfall causes/earthquakes":0.0,"other":null,"risky":"yes","year affected":"3/1/2018"},"geometry":{"type":"Point","coordinates":[32.91027462,-2.5554098]}},{"id":"161","type":"Feature","properties":{"id":"mwanza_rockfall_locations.162","ogc_fid":162,"fid":163,"district":"Nyamagana","ward":"Mkuyuni","subward":"Relwe","source":"Happened","geolocation":"-2.54702 32.90891333333333 1168.7 4.6","geolocation precision":4.6,"rockfall causes":"heavy rainfall","rockfall causes/heavy rainfall":1.0,"rockfall causes/human activities":0.0,"rockfall causes/earthquakes":0.0,"other":null,"risky":"no","year affected":"4/1/2018"},"geometry":{"type":"Point","coordinates":[32.90891333,-2.54702]}},{"id":"162","type":"Feature","properties":{"id":"mwanza_rockfall_locations.163","ogc_fid":163,"fid":164,"district":"Nyamagana","ward":"Igogo","subward":"Mulungushi","source":"Happened","geolocation":"-2.531728333333333 32.90460333333333 1168.1 3.5","geolocation precision":3.5,"rockfall causes":"heavy rainfall","rockfall causes/heavy rainfall":1.0,"rockfall causes/human activities":0.0,"rockfall causes/earthquakes":0.0,"other":null,"risky":"yes","year affected":"11/1/2016"},"geometry":{"type":"Point","coordinates":[32.90460333,-2.53172833]}},{"id":"163","type":"Feature","properties":{"id":"mwanza_rockfall_locations.164","ogc_fid":164,"fid":165,"district":"Nyamagana","ward":"Igogo","subward":"Mulungushi","source":"Happened","geolocation":"-2.5310706440359354 32.903222255408764 1200.0 5.0","geolocation precision":5.0,"rockfall causes":"heavy rainfall","rockfall causes/heavy rainfall":1.0,"rockfall causes/human activities":0.0,"rockfall causes/earthquakes":0.0,"other":null,"risky":"no","year affected":"5/1/2012"},"geometry":{"type":"Point","coordinates":[32.90322226,-2.53107064]}},{"id":"164","type":"Feature","properties":{"id":"mwanza_rockfall_locations.165","ogc_fid":165,"fid":166,"district":"Nyamagana","ward":"Igogo","subward":"Mulungushi","source":"Happened","geolocation":"-2.531376164406538 32.903309259563684 1160.0 5.0","geolocation precision":5.0,"rockfall causes":"heavy rainfall human activities","rockfall causes/heavy rainfall":1.0,"rockfall causes/human activities":1.0,"rockfall causes/earthquakes":0.0,"other":null,"risky":"no","year affected":"5/1/2010"},"geometry":{"type":"Point","coordinates":[32.90330926,-2.53137616]}},{"id":"165","type":"Feature","properties":{"id":"mwanza_rockfall_locations.166","ogc_fid":166,"fid":167,"district":"Nyamagana","ward":"Igogo","subward":"Jiwe","source":"Happened","geolocation":"-2.535595790016107 32.915234878432976 1222.7887171605498 4.0","geolocation precision":4.0,"rockfall causes":"human activities","rockfall causes/heavy rainfall":0.0,"rockfall causes/human activities":1.0,"rockfall causes/earthquakes":0.0,"other":null,"risky":"no","year affected":"7/1/2010"},"geometry":{"type":"Point","coordinates":[32.91523488,-2.53559579]}},{"id":"166","type":"Feature","properties":{"id":"mwanza_rockfall_locations.167","ogc_fid":167,"fid":168,"district":"Nyamagana","ward":"Igogo","subward":"Azimio","source":"Happened","geolocation":"-2.5415996571381956 32.908350536744386 1161.245824385843 4.0","geolocation precision":4.0,"rockfall causes":"heavy rainfall","rockfall causes/heavy rainfall":1.0,"rockfall causes/human activities":0.0,"rockfall causes/earthquakes":0.0,"other":null,"risky":"yes","year affected":"2/1/2019"},"geometry":{"type":"Point","coordinates":[32.90835054,-2.54159966]}},{"id":"167","type":"Feature","properties":{"id":"mwanza_rockfall_locations.168","ogc_fid":168,"fid":169,"district":"Nyamagana","ward":"Mkuyuni","subward":"Kang'anga","source":"Happened","geolocation":"-2.553653333333333 32.91088666666667 1153.8 5.0","geolocation precision":5.0,"rockfall causes":"heavy rainfall","rockfall causes/heavy rainfall":1.0,"rockfall causes/human activities":0.0,"rockfall causes/earthquakes":0.0,"other":null,"risky":"yes","year affected":"10/1/2019"},"geometry":{"type":"Point","coordinates":[32.91088667,-2.55365333]}},{"id":"168","type":"Feature","properties":{"id":"mwanza_rockfall_locations.169","ogc_fid":169,"fid":170,"district":"Nyamagana","ward":"Mkuyuni","subward":"Kang'anga","source":"Happened","geolocation":"-2.5528750000000002 32.91038833333334 1173.5 3.0","geolocation precision":3.0,"rockfall causes":"heavy rainfall","rockfall causes/heavy rainfall":1.0,"rockfall causes/human activities":0.0,"rockfall causes/earthquakes":0.0,"other":null,"risky":"yes","year affected":"10/1/2019"},"geometry":{"type":"Point","coordinates":[32.91038833,-2.552875]}},{"id":"169","type":"Feature","properties":{"id":"mwanza_rockfall_locations.170","ogc_fid":170,"fid":171,"district":"Nyamagana","ward":"Mkuyuni","subward":"Kang'anga","source":"Happened","geolocation":"-2.5528750000000002 32.91038833333334 1173.5 3.0","geolocation precision":3.0,"rockfall causes":"heavy rainfall","rockfall causes/heavy rainfall":1.0,"rockfall causes/human activities":0.0,"rockfall causes/earthquakes":0.0,"other":null,"risky":"yes","year affected":"10/1/2019"},"geometry":{"type":"Point","coordinates":[32.91038833,-2.552875]}},{"id":"170","type":"Feature","properties":{"id":"mwanza_rockfall_locations.171","ogc_fid":171,"fid":172,"district":"Nyamagana","ward":"Mkuyuni","subward":"Kang'anga","source":"Happened","geolocation":"-2.5528750000000002 32.91038833333334 1173.5 3.0","geolocation precision":3.0,"rockfall causes":"heavy rainfall","rockfall causes/heavy rainfall":1.0,"rockfall causes/human activities":0.0,"rockfall causes/earthquakes":0.0,"other":null,"risky":"yes","year affected":"11/1/2014"},"geometry":{"type":"Point","coordinates":[32.91038833,-2.552875]}},{"id":"171","type":"Feature","properties":{"id":"mwanza_rockfall_locations.172","ogc_fid":172,"fid":173,"district":"Nyamagana","ward":"Mkuyuni","subward":"Kang'anga","source":"Happened","geolocation":"-2.55335 32.91057333333333 1161.6 4.4","geolocation precision":4.4,"rockfall causes":"heavy rainfall","rockfall causes/heavy rainfall":1.0,"rockfall causes/human activities":0.0,"rockfall causes/earthquakes":0.0,"other":null,"risky":"yes","year affected":"10/1/2019"},"geometry":{"type":"Point","coordinates":[32.91057333,-2.55335]}},{"id":"172","type":"Feature","properties":{"id":"mwanza_rockfall_locations.173","ogc_fid":173,"fid":174,"district":"Nyamagana","ward":"Mkuyuni","subward":"Kang'anga","source":"Happened","geolocation":"-2.55335 32.91057333333333 1161.6 4.4","geolocation precision":4.4,"rockfall causes":"heavy rainfall","rockfall causes/heavy rainfall":1.0,"rockfall causes/human activities":0.0,"rockfall causes/earthquakes":0.0,"other":null,"risky":"yes","year affected":"10/1/2014"},"geometry":{"type":"Point","coordinates":[32.91057333,-2.55335]}},{"id":"173","type":"Feature","properties":{"id":"mwanza_rockfall_locations.174","ogc_fid":174,"fid":175,"district":"Nyamagana","ward":"Mkuyuni","subward":"Kang'anga","source":"Happened","geolocation":"-2.55335 32.91057333333333 1161.6 4.4","geolocation precision":4.4,"rockfall causes":"heavy rainfall","rockfall causes/heavy rainfall":1.0,"rockfall causes/human activities":0.0,"rockfall causes/earthquakes":0.0,"other":null,"risky":"yes","year affected":"11/1/2015"},"geometry":{"type":"Point","coordinates":[32.91057333,-2.55335]}},{"id":"174","type":"Feature","properties":{"id":"mwanza_rockfall_locations.175","ogc_fid":175,"fid":176,"district":"Nyamagana","ward":"Mkuyuni","subward":"Kang'anga","source":"Happened","geolocation":"-2.55335 32.91057333333333 1161.6 4.4","geolocation precision":4.4,"rockfall causes":"heavy rainfall","rockfall causes/heavy rainfall":1.0,"rockfall causes/human activities":0.0,"rockfall causes/earthquakes":0.0,"other":null,"risky":"yes","year affected":"10/1/2017"},"geometry":{"type":"Point","coordinates":[32.91057333,-2.55335]}},{"id":"175","type":"Feature","properties":{"id":"mwanza_rockfall_locations.176","ogc_fid":176,"fid":177,"district":"Nyamagana","ward":"Mkuyuni","subward":"Kang'anga","source":"Happened","geolocation":"-2.5530116666666665 32.91030333333333 1155.6 4.7","geolocation precision":4.7,"rockfall causes":"heavy rainfall","rockfall causes/heavy rainfall":1.0,"rockfall causes/human activities":0.0,"rockfall causes/earthquakes":0.0,"other":null,"risky":"yes","year affected":"10/1/2014"},"geometry":{"type":"Point","coordinates":[32.91030333,-2.55301167]}},{"id":"176","type":"Feature","properties":{"id":"mwanza_rockfall_locations.177","ogc_fid":177,"fid":178,"district":"Nyamagana","ward":"Mkuyuni","subward":"Kang'anga","source":"Happened","geolocation":"-2.5530116666666665 32.91030333333333 1155.6 4.7","geolocation precision":4.7,"rockfall causes":"heavy rainfall","rockfall causes/heavy rainfall":1.0,"rockfall causes/human activities":0.0,"rockfall causes/earthquakes":0.0,"other":null,"risky":"yes","year affected":"10/1/2019"},"geometry":{"type":"Point","coordinates":[32.91030333,-2.55301167]}},{"id":"177","type":"Feature","properties":{"id":"mwanza_rockfall_locations.178","ogc_fid":178,"fid":179,"district":"Nyamagana","ward":"Mkuyuni","subward":"Kang'anga","source":"Happened","geolocation":"-2.5530116666666665 32.91030333333333 1155.6 4.7","geolocation precision":4.7,"rockfall causes":"heavy rainfall","rockfall causes/heavy rainfall":1.0,"rockfall causes/human activities":0.0,"rockfall causes/earthquakes":0.0,"other":null,"risky":"yes","year affected":"10/1/2019"},"geometry":{"type":"Point","coordinates":[32.91030333,-2.55301167]}},{"id":"178","type":"Feature","properties":{"id":"mwanza_rockfall_locations.179","ogc_fid":179,"fid":180,"district":"Nyamagana","ward":"Mkuyuni","subward":"Kang'anga","source":"Happened","geolocation":"-2.5530116666666665 32.91030333333333 1155.6 4.7","geolocation precision":4.7,"rockfall causes":"heavy rainfall","rockfall causes/heavy rainfall":1.0,"rockfall causes/human activities":0.0,"rockfall causes/earthquakes":0.0,"other":null,"risky":"yes","year affected":"10/1/2017"},"geometry":{"type":"Point","coordinates":[32.91030333,-2.55301167]}},{"id":"179","type":"Feature","properties":{"id":"mwanza_rockfall_locations.180","ogc_fid":180,"fid":181,"district":"Nyamagana","ward":"Mkuyuni","subward":"Kang'anga","source":"Happened","geolocation":"-2.5530116666666665 32.91030333333333 1155.6 4.7","geolocation precision":4.7,"rockfall causes":"heavy rainfall","rockfall causes/heavy rainfall":1.0,"rockfall causes/human activities":0.0,"rockfall causes/earthquakes":0.0,"other":null,"risky":"yes","year affected":"10/1/2015"},"geometry":{"type":"Point","coordinates":[32.91030333,-2.55301167]}},{"id":"180","type":"Feature","properties":{"id":"mwanza_rockfall_locations.181","ogc_fid":181,"fid":182,"district":"Nyamagana","ward":"Igogo","subward":"Malulu","source":"Happened","geolocation":"-2.5422433333333334 32.91162833333333 1222.3 4.6","geolocation precision":4.6,"rockfall causes":"heavy rainfall","rockfall causes/heavy rainfall":1.0,"rockfall causes/human activities":0.0,"rockfall causes/earthquakes":0.0,"other":null,"risky":"yes","year affected":"4/1/2018"},"geometry":{"type":"Point","coordinates":[32.91162833,-2.54224333]}},{"id":"181","type":"Feature","properties":{"id":"mwanza_rockfall_locations.182","ogc_fid":182,"fid":183,"district":"Nyamagana","ward":"Mkuyuni","subward":"Kang'anga","source":"Happened","geolocation":"-2.55415 32.91231833333333 1162.8 4.6","geolocation precision":4.6,"rockfall causes":"heavy rainfall human activities","rockfall causes/heavy rainfall":1.0,"rockfall causes/human activities":1.0,"rockfall causes/earthquakes":0.0,"other":null,"risky":"yes","year affected":"11/1/2019"},"geometry":{"type":"Point","coordinates":[32.91231833,-2.55415]}},{"id":"182","type":"Feature","properties":{"id":"mwanza_rockfall_locations.183","ogc_fid":183,"fid":184,"district":"Nyamagana","ward":"Mkuyuni","subward":"Relwe","source":"Happened","geolocation":"-2.5465929 32.9089333 1167.5 4.9","geolocation precision":4.9,"rockfall causes":"heavy rainfall","rockfall causes/heavy rainfall":1.0,"rockfall causes/human activities":0.0,"rockfall causes/earthquakes":0.0,"other":null,"risky":"yes","year affected":"10/1/2012"},"geometry":{"type":"Point","coordinates":[32.9089333,-2.5465929]}},{"id":"183","type":"Feature","properties":{"id":"mwanza_rockfall_locations.184","ogc_fid":184,"fid":185,"district":"Nyamagana","ward":"Mkuyuni","subward":"Relwe","source":"Happened","geolocation":"-2.5465929 32.9089333 1167.5 4.9","geolocation precision":4.9,"rockfall causes":"heavy rainfall","rockfall causes/heavy rainfall":1.0,"rockfall causes/human activities":0.0,"rockfall causes/earthquakes":0.0,"other":null,"risky":"yes","year affected":"10/1/2012"},"geometry":{"type":"Point","coordinates":[32.9089333,-2.5465929]}},{"id":"184","type":"Feature","properties":{"id":"mwanza_rockfall_locations.185","ogc_fid":185,"fid":186,"district":"Nyamagana","ward":"Mkuyuni","subward":"Relwe","source":"Happened","geolocation":"-2.5465929 32.9089333 1167.5 4.9","geolocation precision":4.9,"rockfall causes":"heavy rainfall","rockfall causes/heavy rainfall":1.0,"rockfall causes/human activities":0.0,"rockfall causes/earthquakes":0.0,"other":null,"risky":"yes","year affected":"10/1/2012"},"geometry":{"type":"Point","coordinates":[32.9089333,-2.5465929]}},{"id":"185","type":"Feature","properties":{"id":"mwanza_rockfall_locations.186","ogc_fid":186,"fid":187,"district":"Nyamagana","ward":"Mabatini","subward":"Nyerere A","source":"At risk","geolocation":"-2.5324697 32.9248399 1186.049560546875 4.964","geolocation precision":4.964,"rockfall causes":null,"rockfall causes/heavy rainfall":null,"rockfall causes/human activities":null,"rockfall causes/earthquakes":null,"other":null,"risky":null,"year affected":null},"geometry":{"type":"Point","coordinates":[32.9248399,-2.5324697]}},{"id":"186","type":"Feature","properties":{"id":"mwanza_rockfall_locations.187","ogc_fid":187,"fid":188,"district":"Nyamagana","ward":"Mabatini","subward":"Majengo Mapya","source":"At risk","geolocation":"-2.5282299273768745 32.92813979236553 1152.9630267851007 3.0","geolocation precision":3.0,"rockfall causes":null,"rockfall causes/heavy rainfall":null,"rockfall causes/human activities":null,"rockfall causes/earthquakes":null,"other":null,"risky":null,"year affected":null},"geometry":{"type":"Point","coordinates":[32.92813979,-2.52822993]}},{"id":"187","type":"Feature","properties":{"id":"mwanza_rockfall_locations.188","ogc_fid":188,"fid":189,"district":"Nyamagana","ward":"Mabatini","subward":"Majengo Mapya","source":"At risk","geolocation":"-2.528096762471358 32.92825846998858 1227.377566315776 4.0","geolocation precision":4.0,"rockfall causes":null,"rockfall causes/heavy rainfall":null,"rockfall causes/human activities":null,"rockfall causes/earthquakes":null,"other":null,"risky":null,"year affected":null},"geometry":{"type":"Point","coordinates":[32.92825847,-2.52809676]}},{"id":"188","type":"Feature","properties":{"id":"mwanza_rockfall_locations.189","ogc_fid":189,"fid":190,"district":"Nyamagana","ward":"Mabatini","subward":"Majengo Mapya","source":"At risk","geolocation":"-2.52807484477882 32.92869616551615 1223.3829292354144 4.0","geolocation precision":4.0,"rockfall causes":null,"rockfall causes/heavy rainfall":null,"rockfall causes/human activities":null,"rockfall causes/earthquakes":null,"other":null,"risky":null,"year affected":null},"geometry":{"type":"Point","coordinates":[32.92869617,-2.52807484]}},{"id":"189","type":"Feature","properties":{"id":"mwanza_rockfall_locations.190","ogc_fid":190,"fid":191,"district":"Nyamagana","ward":"Mabatini","subward":"Majengo Mapya","source":"At risk","geolocation":"-2.5286433181059014 32.928575358861345 1211.3554346687529 4.0","geolocation precision":4.0,"rockfall causes":null,"rockfall causes/heavy rainfall":null,"rockfall causes/human activities":null,"rockfall causes/earthquakes":null,"other":null,"risky":null,"year affected":null},"geometry":{"type":"Point","coordinates":[32.92857536,-2.52864332]}},{"id":"190","type":"Feature","properties":{"id":"mwanza_rockfall_locations.191","ogc_fid":191,"fid":192,"district":"Nyamagana","ward":"Mabatini","subward":"Majengo Mapya","source":"At risk","geolocation":"-2.523785 32.92366833333333 1198.2 2.8","geolocation precision":2.8,"rockfall causes":null,"rockfall causes/heavy rainfall":null,"rockfall causes/human activities":null,"rockfall causes/earthquakes":null,"other":null,"risky":null,"year affected":null},"geometry":{"type":"Point","coordinates":[32.92366833,-2.523785]}},{"id":"191","type":"Feature","properties":{"id":"mwanza_rockfall_locations.192","ogc_fid":192,"fid":193,"district":"Nyamagana","ward":"Mabatini","subward":"Majengo Mapya","source":"At risk","geolocation":"-2.5236816666666666 32.923721666666665 1199.2 1.8","geolocation precision":1.8,"rockfall causes":null,"rockfall causes/heavy rainfall":null,"rockfall causes/human activities":null,"rockfall causes/earthquakes":null,"other":null,"risky":null,"year affected":null},"geometry":{"type":"Point","coordinates":[32.92372167,-2.52368167]}},{"id":"192","type":"Feature","properties":{"id":"mwanza_rockfall_locations.193","ogc_fid":193,"fid":194,"district":"Nyamagana","ward":"Mabatini","subward":"Majengo Mapya","source":"At risk","geolocation":"-2.5237716666666667 32.923853333333334 1202.1 1.7","geolocation precision":1.7,"rockfall causes":null,"rockfall causes/heavy rainfall":null,"rockfall causes/human activities":null,"rockfall causes/earthquakes":null,"other":null,"risky":null,"year affected":null},"geometry":{"type":"Point","coordinates":[32.92385333,-2.52377167]}},{"id":"193","type":"Feature","properties":{"id":"mwanza_rockfall_locations.194","ogc_fid":194,"fid":195,"district":"Nyamagana","ward":"Mabatini","subward":"Majengo Mapya","source":"At risk","geolocation":"-2.5236483333333335 32.92420333333334 1220.6 1.6","geolocation precision":1.6,"rockfall causes":null,"rockfall causes/heavy rainfall":null,"rockfall causes/human activities":null,"rockfall causes/earthquakes":null,"other":null,"risky":null,"year affected":null},"geometry":{"type":"Point","coordinates":[32.92420333,-2.52364833]}},{"id":"194","type":"Feature","properties":{"id":"mwanza_rockfall_locations.195","ogc_fid":195,"fid":196,"district":"Nyamagana","ward":"Mabatini","subward":"Majengo Mapya","source":"At risk","geolocation":"-2.5240733333333334 32.925108333333334 1232.7 1.6","geolocation precision":1.6,"rockfall causes":null,"rockfall causes/heavy rainfall":null,"rockfall causes/human activities":null,"rockfall causes/earthquakes":null,"other":null,"risky":null,"year affected":null},"geometry":{"type":"Point","coordinates":[32.92510833,-2.52407333]}},{"id":"195","type":"Feature","properties":{"id":"mwanza_rockfall_locations.196","ogc_fid":196,"fid":197,"district":"Nyamagana","ward":"Mabatini","subward":"Majengo Mapya","source":"At risk","geolocation":"-2.5238783333333337 32.92613666666667 1233.5 1.9","geolocation precision":1.9,"rockfall causes":null,"rockfall causes/heavy rainfall":null,"rockfall causes/human activities":null,"rockfall causes/earthquakes":null,"other":null,"risky":null,"year affected":null},"geometry":{"type":"Point","coordinates":[32.92613667,-2.52387833]}},{"id":"196","type":"Feature","properties":{"id":"mwanza_rockfall_locations.197","ogc_fid":197,"fid":198,"district":"Nyamagana","ward":"Mabatini","subward":"Majengo Mapya","source":"At risk","geolocation":"-2.5257305 32.9254835 1185.336669921875 4.386","geolocation precision":4.386,"rockfall causes":null,"rockfall causes/heavy rainfall":null,"rockfall causes/human activities":null,"rockfall causes/earthquakes":null,"other":null,"risky":null,"year affected":null},"geometry":{"type":"Point","coordinates":[32.9254835,-2.5257305]}},{"id":"197","type":"Feature","properties":{"id":"mwanza_rockfall_locations.198","ogc_fid":198,"fid":199,"district":"Nyamagana","ward":"Mabatini","subward":"Majengo Mapya","source":"At risk","geolocation":"-2.5255793 32.9257004 1161.010498046875 4.716","geolocation precision":4.716,"rockfall causes":null,"rockfall causes/heavy rainfall":null,"rockfall causes/human activities":null,"rockfall causes/earthquakes":null,"other":null,"risky":null,"year affected":null},"geometry":{"type":"Point","coordinates":[32.9257004,-2.5255793]}},{"id":"198","type":"Feature","properties":{"id":"mwanza_rockfall_locations.199","ogc_fid":199,"fid":200,"district":"Nyamagana","ward":"Mabatini","subward":"Majengo Mapya","source":"At risk","geolocation":"-2.5254191 32.925845 1191.2471923828125 4.347","geolocation precision":4.347,"rockfall causes":null,"rockfall causes/heavy rainfall":null,"rockfall causes/human activities":null,"rockfall causes/earthquakes":null,"other":null,"risky":null,"year affected":null},"geometry":{"type":"Point","coordinates":[32.925845,-2.5254191]}},{"id":"199","type":"Feature","properties":{"id":"mwanza_rockfall_locations.200","ogc_fid":200,"fid":201,"district":"Nyamagana","ward":"Mabatini","subward":"Majengo Mapya","source":"At risk","geolocation":"-2.525289 32.9260935 1200.2374267578125 4.716","geolocation precision":4.716,"rockfall causes":null,"rockfall causes/heavy rainfall":null,"rockfall causes/human activities":null,"rockfall causes/earthquakes":null,"other":null,"risky":null,"year affected":null},"geometry":{"type":"Point","coordinates":[32.9260935,-2.525289]}},{"id":"200","type":"Feature","properties":{"id":"mwanza_rockfall_locations.201","ogc_fid":201,"fid":202,"district":"Nyamagana","ward":"Mabatini","subward":"Majengo Mapya","source":"At risk","geolocation":"-2.5255699 32.9268189 1206.6588134765625 4.898","geolocation precision":4.898,"rockfall causes":null,"rockfall causes/heavy rainfall":null,"rockfall causes/human activities":null,"rockfall causes/earthquakes":null,"other":null,"risky":null,"year affected":null},"geometry":{"type":"Point","coordinates":[32.9268189,-2.5255699]}},{"id":"201","type":"Feature","properties":{"id":"mwanza_rockfall_locations.202","ogc_fid":202,"fid":203,"district":"Nyamagana","ward":"Mabatini","subward":"Majengo Mapya","source":"At risk","geolocation":"-2.5247425 32.9275223 1204.2623291015625 4.776","geolocation precision":4.776,"rockfall causes":null,"rockfall causes/heavy rainfall":null,"rockfall causes/human activities":null,"rockfall causes/earthquakes":null,"other":null,"risky":null,"year affected":null},"geometry":{"type":"Point","coordinates":[32.9275223,-2.5247425]}},{"id":"202","type":"Feature","properties":{"id":"mwanza_rockfall_locations.203","ogc_fid":203,"fid":204,"district":"Nyamagana","ward":"Mabatini","subward":"Majengo Mapya","source":"At risk","geolocation":"-2.5255316666666667 32.92544833333333 1202.1 4.8","geolocation precision":4.8,"rockfall causes":null,"rockfall causes/heavy rainfall":null,"rockfall causes/human activities":null,"rockfall causes/earthquakes":null,"other":null,"risky":null,"year affected":null},"geometry":{"type":"Point","coordinates":[32.92544833,-2.52553167]}},{"id":"203","type":"Feature","properties":{"id":"mwanza_rockfall_locations.204","ogc_fid":204,"fid":205,"district":"Nyamagana","ward":"Mabatini","subward":"Majengo Mapya","source":"At risk","geolocation":"-2.525293333333333 32.925958333333334 1223.5 3.2","geolocation precision":3.2,"rockfall causes":null,"rockfall causes/heavy rainfall":null,"rockfall causes/human activities":null,"rockfall causes/earthquakes":null,"other":null,"risky":null,"year affected":null},"geometry":{"type":"Point","coordinates":[32.92595833,-2.52529333]}},{"id":"204","type":"Feature","properties":{"id":"mwanza_rockfall_locations.205","ogc_fid":205,"fid":206,"district":"Nyamagana","ward":"Mabatini","subward":"Majengo Mapya","source":"At risk","geolocation":"-2.5252566666666665 32.92666166666667 1219.4 3.1","geolocation precision":3.1,"rockfall causes":null,"rockfall causes/heavy rainfall":null,"rockfall causes/human activities":null,"rockfall causes/earthquakes":null,"other":null,"risky":null,"year affected":null},"geometry":{"type":"Point","coordinates":[32.92666167,-2.52525667]}},{"id":"205","type":"Feature","properties":{"id":"mwanza_rockfall_locations.206","ogc_fid":206,"fid":207,"district":"Nyamagana","ward":"Mabatini","subward":"Majengo Mapya","source":"At risk","geolocation":"-2.5253216666666667 32.926645 1219.4 3.3","geolocation precision":3.3,"rockfall causes":null,"rockfall causes/heavy rainfall":null,"rockfall causes/human activities":null,"rockfall causes/earthquakes":null,"other":null,"risky":null,"year affected":null},"geometry":{"type":"Point","coordinates":[32.926645,-2.52532167]}},{"id":"206","type":"Feature","properties":{"id":"mwanza_rockfall_locations.207","ogc_fid":207,"fid":208,"district":"Nyamagana","ward":"Mabatini","subward":"Majengo Mapya","source":"At risk","geolocation":"-2.5251733333333335 32.92687166666666 1211.9 3.0","geolocation precision":3.0,"rockfall causes":null,"rockfall causes/heavy rainfall":null,"rockfall causes/human activities":null,"rockfall causes/earthquakes":null,"other":null,"risky":null,"year affected":null},"geometry":{"type":"Point","coordinates":[32.92687167,-2.52517333]}},{"id":"207","type":"Feature","properties":{"id":"mwanza_rockfall_locations.208","ogc_fid":208,"fid":209,"district":"Nyamagana","ward":"Mabatini","subward":"Majengo Mapya","source":"At risk","geolocation":"-2.5249966666666666 32.92688166666667 1243.4 3.7","geolocation precision":3.7,"rockfall causes":null,"rockfall causes/heavy rainfall":null,"rockfall causes/human activities":null,"rockfall causes/earthquakes":null,"other":null,"risky":null,"year affected":null},"geometry":{"type":"Point","coordinates":[32.92688167,-2.52499667]}},{"id":"208","type":"Feature","properties":{"id":"mwanza_rockfall_locations.209","ogc_fid":209,"fid":210,"district":"Nyamagana","ward":"Mabatini","subward":"Mabatini Kaskazini","source":"At risk","geolocation":"-2.5260916666666664 32.921146666666665 1167.6 4.9","geolocation precision":4.9,"rockfall causes":null,"rockfall causes/heavy rainfall":null,"rockfall causes/human activities":null,"rockfall causes/earthquakes":null,"other":null,"risky":null,"year affected":null},"geometry":{"type":"Point","coordinates":[32.92114667,-2.52609167]}},{"id":"209","type":"Feature","properties":{"id":"mwanza_rockfall_locations.210","ogc_fid":210,"fid":211,"district":"Nyamagana","ward":"Mabatini","subward":"Mabatini Kaskazini","source":"At risk","geolocation":"-2.526075 32.92171833333334 1160.1 5.0","geolocation precision":5.0,"rockfall causes":null,"rockfall causes/heavy rainfall":null,"rockfall causes/human activities":null,"rockfall causes/earthquakes":null,"other":null,"risky":null,"year affected":null},"geometry":{"type":"Point","coordinates":[32.92171833,-2.526075]}},{"id":"210","type":"Feature","properties":{"id":"mwanza_rockfall_locations.211","ogc_fid":211,"fid":212,"district":"Nyamagana","ward":"Mabatini","subward":"Mabatini Kaskazini","source":"At risk","geolocation":"-2.5254666666666665 32.92189666666666 1167.3 4.8","geolocation precision":4.8,"rockfall causes":null,"rockfall causes/heavy rainfall":null,"rockfall causes/human activities":null,"rockfall causes/earthquakes":null,"other":null,"risky":null,"year affected":null},"geometry":{"type":"Point","coordinates":[32.92189667,-2.52546667]}},{"id":"211","type":"Feature","properties":{"id":"mwanza_rockfall_locations.212","ogc_fid":212,"fid":213,"district":"Nyamagana","ward":"Mabatini","subward":"Mabatini Kaskazini","source":"At risk","geolocation":"-2.527415 32.922246666666666 1133.0 4.7","geolocation precision":4.7,"rockfall causes":null,"rockfall causes/heavy rainfall":null,"rockfall causes/human activities":null,"rockfall causes/earthquakes":null,"other":null,"risky":null,"year affected":null},"geometry":{"type":"Point","coordinates":[32.92224667,-2.527415]}},{"id":"212","type":"Feature","properties":{"id":"mwanza_rockfall_locations.213","ogc_fid":213,"fid":214,"district":"Nyamagana","ward":"Mabatini","subward":"Mabatini Kaskazini","source":"At risk","geolocation":"-2.5261734751984477 32.92158147320151 1146.0 4.5","geolocation precision":4.5,"rockfall causes":null,"rockfall causes/heavy rainfall":null,"rockfall causes/human activities":null,"rockfall causes/earthquakes":null,"other":null,"risky":null,"year affected":null},"geometry":{"type":"Point","coordinates":[32.92158147,-2.52617347]}},{"id":"213","type":"Feature","properties":{"id":"mwanza_rockfall_locations.214","ogc_fid":214,"fid":215,"district":"Nyamagana","ward":"Mabatini","subward":"Mabatini Kaskazini","source":"At risk","geolocation":"-2.5261155562475324 32.92181306518614 1156.0 5.0","geolocation precision":5.0,"rockfall causes":null,"rockfall causes/heavy rainfall":null,"rockfall causes/human activities":null,"rockfall causes/earthquakes":null,"other":null,"risky":null,"year affected":null},"geometry":{"type":"Point","coordinates":[32.92181307,-2.52611556]}},{"id":"214","type":"Feature","properties":{"id":"mwanza_rockfall_locations.215","ogc_fid":215,"fid":216,"district":"Nyamagana","ward":"Mabatini","subward":"Mabatini Kaskazini","source":"At risk","geolocation":"-2.526250111589319 32.92123896931529 1145.6171516640534 4.0","geolocation precision":4.0,"rockfall causes":null,"rockfall causes/heavy rainfall":null,"rockfall causes/human activities":null,"rockfall causes/earthquakes":null,"other":null,"risky":null,"year affected":null},"geometry":{"type":"Point","coordinates":[32.92123897,-2.52625011]}},{"id":"215","type":"Feature","properties":{"id":"mwanza_rockfall_locations.216","ogc_fid":216,"fid":217,"district":"Nyamagana","ward":"Mabatini","subward":"Mabatini Kaskazini","source":"At risk","geolocation":"-2.5257353112101555 32.92172756977379 1169.0 5.0","geolocation precision":5.0,"rockfall causes":null,"rockfall causes/heavy rainfall":null,"rockfall causes/human activities":null,"rockfall causes/earthquakes":null,"other":null,"risky":null,"year affected":null},"geometry":{"type":"Point","coordinates":[32.92172757,-2.52573531]}},{"id":"216","type":"Feature","properties":{"id":"mwanza_rockfall_locations.217","ogc_fid":217,"fid":218,"district":"Nyamagana","ward":"Mabatini","subward":"Mabatini Kaskazini","source":"At risk","geolocation":"-2.5261686441049194 32.92155089055634 1147.070482910277 4.0","geolocation precision":4.0,"rockfall causes":null,"rockfall causes/heavy rainfall":null,"rockfall causes/human activities":null,"rockfall causes/earthquakes":null,"other":null,"risky":null,"year affected":null},"geometry":{"type":"Point","coordinates":[32.92155089,-2.52616864]}},{"id":"217","type":"Feature","properties":{"id":"mwanza_rockfall_locations.218","ogc_fid":218,"fid":219,"district":"Nyamagana","ward":"Mabatini","subward":"Mabatini Kaskazini","source":"At risk","geolocation":"-2.5253584189340472 32.92242712341249 1163.0 5.0","geolocation precision":5.0,"rockfall causes":null,"rockfall causes/heavy rainfall":null,"rockfall causes/human activities":null,"rockfall causes/earthquakes":null,"other":null,"risky":null,"year affected":null},"geometry":{"type":"Point","coordinates":[32.92242712,-2.52535842]}},{"id":"218","type":"Feature","properties":{"id":"mwanza_rockfall_locations.219","ogc_fid":219,"fid":220,"district":"Nyamagana","ward":"Mabatini","subward":"Mabatini Kaskazini","source":"At risk","geolocation":"-2.5260480279251327 32.92174688305549 1169.2187150880923 4.0","geolocation precision":4.0,"rockfall causes":null,"rockfall causes/heavy rainfall":null,"rockfall causes/human activities":null,"rockfall causes/earthquakes":null,"other":null,"risky":null,"year affected":null},"geometry":{"type":"Point","coordinates":[32.92174688,-2.52604803]}},{"id":"219","type":"Feature","properties":{"id":"mwanza_rockfall_locations.220","ogc_fid":220,"fid":221,"district":"Nyamagana","ward":"Mabatini","subward":"Mabatini Kaskazini","source":"At risk","geolocation":"-2.5259767331128558 32.921867570845215 1167.9804052040154 4.0","geolocation precision":4.0,"rockfall causes":null,"rockfall causes/heavy rainfall":null,"rockfall causes/human activities":null,"rockfall causes/earthquakes":null,"other":null,"risky":null,"year affected":null},"geometry":{"type":"Point","coordinates":[32.92186757,-2.52597673]}},{"id":"220","type":"Feature","properties":{"id":"mwanza_rockfall_locations.221","ogc_fid":221,"fid":222,"district":"Nyamagana","ward":"Mabatini","subward":"Mabatini Kaskazini","source":"At risk","geolocation":"-2.5255212374031544 32.922637006267905 1178.0 5.0","geolocation precision":5.0,"rockfall causes":null,"rockfall causes/heavy rainfall":null,"rockfall causes/human activities":null,"rockfall causes/earthquakes":null,"other":null,"risky":null,"year affected":null},"geometry":{"type":"Point","coordinates":[32.92263701,-2.52552124]}},{"id":"221","type":"Feature","properties":{"id":"mwanza_rockfall_locations.222","ogc_fid":222,"fid":223,"district":"Nyamagana","ward":"Mabatini","subward":"Mabatini Kaskazini","source":"At risk","geolocation":"-2.5255979264030484 32.92218417652204 1163.0036581316558 4.0","geolocation precision":4.0,"rockfall causes":null,"rockfall causes/heavy rainfall":null,"rockfall causes/human activities":null,"rockfall causes/earthquakes":null,"other":null,"risky":null,"year affected":null},"geometry":{"type":"Point","coordinates":[32.92218418,-2.52559793]}},{"id":"222","type":"Feature","properties":{"id":"mwanza_rockfall_locations.223","ogc_fid":223,"fid":224,"district":"Nyamagana","ward":"Mabatini","subward":"Mabatini Kaskazini","source":"At risk","geolocation":"-2.5256079867827177 32.922927349798684 1168.6608579487881 4.0","geolocation precision":4.0,"rockfall causes":null,"rockfall causes/heavy rainfall":null,"rockfall causes/human activities":null,"rockfall causes/earthquakes":null,"other":null,"risky":null,"year affected":null},"geometry":{"type":"Point","coordinates":[32.92292735,-2.52560799]}},{"id":"223","type":"Feature","properties":{"id":"mwanza_rockfall_locations.224","ogc_fid":224,"fid":225,"district":"Nyamagana","ward":"Mabatini","subward":"Mabatini Kaskazini","source":"At risk","geolocation":"-2.526016666666667 32.92141166666667 1169.3 4.9","geolocation precision":4.9,"rockfall causes":null,"rockfall causes/heavy rainfall":null,"rockfall causes/human activities":null,"rockfall causes/earthquakes":null,"other":null,"risky":null,"year affected":null},"geometry":{"type":"Point","coordinates":[32.92141167,-2.52601667]}},{"id":"224","type":"Feature","properties":{"id":"mwanza_rockfall_locations.225","ogc_fid":225,"fid":226,"district":"Nyamagana","ward":"Mabatini","subward":"Mabatini Kaskazini","source":"At risk","geolocation":"-2.5263248942792416 32.92280288413167 1157.0 5.0","geolocation precision":5.0,"rockfall causes":null,"rockfall causes/heavy rainfall":null,"rockfall causes/human activities":null,"rockfall causes/earthquakes":null,"other":null,"risky":null,"year affected":null},"geometry":{"type":"Point","coordinates":[32.92280288,-2.52632489]}},{"id":"225","type":"Feature","properties":{"id":"mwanza_rockfall_locations.226","ogc_fid":226,"fid":227,"district":"Nyamagana","ward":"Mabatini","subward":"Mabatini Kaskazini","source":"At risk","geolocation":"-2.5273945089429617 32.92232109233737 1144.0 4.5","geolocation precision":4.5,"rockfall causes":null,"rockfall causes/heavy rainfall":null,"rockfall causes/human activities":null,"rockfall causes/earthquakes":null,"other":null,"risky":null,"year affected":null},"geometry":{"type":"Point","coordinates":[32.92232109,-2.52739451]}},{"id":"226","type":"Feature","properties":{"id":"mwanza_rockfall_locations.227","ogc_fid":227,"fid":228,"district":"Nyamagana","ward":"Mabatini","subward":"Mabatini Kaskazini","source":"At risk","geolocation":"-2.5257966666666665 32.921913333333336 1187.0 4.6","geolocation precision":4.6,"rockfall causes":null,"rockfall causes/heavy rainfall":null,"rockfall causes/human activities":null,"rockfall causes/earthquakes":null,"other":null,"risky":null,"year affected":null},"geometry":{"type":"Point","coordinates":[32.92191333,-2.52579667]}},{"id":"227","type":"Feature","properties":{"id":"mwanza_rockfall_locations.228","ogc_fid":228,"fid":229,"district":"Nyamagana","ward":"Mabatini","subward":"Mabatini Kaskazini","source":"At risk","geolocation":"-2.52743620891124 32.92228924110532 1151.0 5.0","geolocation precision":5.0,"rockfall causes":null,"rockfall causes/heavy rainfall":null,"rockfall causes/human activities":null,"rockfall causes/earthquakes":null,"other":null,"risky":null,"year affected":null},"geometry":{"type":"Point","coordinates":[32.92228924,-2.52743621]}},{"id":"228","type":"Feature","properties":{"id":"mwanza_rockfall_locations.229","ogc_fid":229,"fid":230,"district":"Nyamagana","ward":"Mabatini","subward":"Mabatini Kaskazini","source":"At risk","geolocation":"-2.5268205162137747 32.921746177598834 1138.0 5.0","geolocation precision":5.0,"rockfall causes":null,"rockfall causes/heavy rainfall":null,"rockfall causes/human activities":null,"rockfall causes/earthquakes":null,"other":null,"risky":null,"year affected":null},"geometry":{"type":"Point","coordinates":[32.92174618,-2.52682052]}},{"id":"229","type":"Feature","properties":{"id":"mwanza_rockfall_locations.230","ogc_fid":230,"fid":231,"district":"Nyamagana","ward":"Mabatini","subward":"Mabatini Kaskazini","source":"At risk","geolocation":"-2.5262333333333338 32.922873333333335 1176.2 4.9","geolocation precision":4.9,"rockfall causes":null,"rockfall causes/heavy rainfall":null,"rockfall causes/human activities":null,"rockfall causes/earthquakes":null,"other":null,"risky":null,"year affected":null},"geometry":{"type":"Point","coordinates":[32.92287333,-2.52623333]}},{"id":"230","type":"Feature","properties":{"id":"mwanza_rockfall_locations.231","ogc_fid":231,"fid":232,"district":"Nyamagana","ward":"Mabatini","subward":"Mabatini Kaskazini","source":"At risk","geolocation":"-2.5262966666666666 32.92259166666667 1196.2 5.0","geolocation precision":5.0,"rockfall causes":null,"rockfall causes/heavy rainfall":null,"rockfall causes/human activities":null,"rockfall causes/earthquakes":null,"other":null,"risky":null,"year affected":null},"geometry":{"type":"Point","coordinates":[32.92259167,-2.52629667]}},{"id":"231","type":"Feature","properties":{"id":"mwanza_rockfall_locations.232","ogc_fid":232,"fid":233,"district":"Nyamagana","ward":"Mabatini","subward":"Mabatini Kaskazini","source":"At risk","geolocation":"-2.5270099999999998 32.92199333333333 1159.6 5.0","geolocation precision":5.0,"rockfall causes":null,"rockfall causes/heavy rainfall":null,"rockfall causes/human activities":null,"rockfall causes/earthquakes":null,"other":null,"risky":null,"year affected":null},"geometry":{"type":"Point","coordinates":[32.92199333,-2.52701]}},{"id":"232","type":"Feature","properties":{"id":"mwanza_rockfall_locations.233","ogc_fid":233,"fid":234,"district":"Nyamagana","ward":"Pamba","subward":"Mlimani","source":"At risk","geolocation":"-2.5302933333333333 32.91585833333333 1222.0 4.6","geolocation precision":4.6,"rockfall causes":null,"rockfall causes/heavy rainfall":null,"rockfall causes/human activities":null,"rockfall causes/earthquakes":null,"other":null,"risky":null,"year affected":null},"geometry":{"type":"Point","coordinates":[32.91585833,-2.53029333]}},{"id":"233","type":"Feature","properties":{"id":"mwanza_rockfall_locations.234","ogc_fid":234,"fid":235,"district":"Nyamagana","ward":"Pamba","subward":"Mlimani","source":"At risk","geolocation":"-2.5301666666666667 32.91601 1183.7 4.7","geolocation precision":4.7,"rockfall causes":null,"rockfall causes/heavy rainfall":null,"rockfall causes/human activities":null,"rockfall causes/earthquakes":null,"other":null,"risky":null,"year affected":null},"geometry":{"type":"Point","coordinates":[32.91601,-2.53016667]}},{"id":"234","type":"Feature","properties":{"id":"mwanza_rockfall_locations.235","ogc_fid":235,"fid":236,"district":"Nyamagana","ward":"Pamba","subward":"Mlimani","source":"At risk","geolocation":"-2.529486666666667 32.91644833333333 1219.6 4.6","geolocation precision":4.6,"rockfall causes":null,"rockfall causes/heavy rainfall":null,"rockfall causes/human activities":null,"rockfall causes/earthquakes":null,"other":null,"risky":null,"year affected":null},"geometry":{"type":"Point","coordinates":[32.91644833,-2.52948667]}},{"id":"235","type":"Feature","properties":{"id":"mwanza_rockfall_locations.236","ogc_fid":236,"fid":237,"district":"Nyamagana","ward":"Pamba","subward":"Mlimani","source":"At risk","geolocation":"-2.5296983333333336 32.91659833333333 1215.7 2.9","geolocation precision":2.9,"rockfall causes":null,"rockfall causes/heavy rainfall":null,"rockfall causes/human activities":null,"rockfall causes/earthquakes":null,"other":null,"risky":null,"year affected":null},"geometry":{"type":"Point","coordinates":[32.91659833,-2.52969833]}},{"id":"236","type":"Feature","properties":{"id":"mwanza_rockfall_locations.237","ogc_fid":237,"fid":238,"district":"Nyamagana","ward":"Pamba","subward":"Mlimani","source":"At risk","geolocation":"-2.52932 32.916595 1220.2 3.3","geolocation precision":3.3,"rockfall causes":null,"rockfall causes/heavy rainfall":null,"rockfall causes/human activities":null,"rockfall causes/earthquakes":null,"other":null,"risky":null,"year affected":null},"geometry":{"type":"Point","coordinates":[32.916595,-2.52932]}},{"id":"237","type":"Feature","properties":{"id":"mwanza_rockfall_locations.238","ogc_fid":238,"fid":239,"district":"Nyamagana","ward":"Mabatini","subward":"Nyerere B","source":"At risk","geolocation":"-2.5285211725452856 32.91553093820671 1203.4967291392395 4.0","geolocation precision":4.0,"rockfall causes":null,"rockfall causes/heavy rainfall":null,"rockfall causes/human activities":null,"rockfall causes/earthquakes":null,"other":null,"risky":null,"year affected":null},"geometry":{"type":"Point","coordinates":[32.91553094,-2.52852117]}},{"id":"238","type":"Feature","properties":{"id":"mwanza_rockfall_locations.239","ogc_fid":239,"fid":240,"district":"Nyamagana","ward":"Mabatini","subward":"Nyerere B","source":"At risk","geolocation":"-2.5282716070759945 32.91578125113809 1201.3726748530146 4.0","geolocation precision":4.0,"rockfall causes":null,"rockfall causes/heavy rainfall":null,"rockfall causes/human activities":null,"rockfall causes/earthquakes":null,"other":null,"risky":null,"year affected":null},"geometry":{"type":"Point","coordinates":[32.91578125,-2.52827161]}},{"id":"239","type":"Feature","properties":{"id":"mwanza_rockfall_locations.240","ogc_fid":240,"fid":241,"district":"Nyamagana","ward":"Mabatini","subward":"Nyerere B","source":"At risk","geolocation":"-2.5274033936302147 32.9162485072819 1153.4334216460277 4.0","geolocation precision":4.0,"rockfall causes":null,"rockfall causes/heavy rainfall":null,"rockfall causes/human activities":null,"rockfall causes/earthquakes":null,"other":null,"risky":null,"year affected":null},"geometry":{"type":"Point","coordinates":[32.91624851,-2.52740339]}},{"id":"240","type":"Feature","properties":{"id":"mwanza_rockfall_locations.241","ogc_fid":241,"fid":242,"district":"Nyamagana","ward":"Mabatini","subward":"Nyerere B","source":"At risk","geolocation":"-2.5274795711438776 32.915984849470796 1174.535662751005 4.0","geolocation precision":4.0,"rockfall causes":null,"rockfall causes/heavy rainfall":null,"rockfall causes/human activities":null,"rockfall causes/earthquakes":null,"other":null,"risky":null,"year affected":null},"geometry":{"type":"Point","coordinates":[32.91598485,-2.52747957]}},{"id":"241","type":"Feature","properties":{"id":"mwanza_rockfall_locations.242","ogc_fid":242,"fid":243,"district":"Nyamagana","ward":"Mabatini","subward":"Nyerere B","source":"At risk","geolocation":"-2.527959280003173 32.91605367704273 1189.7759811593496 4.0","geolocation precision":4.0,"rockfall causes":null,"rockfall causes/heavy rainfall":null,"rockfall causes/human activities":null,"rockfall causes/earthquakes":null,"other":null,"risky":null,"year affected":null},"geometry":{"type":"Point","coordinates":[32.91605368,-2.52795928]}},{"id":"242","type":"Feature","properties":{"id":"mwanza_rockfall_locations.243","ogc_fid":243,"fid":244,"district":"Nyamagana","ward":"Mabatini","subward":"Nyerere B","source":"At risk","geolocation":"-2.527925247940312 32.91625640776771 1175.5247147467921 4.0","geolocation precision":4.0,"rockfall causes":null,"rockfall causes/heavy rainfall":null,"rockfall causes/human activities":null,"rockfall causes/earthquakes":null,"other":null,"risky":null,"year affected":null},"geometry":{"type":"Point","coordinates":[32.91625641,-2.52792525]}},{"id":"243","type":"Feature","properties":{"id":"mwanza_rockfall_locations.244","ogc_fid":244,"fid":245,"district":"Nyamagana","ward":"Mabatini","subward":"Nyerere B","source":"At risk","geolocation":"-2.5275956606676973 32.91651442461794 1175.5764918285415 4.0","geolocation precision":4.0,"rockfall causes":null,"rockfall causes/heavy rainfall":null,"rockfall causes/human activities":null,"rockfall causes/earthquakes":null,"other":null,"risky":null,"year affected":null},"geometry":{"type":"Point","coordinates":[32.91651442,-2.52759566]}},{"id":"244","type":"Feature","properties":{"id":"mwanza_rockfall_locations.245","ogc_fid":245,"fid":246,"district":"Nyamagana","ward":"Mabatini","subward":"Nyerere B","source":"At risk","geolocation":"-2.527086753749915 32.9166494504161 1156.9726303039565 4.0","geolocation precision":4.0,"rockfall causes":null,"rockfall causes/heavy rainfall":null,"rockfall causes/human activities":null,"rockfall causes/earthquakes":null,"other":null,"risky":null,"year affected":null},"geometry":{"type":"Point","coordinates":[32.91664945,-2.52708675]}},{"id":"245","type":"Feature","properties":{"id":"mwanza_rockfall_locations.246","ogc_fid":246,"fid":247,"district":"Nyamagana","ward":"Mabatini","subward":"Nyerere B","source":"At risk","geolocation":"-2.5272025647879888 32.91720959482173 1163.287005259545 4.0","geolocation precision":4.0,"rockfall causes":null,"rockfall causes/heavy rainfall":null,"rockfall causes/human activities":null,"rockfall causes/earthquakes":null,"other":null,"risky":null,"year affected":null},"geometry":{"type":"Point","coordinates":[32.91720959,-2.52720256]}},{"id":"246","type":"Feature","properties":{"id":"mwanza_rockfall_locations.247","ogc_fid":247,"fid":248,"district":"Nyamagana","ward":"Mabatini","subward":"Nyerere B","source":"At risk","geolocation":"-2.5275861633162147 32.9172167591755 1176.3859871629309 4.0","geolocation precision":4.0,"rockfall causes":null,"rockfall causes/heavy rainfall":null,"rockfall causes/human activities":null,"rockfall causes/earthquakes":null,"other":null,"risky":null,"year affected":null},"geometry":{"type":"Point","coordinates":[32.91721676,-2.52758616]}},{"id":"247","type":"Feature","properties":{"id":"mwanza_rockfall_locations.248","ogc_fid":248,"fid":249,"district":"Nyamagana","ward":"Mabatini","subward":"Nyerere B","source":"At risk","geolocation":"-2.527596352619609 32.917394034228494 1168.1750100092268 4.0","geolocation precision":4.0,"rockfall causes":null,"rockfall causes/heavy rainfall":null,"rockfall causes/human activities":null,"rockfall causes/earthquakes":null,"other":null,"risky":null,"year affected":null},"geometry":{"type":"Point","coordinates":[32.91739403,-2.52759635]}},{"id":"248","type":"Feature","properties":{"id":"mwanza_rockfall_locations.249","ogc_fid":249,"fid":250,"district":"Nyamagana","ward":"Mabatini","subward":"Mabatini Kaskazini","source":"At risk","geolocation":"-2.5270676379702284 32.92193075735438 1144.559477402518 4.0","geolocation precision":4.0,"rockfall causes":null,"rockfall causes/heavy rainfall":null,"rockfall causes/human activities":null,"rockfall causes/earthquakes":null,"other":null,"risky":null,"year affected":null},"geometry":{"type":"Point","coordinates":[32.92193076,-2.52706764]}},{"id":"249","type":"Feature","properties":{"id":"mwanza_rockfall_locations.250","ogc_fid":250,"fid":251,"district":"Nyamagana","ward":"Mabatini","subward":"Mabatini Kaskazini","source":"At risk","geolocation":"-2.526541589420992 32.92136643649605 1146.6916648833499 4.0","geolocation precision":4.0,"rockfall causes":null,"rockfall causes/heavy rainfall":null,"rockfall causes/human activities":null,"rockfall causes/earthquakes":null,"other":null,"risky":null,"year affected":null},"geometry":{"type":"Point","coordinates":[32.92136644,-2.52654159]}},{"id":"250","type":"Feature","properties":{"id":"mwanza_rockfall_locations.251","ogc_fid":251,"fid":252,"district":"Nyamagana","ward":"Pamba","subward":"Mlimani","source":"At risk","geolocation":"-2.528633333333333 32.915971666666664 1183.4 4.9","geolocation precision":4.9,"rockfall causes":null,"rockfall causes/heavy rainfall":null,"rockfall causes/human activities":null,"rockfall causes/earthquakes":null,"other":null,"risky":null,"year affected":null},"geometry":{"type":"Point","coordinates":[32.91597167,-2.52863333]}},{"id":"251","type":"Feature","properties":{"id":"mwanza_rockfall_locations.252","ogc_fid":252,"fid":253,"district":"Nyamagana","ward":"Pamba","subward":"Mlimani","source":"At risk","geolocation":"-2.5281866666666666 32.915926666666664 1198.2 4.8","geolocation precision":4.8,"rockfall causes":null,"rockfall causes/heavy rainfall":null,"rockfall causes/human activities":null,"rockfall causes/earthquakes":null,"other":null,"risky":null,"year affected":null},"geometry":{"type":"Point","coordinates":[32.91592667,-2.52818667]}},{"id":"252","type":"Feature","properties":{"id":"mwanza_rockfall_locations.253","ogc_fid":253,"fid":254,"district":"Nyamagana","ward":"Pamba","subward":"Mlimani","source":"At risk","geolocation":"-2.5284983333333333 32.91652333333333 1209.2 5.0","geolocation precision":5.0,"rockfall causes":null,"rockfall causes/heavy rainfall":null,"rockfall causes/human activities":null,"rockfall causes/earthquakes":null,"other":null,"risky":null,"year affected":null},"geometry":{"type":"Point","coordinates":[32.91652333,-2.52849833]}},{"id":"253","type":"Feature","properties":{"id":"mwanza_rockfall_locations.254","ogc_fid":254,"fid":255,"district":"Nyamagana","ward":"Pamba","subward":"Mlimani","source":"At risk","geolocation":"-2.5283733333333336 32.91675166666666 1211.0 4.5","geolocation precision":4.5,"rockfall causes":null,"rockfall causes/heavy rainfall":null,"rockfall causes/human activities":null,"rockfall causes/earthquakes":null,"other":null,"risky":null,"year affected":null},"geometry":{"type":"Point","coordinates":[32.91675167,-2.52837333]}},{"id":"254","type":"Feature","properties":{"id":"mwanza_rockfall_locations.255","ogc_fid":255,"fid":256,"district":"Nyamagana","ward":"Pamba","subward":"Mlimani","source":"At risk","geolocation":"-2.5281916666666664 32.916383333333336 1199.4 4.9","geolocation precision":4.9,"rockfall causes":null,"rockfall causes/heavy rainfall":null,"rockfall causes/human activities":null,"rockfall causes/earthquakes":null,"other":null,"risky":null,"year affected":null},"geometry":{"type":"Point","coordinates":[32.91638333,-2.52819167]}},{"id":"255","type":"Feature","properties":{"id":"mwanza_rockfall_locations.256","ogc_fid":256,"fid":257,"district":"Nyamagana","ward":"Pamba","subward":"Mlimani","source":"At risk","geolocation":"-2.5278116666666666 32.916735 1200.9 2.2","geolocation precision":2.2,"rockfall causes":null,"rockfall causes/heavy rainfall":null,"rockfall causes/human activities":null,"rockfall causes/earthquakes":null,"other":null,"risky":null,"year affected":null},"geometry":{"type":"Point","coordinates":[32.916735,-2.52781167]}},{"id":"256","type":"Feature","properties":{"id":"mwanza_rockfall_locations.257","ogc_fid":257,"fid":258,"district":"Nyamagana","ward":"Pamba","subward":"Mlimani","source":"At risk","geolocation":"-2.5283716666666667 32.917320000000004 1200.8 1.1","geolocation precision":1.1,"rockfall causes":null,"rockfall causes/heavy rainfall":null,"rockfall causes/human activities":null,"rockfall causes/earthquakes":null,"other":null,"risky":null,"year affected":null},"geometry":{"type":"Point","coordinates":[32.91732,-2.52837167]}},{"id":"257","type":"Feature","properties":{"id":"mwanza_rockfall_locations.258","ogc_fid":258,"fid":259,"district":"Nyamagana","ward":"Pamba","subward":"Mlimani","source":"At risk","geolocation":"-2.530266666666667 32.9157 1240.1 4.8","geolocation precision":4.8,"rockfall causes":null,"rockfall causes/heavy rainfall":null,"rockfall causes/human activities":null,"rockfall causes/earthquakes":null,"other":null,"risky":null,"year affected":null},"geometry":{"type":"Point","coordinates":[32.9157,-2.53026667]}},{"id":"258","type":"Feature","properties":{"id":"mwanza_rockfall_locations.259","ogc_fid":259,"fid":260,"district":"Nyamagana","ward":"Pamba","subward":"Mlimani","source":"At risk","geolocation":"-2.530803333333333 32.915795 1238.7 4.6","geolocation precision":4.6,"rockfall causes":null,"rockfall causes/heavy rainfall":null,"rockfall causes/human activities":null,"rockfall causes/earthquakes":null,"other":null,"risky":null,"year affected":null},"geometry":{"type":"Point","coordinates":[32.915795,-2.53080333]}},{"id":"259","type":"Feature","properties":{"id":"mwanza_rockfall_locations.260","ogc_fid":260,"fid":261,"district":"Nyamagana","ward":"Pamba","subward":"Mlimani","source":"At risk","geolocation":"-2.529776666666667 32.915456666666664 1219.0 4.7","geolocation precision":4.7,"rockfall causes":null,"rockfall causes/heavy rainfall":null,"rockfall causes/human activities":null,"rockfall causes/earthquakes":null,"other":null,"risky":null,"year affected":null},"geometry":{"type":"Point","coordinates":[32.91545667,-2.52977667]}},{"id":"260","type":"Feature","properties":{"id":"mwanza_rockfall_locations.261","ogc_fid":261,"fid":262,"district":"Nyamagana","ward":"Pamba","subward":"Bugarika Kaskazini","source":"At risk","geolocation":"-2.532208333333333 32.920251666666665 1285.8 3.5","geolocation precision":3.5,"rockfall causes":null,"rockfall causes/heavy rainfall":null,"rockfall causes/human activities":null,"rockfall causes/earthquakes":null,"other":null,"risky":null,"year affected":null},"geometry":{"type":"Point","coordinates":[32.92025167,-2.53220833]}},{"id":"261","type":"Feature","properties":{"id":"mwanza_rockfall_locations.262","ogc_fid":262,"fid":263,"district":"Nyamagana","ward":"Pamba","subward":"Bugarika Kaskazini","source":"At risk","geolocation":"-2.53238 32.92048333333333 1278.8 4.3","geolocation precision":4.3,"rockfall causes":null,"rockfall causes/heavy rainfall":null,"rockfall causes/human activities":null,"rockfall causes/earthquakes":null,"other":null,"risky":null,"year affected":null},"geometry":{"type":"Point","coordinates":[32.92048333,-2.53238]}},{"id":"262","type":"Feature","properties":{"id":"mwanza_rockfall_locations.263","ogc_fid":263,"fid":264,"district":"Nyamagana","ward":"Pamba","subward":"Bugarika Kaskazini","source":"At risk","geolocation":"-2.5323100000000003 32.92048666666667 1272.2 2.7","geolocation precision":2.7,"rockfall causes":null,"rockfall causes/heavy rainfall":null,"rockfall causes/human activities":null,"rockfall causes/earthquakes":null,"other":null,"risky":null,"year affected":null},"geometry":{"type":"Point","coordinates":[32.92048667,-2.53231]}},{"id":"263","type":"Feature","properties":{"id":"mwanza_rockfall_locations.264","ogc_fid":264,"fid":265,"district":"Nyamagana","ward":"Pamba","subward":"Bugarika Kaskazini","source":"At risk","geolocation":"-2.533466666666667 32.920325000000005 1271.5 3.8","geolocation precision":3.8,"rockfall causes":null,"rockfall causes/heavy rainfall":null,"rockfall causes/human activities":null,"rockfall causes/earthquakes":null,"other":null,"risky":null,"year affected":null},"geometry":{"type":"Point","coordinates":[32.920325,-2.53346667]}},{"id":"264","type":"Feature","properties":{"id":"mwanza_rockfall_locations.265","ogc_fid":265,"fid":266,"district":"Nyamagana","ward":"Mabatini","subward":"Nyerere A","source":"At risk","geolocation":"-2.5328243 32.9252472 1210.8 4.44","geolocation precision":4.44,"rockfall causes":null,"rockfall causes/heavy rainfall":null,"rockfall causes/human activities":null,"rockfall causes/earthquakes":null,"other":null,"risky":null,"year affected":null},"geometry":{"type":"Point","coordinates":[32.9252472,-2.5328243]}},{"id":"265","type":"Feature","properties":{"id":"mwanza_rockfall_locations.266","ogc_fid":266,"fid":267,"district":"Nyamagana","ward":"Mabatini","subward":"Nyerere A","source":"At risk","geolocation":"-2.532785 32.9256117 1199.4 4.585","geolocation precision":4.585,"rockfall causes":null,"rockfall causes/heavy rainfall":null,"rockfall causes/human activities":null,"rockfall causes/earthquakes":null,"other":null,"risky":null,"year affected":null},"geometry":{"type":"Point","coordinates":[32.9256117,-2.532785]}},{"id":"266","type":"Feature","properties":{"id":"mwanza_rockfall_locations.267","ogc_fid":267,"fid":268,"district":"Nyamagana","ward":"Mabatini","subward":"Nyerere A","source":"At risk","geolocation":"-2.529125 32.92034833333333 1165.9 3.8","geolocation precision":3.8,"rockfall causes":null,"rockfall causes/heavy rainfall":null,"rockfall causes/human activities":null,"rockfall causes/earthquakes":null,"other":null,"risky":null,"year affected":null},"geometry":{"type":"Point","coordinates":[32.92034833,-2.529125]}},{"id":"267","type":"Feature","properties":{"id":"mwanza_rockfall_locations.268","ogc_fid":268,"fid":269,"district":"Nyamagana","ward":"Mabatini","subward":"Nyerere A","source":"At risk","geolocation":"-2.528985 32.92007666666667 1167.5 4.7","geolocation precision":4.7,"rockfall causes":null,"rockfall causes/heavy rainfall":null,"rockfall causes/human activities":null,"rockfall causes/earthquakes":null,"other":null,"risky":null,"year affected":null},"geometry":{"type":"Point","coordinates":[32.92007667,-2.528985]}},{"id":"268","type":"Feature","properties":{"id":"mwanza_rockfall_locations.269","ogc_fid":269,"fid":270,"district":"Nyamagana","ward":"Mabatini","subward":"Nyerere A","source":"At risk","geolocation":"-2.5293433333333333 32.919731666666664 1169.2 5.0","geolocation precision":5.0,"rockfall causes":null,"rockfall causes/heavy rainfall":null,"rockfall causes/human activities":null,"rockfall causes/earthquakes":null,"other":null,"risky":null,"year affected":null},"geometry":{"type":"Point","coordinates":[32.91973167,-2.52934333]}},{"id":"269","type":"Feature","properties":{"id":"mwanza_rockfall_locations.270","ogc_fid":270,"fid":271,"district":"Nyamagana","ward":"Mabatini","subward":"Nyerere A","source":"At risk","geolocation":"-2.5321599999999997 32.92467166666667 1213.6 4.4","geolocation precision":4.4,"rockfall causes":null,"rockfall causes/heavy rainfall":null,"rockfall causes/human activities":null,"rockfall causes/earthquakes":null,"other":null,"risky":null,"year affected":null},"geometry":{"type":"Point","coordinates":[32.92467167,-2.53216]}},{"id":"270","type":"Feature","properties":{"id":"mwanza_rockfall_locations.271","ogc_fid":271,"fid":272,"district":"Nyamagana","ward":"Mabatini","subward":"Nyerere A","source":"At risk","geolocation":"-2.5329533333333334 32.924213333333334 1246.4 3.2","geolocation precision":3.2,"rockfall causes":null,"rockfall causes/heavy rainfall":null,"rockfall causes/human activities":null,"rockfall causes/earthquakes":null,"other":null,"risky":null,"year affected":null},"geometry":{"type":"Point","coordinates":[32.92421333,-2.53295333]}},{"id":"271","type":"Feature","properties":{"id":"mwanza_rockfall_locations.272","ogc_fid":272,"fid":273,"district":"Nyamagana","ward":"Mabatini","subward":"Nyerere A","source":"At risk","geolocation":"-2.532811666666667 32.92405 1232.0 4.3","geolocation precision":4.3,"rockfall causes":null,"rockfall causes/heavy rainfall":null,"rockfall causes/human activities":null,"rockfall causes/earthquakes":null,"other":null,"risky":null,"year affected":null},"geometry":{"type":"Point","coordinates":[32.92405,-2.53281167]}},{"id":"272","type":"Feature","properties":{"id":"mwanza_rockfall_locations.273","ogc_fid":273,"fid":274,"district":"Nyamagana","ward":"Mabatini","subward":"Nyerere A","source":"At risk","geolocation":"-2.532685 32.92404 1222.6 2.8","geolocation precision":2.8,"rockfall causes":null,"rockfall causes/heavy rainfall":null,"rockfall causes/human activities":null,"rockfall causes/earthquakes":null,"other":null,"risky":null,"year affected":null},"geometry":{"type":"Point","coordinates":[32.92404,-2.532685]}},{"id":"273","type":"Feature","properties":{"id":"mwanza_rockfall_locations.274","ogc_fid":274,"fid":275,"district":"Nyamagana","ward":"Mabatini","subward":"Nyerere A","source":"At risk","geolocation":"-2.5300483333333332 32.923445 1182.0 4.0","geolocation precision":4.0,"rockfall causes":null,"rockfall causes/heavy rainfall":null,"rockfall causes/human activities":null,"rockfall causes/earthquakes":null,"other":null,"risky":null,"year affected":null},"geometry":{"type":"Point","coordinates":[32.923445,-2.53004833]}},{"id":"274","type":"Feature","properties":{"id":"mwanza_rockfall_locations.275","ogc_fid":275,"fid":276,"district":"Nyamagana","ward":"Mabatini","subward":"Nyerere A","source":"At risk","geolocation":"-2.5301133333333334 32.92337833333333 1177.1 4.3","geolocation precision":4.3,"rockfall causes":null,"rockfall causes/heavy rainfall":null,"rockfall causes/human activities":null,"rockfall causes/earthquakes":null,"other":null,"risky":null,"year affected":null},"geometry":{"type":"Point","coordinates":[32.92337833,-2.53011333]}},{"id":"275","type":"Feature","properties":{"id":"mwanza_rockfall_locations.276","ogc_fid":276,"fid":277,"district":"Nyamagana","ward":"Mabatini","subward":"Nyerere A","source":"At risk","geolocation":"-2.529845 32.92157833333333 1188.6 4.3","geolocation precision":4.3,"rockfall causes":null,"rockfall causes/heavy rainfall":null,"rockfall causes/human activities":null,"rockfall causes/earthquakes":null,"other":null,"risky":null,"year affected":null},"geometry":{"type":"Point","coordinates":[32.92157833,-2.529845]}},{"id":"276","type":"Feature","properties":{"id":"mwanza_rockfall_locations.277","ogc_fid":277,"fid":278,"district":"Nyamagana","ward":"Mabatini","subward":"Nyerere A","source":"At risk","geolocation":"-2.5296066666666666 32.92122833333334 1183.6 5.0","geolocation precision":5.0,"rockfall causes":null,"rockfall causes/heavy rainfall":null,"rockfall causes/human activities":null,"rockfall causes/earthquakes":null,"other":null,"risky":null,"year affected":null},"geometry":{"type":"Point","coordinates":[32.92122833,-2.52960667]}},{"id":"277","type":"Feature","properties":{"id":"mwanza_rockfall_locations.278","ogc_fid":278,"fid":279,"district":"Nyamagana","ward":"Mabatini","subward":"Nyerere B","source":"At risk","geolocation":"-2.529701666666667 32.92127 1182.7 4.8","geolocation precision":4.8,"rockfall causes":null,"rockfall causes/heavy rainfall":null,"rockfall causes/human activities":null,"rockfall causes/earthquakes":null,"other":null,"risky":null,"year affected":null},"geometry":{"type":"Point","coordinates":[32.92127,-2.52970167]}},{"id":"278","type":"Feature","properties":{"id":"mwanza_rockfall_locations.279","ogc_fid":279,"fid":280,"district":"Nyamagana","ward":"Mabatini","subward":"Nyerere A","source":"At risk","geolocation":"-2.5296416666666666 32.92100833333333 1181.8 4.7","geolocation precision":4.7,"rockfall causes":null,"rockfall causes/heavy rainfall":null,"rockfall causes/human activities":null,"rockfall causes/earthquakes":null,"other":null,"risky":null,"year affected":null},"geometry":{"type":"Point","coordinates":[32.92100833,-2.52964167]}},{"id":"279","type":"Feature","properties":{"id":"mwanza_rockfall_locations.280","ogc_fid":280,"fid":281,"district":"Nyamagana","ward":"Mabatini","subward":"Nyerere A","source":"At risk","geolocation":"-2.530003333333333 32.92140333333334 1190.4 5.0","geolocation precision":5.0,"rockfall causes":null,"rockfall causes/heavy rainfall":null,"rockfall causes/human activities":null,"rockfall causes/earthquakes":null,"other":null,"risky":null,"year affected":null},"geometry":{"type":"Point","coordinates":[32.92140333,-2.53000333]}},{"id":"280","type":"Feature","properties":{"id":"mwanza_rockfall_locations.281","ogc_fid":281,"fid":282,"district":"Nyamagana","ward":"Mabatini","subward":"Nyerere A","source":"At risk","geolocation":"-2.5299433333333337 32.921434999999995 1189.3 3.3","geolocation precision":3.3,"rockfall causes":null,"rockfall causes/heavy rainfall":null,"rockfall causes/human activities":null,"rockfall causes/earthquakes":null,"other":null,"risky":null,"year affected":null},"geometry":{"type":"Point","coordinates":[32.921435,-2.52994333]}},{"id":"281","type":"Feature","properties":{"id":"mwanza_rockfall_locations.282","ogc_fid":282,"fid":283,"district":"Nyamagana","ward":"Pamba","subward":"Bugarika Kaskazini","source":"At risk","geolocation":"-2.5309601 32.9177164 1218.5 4.683","geolocation precision":4.683,"rockfall causes":null,"rockfall causes/heavy rainfall":null,"rockfall causes/human activities":null,"rockfall causes/earthquakes":null,"other":null,"risky":null,"year affected":null},"geometry":{"type":"Point","coordinates":[32.9177164,-2.5309601]}},{"id":"282","type":"Feature","properties":{"id":"mwanza_rockfall_locations.283","ogc_fid":283,"fid":284,"district":"Nyamagana","ward":"Pamba","subward":"Bugarika Kaskazini","source":"At risk","geolocation":"-2.5305968 32.9187863 1240.3 4.9","geolocation precision":4.9,"rockfall causes":null,"rockfall causes/heavy rainfall":null,"rockfall causes/human activities":null,"rockfall causes/earthquakes":null,"other":null,"risky":null,"year affected":null},"geometry":{"type":"Point","coordinates":[32.9187863,-2.5305968]}},{"id":"283","type":"Feature","properties":{"id":"mwanza_rockfall_locations.284","ogc_fid":284,"fid":285,"district":"Nyamagana","ward":"Pamba","subward":"Bugarika Kaskazini","source":"At risk","geolocation":"-2.530371666666667 32.916465 1207.3 4.6","geolocation precision":4.6,"rockfall causes":null,"rockfall causes/heavy rainfall":null,"rockfall causes/human activities":null,"rockfall causes/earthquakes":null,"other":null,"risky":null,"year affected":null},"geometry":{"type":"Point","coordinates":[32.916465,-2.53037167]}},{"id":"284","type":"Feature","properties":{"id":"mwanza_rockfall_locations.285","ogc_fid":285,"fid":286,"district":"Nyamagana","ward":"Pamba","subward":"Bugarika Kaskazini","source":"At risk","geolocation":"-2.5298016666666663 32.916754999999995 1212.6 4.1","geolocation precision":4.1,"rockfall causes":null,"rockfall causes/heavy rainfall":null,"rockfall causes/human activities":null,"rockfall causes/earthquakes":null,"other":null,"risky":null,"year affected":null},"geometry":{"type":"Point","coordinates":[32.916755,-2.52980167]}},{"id":"285","type":"Feature","properties":{"id":"mwanza_rockfall_locations.286","ogc_fid":286,"fid":287,"district":"Nyamagana","ward":"Pamba","subward":"Bugarika Kaskazini","source":"At risk","geolocation":"-2.5311303 32.9177762 1231.2 5.0","geolocation precision":5.0,"rockfall causes":null,"rockfall causes/heavy rainfall":null,"rockfall causes/human activities":null,"rockfall causes/earthquakes":null,"other":null,"risky":null,"year affected":null},"geometry":{"type":"Point","coordinates":[32.9177762,-2.5311303]}},{"id":"286","type":"Feature","properties":{"id":"mwanza_rockfall_locations.287","ogc_fid":287,"fid":288,"district":"Nyamagana","ward":"Pamba","subward":"Bugarika Kaskazini","source":"At risk","geolocation":"-2.5313093 32.9179853 1231.0 4.8","geolocation precision":4.8,"rockfall causes":null,"rockfall causes/heavy rainfall":null,"rockfall causes/human activities":null,"rockfall causes/earthquakes":null,"other":null,"risky":null,"year affected":null},"geometry":{"type":"Point","coordinates":[32.9179853,-2.5313093]}},{"id":"287","type":"Feature","properties":{"id":"mwanza_rockfall_locations.288","ogc_fid":288,"fid":289,"district":"Nyamagana","ward":"Pamba","subward":"Bugarika Kaskazini","source":"At risk","geolocation":"-2.52905 32.91820499999999 1205.8 2.8","geolocation precision":2.8,"rockfall causes":null,"rockfall causes/heavy rainfall":null,"rockfall causes/human activities":null,"rockfall causes/earthquakes":null,"other":null,"risky":null,"year affected":null},"geometry":{"type":"Point","coordinates":[32.918205,-2.52905]}},{"id":"288","type":"Feature","properties":{"id":"mwanza_rockfall_locations.289","ogc_fid":289,"fid":290,"district":"Nyamagana","ward":"Pamba","subward":"Bugarika Kaskazini","source":"At risk","geolocation":"-2.5311559 32.9178088 1233.2 4.76","geolocation precision":4.76,"rockfall causes":null,"rockfall causes/heavy rainfall":null,"rockfall causes/human activities":null,"rockfall causes/earthquakes":null,"other":null,"risky":null,"year affected":null},"geometry":{"type":"Point","coordinates":[32.9178088,-2.5311559]}},{"id":"289","type":"Feature","properties":{"id":"mwanza_rockfall_locations.290","ogc_fid":290,"fid":291,"district":"Nyamagana","ward":"Pamba","subward":"Bugarika Kaskazini","source":"At risk","geolocation":"-2.5309512 32.9186279 1229.5 4.1","geolocation precision":4.1,"rockfall causes":null,"rockfall causes/heavy rainfall":null,"rockfall causes/human activities":null,"rockfall causes/earthquakes":null,"other":null,"risky":null,"year affected":null},"geometry":{"type":"Point","coordinates":[32.9186279,-2.5309512]}},{"id":"290","type":"Feature","properties":{"id":"mwanza_rockfall_locations.291","ogc_fid":291,"fid":292,"district":"Nyamagana","ward":"Pamba","subward":"Bugarika Kaskazini","source":"At risk","geolocation":"-2.530604 32.9189313 1242.7 4.79","geolocation precision":4.79,"rockfall causes":null,"rockfall causes/heavy rainfall":null,"rockfall causes/human activities":null,"rockfall causes/earthquakes":null,"other":null,"risky":null,"year affected":null},"geometry":{"type":"Point","coordinates":[32.9189313,-2.530604]}},{"id":"291","type":"Feature","properties":{"id":"mwanza_rockfall_locations.292","ogc_fid":292,"fid":293,"district":"Nyamagana","ward":"Pamba","subward":"Bugarika Kaskazini","source":"At risk","geolocation":"-2.5321475 32.918493 1237.0 4.8","geolocation precision":4.8,"rockfall causes":null,"rockfall causes/heavy rainfall":null,"rockfall causes/human activities":null,"rockfall causes/earthquakes":null,"other":null,"risky":null,"year affected":null},"geometry":{"type":"Point","coordinates":[32.918493,-2.5321475]}},{"id":"292","type":"Feature","properties":{"id":"mwanza_rockfall_locations.293","ogc_fid":293,"fid":294,"district":"Nyamagana","ward":"Pamba","subward":"Bugarika Kaskazini","source":"At risk","geolocation":"-2.5323621 32.9187374 1254.4 4.34","geolocation precision":4.34,"rockfall causes":null,"rockfall causes/heavy rainfall":null,"rockfall causes/human activities":null,"rockfall causes/earthquakes":null,"other":null,"risky":null,"year affected":null},"geometry":{"type":"Point","coordinates":[32.9187374,-2.5323621]}},{"id":"293","type":"Feature","properties":{"id":"mwanza_rockfall_locations.294","ogc_fid":294,"fid":295,"district":"Nyamagana","ward":"Pamba","subward":"Bugarika Kaskazini","source":"At risk","geolocation":"-2.53111 32.918054999999995 1237.3 4.4","geolocation precision":4.4,"rockfall causes":null,"rockfall causes/heavy rainfall":null,"rockfall causes/human activities":null,"rockfall causes/earthquakes":null,"other":null,"risky":null,"year affected":null},"geometry":{"type":"Point","coordinates":[32.918055,-2.53111]}},{"id":"294","type":"Feature","properties":{"id":"mwanza_rockfall_locations.295","ogc_fid":295,"fid":296,"district":"Nyamagana","ward":"Butimba","subward":"Amani","source":"At risk","geolocation":"-2.5676316666666663 32.910538333333335 1184.5 4.9","geolocation precision":4.9,"rockfall causes":null,"rockfall causes/heavy rainfall":null,"rockfall causes/human activities":null,"rockfall causes/earthquakes":null,"other":null,"risky":null,"year affected":null},"geometry":{"type":"Point","coordinates":[32.91053833,-2.56763167]}},{"id":"295","type":"Feature","properties":{"id":"mwanza_rockfall_locations.296","ogc_fid":296,"fid":297,"district":"Nyamagana","ward":"Butimba","subward":"Amani","source":"At risk","geolocation":"-2.5676066666666664 32.908701666666666 1166.9 4.8","geolocation precision":4.8,"rockfall causes":null,"rockfall causes/heavy rainfall":null,"rockfall causes/human activities":null,"rockfall causes/earthquakes":null,"other":null,"risky":null,"year affected":null},"geometry":{"type":"Point","coordinates":[32.90870167,-2.56760667]}},{"id":"296","type":"Feature","properties":{"id":"mwanza_rockfall_locations.297","ogc_fid":297,"fid":298,"district":"Nyamagana","ward":"Butimba","subward":"Amani","source":"At risk","geolocation":"-2.567496666666667 32.90900833333333 1166.4 4.9","geolocation precision":4.9,"rockfall causes":null,"rockfall causes/heavy rainfall":null,"rockfall causes/human activities":null,"rockfall causes/earthquakes":null,"other":null,"risky":null,"year affected":null},"geometry":{"type":"Point","coordinates":[32.90900833,-2.56749667]}},{"id":"297","type":"Feature","properties":{"id":"mwanza_rockfall_locations.298","ogc_fid":298,"fid":299,"district":"Nyamagana","ward":"Butimba","subward":"Amani","source":"At risk","geolocation":"-2.5683000000000002 32.90786 1155.7 5.0","geolocation precision":5.0,"rockfall causes":null,"rockfall causes/heavy rainfall":null,"rockfall causes/human activities":null,"rockfall causes/earthquakes":null,"other":null,"risky":null,"year affected":null},"geometry":{"type":"Point","coordinates":[32.90786,-2.5683]}},{"id":"298","type":"Feature","properties":{"id":"mwanza_rockfall_locations.299","ogc_fid":299,"fid":300,"district":"Nyamagana","ward":"Butimba","subward":"Amani","source":"At risk","geolocation":"-2.5677066666666666 32.907975 1169.3 2.7","geolocation precision":2.7,"rockfall causes":null,"rockfall causes/heavy rainfall":null,"rockfall causes/human activities":null,"rockfall causes/earthquakes":null,"other":null,"risky":null,"year affected":null},"geometry":{"type":"Point","coordinates":[32.907975,-2.56770667]}},{"id":"299","type":"Feature","properties":{"id":"mwanza_rockfall_locations.300","ogc_fid":300,"fid":301,"district":"Nyamagana","ward":"Pamba","subward":"Bugarika Kaskazini","source":"At risk","geolocation":"-2.530688333333333 32.91875666666667 1246.2 4.5","geolocation precision":4.5,"rockfall causes":null,"rockfall causes/heavy rainfall":null,"rockfall causes/human activities":null,"rockfall causes/earthquakes":null,"other":null,"risky":null,"year affected":null},"geometry":{"type":"Point","coordinates":[32.91875667,-2.53068833]}},{"id":"300","type":"Feature","properties":{"id":"mwanza_rockfall_locations.301","ogc_fid":301,"fid":302,"district":"Nyamagana","ward":"Pamba","subward":"Bugarika Kaskazini","source":"At risk","geolocation":"-2.530685 32.918845000000005 1243.5 4.8","geolocation precision":4.8,"rockfall causes":null,"rockfall causes/heavy rainfall":null,"rockfall causes/human activities":null,"rockfall causes/earthquakes":null,"other":null,"risky":null,"year affected":null},"geometry":{"type":"Point","coordinates":[32.918845,-2.530685]}},{"id":"301","type":"Feature","properties":{"id":"mwanza_rockfall_locations.302","ogc_fid":302,"fid":303,"district":"Nyamagana","ward":"Pamba","subward":"Bugarika Kaskazini","source":"At risk","geolocation":"-2.5322400000000003 32.918805 1240.1 4.9","geolocation precision":4.9,"rockfall causes":null,"rockfall causes/heavy rainfall":null,"rockfall causes/human activities":null,"rockfall causes/earthquakes":null,"other":null,"risky":null,"year affected":null},"geometry":{"type":"Point","coordinates":[32.918805,-2.53224]}},{"id":"302","type":"Feature","properties":{"id":"mwanza_rockfall_locations.303","ogc_fid":303,"fid":304,"district":"Nyamagana","ward":"Pamba","subward":"Bugarika Kaskazini","source":"At risk","geolocation":"-2.532143333333333 32.91864666666667 1244.0 4.7","geolocation precision":4.7,"rockfall causes":null,"rockfall causes/heavy rainfall":null,"rockfall causes/human activities":null,"rockfall causes/earthquakes":null,"other":null,"risky":null,"year affected":null},"geometry":{"type":"Point","coordinates":[32.91864667,-2.53214333]}},{"id":"303","type":"Feature","properties":{"id":"mwanza_rockfall_locations.304","ogc_fid":304,"fid":305,"district":"Nyamagana","ward":"Pamba","subward":"Bugarika Kaskazini","source":"At risk","geolocation":"-2.5321766666666665 32.91859 1245.3 4.1","geolocation precision":4.1,"rockfall causes":null,"rockfall causes/heavy rainfall":null,"rockfall causes/human activities":null,"rockfall causes/earthquakes":null,"other":null,"risky":null,"year affected":null},"geometry":{"type":"Point","coordinates":[32.91859,-2.53217667]}},{"id":"304","type":"Feature","properties":{"id":"mwanza_rockfall_locations.305","ogc_fid":305,"fid":306,"district":"Nyamagana","ward":"Mabatini","subward":"Nyerere A","source":"At risk","geolocation":"-2.532681666666667 32.92510333333333 1220.5 4.9","geolocation precision":4.9,"rockfall causes":null,"rockfall causes/heavy rainfall":null,"rockfall causes/human activities":null,"rockfall causes/earthquakes":null,"other":null,"risky":null,"year affected":null},"geometry":{"type":"Point","coordinates":[32.92510333,-2.53268167]}},{"id":"305","type":"Feature","properties":{"id":"mwanza_rockfall_locations.306","ogc_fid":306,"fid":307,"district":"Nyamagana","ward":"Mabatini","subward":"Nyerere A","source":"At risk","geolocation":"-2.5332583333333334 32.92559166666667 1196.3 4.7","geolocation precision":4.7,"rockfall causes":null,"rockfall causes/heavy rainfall":null,"rockfall causes/human activities":null,"rockfall causes/earthquakes":null,"other":null,"risky":null,"year affected":null},"geometry":{"type":"Point","coordinates":[32.92559167,-2.53325833]}},{"id":"306","type":"Feature","properties":{"id":"mwanza_rockfall_locations.307","ogc_fid":307,"fid":308,"district":"Nyamagana","ward":"Mabatini","subward":"Nyerere A","source":"At risk","geolocation":"-2.5325116666666667 32.925441666666664 1191.7 5.0","geolocation precision":5.0,"rockfall causes":null,"rockfall causes/heavy rainfall":null,"rockfall causes/human activities":null,"rockfall causes/earthquakes":null,"other":null,"risky":null,"year affected":null},"geometry":{"type":"Point","coordinates":[32.92544167,-2.53251167]}},{"id":"307","type":"Feature","properties":{"id":"mwanza_rockfall_locations.308","ogc_fid":308,"fid":309,"district":"Nyamagana","ward":"Mabatini","subward":"Majengo Mapya","source":"At risk","geolocation":"-2.52359 32.9259013 1265.7 4.971","geolocation precision":4.971,"rockfall causes":null,"rockfall causes/heavy rainfall":null,"rockfall causes/human activities":null,"rockfall causes/earthquakes":null,"other":null,"risky":null,"year affected":null},"geometry":{"type":"Point","coordinates":[32.9259013,-2.52359]}},{"id":"308","type":"Feature","properties":{"id":"mwanza_rockfall_locations.309","ogc_fid":309,"fid":310,"district":"Nyamagana","ward":"Mabatini","subward":"Majengo Mapya","source":"At risk","geolocation":"-2.5243786 32.9260731 1244.7 4.42","geolocation precision":4.42,"rockfall causes":null,"rockfall causes/heavy rainfall":null,"rockfall causes/human activities":null,"rockfall causes/earthquakes":null,"other":null,"risky":null,"year affected":null},"geometry":{"type":"Point","coordinates":[32.9260731,-2.5243786]}},{"id":"309","type":"Feature","properties":{"id":"mwanza_rockfall_locations.310","ogc_fid":310,"fid":311,"district":"Nyamagana","ward":"Pamba","subward":"Bugarika Kaskazini","source":"At risk","geolocation":"-2.5334250000000003 32.92104333333334 1247.9 2.7","geolocation precision":2.7,"rockfall causes":null,"rockfall causes/heavy rainfall":null,"rockfall causes/human activities":null,"rockfall causes/earthquakes":null,"other":null,"risky":null,"year affected":null},"geometry":{"type":"Point","coordinates":[32.92104333,-2.533425]}},{"id":"310","type":"Feature","properties":{"id":"mwanza_rockfall_locations.311","ogc_fid":311,"fid":312,"district":"Nyamagana","ward":"Pamba","subward":"Bugarika Kaskazini","source":"At risk","geolocation":"-2.533475 32.92144 1256.8 2.2","geolocation precision":2.2,"rockfall causes":null,"rockfall causes/heavy rainfall":null,"rockfall causes/human activities":null,"rockfall causes/earthquakes":null,"other":null,"risky":null,"year affected":null},"geometry":{"type":"Point","coordinates":[32.92144,-2.533475]}},{"id":"311","type":"Feature","properties":{"id":"mwanza_rockfall_locations.312","ogc_fid":312,"fid":313,"district":"Nyamagana","ward":"Pamba","subward":"Bugarika Kaskazini","source":"At risk","geolocation":"-2.533751666666667 32.922525 1252.7 4.5","geolocation precision":4.5,"rockfall causes":null,"rockfall causes/heavy rainfall":null,"rockfall causes/human activities":null,"rockfall causes/earthquakes":null,"other":null,"risky":null,"year affected":null},"geometry":{"type":"Point","coordinates":[32.922525,-2.53375167]}},{"id":"312","type":"Feature","properties":{"id":"mwanza_rockfall_locations.313","ogc_fid":313,"fid":314,"district":"Nyamagana","ward":"Butimba","subward":"Amani","source":"At risk","geolocation":"-2.56740872 32.91069436 1184.0216064453125 4.288","geolocation precision":4.288,"rockfall causes":null,"rockfall causes/heavy rainfall":null,"rockfall causes/human activities":null,"rockfall causes/earthquakes":null,"other":null,"risky":null,"year affected":null},"geometry":{"type":"Point","coordinates":[32.91069436,-2.56740872]}},{"id":"313","type":"Feature","properties":{"id":"mwanza_rockfall_locations.314","ogc_fid":314,"fid":315,"district":"Nyamagana","ward":"Butimba","subward":"Amani","source":"At risk","geolocation":"-2.56830386 32.90890097 1147.4825439453125 4.288","geolocation precision":4.288,"rockfall causes":null,"rockfall causes/heavy rainfall":null,"rockfall causes/human activities":null,"rockfall causes/earthquakes":null,"other":null,"risky":null,"year affected":null},"geometry":{"type":"Point","coordinates":[32.90890097,-2.56830386]}},{"id":"314","type":"Feature","properties":{"id":"mwanza_rockfall_locations.315","ogc_fid":315,"fid":316,"district":"Nyamagana","ward":"Butimba","subward":"Amani","source":"At risk","geolocation":"-2.56751579 32.90780492 1152.5645751953125 3.216","geolocation precision":3.216,"rockfall causes":null,"rockfall causes/heavy rainfall":null,"rockfall causes/human activities":null,"rockfall causes/earthquakes":null,"other":null,"risky":null,"year affected":null},"geometry":{"type":"Point","coordinates":[32.90780492,-2.56751579]}},{"id":"315","type":"Feature","properties":{"id":"mwanza_rockfall_locations.316","ogc_fid":316,"fid":317,"district":"Nyamagana","ward":"Butimba","subward":"Amani","source":"At risk","geolocation":"-2.56735495 32.90929618 1151.529296875 4.288","geolocation precision":4.288,"rockfall causes":null,"rockfall causes/heavy rainfall":null,"rockfall causes/human activities":null,"rockfall causes/earthquakes":null,"other":null,"risky":null,"year affected":null},"geometry":{"type":"Point","coordinates":[32.90929618,-2.56735495]}},{"id":"316","type":"Feature","properties":{"id":"mwanza_rockfall_locations.317","ogc_fid":317,"fid":318,"district":"Nyamagana","ward":"Butimba","subward":"Amani","source":"At risk","geolocation":"-2.5685166666666666 32.913975 1247.9 4.9","geolocation precision":4.9,"rockfall causes":null,"rockfall causes/heavy rainfall":null,"rockfall causes/human activities":null,"rockfall causes/earthquakes":null,"other":null,"risky":null,"year affected":null},"geometry":{"type":"Point","coordinates":[32.913975,-2.56851667]}},{"id":"317","type":"Feature","properties":{"id":"mwanza_rockfall_locations.318","ogc_fid":318,"fid":319,"district":"Nyamagana","ward":"Butimba","subward":"Amani","source":"At risk","geolocation":"-2.5670599999999997 32.914265 1211.8 4.5","geolocation precision":4.5,"rockfall causes":null,"rockfall causes/heavy rainfall":null,"rockfall causes/human activities":null,"rockfall causes/earthquakes":null,"other":null,"risky":null,"year affected":null},"geometry":{"type":"Point","coordinates":[32.914265,-2.56706]}},{"id":"318","type":"Feature","properties":{"id":"mwanza_rockfall_locations.319","ogc_fid":319,"fid":320,"district":"Nyamagana","ward":"Butimba","subward":"Kambarage","source":"At risk","geolocation":"-2.562073333333333 32.92387 1201.7 4.9","geolocation precision":4.9,"rockfall causes":null,"rockfall causes/heavy rainfall":null,"rockfall causes/human activities":null,"rockfall causes/earthquakes":null,"other":null,"risky":null,"year affected":null},"geometry":{"type":"Point","coordinates":[32.92387,-2.56207333]}},{"id":"319","type":"Feature","properties":{"id":"mwanza_rockfall_locations.320","ogc_fid":320,"fid":321,"district":"Nyamagana","ward":"Butimba","subward":"Kambarage","source":"At risk","geolocation":"-2.5611083333333333 32.924861666666665 1152.3 4.7","geolocation precision":4.7,"rockfall causes":null,"rockfall causes/heavy rainfall":null,"rockfall causes/human activities":null,"rockfall causes/earthquakes":null,"other":null,"risky":null,"year affected":null},"geometry":{"type":"Point","coordinates":[32.92486167,-2.56110833]}},{"id":"320","type":"Feature","properties":{"id":"mwanza_rockfall_locations.321","ogc_fid":321,"fid":322,"district":"Nyamagana","ward":"Butimba","subward":"Kambarage","source":"At risk","geolocation":"-2.5606566666666666 32.92495333333333 1164.8 3.2","geolocation precision":3.2,"rockfall causes":null,"rockfall causes/heavy rainfall":null,"rockfall causes/human activities":null,"rockfall causes/earthquakes":null,"other":null,"risky":null,"year affected":null},"geometry":{"type":"Point","coordinates":[32.92495333,-2.56065667]}},{"id":"321","type":"Feature","properties":{"id":"mwanza_rockfall_locations.322","ogc_fid":322,"fid":323,"district":"Nyamagana","ward":"Mabatini","subward":"Mabatini Kaskazini","source":"At risk","geolocation":"-2.5260266666666666 32.92159 1138.8 5.0","geolocation precision":5.0,"rockfall causes":null,"rockfall causes/heavy rainfall":null,"rockfall causes/human activities":null,"rockfall causes/earthquakes":null,"other":null,"risky":null,"year affected":null},"geometry":{"type":"Point","coordinates":[32.92159,-2.52602667]}},{"id":"322","type":"Feature","properties":{"id":"mwanza_rockfall_locations.323","ogc_fid":323,"fid":324,"district":"Nyamagana","ward":"Mabatini","subward":"Mabatini Kaskazini","source":"At risk","geolocation":"-2.5265583333333335 32.922803333333334 1188.4 5.0","geolocation precision":5.0,"rockfall causes":null,"rockfall causes/heavy rainfall":null,"rockfall causes/human activities":null,"rockfall causes/earthquakes":null,"other":null,"risky":null,"year affected":null},"geometry":{"type":"Point","coordinates":[32.92280333,-2.52655833]}},{"id":"323","type":"Feature","properties":{"id":"mwanza_rockfall_locations.324","ogc_fid":324,"fid":325,"district":"Nyamagana","ward":"Butimba","subward":"Kambarage","source":"At risk","geolocation":"-2.5594166666666665 32.92389 1194.0 5.0","geolocation precision":5.0,"rockfall causes":null,"rockfall causes/heavy rainfall":null,"rockfall causes/human activities":null,"rockfall causes/earthquakes":null,"other":null,"risky":null,"year affected":null},"geometry":{"type":"Point","coordinates":[32.92389,-2.55941667]}},{"id":"324","type":"Feature","properties":{"id":"mwanza_rockfall_locations.325","ogc_fid":325,"fid":326,"district":"Nyamagana","ward":"Butimba","subward":"Amani","source":"At risk","geolocation":"-2.5676983333333334 32.912775 1193.4 2.7","geolocation precision":2.7,"rockfall causes":null,"rockfall causes/heavy rainfall":null,"rockfall causes/human activities":null,"rockfall causes/earthquakes":null,"other":null,"risky":null,"year affected":null},"geometry":{"type":"Point","coordinates":[32.912775,-2.56769833]}},{"id":"325","type":"Feature","properties":{"id":"mwanza_rockfall_locations.326","ogc_fid":326,"fid":327,"district":"Nyamagana","ward":"Mabatini","subward":"Mabatini Kaskazini","source":"At risk","geolocation":"-2.52705 32.923053333333336 1188.4 5.0","geolocation precision":5.0,"rockfall causes":null,"rockfall causes/heavy rainfall":null,"rockfall causes/human activities":null,"rockfall causes/earthquakes":null,"other":null,"risky":null,"year affected":null},"geometry":{"type":"Point","coordinates":[32.92305333,-2.52705]}},{"id":"326","type":"Feature","properties":{"id":"mwanza_rockfall_locations.327","ogc_fid":327,"fid":328,"district":"Nyamagana","ward":"Mabatini","subward":"Mabatini Kaskazini","source":"At risk","geolocation":"-2.527531666666667 32.922225000000005 1185.3 4.9","geolocation precision":4.9,"rockfall causes":null,"rockfall causes/heavy rainfall":null,"rockfall causes/human activities":null,"rockfall causes/earthquakes":null,"other":null,"risky":null,"year affected":null},"geometry":{"type":"Point","coordinates":[32.922225,-2.52753167]}},{"id":"327","type":"Feature","properties":{"id":"mwanza_rockfall_locations.328","ogc_fid":328,"fid":329,"district":"Nyamagana","ward":"Butimba","subward":"Amani","source":"At risk","geolocation":"-2.568725 32.91349 1210.3 2.8","geolocation precision":2.8,"rockfall causes":null,"rockfall causes/heavy rainfall":null,"rockfall causes/human activities":null,"rockfall causes/earthquakes":null,"other":null,"risky":null,"year affected":null},"geometry":{"type":"Point","coordinates":[32.91349,-2.568725]}},{"id":"328","type":"Feature","properties":{"id":"mwanza_rockfall_locations.329","ogc_fid":329,"fid":330,"district":"Nyamagana","ward":"Mabatini","subward":"Mabatini Kaskazini","source":"At risk","geolocation":"-2.526726666666667 32.921645 1158.6 4.9","geolocation precision":4.9,"rockfall causes":null,"rockfall causes/heavy rainfall":null,"rockfall causes/human activities":null,"rockfall causes/earthquakes":null,"other":null,"risky":null,"year affected":null},"geometry":{"type":"Point","coordinates":[32.921645,-2.52672667]}},{"id":"329","type":"Feature","properties":{"id":"mwanza_rockfall_locations.330","ogc_fid":330,"fid":331,"district":"Nyamagana","ward":"Butimba","subward":"Amani","source":"At risk","geolocation":"-2.5679683333333334 32.914928333333336 1211.9 3.5","geolocation precision":3.5,"rockfall causes":null,"rockfall causes/heavy rainfall":null,"rockfall causes/human activities":null,"rockfall causes/earthquakes":null,"other":null,"risky":null,"year affected":null},"geometry":{"type":"Point","coordinates":[32.91492833,-2.56796833]}},{"id":"330","type":"Feature","properties":{"id":"mwanza_rockfall_locations.331","ogc_fid":331,"fid":332,"district":"Nyamagana","ward":"Butimba","subward":"Amani","source":"At risk","geolocation":"-2.5676666666666668 32.91518833333334 1210.7 4.2","geolocation precision":4.2,"rockfall causes":null,"rockfall causes/heavy rainfall":null,"rockfall causes/human activities":null,"rockfall causes/earthquakes":null,"other":null,"risky":null,"year affected":null},"geometry":{"type":"Point","coordinates":[32.91518833,-2.56766667]}},{"id":"331","type":"Feature","properties":{"id":"mwanza_rockfall_locations.332","ogc_fid":332,"fid":333,"district":"Nyamagana","ward":"Mabatini","subward":"Nyerere A","source":"At risk","geolocation":"-2.529585 32.919295000000005 1172.3 2.8","geolocation precision":2.8,"rockfall causes":null,"rockfall causes/heavy rainfall":null,"rockfall causes/human activities":null,"rockfall causes/earthquakes":null,"other":null,"risky":null,"year affected":null},"geometry":{"type":"Point","coordinates":[32.919295,-2.529585]}},{"id":"332","type":"Feature","properties":{"id":"mwanza_rockfall_locations.333","ogc_fid":333,"fid":334,"district":"Nyamagana","ward":"Mabatini","subward":"Nyerere A","source":"At risk","geolocation":"-2.529565 32.919401666666666 1177.2 5.0","geolocation precision":5.0,"rockfall causes":null,"rockfall causes/heavy rainfall":null,"rockfall causes/human activities":null,"rockfall causes/earthquakes":null,"other":null,"risky":null,"year affected":null},"geometry":{"type":"Point","coordinates":[32.91940167,-2.529565]}},{"id":"333","type":"Feature","properties":{"id":"mwanza_rockfall_locations.334","ogc_fid":334,"fid":335,"district":"Nyamagana","ward":"Mabatini","subward":"Nyerere A","source":"At risk","geolocation":"-2.529776666666667 32.919158333333336 1178.8 4.7","geolocation precision":4.7,"rockfall causes":null,"rockfall causes/heavy rainfall":null,"rockfall causes/human activities":null,"rockfall causes/earthquakes":null,"other":null,"risky":null,"year affected":null},"geometry":{"type":"Point","coordinates":[32.91915833,-2.52977667]}},{"id":"334","type":"Feature","properties":{"id":"mwanza_rockfall_locations.335","ogc_fid":335,"fid":336,"district":"Nyamagana","ward":"Mabatini","subward":"Nyerere A","source":"At risk","geolocation":"-2.5292250000000003 32.918843333333335 1214.1 4.8","geolocation precision":4.8,"rockfall causes":null,"rockfall causes/heavy rainfall":null,"rockfall causes/human activities":null,"rockfall causes/earthquakes":null,"other":null,"risky":null,"year affected":null},"geometry":{"type":"Point","coordinates":[32.91884333,-2.529225]}},{"id":"335","type":"Feature","properties":{"id":"mwanza_rockfall_locations.336","ogc_fid":336,"fid":337,"district":"Nyamagana","ward":"Pamba","subward":"Mlimani","source":"At risk","geolocation":"-2.5298466666666664 32.91501166666667 1195.2 4.6","geolocation precision":4.6,"rockfall causes":null,"rockfall causes/heavy rainfall":null,"rockfall causes/human activities":null,"rockfall causes/earthquakes":null,"other":null,"risky":null,"year affected":null},"geometry":{"type":"Point","coordinates":[32.91501167,-2.52984667]}},{"id":"336","type":"Feature","properties":{"id":"mwanza_rockfall_locations.337","ogc_fid":337,"fid":338,"district":"Nyamagana","ward":"Pamba","subward":"Mlimani","source":"At risk","geolocation":"-2.528496666666667 32.915463333333335 1199.8 4.8","geolocation precision":4.8,"rockfall causes":null,"rockfall causes/heavy rainfall":null,"rockfall causes/human activities":null,"rockfall causes/earthquakes":null,"other":null,"risky":null,"year affected":null},"geometry":{"type":"Point","coordinates":[32.91546333,-2.52849667]}},{"id":"337","type":"Feature","properties":{"id":"mwanza_rockfall_locations.338","ogc_fid":338,"fid":339,"district":"Nyamagana","ward":"Pamba","subward":"Mlimani","source":"At risk","geolocation":"-2.5287466666666667 32.91582166666667 1219.0 4.0","geolocation precision":4.0,"rockfall causes":null,"rockfall causes/heavy rainfall":null,"rockfall causes/human activities":null,"rockfall causes/earthquakes":null,"other":null,"risky":null,"year affected":null},"geometry":{"type":"Point","coordinates":[32.91582167,-2.52874667]}},{"id":"338","type":"Feature","properties":{"id":"mwanza_rockfall_locations.339","ogc_fid":339,"fid":340,"district":"Nyamagana","ward":"Pamba","subward":"Mlimani","source":"At risk","geolocation":"-2.528671666666667 32.91598166666667 1215.5 4.8","geolocation precision":4.8,"rockfall causes":null,"rockfall causes/heavy rainfall":null,"rockfall causes/human activities":null,"rockfall causes/earthquakes":null,"other":null,"risky":null,"year affected":null},"geometry":{"type":"Point","coordinates":[32.91598167,-2.52867167]}},{"id":"339","type":"Feature","properties":{"id":"mwanza_rockfall_locations.340","ogc_fid":340,"fid":341,"district":"Nyamagana","ward":"Pamba","subward":"Mlimani","source":"At risk","geolocation":"-2.52895 32.91668833333333 1212.1 4.9","geolocation precision":4.9,"rockfall causes":null,"rockfall causes/heavy rainfall":null,"rockfall causes/human activities":null,"rockfall causes/earthquakes":null,"other":null,"risky":null,"year affected":null},"geometry":{"type":"Point","coordinates":[32.91668833,-2.52895]}},{"id":"340","type":"Feature","properties":{"id":"mwanza_rockfall_locations.341","ogc_fid":341,"fid":342,"district":"Nyamagana","ward":"Pamba","subward":"Mlimani","source":"At risk","geolocation":"-2.5279066666666665 32.91641166666667 1213.9 4.7","geolocation precision":4.7,"rockfall causes":null,"rockfall causes/heavy rainfall":null,"rockfall causes/human activities":null,"rockfall causes/earthquakes":null,"other":null,"risky":null,"year affected":null},"geometry":{"type":"Point","coordinates":[32.91641167,-2.52790667]}},{"id":"341","type":"Feature","properties":{"id":"mwanza_rockfall_locations.342","ogc_fid":342,"fid":343,"district":"Nyamagana","ward":"Pamba","subward":"Mlimani","source":"At risk","geolocation":"-2.5278616666666665 32.916961666666666 1200.5 4.7","geolocation precision":4.7,"rockfall causes":null,"rockfall causes/heavy rainfall":null,"rockfall causes/human activities":null,"rockfall causes/earthquakes":null,"other":null,"risky":null,"year affected":null},"geometry":{"type":"Point","coordinates":[32.91696167,-2.52786167]}},{"id":"342","type":"Feature","properties":{"id":"mwanza_rockfall_locations.343","ogc_fid":343,"fid":344,"district":"Nyamagana","ward":"Pamba","subward":"Mlimani","source":"At risk","geolocation":"-2.5280666666666667 32.91715333333333 1200.4 2.5","geolocation precision":2.5,"rockfall causes":null,"rockfall causes/heavy rainfall":null,"rockfall causes/human activities":null,"rockfall causes/earthquakes":null,"other":null,"risky":null,"year affected":null},"geometry":{"type":"Point","coordinates":[32.91715333,-2.52806667]}},{"id":"343","type":"Feature","properties":{"id":"mwanza_rockfall_locations.344","ogc_fid":344,"fid":345,"district":"Nyamagana","ward":"Pamba","subward":"Mlimani","source":"At risk","geolocation":"-2.528556666666667 32.917275000000004 1201.1 2.9","geolocation precision":2.9,"rockfall causes":null,"rockfall causes/heavy rainfall":null,"rockfall causes/human activities":null,"rockfall causes/earthquakes":null,"other":null,"risky":null,"year affected":null},"geometry":{"type":"Point","coordinates":[32.917275,-2.52855667]}},{"id":"344","type":"Feature","properties":{"id":"mwanza_rockfall_locations.345","ogc_fid":345,"fid":346,"district":"Nyamagana","ward":"Butimba","subward":"Kambarage","source":"At risk","geolocation":"-2.561795 32.925108333333334 1189.0 4.7","geolocation precision":4.7,"rockfall causes":null,"rockfall causes/heavy rainfall":null,"rockfall causes/human activities":null,"rockfall causes/earthquakes":null,"other":null,"risky":null,"year affected":null},"geometry":{"type":"Point","coordinates":[32.92510833,-2.561795]}},{"id":"345","type":"Feature","properties":{"id":"mwanza_rockfall_locations.346","ogc_fid":346,"fid":347,"district":"Nyamagana","ward":"Butimba","subward":"Kambarage","source":"At risk","geolocation":"-2.5586716666666667 32.92527833333334 1189.6 4.4","geolocation precision":4.4,"rockfall causes":null,"rockfall causes/heavy rainfall":null,"rockfall causes/human activities":null,"rockfall causes/earthquakes":null,"other":null,"risky":null,"year affected":null},"geometry":{"type":"Point","coordinates":[32.92527833,-2.55867167]}},{"id":"346","type":"Feature","properties":{"id":"mwanza_rockfall_locations.347","ogc_fid":347,"fid":348,"district":"Nyamagana","ward":"Butimba","subward":"Kambarage","source":"At risk","geolocation":"-2.560885 32.925266666666666 1192.0 4.7","geolocation precision":4.7,"rockfall causes":null,"rockfall causes/heavy rainfall":null,"rockfall causes/human activities":null,"rockfall causes/earthquakes":null,"other":null,"risky":null,"year affected":null},"geometry":{"type":"Point","coordinates":[32.92526667,-2.560885]}},{"id":"347","type":"Feature","properties":{"id":"mwanza_rockfall_locations.348","ogc_fid":348,"fid":349,"district":"Nyamagana","ward":"Butimba","subward":"Kambarage","source":"At risk","geolocation":"-2.561965 32.92565333333334 1195.5 4.6","geolocation precision":4.6,"rockfall causes":null,"rockfall causes/heavy rainfall":null,"rockfall causes/human activities":null,"rockfall causes/earthquakes":null,"other":null,"risky":null,"year affected":null},"geometry":{"type":"Point","coordinates":[32.92565333,-2.561965]}},{"id":"348","type":"Feature","properties":{"id":"mwanza_rockfall_locations.349","ogc_fid":349,"fid":350,"district":"Nyamagana","ward":"Pamba","subward":"Mlimani","source":"At risk","geolocation":"-2.530432571657002 32.915801061317325 1212.0 4.5","geolocation precision":4.5,"rockfall causes":null,"rockfall causes/heavy rainfall":null,"rockfall causes/human activities":null,"rockfall causes/earthquakes":null,"other":null,"risky":null,"year affected":null},"geometry":{"type":"Point","coordinates":[32.91580106,-2.53043257]}},{"id":"349","type":"Feature","properties":{"id":"mwanza_rockfall_locations.350","ogc_fid":350,"fid":351,"district":"Nyamagana","ward":"Butimba","subward":"Kambarage","source":"At risk","geolocation":"-2.5623583333333335 32.92749166666667 1210.8 4.9","geolocation precision":4.9,"rockfall causes":null,"rockfall causes/heavy rainfall":null,"rockfall causes/human activities":null,"rockfall causes/earthquakes":null,"other":null,"risky":null,"year affected":null},"geometry":{"type":"Point","coordinates":[32.92749167,-2.56235833]}},{"id":"350","type":"Feature","properties":{"id":"mwanza_rockfall_locations.351","ogc_fid":351,"fid":352,"district":"Nyamagana","ward":"Butimba","subward":"Kambarage","source":"At risk","geolocation":"-2.5624583333333333 32.92728666666667 1201.7 5.0","geolocation precision":5.0,"rockfall causes":null,"rockfall causes/heavy rainfall":null,"rockfall causes/human activities":null,"rockfall causes/earthquakes":null,"other":null,"risky":null,"year affected":null},"geometry":{"type":"Point","coordinates":[32.92728667,-2.56245833]}},{"id":"351","type":"Feature","properties":{"id":"mwanza_rockfall_locations.352","ogc_fid":352,"fid":353,"district":"Nyamagana","ward":"Butimba","subward":"Kambarage","source":"At risk","geolocation":"-2.5626083333333334 32.92644333333333 1188.4 4.9","geolocation precision":4.9,"rockfall causes":null,"rockfall causes/heavy rainfall":null,"rockfall causes/human activities":null,"rockfall causes/earthquakes":null,"other":null,"risky":null,"year affected":null},"geometry":{"type":"Point","coordinates":[32.92644333,-2.56260833]}},{"id":"352","type":"Feature","properties":{"id":"mwanza_rockfall_locations.353","ogc_fid":353,"fid":354,"district":"Nyamagana","ward":"Pamba","subward":"Mlimani","source":"At risk","geolocation":"-2.5308061111718416 32.915681283921 1207.0 5.0","geolocation precision":5.0,"rockfall causes":null,"rockfall causes/heavy rainfall":null,"rockfall causes/human activities":null,"rockfall causes/earthquakes":null,"other":null,"risky":null,"year affected":null},"geometry":{"type":"Point","coordinates":[32.91568128,-2.53080611]}},{"id":"353","type":"Feature","properties":{"id":"mwanza_rockfall_locations.354","ogc_fid":354,"fid":355,"district":"Nyamagana","ward":"Butimba","subward":"Kambarage","source":"At risk","geolocation":"-2.561043333333333 32.925264999999996 1198.6 4.7","geolocation precision":4.7,"rockfall causes":null,"rockfall causes/heavy rainfall":null,"rockfall causes/human activities":null,"rockfall causes/earthquakes":null,"other":null,"risky":null,"year affected":null},"geometry":{"type":"Point","coordinates":[32.925265,-2.56104333]}},{"id":"354","type":"Feature","properties":{"id":"mwanza_rockfall_locations.355","ogc_fid":355,"fid":356,"district":"Nyamagana","ward":"Pamba","subward":"Mlimani","source":"At risk","geolocation":"-2.5295096822082996 32.915583215653896 1214.0 5.0","geolocation precision":5.0,"rockfall causes":null,"rockfall causes/heavy rainfall":null,"rockfall causes/human activities":null,"rockfall causes/earthquakes":null,"other":null,"risky":null,"year affected":null},"geometry":{"type":"Point","coordinates":[32.91558322,-2.52950968]}},{"id":"355","type":"Feature","properties":{"id":"mwanza_rockfall_locations.356","ogc_fid":356,"fid":357,"district":"Nyamagana","ward":"Butimba","subward":"Kambarage","source":"At risk","geolocation":"-2.561715 32.925385 1191.2 3.8","geolocation precision":3.8,"rockfall causes":null,"rockfall causes/heavy rainfall":null,"rockfall causes/human activities":null,"rockfall causes/earthquakes":null,"other":null,"risky":null,"year affected":null},"geometry":{"type":"Point","coordinates":[32.925385,-2.561715]}},{"id":"356","type":"Feature","properties":{"id":"mwanza_rockfall_locations.357","ogc_fid":357,"fid":358,"district":"Nyamagana","ward":"Butimba","subward":"Kambarage","source":"At risk","geolocation":"-2.5625983333333333 32.92751166666667 1220.6 4.2","geolocation precision":4.2,"rockfall causes":null,"rockfall causes/heavy rainfall":null,"rockfall causes/human activities":null,"rockfall causes/earthquakes":null,"other":null,"risky":null,"year affected":null},"geometry":{"type":"Point","coordinates":[32.92751167,-2.56259833]}},{"id":"357","type":"Feature","properties":{"id":"mwanza_rockfall_locations.358","ogc_fid":358,"fid":359,"district":"Nyamagana","ward":"Butimba","subward":"Kambarage","source":"At risk","geolocation":"-2.562405 32.92622333333334 1171.3 4.8","geolocation precision":4.8,"rockfall causes":null,"rockfall causes/heavy rainfall":null,"rockfall causes/human activities":null,"rockfall causes/earthquakes":null,"other":null,"risky":null,"year affected":null},"geometry":{"type":"Point","coordinates":[32.92622333,-2.562405]}},{"id":"358","type":"Feature","properties":{"id":"mwanza_rockfall_locations.359","ogc_fid":359,"fid":360,"district":"Nyamagana","ward":"Butimba","subward":"Kambarage","source":"At risk","geolocation":"-2.561865 32.924076666666664 1155.2 4.0","geolocation precision":4.0,"rockfall causes":null,"rockfall causes/heavy rainfall":null,"rockfall causes/human activities":null,"rockfall causes/earthquakes":null,"other":null,"risky":null,"year affected":null},"geometry":{"type":"Point","coordinates":[32.92407667,-2.561865]}},{"id":"359","type":"Feature","properties":{"id":"mwanza_rockfall_locations.360","ogc_fid":360,"fid":361,"district":"Nyamagana","ward":"Butimba","subward":"Kambarage","source":"At risk","geolocation":"-2.5604066666666667 32.924683333333334 1158.0 4.3","geolocation precision":4.3,"rockfall causes":null,"rockfall causes/heavy rainfall":null,"rockfall causes/human activities":null,"rockfall causes/earthquakes":null,"other":null,"risky":null,"year affected":null},"geometry":{"type":"Point","coordinates":[32.92468333,-2.56040667]}},{"id":"360","type":"Feature","properties":{"id":"mwanza_rockfall_locations.361","ogc_fid":361,"fid":362,"district":"Nyamagana","ward":"Butimba","subward":"Kambarage","source":"At risk","geolocation":"-2.5587733333333333 32.92402166666667 1188.2 2.8","geolocation precision":2.8,"rockfall causes":null,"rockfall causes/heavy rainfall":null,"rockfall causes/human activities":null,"rockfall causes/earthquakes":null,"other":null,"risky":null,"year affected":null},"geometry":{"type":"Point","coordinates":[32.92402167,-2.55877333]}},{"id":"361","type":"Feature","properties":{"id":"mwanza_rockfall_locations.362","ogc_fid":362,"fid":363,"district":"Nyamagana","ward":"Butimba","subward":"Kambarage","source":"At risk","geolocation":"-2.5578633333333336 32.92639 1205.3 4.0","geolocation precision":4.0,"rockfall causes":null,"rockfall causes/heavy rainfall":null,"rockfall causes/human activities":null,"rockfall causes/earthquakes":null,"other":null,"risky":null,"year affected":null},"geometry":{"type":"Point","coordinates":[32.92639,-2.55786333]}},{"id":"362","type":"Feature","properties":{"id":"mwanza_rockfall_locations.363","ogc_fid":363,"fid":364,"district":"Nyamagana","ward":"Butimba","subward":"Kambarage","source":"At risk","geolocation":"-2.5606783333333336 32.925398333333334 1196.5 4.9","geolocation precision":4.9,"rockfall causes":null,"rockfall causes/heavy rainfall":null,"rockfall causes/human activities":null,"rockfall causes/earthquakes":null,"other":null,"risky":null,"year affected":null},"geometry":{"type":"Point","coordinates":[32.92539833,-2.56067833]}},{"id":"363","type":"Feature","properties":{"id":"mwanza_rockfall_locations.364","ogc_fid":364,"fid":365,"district":"Nyamagana","ward":"Butimba","subward":"Kambarage","source":"At risk","geolocation":"-2.561865 32.926354999999994 1188.2 4.4","geolocation precision":4.4,"rockfall causes":null,"rockfall causes/heavy rainfall":null,"rockfall causes/human activities":null,"rockfall causes/earthquakes":null,"other":null,"risky":null,"year affected":null},"geometry":{"type":"Point","coordinates":[32.926355,-2.561865]}},{"id":"364","type":"Feature","properties":{"id":"mwanza_rockfall_locations.365","ogc_fid":365,"fid":366,"district":"Nyamagana","ward":"Butimba","subward":"Kambarage","source":"At risk","geolocation":"-2.561636666666667 32.92720166666666 1207.4 5.0","geolocation precision":5.0,"rockfall causes":null,"rockfall causes/heavy rainfall":null,"rockfall causes/human activities":null,"rockfall causes/earthquakes":null,"other":null,"risky":null,"year affected":null},"geometry":{"type":"Point","coordinates":[32.92720167,-2.56163667]}},{"id":"365","type":"Feature","properties":{"id":"mwanza_rockfall_locations.366","ogc_fid":366,"fid":367,"district":"Nyamagana","ward":"Butimba","subward":"Kambarage","source":"At risk","geolocation":"-2.559991666666667 32.927413333333334 1233.5 4.6","geolocation precision":4.6,"rockfall causes":null,"rockfall causes/heavy rainfall":null,"rockfall causes/human activities":null,"rockfall causes/earthquakes":null,"other":null,"risky":null,"year affected":null},"geometry":{"type":"Point","coordinates":[32.92741333,-2.55999167]}},{"id":"366","type":"Feature","properties":{"id":"mwanza_rockfall_locations.367","ogc_fid":367,"fid":368,"district":"Nyamagana","ward":"Pamba","subward":"Bugarika Kaskazini","source":"At risk","geolocation":"-2.5302532 32.9163066 1202.3 4.55","geolocation precision":4.55,"rockfall causes":null,"rockfall causes/heavy rainfall":null,"rockfall causes/human activities":null,"rockfall causes/earthquakes":null,"other":null,"risky":null,"year affected":null},"geometry":{"type":"Point","coordinates":[32.9163066,-2.5302532]}},{"id":"367","type":"Feature","properties":{"id":"mwanza_rockfall_locations.368","ogc_fid":368,"fid":369,"district":"Nyamagana","ward":"Pamba","subward":"Bugarika Kaskazini","source":"At risk","geolocation":"-2.5319368299096823 32.919263038784266 1236.0 5.0","geolocation precision":5.0,"rockfall causes":null,"rockfall causes/heavy rainfall":null,"rockfall causes/human activities":null,"rockfall causes/earthquakes":null,"other":null,"risky":null,"year affected":null},"geometry":{"type":"Point","coordinates":[32.91926304,-2.53193683]}},{"id":"368","type":"Feature","properties":{"id":"mwanza_rockfall_locations.369","ogc_fid":369,"fid":370,"district":"Nyamagana","ward":"Pamba","subward":"Bugarika Kaskazini","source":"At risk","geolocation":"-2.5285342 32.9177385 1196.6 4.74","geolocation precision":4.74,"rockfall causes":null,"rockfall causes/heavy rainfall":null,"rockfall causes/human activities":null,"rockfall causes/earthquakes":null,"other":null,"risky":null,"year affected":null},"geometry":{"type":"Point","coordinates":[32.9177385,-2.5285342]}},{"id":"369","type":"Feature","properties":{"id":"mwanza_rockfall_locations.370","ogc_fid":370,"fid":371,"district":"Nyamagana","ward":"Pamba","subward":"Bugarika Kaskazini","source":"At risk","geolocation":"-2.531715673394501 32.919749189168215 1245.0 5.0","geolocation precision":5.0,"rockfall causes":null,"rockfall causes/heavy rainfall":null,"rockfall causes/human activities":null,"rockfall causes/earthquakes":null,"other":null,"risky":null,"year affected":null},"geometry":{"type":"Point","coordinates":[32.91974919,-2.53171567]}},{"id":"370","type":"Feature","properties":{"id":"mwanza_rockfall_locations.371","ogc_fid":371,"fid":372,"district":"Nyamagana","ward":"Pamba","subward":"Bugarika Kaskazini","source":"At risk","geolocation":"-2.531777028925717 32.920213462784886 1254.0 5.0","geolocation precision":5.0,"rockfall causes":null,"rockfall causes/heavy rainfall":null,"rockfall causes/human activities":null,"rockfall causes/earthquakes":null,"other":null,"risky":null,"year affected":null},"geometry":{"type":"Point","coordinates":[32.92021346,-2.53177703]}},{"id":"371","type":"Feature","properties":{"id":"mwanza_rockfall_locations.372","ogc_fid":372,"fid":373,"district":"Nyamagana","ward":"Pamba","subward":"Bugarika Kaskazini","source":"At risk","geolocation":"-2.531446572393179 32.920381436124444 1241.0 4.5","geolocation precision":4.5,"rockfall causes":null,"rockfall causes/heavy rainfall":null,"rockfall causes/human activities":null,"rockfall causes/earthquakes":null,"other":null,"risky":null,"year affected":null},"geometry":{"type":"Point","coordinates":[32.92038144,-2.53144657]}},{"id":"372","type":"Feature","properties":{"id":"mwanza_rockfall_locations.373","ogc_fid":373,"fid":374,"district":"Nyamagana","ward":"Pamba","subward":"Bugarika Kaskazini","source":"At risk","geolocation":"-2.5312882801517844 32.92042753659189 1241.0 5.0","geolocation precision":5.0,"rockfall causes":null,"rockfall causes/heavy rainfall":null,"rockfall causes/human activities":null,"rockfall causes/earthquakes":null,"other":null,"risky":null,"year affected":null},"geometry":{"type":"Point","coordinates":[32.92042754,-2.53128828]}},{"id":"373","type":"Feature","properties":{"id":"mwanza_rockfall_locations.374","ogc_fid":374,"fid":375,"district":"Nyamagana","ward":"Pamba","subward":"Bugarika Kaskazini","source":"At risk","geolocation":"-2.531341128051281 32.92025973089039 1220.0 5.0","geolocation precision":5.0,"rockfall causes":null,"rockfall causes/heavy rainfall":null,"rockfall causes/human activities":null,"rockfall causes/earthquakes":null,"other":null,"risky":null,"year affected":null},"geometry":{"type":"Point","coordinates":[32.92025973,-2.53134113]}},{"id":"374","type":"Feature","properties":{"id":"mwanza_rockfall_locations.375","ogc_fid":375,"fid":376,"district":"Nyamagana","ward":"Pamba","subward":"Bugarika Kaskazini","source":"At risk","geolocation":"-2.5299144 32.9166232 1211.1 4.7","geolocation precision":4.7,"rockfall causes":null,"rockfall causes/heavy rainfall":null,"rockfall causes/human activities":null,"rockfall causes/earthquakes":null,"other":null,"risky":null,"year affected":null},"geometry":{"type":"Point","coordinates":[32.9166232,-2.5299144]}},{"id":"375","type":"Feature","properties":{"id":"mwanza_rockfall_locations.376","ogc_fid":376,"fid":377,"district":"Nyamagana","ward":"Pamba","subward":"Bugarika Kaskazini","source":"At risk","geolocation":"-2.532042106613517 32.92014263570309 1253.0 5.0","geolocation precision":5.0,"rockfall causes":null,"rockfall causes/heavy rainfall":null,"rockfall causes/human activities":null,"rockfall causes/earthquakes":null,"other":null,"risky":null,"year affected":null},"geometry":{"type":"Point","coordinates":[32.92014264,-2.53204211]}},{"id":"376","type":"Feature","properties":{"id":"mwanza_rockfall_locations.377","ogc_fid":377,"fid":378,"district":"Nyamagana","ward":"Pamba","subward":"Bugarika Kaskazini","source":"At risk","geolocation":"-2.5287799 32.9179731 1195.1 4.24","geolocation precision":4.24,"rockfall causes":null,"rockfall causes/heavy rainfall":null,"rockfall causes/human activities":null,"rockfall causes/earthquakes":null,"other":null,"risky":null,"year affected":null},"geometry":{"type":"Point","coordinates":[32.9179731,-2.5287799]}},{"id":"377","type":"Feature","properties":{"id":"mwanza_rockfall_locations.378","ogc_fid":378,"fid":379,"district":"Nyamagana","ward":"Pamba","subward":"Bugarika Kaskazini","source":"At risk","geolocation":"-2.532200189307332 32.92043122462928 1256.0 5.0","geolocation precision":5.0,"rockfall causes":null,"rockfall causes/heavy rainfall":null,"rockfall causes/human activities":null,"rockfall causes/earthquakes":null,"other":null,"risky":null,"year affected":null},"geometry":{"type":"Point","coordinates":[32.92043122,-2.53220019]}},{"id":"378","type":"Feature","properties":{"id":"mwanza_rockfall_locations.379","ogc_fid":379,"fid":380,"district":"Nyamagana","ward":"Pamba","subward":"Bugarika Kaskazini","source":"At risk","geolocation":"-2.532279188744724 32.918767081573606 1242.0 5.0","geolocation precision":5.0,"rockfall causes":null,"rockfall causes/heavy rainfall":null,"rockfall causes/human activities":null,"rockfall causes/earthquakes":null,"other":null,"risky":null,"year affected":null},"geometry":{"type":"Point","coordinates":[32.91876708,-2.53227919]}},{"id":"379","type":"Feature","properties":{"id":"mwanza_rockfall_locations.380","ogc_fid":380,"fid":381,"district":"Nyamagana","ward":"Pamba","subward":"Bugarika Kaskazini","source":"At risk","geolocation":"-2.5320120994001627 32.919951444491744 1253.0 5.0","geolocation precision":5.0,"rockfall causes":null,"rockfall causes/heavy rainfall":null,"rockfall causes/human activities":null,"rockfall causes/earthquakes":null,"other":null,"risky":null,"year affected":null},"geometry":{"type":"Point","coordinates":[32.91995144,-2.5320121]}},{"id":"380","type":"Feature","properties":{"id":"mwanza_rockfall_locations.381","ogc_fid":381,"fid":382,"district":"Nyamagana","ward":"Pamba","subward":"Bugarika Kaskazini","source":"At risk","geolocation":"-2.5316287111490965 32.92041169479489 1255.0 4.5","geolocation precision":4.5,"rockfall causes":null,"rockfall causes/heavy rainfall":null,"rockfall causes/human activities":null,"rockfall causes/earthquakes":null,"other":null,"risky":null,"year affected":null},"geometry":{"type":"Point","coordinates":[32.92041169,-2.53162871]}},{"id":"381","type":"Feature","properties":{"id":"mwanza_rockfall_locations.382","ogc_fid":382,"fid":383,"district":"Nyamagana","ward":"Pamba","subward":"Bugarika Kaskazini","source":"At risk","geolocation":"-2.5310621364042163 32.92059861123562 1224.0 5.0","geolocation precision":5.0,"rockfall causes":null,"rockfall causes/heavy rainfall":null,"rockfall causes/human activities":null,"rockfall causes/earthquakes":null,"other":null,"risky":null,"year affected":null},"geometry":{"type":"Point","coordinates":[32.92059861,-2.53106214]}},{"id":"382","type":"Feature","properties":{"id":"mwanza_rockfall_locations.383","ogc_fid":383,"fid":384,"district":"Nyamagana","ward":"Pamba","subward":"Bugarika Kaskazini","source":"At risk","geolocation":"-2.532046213746071 32.92019359767437 1269.0 5.0","geolocation precision":5.0,"rockfall causes":null,"rockfall causes/heavy rainfall":null,"rockfall causes/human activities":null,"rockfall causes/earthquakes":null,"other":null,"risky":null,"year affected":null},"geometry":{"type":"Point","coordinates":[32.9201936,-2.53204621]}},{"id":"383","type":"Feature","properties":{"id":"mwanza_rockfall_locations.384","ogc_fid":384,"fid":385,"district":"Nyamagana","ward":"Pamba","subward":"Bugarika Kaskazini","source":"At risk","geolocation":"-2.532289414666593 32.92003291659057 1265.0 5.0","geolocation precision":5.0,"rockfall causes":null,"rockfall causes/heavy rainfall":null,"rockfall causes/human activities":null,"rockfall causes/earthquakes":null,"other":null,"risky":null,"year affected":null},"geometry":{"type":"Point","coordinates":[32.92003292,-2.53228942]}},{"id":"384","type":"Feature","properties":{"id":"mwanza_rockfall_locations.385","ogc_fid":385,"fid":386,"district":"Nyamagana","ward":"Pamba","subward":"Bugarika Kaskazini","source":"At risk","geolocation":"-2.5336033198982477 32.920813439413905 1263.0 5.0","geolocation precision":5.0,"rockfall causes":null,"rockfall causes/heavy rainfall":null,"rockfall causes/human activities":null,"rockfall causes/earthquakes":null,"other":null,"risky":null,"year affected":null},"geometry":{"type":"Point","coordinates":[32.92081344,-2.53360332]}},{"id":"385","type":"Feature","properties":{"id":"mwanza_rockfall_locations.386","ogc_fid":386,"fid":387,"district":"Nyamagana","ward":"Pamba","subward":"Bugarika Kaskazini","source":"At risk","geolocation":"-2.5333149824291468 32.92155431583524 1245.0 4.5","geolocation precision":4.5,"rockfall causes":null,"rockfall causes/heavy rainfall":null,"rockfall causes/human activities":null,"rockfall causes/earthquakes":null,"other":null,"risky":null,"year affected":null},"geometry":{"type":"Point","coordinates":[32.92155432,-2.53331498]}},{"id":"386","type":"Feature","properties":{"id":"mwanza_rockfall_locations.387","ogc_fid":387,"fid":388,"district":"Nyamagana","ward":"Butimba","subward":"Kambarage","source":"At risk","geolocation":"-2.558913333333333 32.92365333333333 1188.3 2.9","geolocation precision":2.9,"rockfall causes":null,"rockfall causes/heavy rainfall":null,"rockfall causes/human activities":null,"rockfall causes/earthquakes":null,"other":null,"risky":null,"year affected":null},"geometry":{"type":"Point","coordinates":[32.92365333,-2.55891333]}},{"id":"387","type":"Feature","properties":{"id":"mwanza_rockfall_locations.388","ogc_fid":388,"fid":389,"district":"Nyamagana","ward":"Butimba","subward":"Kambarage","source":"At risk","geolocation":"-2.5592233333333336 32.92323333333333 1191.2 4.7","geolocation precision":4.7,"rockfall causes":null,"rockfall causes/heavy rainfall":null,"rockfall causes/human activities":null,"rockfall causes/earthquakes":null,"other":null,"risky":null,"year affected":null},"geometry":{"type":"Point","coordinates":[32.92323333,-2.55922333]}},{"id":"388","type":"Feature","properties":{"id":"mwanza_rockfall_locations.389","ogc_fid":389,"fid":390,"district":"Nyamagana","ward":"Butimba","subward":"Kambarage","source":"At risk","geolocation":"-2.5596083333333333 32.92290166666667 1189.5 3.4","geolocation precision":3.4,"rockfall causes":null,"rockfall causes/heavy rainfall":null,"rockfall causes/human activities":null,"rockfall causes/earthquakes":null,"other":null,"risky":null,"year affected":null},"geometry":{"type":"Point","coordinates":[32.92290167,-2.55960833]}},{"id":"389","type":"Feature","properties":{"id":"mwanza_rockfall_locations.390","ogc_fid":390,"fid":391,"district":"Nyamagana","ward":"Butimba","subward":"Kambarage","source":"At risk","geolocation":"-2.559476666666667 32.92255166666666 1179.4 3.5","geolocation precision":3.5,"rockfall causes":null,"rockfall causes/heavy rainfall":null,"rockfall causes/human activities":null,"rockfall causes/earthquakes":null,"other":null,"risky":null,"year affected":null},"geometry":{"type":"Point","coordinates":[32.92255167,-2.55947667]}},{"id":"390","type":"Feature","properties":{"id":"mwanza_rockfall_locations.391","ogc_fid":391,"fid":392,"district":"Nyamagana","ward":"Butimba","subward":"Kambarage","source":"At risk","geolocation":"-2.559706666666667 32.92241166666667 1176.9 4.9","geolocation precision":4.9,"rockfall causes":null,"rockfall causes/heavy rainfall":null,"rockfall causes/human activities":null,"rockfall causes/earthquakes":null,"other":null,"risky":null,"year affected":null},"geometry":{"type":"Point","coordinates":[32.92241167,-2.55970667]}},{"id":"391","type":"Feature","properties":{"id":"mwanza_rockfall_locations.392","ogc_fid":392,"fid":393,"district":"Nyamagana","ward":"Butimba","subward":"Kambarage","source":"At risk","geolocation":"-2.56024 32.92221 1143.2 4.7","geolocation precision":4.7,"rockfall causes":null,"rockfall causes/heavy rainfall":null,"rockfall causes/human activities":null,"rockfall causes/earthquakes":null,"other":null,"risky":null,"year affected":null},"geometry":{"type":"Point","coordinates":[32.92221,-2.56024]}},{"id":"392","type":"Feature","properties":{"id":"mwanza_rockfall_locations.393","ogc_fid":393,"fid":394,"district":"Nyamagana","ward":"Mabatini","subward":"Majengo Mapya","source":"Happened","geolocation":"-2.523798333333333 32.92482666666667 1224.4 1.5","geolocation precision":1.5,"rockfall causes":"human activities","rockfall causes/heavy rainfall":0.0,"rockfall causes/human activities":1.0,"rockfall causes/earthquakes":0.0,"other":null,"risky":"yes","year affected":"6/1/2019"},"geometry":{"type":"Point","coordinates":[32.92482667,-2.52379833]}},{"id":"393","type":"Feature","properties":{"id":"mwanza_rockfall_locations.394","ogc_fid":394,"fid":395,"district":"Nyamagana","ward":"Mabatini","subward":"Nyerere A","source":"Happened","geolocation":"-2.529975 32.92114166666667 1190.3 4.4","geolocation precision":4.4,"rockfall causes":"heavy rainfall","rockfall causes/heavy rainfall":1.0,"rockfall causes/human activities":0.0,"rockfall causes/earthquakes":0.0,"other":null,"risky":"no","year affected":"10/1/1992"},"geometry":{"type":"Point","coordinates":[32.92114167,-2.529975]}},{"id":"394","type":"Feature","properties":{"id":"mwanza_rockfall_locations.395","ogc_fid":395,"fid":396,"district":"Nyamagana","ward":"Butimba","subward":"Amani","source":"Happened","geolocation":"-2.5672466666666667 32.90787666666667 1159.5 4.8","geolocation precision":4.8,"rockfall causes":"human activities","rockfall causes/heavy rainfall":0.0,"rockfall causes/human activities":1.0,"rockfall causes/earthquakes":0.0,"other":null,"risky":"yes","year affected":"9/1/2010"},"geometry":{"type":"Point","coordinates":[32.90787667,-2.56724667]}},{"id":"395","type":"Feature","properties":{"id":"mwanza_rockfall_locations.396","ogc_fid":396,"fid":397,"district":"Nyamagana","ward":"Mabatini","subward":"Nyerere A","source":"Happened","geolocation":"-2.532725 32.925466666666665 1218.0 4.9","geolocation precision":4.9,"rockfall causes":"heavy rainfall","rockfall causes/heavy rainfall":1.0,"rockfall causes/human activities":0.0,"rockfall causes/earthquakes":0.0,"other":null,"risky":"no","year affected":"2/1/2014"},"geometry":{"type":"Point","coordinates":[32.92546667,-2.532725]}},{"id":"396","type":"Feature","properties":{"id":"mwanza_rockfall_locations.397","ogc_fid":397,"fid":398,"district":"Nyamagana","ward":"Mabatini","subward":"Nyerere A","source":"Happened","geolocation":"-2.532725 32.925466666666665 1218.0 4.9","geolocation precision":4.9,"rockfall causes":"heavy rainfall","rockfall causes/heavy rainfall":1.0,"rockfall causes/human activities":0.0,"rockfall causes/earthquakes":0.0,"other":null,"risky":"no","year affected":"2/1/2014"},"geometry":{"type":"Point","coordinates":[32.92546667,-2.532725]}},{"id":"397","type":"Feature","properties":{"id":"mwanza_rockfall_locations.398","ogc_fid":398,"fid":399,"district":"Nyamagana","ward":"Butimba","subward":"Amani","source":"Happened","geolocation":"-2.56798103 32.90994866 1150.634033203125 4.288","geolocation precision":4.288,"rockfall causes":null,"rockfall causes/heavy rainfall":null,"rockfall causes/human activities":null,"rockfall causes/earthquakes":null,"other":null,"risky":"no","year affected":"8/1/2013"},"geometry":{"type":"Point","coordinates":[32.90994866,-2.56798103]}},{"id":"398","type":"Feature","properties":{"id":"mwanza_rockfall_locations.399","ogc_fid":399,"fid":400,"district":"Nyamagana","ward":"Butimba","subward":"Amani","source":"Happened","geolocation":"-2.5671833333333334 32.91211666666666 1180.8 4.6","geolocation precision":4.6,"rockfall causes":"heavy rainfall","rockfall causes/heavy rainfall":1.0,"rockfall causes/human activities":0.0,"rockfall causes/earthquakes":0.0,"other":null,"risky":"no","year affected":"3/1/2007"},"geometry":{"type":"Point","coordinates":[32.91211667,-2.56718333]}},{"id":"399","type":"Feature","properties":{"id":"mwanza_rockfall_locations.400","ogc_fid":400,"fid":401,"district":"Nyamagana","ward":"Butimba","subward":"Amani","source":"Happened","geolocation":"-2.5676566666666667 32.912535000000005 1200.3 2.2","geolocation precision":2.2,"rockfall causes":"heavy rainfall","rockfall causes/heavy rainfall":1.0,"rockfall causes/human activities":0.0,"rockfall causes/earthquakes":0.0,"other":null,"risky":"yes","year affected":"2/1/2020"},"geometry":{"type":"Point","coordinates":[32.912535,-2.56765667]}},{"id":"400","type":"Feature","properties":{"id":"mwanza_rockfall_locations.401","ogc_fid":401,"fid":402,"district":"Nyamagana","ward":"Butimba","subward":"Amani","source":"Happened","geolocation":"-2.5670966666666666 32.912119999999994 1200.5 4.9","geolocation precision":4.9,"rockfall causes":"heavy rainfall","rockfall causes/heavy rainfall":1.0,"rockfall causes/human activities":0.0,"rockfall causes/earthquakes":0.0,"other":null,"risky":"no","year affected":"2/1/2007"},"geometry":{"type":"Point","coordinates":[32.91212,-2.56709667]}},{"id":"401","type":"Feature","properties":{"id":"mwanza_rockfall_locations.402","ogc_fid":402,"fid":403,"district":"Nyamagana","ward":"Butimba","subward":"Amani","source":"Happened","geolocation":"-2.5670966666666666 32.912119999999994 1200.5 4.9","geolocation precision":4.9,"rockfall causes":"heavy rainfall","rockfall causes/heavy rainfall":1.0,"rockfall causes/human activities":0.0,"rockfall causes/earthquakes":0.0,"other":null,"risky":"no","year affected":"10/1/2018"},"geometry":{"type":"Point","coordinates":[32.91212,-2.56709667]}},{"id":"402","type":"Feature","properties":{"id":"mwanza_rockfall_locations.403","ogc_fid":403,"fid":404,"district":"Nyamagana","ward":"Butimba","subward":"Amani","source":"Happened","geolocation":"-2.5670966666666666 32.912119999999994 1200.5 4.9","geolocation precision":4.9,"rockfall causes":"heavy rainfall","rockfall causes/heavy rainfall":1.0,"rockfall causes/human activities":0.0,"rockfall causes/earthquakes":0.0,"other":null,"risky":"no","year affected":"3/1/2007"},"geometry":{"type":"Point","coordinates":[32.91212,-2.56709667]}},{"id":"403","type":"Feature","properties":{"id":"mwanza_rockfall_locations.404","ogc_fid":404,"fid":405,"district":"Nyamagana","ward":"Butimba","subward":"Amani","source":"Happened","geolocation":"-2.5675066666666666 32.91267333333334 1192.6 5.0","geolocation precision":5.0,"rockfall causes":"heavy rainfall","rockfall causes/heavy rainfall":1.0,"rockfall causes/human activities":0.0,"rockfall causes/earthquakes":0.0,"other":null,"risky":"yes","year affected":"4/1/2020"},"geometry":{"type":"Point","coordinates":[32.91267333,-2.56750667]}},{"id":"404","type":"Feature","properties":{"id":"mwanza_rockfall_locations.405","ogc_fid":405,"fid":406,"district":"Nyamagana","ward":"Buhongwa","subward":"Ng'washi","source":"At risk","geolocation":"-2.6326866666666664 32.94177333333334 1236.3 3.2","geolocation precision":3.2,"rockfall causes":null,"rockfall causes/heavy rainfall":null,"rockfall causes/human activities":null,"rockfall causes/earthquakes":null,"other":null,"risky":null,"year affected":null},"geometry":{"type":"Point","coordinates":[32.94177333,-2.63268667]}},{"id":"405","type":"Feature","properties":{"id":"mwanza_rockfall_locations.406","ogc_fid":406,"fid":407,"district":"Nyamagana","ward":"Buhongwa","subward":"Ng'washi","source":"At risk","geolocation":"-2.633258333333333 32.941874999999996 1234.8 4.9","geolocation precision":4.9,"rockfall causes":null,"rockfall causes/heavy rainfall":null,"rockfall causes/human activities":null,"rockfall causes/earthquakes":null,"other":null,"risky":null,"year affected":null},"geometry":{"type":"Point","coordinates":[32.941875,-2.63325833]}},{"id":"406","type":"Feature","properties":{"id":"mwanza_rockfall_locations.407","ogc_fid":407,"fid":408,"district":"Nyamagana","ward":"Buhongwa","subward":"Ng'washi","source":"At risk","geolocation":"-2.632633333333333 32.941361666666666 1244.2 2.7","geolocation precision":2.7,"rockfall causes":null,"rockfall causes/heavy rainfall":null,"rockfall causes/human activities":null,"rockfall causes/earthquakes":null,"other":null,"risky":null,"year affected":null},"geometry":{"type":"Point","coordinates":[32.94136167,-2.63263333]}},{"id":"407","type":"Feature","properties":{"id":"mwanza_rockfall_locations.408","ogc_fid":408,"fid":409,"district":"Nyamagana","ward":"Buhongwa","subward":"Ng'washi","source":"At risk","geolocation":"-2.6330301258713007 32.941268468275666 1234.0 5.0","geolocation precision":5.0,"rockfall causes":null,"rockfall causes/heavy rainfall":null,"rockfall causes/human activities":null,"rockfall causes/earthquakes":null,"other":null,"risky":null,"year affected":null},"geometry":{"type":"Point","coordinates":[32.94126847,-2.63303013]}},{"id":"408","type":"Feature","properties":{"id":"mwanza_rockfall_locations.409","ogc_fid":409,"fid":410,"district":"Nyamagana","ward":"Buhongwa","subward":"Ng'washi","source":"At risk","geolocation":"-2.632896666666667 32.941473333333334 1246.0 3.7","geolocation precision":3.7,"rockfall causes":null,"rockfall causes/heavy rainfall":null,"rockfall causes/human activities":null,"rockfall causes/earthquakes":null,"other":null,"risky":null,"year affected":null},"geometry":{"type":"Point","coordinates":[32.94147333,-2.63289667]}},{"id":"409","type":"Feature","properties":{"id":"mwanza_rockfall_locations.410","ogc_fid":410,"fid":411,"district":"Nyamagana","ward":"Buhongwa","subward":"Ng'washi","source":"At risk","geolocation":"-2.6328866666666664 32.941649999999996 1239.6 3.6","geolocation precision":3.6,"rockfall causes":null,"rockfall causes/heavy rainfall":null,"rockfall causes/human activities":null,"rockfall causes/earthquakes":null,"other":null,"risky":null,"year affected":null},"geometry":{"type":"Point","coordinates":[32.94165,-2.63288667]}},{"id":"410","type":"Feature","properties":{"id":"mwanza_rockfall_locations.411","ogc_fid":411,"fid":412,"district":"Nyamagana","ward":"Buhongwa","subward":"Ng'washi","source":"At risk","geolocation":"-2.6329183333333335 32.941625 1240.1 3.7","geolocation precision":3.7,"rockfall causes":null,"rockfall causes/heavy rainfall":null,"rockfall causes/human activities":null,"rockfall causes/earthquakes":null,"other":null,"risky":null,"year affected":null},"geometry":{"type":"Point","coordinates":[32.941625,-2.63291833]}},{"id":"411","type":"Feature","properties":{"id":"mwanza_rockfall_locations.412","ogc_fid":412,"fid":413,"district":"Nyamagana","ward":"Buhongwa","subward":"Ng'washi","source":"At risk","geolocation":"-2.6322683333333337 32.94230166666667 1224.0 3.0","geolocation precision":3.0,"rockfall causes":null,"rockfall causes/heavy rainfall":null,"rockfall causes/human activities":null,"rockfall causes/earthquakes":null,"other":null,"risky":null,"year affected":null},"geometry":{"type":"Point","coordinates":[32.94230167,-2.63226833]}},{"id":"412","type":"Feature","properties":{"id":"mwanza_rockfall_locations.413","ogc_fid":413,"fid":414,"district":"Nyamagana","ward":"Buhongwa","subward":"Ng'washi","source":"At risk","geolocation":"-2.633135821670294 32.941089011728764 1216.0 5.0","geolocation precision":5.0,"rockfall causes":null,"rockfall causes/heavy rainfall":null,"rockfall causes/human activities":null,"rockfall causes/earthquakes":null,"other":null,"risky":null,"year affected":null},"geometry":{"type":"Point","coordinates":[32.94108901,-2.63313582]}},{"id":"413","type":"Feature","properties":{"id":"mwanza_rockfall_locations.414","ogc_fid":414,"fid":415,"district":"Nyamagana","ward":"Buhongwa","subward":"Ng'washi","source":"At risk","geolocation":"-2.6320833333333336 32.94198166666667 1212.7 2.3","geolocation precision":2.3,"rockfall causes":null,"rockfall causes/heavy rainfall":null,"rockfall causes/human activities":null,"rockfall causes/earthquakes":null,"other":null,"risky":null,"year affected":null},"geometry":{"type":"Point","coordinates":[32.94198167,-2.63208333]}},{"id":"414","type":"Feature","properties":{"id":"mwanza_rockfall_locations.415","ogc_fid":415,"fid":416,"district":"Nyamagana","ward":"Buhongwa","subward":"Nyambiti","source":"At risk","geolocation":"-2.6111866666666668 32.937063333333334 1208.1 2.1","geolocation precision":2.1,"rockfall causes":null,"rockfall causes/heavy rainfall":null,"rockfall causes/human activities":null,"rockfall causes/earthquakes":null,"other":null,"risky":null,"year affected":null},"geometry":{"type":"Point","coordinates":[32.93706333,-2.61118667]}},{"id":"415","type":"Feature","properties":{"id":"mwanza_rockfall_locations.416","ogc_fid":416,"fid":417,"district":"Nyamagana","ward":"Buhongwa","subward":"Nyambiti","source":"At risk","geolocation":"-2.6106166666666666 32.93671166666666 1208.1 5.0","geolocation precision":5.0,"rockfall causes":null,"rockfall causes/heavy rainfall":null,"rockfall causes/human activities":null,"rockfall causes/earthquakes":null,"other":null,"risky":null,"year affected":null},"geometry":{"type":"Point","coordinates":[32.93671167,-2.61061667]}},{"id":"416","type":"Feature","properties":{"id":"mwanza_rockfall_locations.417","ogc_fid":417,"fid":418,"district":"Nyamagana","ward":"Buhongwa","subward":"Ng'washi","source":"At risk","geolocation":"-2.633401066996157 32.940687853842974 1199.0 4.0","geolocation precision":4.0,"rockfall causes":null,"rockfall causes/heavy rainfall":null,"rockfall causes/human activities":null,"rockfall causes/earthquakes":null,"other":null,"risky":null,"year affected":null},"geometry":{"type":"Point","coordinates":[32.94068785,-2.63340107]}},{"id":"417","type":"Feature","properties":{"id":"mwanza_rockfall_locations.418","ogc_fid":418,"fid":419,"district":"Nyamagana","ward":"Buhongwa","subward":"Nyambiti","source":"At risk","geolocation":"-2.610225 32.935606666666665 1201.7 4.2","geolocation precision":4.2,"rockfall causes":null,"rockfall causes/heavy rainfall":null,"rockfall causes/human activities":null,"rockfall causes/earthquakes":null,"other":null,"risky":null,"year affected":null},"geometry":{"type":"Point","coordinates":[32.93560667,-2.610225]}},{"id":"418","type":"Feature","properties":{"id":"mwanza_rockfall_locations.419","ogc_fid":419,"fid":420,"district":"Nyamagana","ward":"Buhongwa","subward":"Nyambiti","source":"At risk","geolocation":"-2.609888333333333 32.93596166666667 1209.0 3.9","geolocation precision":3.9,"rockfall causes":null,"rockfall causes/heavy rainfall":null,"rockfall causes/human activities":null,"rockfall causes/earthquakes":null,"other":null,"risky":null,"year affected":null},"geometry":{"type":"Point","coordinates":[32.93596167,-2.60988833]}},{"id":"419","type":"Feature","properties":{"id":"mwanza_rockfall_locations.420","ogc_fid":420,"fid":421,"district":"Nyamagana","ward":"Buhongwa","subward":"Nyambiti","source":"At risk","geolocation":"-2.610176666666667 32.93472166666666 1206.1 5.0","geolocation precision":5.0,"rockfall causes":null,"rockfall causes/heavy rainfall":null,"rockfall causes/human activities":null,"rockfall causes/earthquakes":null,"other":null,"risky":null,"year affected":null},"geometry":{"type":"Point","coordinates":[32.93472167,-2.61017667]}},{"id":"420","type":"Feature","properties":{"id":"mwanza_rockfall_locations.421","ogc_fid":421,"fid":422,"district":"Nyamagana","ward":"Buhongwa","subward":"Nyambiti","source":"At risk","geolocation":"-2.6100133333333333 32.9344 1200.2 3.5","geolocation precision":3.5,"rockfall causes":null,"rockfall causes/heavy rainfall":null,"rockfall causes/human activities":null,"rockfall causes/earthquakes":null,"other":null,"risky":null,"year affected":null},"geometry":{"type":"Point","coordinates":[32.9344,-2.61001333]}},{"id":"421","type":"Feature","properties":{"id":"mwanza_rockfall_locations.422","ogc_fid":422,"fid":423,"district":"Nyamagana","ward":"Buhongwa","subward":"Ng'washi","source":"At risk","geolocation":"-2.6337152207270265 32.941076438874006 1190.0 5.0","geolocation precision":5.0,"rockfall causes":null,"rockfall causes/heavy rainfall":null,"rockfall causes/human activities":null,"rockfall causes/earthquakes":null,"other":null,"risky":null,"year affected":null},"geometry":{"type":"Point","coordinates":[32.94107644,-2.63371522]}},{"id":"422","type":"Feature","properties":{"id":"mwanza_rockfall_locations.423","ogc_fid":423,"fid":424,"district":"Nyamagana","ward":"Buhongwa","subward":"Ng'washi","source":"At risk","geolocation":"-2.6338969822973013 32.9412838909775 1175.0 4.5","geolocation precision":4.5,"rockfall causes":null,"rockfall causes/heavy rainfall":null,"rockfall causes/human activities":null,"rockfall causes/earthquakes":null,"other":null,"risky":null,"year affected":null},"geometry":{"type":"Point","coordinates":[32.94128389,-2.63389698]}},{"id":"423","type":"Feature","properties":{"id":"mwanza_rockfall_locations.424","ogc_fid":424,"fid":425,"district":"Nyamagana","ward":"Buhongwa","subward":"Nyambiti","source":"At risk","geolocation":"-2.612985 32.935536666666664 1176.8 4.5","geolocation precision":4.5,"rockfall causes":null,"rockfall causes/heavy rainfall":null,"rockfall causes/human activities":null,"rockfall causes/earthquakes":null,"other":null,"risky":null,"year affected":null},"geometry":{"type":"Point","coordinates":[32.93553667,-2.612985]}},{"id":"424","type":"Feature","properties":{"id":"mwanza_rockfall_locations.425","ogc_fid":425,"fid":426,"district":"Nyamagana","ward":"Buhongwa","subward":"Ng'washi","source":"At risk","geolocation":"-2.6327674 32.9414254 1248.0 3.9","geolocation precision":3.9,"rockfall causes":null,"rockfall causes/heavy rainfall":null,"rockfall causes/human activities":null,"rockfall causes/earthquakes":null,"other":null,"risky":null,"year affected":null},"geometry":{"type":"Point","coordinates":[32.9414254,-2.6327674]}},{"id":"425","type":"Feature","properties":{"id":"mwanza_rockfall_locations.426","ogc_fid":426,"fid":427,"district":"Nyamagana","ward":"Buhongwa","subward":"Ng'washi","source":"At risk","geolocation":"-2.6327968 32.9417193 1225.8 4.16","geolocation precision":4.16,"rockfall causes":null,"rockfall causes/heavy rainfall":null,"rockfall causes/human activities":null,"rockfall causes/earthquakes":null,"other":null,"risky":null,"year affected":null},"geometry":{"type":"Point","coordinates":[32.9417193,-2.6327968]}},{"id":"426","type":"Feature","properties":{"id":"mwanza_rockfall_locations.427","ogc_fid":427,"fid":428,"district":"Nyamagana","ward":"Buhongwa","subward":"Ng'washi","source":"At risk","geolocation":"-2.6328326 32.9416846 1226.0 4.5","geolocation precision":4.5,"rockfall causes":null,"rockfall causes/heavy rainfall":null,"rockfall causes/human activities":null,"rockfall causes/earthquakes":null,"other":null,"risky":null,"year affected":null},"geometry":{"type":"Point","coordinates":[32.9416846,-2.6328326]}},{"id":"427","type":"Feature","properties":{"id":"mwanza_rockfall_locations.428","ogc_fid":428,"fid":429,"district":"Nyamagana","ward":"Buhongwa","subward":"Ng'washi","source":"At risk","geolocation":"-2.6328316666666667 32.941493333333334 1237.7 4.8","geolocation precision":4.8,"rockfall causes":null,"rockfall causes/heavy rainfall":null,"rockfall causes/human activities":null,"rockfall causes/earthquakes":null,"other":null,"risky":null,"year affected":null},"geometry":{"type":"Point","coordinates":[32.94149333,-2.63283167]}},{"id":"428","type":"Feature","properties":{"id":"mwanza_rockfall_locations.429","ogc_fid":429,"fid":430,"district":"Nyamagana","ward":"Buhongwa","subward":"Nyambiti","source":"At risk","geolocation":"-2.614455 32.93833333333334 1218.4 4.8","geolocation precision":4.8,"rockfall causes":null,"rockfall causes/heavy rainfall":null,"rockfall causes/human activities":null,"rockfall causes/earthquakes":null,"other":null,"risky":null,"year affected":null},"geometry":{"type":"Point","coordinates":[32.93833333,-2.614455]}},{"id":"429","type":"Feature","properties":{"id":"mwanza_rockfall_locations.430","ogc_fid":430,"fid":431,"district":"Nyamagana","ward":"Buhongwa","subward":"Nyambiti","source":"At risk","geolocation":"-2.6149516666666663 32.939135 1203.0 4.5","geolocation precision":4.5,"rockfall causes":null,"rockfall causes/heavy rainfall":null,"rockfall causes/human activities":null,"rockfall causes/earthquakes":null,"other":null,"risky":null,"year affected":null},"geometry":{"type":"Point","coordinates":[32.939135,-2.61495167]}},{"id":"430","type":"Feature","properties":{"id":"mwanza_rockfall_locations.431","ogc_fid":431,"fid":432,"district":"Nyamagana","ward":"Buhongwa","subward":"Nyambiti","source":"At risk","geolocation":"-2.613786666666667 32.93868333333333 1209.6 4.3","geolocation precision":4.3,"rockfall causes":null,"rockfall causes/heavy rainfall":null,"rockfall causes/human activities":null,"rockfall causes/earthquakes":null,"other":null,"risky":null,"year affected":null},"geometry":{"type":"Point","coordinates":[32.93868333,-2.61378667]}},{"id":"431","type":"Feature","properties":{"id":"mwanza_rockfall_locations.432","ogc_fid":432,"fid":433,"district":"Nyamagana","ward":"Buhongwa","subward":"Nyambiti","source":"At risk","geolocation":"-2.613243333333333 32.93894833333333 1208.5 4.8","geolocation precision":4.8,"rockfall causes":null,"rockfall causes/heavy rainfall":null,"rockfall causes/human activities":null,"rockfall causes/earthquakes":null,"other":null,"risky":null,"year affected":null},"geometry":{"type":"Point","coordinates":[32.93894833,-2.61324333]}},{"id":"432","type":"Feature","properties":{"id":"mwanza_rockfall_locations.433","ogc_fid":433,"fid":434,"district":"Nyamagana","ward":"Buhongwa","subward":"Nyambiti","source":"At risk","geolocation":"-2.6127350000000003 32.93821166666667 1209.6 4.8","geolocation precision":4.8,"rockfall causes":null,"rockfall causes/heavy rainfall":null,"rockfall causes/human activities":null,"rockfall causes/earthquakes":null,"other":null,"risky":null,"year affected":null},"geometry":{"type":"Point","coordinates":[32.93821167,-2.612735]}},{"id":"433","type":"Feature","properties":{"id":"mwanza_rockfall_locations.434","ogc_fid":434,"fid":435,"district":"Nyamagana","ward":"Lwanhima","subward":"Bugayamba","source":"At risk","geolocation":"-2.5906883333333335 32.95768333333333 1160.6 3.9","geolocation precision":3.9,"rockfall causes":null,"rockfall causes/heavy rainfall":null,"rockfall causes/human activities":null,"rockfall causes/earthquakes":null,"other":null,"risky":null,"year affected":null},"geometry":{"type":"Point","coordinates":[32.95768333,-2.59068833]}},{"id":"434","type":"Feature","properties":{"id":"mwanza_rockfall_locations.435","ogc_fid":435,"fid":436,"district":"Nyamagana","ward":"Lwanhima","subward":"Bugayamba","source":"At risk","geolocation":"-2.5909649999999997 32.956671666666665 1150.0 5.0","geolocation precision":5.0,"rockfall causes":null,"rockfall causes/heavy rainfall":null,"rockfall causes/human activities":null,"rockfall causes/earthquakes":null,"other":null,"risky":null,"year affected":null},"geometry":{"type":"Point","coordinates":[32.95667167,-2.590965]}},{"id":"435","type":"Feature","properties":{"id":"mwanza_rockfall_locations.436","ogc_fid":436,"fid":437,"district":"Nyamagana","ward":"Lwanhima","subward":"Bugayamba","source":"Happened","geolocation":"-2.5912733333333335 32.956496666666666 1176.3 3.7","geolocation precision":3.7,"rockfall causes":"human activities","rockfall causes/heavy rainfall":0.0,"rockfall causes/human activities":1.0,"rockfall causes/earthquakes":0.0,"other":null,"risky":"yes","year affected":null},"geometry":{"type":"Point","coordinates":[32.95649667,-2.59127333]}},{"id":"436","type":"Feature","properties":{"id":"mwanza_rockfall_locations.437","ogc_fid":437,"fid":438,"district":"Nyamagana","ward":"Lwanhima","subward":"Bugayamba","source":"At risk","geolocation":"-2.5896833333333333 32.95559166666667 1174.0 4.7","geolocation precision":4.7,"rockfall causes":null,"rockfall causes/heavy rainfall":null,"rockfall causes/human activities":null,"rockfall causes/earthquakes":null,"other":null,"risky":null,"year affected":null},"geometry":{"type":"Point","coordinates":[32.95559167,-2.58968333]}},{"id":"437","type":"Feature","properties":{"id":"mwanza_rockfall_locations.438","ogc_fid":438,"fid":439,"district":"Nyamagana","ward":"Lwanhima","subward":"Bugayamba","source":"At risk","geolocation":"-2.5898066666666666 32.95695166666667 1170.2 4.4","geolocation precision":4.4,"rockfall causes":null,"rockfall causes/heavy rainfall":null,"rockfall causes/human activities":null,"rockfall causes/earthquakes":null,"other":null,"risky":null,"year affected":null},"geometry":{"type":"Point","coordinates":[32.95695167,-2.58980667]}},{"id":"438","type":"Feature","properties":{"id":"mwanza_rockfall_locations.439","ogc_fid":439,"fid":440,"district":"Nyamagana","ward":"Lwanhima","subward":"Bugayamba","source":"At risk","geolocation":"-2.589445 32.95715166666666 1174.1 4.6","geolocation precision":4.6,"rockfall causes":null,"rockfall causes/heavy rainfall":null,"rockfall causes/human activities":null,"rockfall causes/earthquakes":null,"other":null,"risky":null,"year affected":null},"geometry":{"type":"Point","coordinates":[32.95715167,-2.589445]}},{"id":"439","type":"Feature","properties":{"id":"mwanza_rockfall_locations.440","ogc_fid":440,"fid":441,"district":"Nyamagana","ward":"Lwanhima","subward":"Bugayamba","source":"At risk","geolocation":"-2.5889483333333336 32.958526666666664 1173.3 4.4","geolocation precision":4.4,"rockfall causes":null,"rockfall causes/heavy rainfall":null,"rockfall causes/human activities":null,"rockfall causes/earthquakes":null,"other":null,"risky":null,"year affected":null},"geometry":{"type":"Point","coordinates":[32.95852667,-2.58894833]}},{"id":"440","type":"Feature","properties":{"id":"mwanza_rockfall_locations.441","ogc_fid":441,"fid":442,"district":"Nyamagana","ward":"Buhongwa","subward":"Buhongwa Magharibi","source":"At risk","geolocation":"-2.615935 32.94486833333334 1233.3 3.7","geolocation precision":3.7,"rockfall causes":null,"rockfall causes/heavy rainfall":null,"rockfall causes/human activities":null,"rockfall causes/earthquakes":null,"other":null,"risky":null,"year affected":null},"geometry":{"type":"Point","coordinates":[32.94486833,-2.615935]}},{"id":"441","type":"Feature","properties":{"id":"mwanza_rockfall_locations.442","ogc_fid":442,"fid":443,"district":"Nyamagana","ward":"Buhongwa","subward":"Buhongwa Magharibi","source":"At risk","geolocation":"-2.6159266666666667 32.94469166666667 1233.9 4.8","geolocation precision":4.8,"rockfall causes":null,"rockfall causes/heavy rainfall":null,"rockfall causes/human activities":null,"rockfall causes/earthquakes":null,"other":null,"risky":null,"year affected":null},"geometry":{"type":"Point","coordinates":[32.94469167,-2.61592667]}},{"id":"442","type":"Feature","properties":{"id":"mwanza_rockfall_locations.443","ogc_fid":443,"fid":444,"district":"Nyamagana","ward":"Buhongwa","subward":"Buhongwa Magharibi","source":"At risk","geolocation":"-2.6182533333333335 32.942996666666666 1251.2 4.9","geolocation precision":4.9,"rockfall causes":null,"rockfall causes/heavy rainfall":null,"rockfall causes/human activities":null,"rockfall causes/earthquakes":null,"other":null,"risky":null,"year affected":null},"geometry":{"type":"Point","coordinates":[32.94299667,-2.61825333]}},{"id":"443","type":"Feature","properties":{"id":"mwanza_rockfall_locations.444","ogc_fid":444,"fid":445,"district":"Nyamagana","ward":"Buhongwa","subward":"Buhongwa Magharibi","source":"At risk","geolocation":"-2.6214016666666664 32.944255 1241.8 4.7","geolocation precision":4.7,"rockfall causes":null,"rockfall causes/heavy rainfall":null,"rockfall causes/human activities":null,"rockfall causes/earthquakes":null,"other":null,"risky":null,"year affected":null},"geometry":{"type":"Point","coordinates":[32.944255,-2.62140167]}},{"id":"444","type":"Feature","properties":{"id":"mwanza_rockfall_locations.445","ogc_fid":445,"fid":446,"district":"Nyamagana","ward":"Buhongwa","subward":"Buhongwa Magharibi","source":"At risk","geolocation":"-2.61771 32.94115 1236.1 4.9","geolocation precision":4.9,"rockfall causes":null,"rockfall causes/heavy rainfall":null,"rockfall causes/human activities":null,"rockfall causes/earthquakes":null,"other":null,"risky":null,"year affected":null},"geometry":{"type":"Point","coordinates":[32.94115,-2.61771]}},{"id":"445","type":"Feature","properties":{"id":"mwanza_rockfall_locations.446","ogc_fid":446,"fid":447,"district":"Nyamagana","ward":"Buhongwa","subward":"Buhongwa Magharibi","source":"At risk","geolocation":"-2.61331 32.941765000000004 1212.9 4.3","geolocation precision":4.3,"rockfall causes":null,"rockfall causes/heavy rainfall":null,"rockfall causes/human activities":null,"rockfall causes/earthquakes":null,"other":null,"risky":null,"year affected":null},"geometry":{"type":"Point","coordinates":[32.941765,-2.61331]}},{"id":"446","type":"Feature","properties":{"id":"mwanza_rockfall_locations.447","ogc_fid":447,"fid":448,"district":"Nyamagana","ward":"Buhongwa","subward":"Buhongwa Magharibi","source":"At risk","geolocation":"-2.615056666666667 32.94034333333333 1237.1 4.9","geolocation precision":4.9,"rockfall causes":null,"rockfall causes/heavy rainfall":null,"rockfall causes/human activities":null,"rockfall causes/earthquakes":null,"other":null,"risky":null,"year affected":null},"geometry":{"type":"Point","coordinates":[32.94034333,-2.61505667]}},{"id":"447","type":"Feature","properties":{"id":"mwanza_rockfall_locations.448","ogc_fid":448,"fid":449,"district":"Nyamagana","ward":"Lwanhima","subward":"Igwambiti A","source":"At risk","geolocation":"-2.596471 32.9697065 1244.0 4.62","geolocation precision":4.62,"rockfall causes":null,"rockfall causes/heavy rainfall":null,"rockfall causes/human activities":null,"rockfall causes/earthquakes":null,"other":null,"risky":null,"year affected":null},"geometry":{"type":"Point","coordinates":[32.9697065,-2.596471]}},{"id":"448","type":"Feature","properties":{"id":"mwanza_rockfall_locations.449","ogc_fid":449,"fid":450,"district":"Nyamagana","ward":"Buhongwa","subward":"Buhongwa Magharibi","source":"At risk","geolocation":"-2.617411666666667 32.94139500000001 1237.4 4.5","geolocation precision":4.5,"rockfall causes":null,"rockfall causes/heavy rainfall":null,"rockfall causes/human activities":null,"rockfall causes/earthquakes":null,"other":null,"risky":null,"year affected":null},"geometry":{"type":"Point","coordinates":[32.941395,-2.61741167]}},{"id":"449","type":"Feature","properties":{"id":"mwanza_rockfall_locations.450","ogc_fid":450,"fid":451,"district":"Nyamagana","ward":"Lwanhima","subward":"Igwambiti A","source":"At risk","geolocation":"-2.5975183 32.9702162 1268.3 3.9","geolocation precision":3.9,"rockfall causes":null,"rockfall causes/heavy rainfall":null,"rockfall causes/human activities":null,"rockfall causes/earthquakes":null,"other":null,"risky":null,"year affected":null},"geometry":{"type":"Point","coordinates":[32.9702162,-2.5975183]}},{"id":"450","type":"Feature","properties":{"id":"mwanza_rockfall_locations.451","ogc_fid":451,"fid":452,"district":"Nyamagana","ward":"Buhongwa","subward":"Buhongwa Magharibi","source":"At risk","geolocation":"-2.61811641510576 32.941006533801556 1222.0 4.5","geolocation precision":4.5,"rockfall causes":null,"rockfall causes/heavy rainfall":null,"rockfall causes/human activities":null,"rockfall causes/earthquakes":null,"other":null,"risky":null,"year affected":null},"geometry":{"type":"Point","coordinates":[32.94100653,-2.61811641]}},{"id":"451","type":"Feature","properties":{"id":"mwanza_rockfall_locations.452","ogc_fid":452,"fid":453,"district":"Nyamagana","ward":"Lwanhima","subward":"Kagera","source":"At risk","geolocation":"-2.616488333333333 32.96134666666667 1243.6 4.9","geolocation precision":4.9,"rockfall causes":null,"rockfall causes/heavy rainfall":null,"rockfall causes/human activities":null,"rockfall causes/earthquakes":null,"other":null,"risky":null,"year affected":null},"geometry":{"type":"Point","coordinates":[32.96134667,-2.61648833]}},{"id":"452","type":"Feature","properties":{"id":"mwanza_rockfall_locations.453","ogc_fid":453,"fid":454,"district":"Nyamagana","ward":"Lwanhima","subward":"Kagera","source":"At risk","geolocation":"-2.61469186283648 32.95849638059735 1230.0 5.0","geolocation precision":5.0,"rockfall causes":null,"rockfall causes/heavy rainfall":null,"rockfall causes/human activities":null,"rockfall causes/earthquakes":null,"other":null,"risky":null,"year affected":null},"geometry":{"type":"Point","coordinates":[32.95849638,-2.61469186]}},{"id":"453","type":"Feature","properties":{"id":"mwanza_rockfall_locations.454","ogc_fid":454,"fid":455,"district":"Nyamagana","ward":"Buhongwa","subward":"Buhongwa Magharibi","source":"At risk","geolocation":"-2.6171581 32.9407724 1225.4 4.916","geolocation precision":4.916,"rockfall causes":null,"rockfall causes/heavy rainfall":null,"rockfall causes/human activities":null,"rockfall causes/earthquakes":null,"other":null,"risky":null,"year affected":null},"geometry":{"type":"Point","coordinates":[32.9407724,-2.6171581]}},{"id":"454","type":"Feature","properties":{"id":"mwanza_rockfall_locations.455","ogc_fid":455,"fid":456,"district":"Nyamagana","ward":"Lwanhima","subward":"Igwambiti A","source":"At risk","geolocation":"-2.5973264 32.9723114 1257.6 4.416","geolocation precision":4.416,"rockfall causes":null,"rockfall causes/heavy rainfall":null,"rockfall causes/human activities":null,"rockfall causes/earthquakes":null,"other":null,"risky":null,"year affected":null},"geometry":{"type":"Point","coordinates":[32.9723114,-2.5973264]}},{"id":"455","type":"Feature","properties":{"id":"mwanza_rockfall_locations.456","ogc_fid":456,"fid":457,"district":"Nyamagana","ward":"Lwanhima","subward":"Igwambiti A","source":"At risk","geolocation":"-2.6005917 32.9727667 1242.9 3.9","geolocation precision":3.9,"rockfall causes":null,"rockfall causes/heavy rainfall":null,"rockfall causes/human activities":null,"rockfall causes/earthquakes":null,"other":null,"risky":null,"year affected":null},"geometry":{"type":"Point","coordinates":[32.9727667,-2.6005917]}},{"id":"456","type":"Feature","properties":{"id":"mwanza_rockfall_locations.457","ogc_fid":457,"fid":458,"district":"Nyamagana","ward":"Lwanhima","subward":"Igwambiti A","source":"At risk","geolocation":"-2.599196 32.9698592 1258.2 4.933","geolocation precision":4.933,"rockfall causes":null,"rockfall causes/heavy rainfall":null,"rockfall causes/human activities":null,"rockfall causes/earthquakes":null,"other":null,"risky":null,"year affected":null},"geometry":{"type":"Point","coordinates":[32.9698592,-2.599196]}},{"id":"457","type":"Feature","properties":{"id":"mwanza_rockfall_locations.458","ogc_fid":458,"fid":459,"district":"Nyamagana","ward":"Buhongwa","subward":"Buhongwa Magharibi","source":"At risk","geolocation":"-2.6157194 32.9450749 1234.10009765625 4.873","geolocation precision":4.873,"rockfall causes":null,"rockfall causes/heavy rainfall":null,"rockfall causes/human activities":null,"rockfall causes/earthquakes":null,"other":null,"risky":null,"year affected":null},"geometry":{"type":"Point","coordinates":[32.9450749,-2.6157194]}},{"id":"458","type":"Feature","properties":{"id":"mwanza_rockfall_locations.459","ogc_fid":459,"fid":460,"district":"Nyamagana","ward":"Buhongwa","subward":"Buhongwa Magharibi","source":"At risk","geolocation":"-2.6183042 32.9433702 1250.781005859375 3.9","geolocation precision":3.9,"rockfall causes":null,"rockfall causes/heavy rainfall":null,"rockfall causes/human activities":null,"rockfall causes/earthquakes":null,"other":null,"risky":null,"year affected":null},"geometry":{"type":"Point","coordinates":[32.9433702,-2.6183042]}},{"id":"459","type":"Feature","properties":{"id":"mwanza_rockfall_locations.460","ogc_fid":460,"fid":461,"district":"Nyamagana","ward":"Buhongwa","subward":"Buhongwa Magharibi","source":"At risk","geolocation":"-2.6185483 32.9434168 1247.9202880859375 4.63","geolocation precision":4.63,"rockfall causes":null,"rockfall causes/heavy rainfall":null,"rockfall causes/human activities":null,"rockfall causes/earthquakes":null,"other":null,"risky":null,"year affected":null},"geometry":{"type":"Point","coordinates":[32.9434168,-2.6185483]}},{"id":"460","type":"Feature","properties":{"id":"mwanza_rockfall_locations.461","ogc_fid":461,"fid":462,"district":"Nyamagana","ward":"Lwanhima","subward":"Igwambiti A","source":"At risk","geolocation":"-2.59637423 32.96936384 1234.8524169921875 4.288","geolocation precision":4.288,"rockfall causes":null,"rockfall causes/heavy rainfall":null,"rockfall causes/human activities":null,"rockfall causes/earthquakes":null,"other":null,"risky":null,"year affected":null},"geometry":{"type":"Point","coordinates":[32.96936384,-2.59637423]}},{"id":"461","type":"Feature","properties":{"id":"mwanza_rockfall_locations.462","ogc_fid":462,"fid":463,"district":"Nyamagana","ward":"Lwanhima","subward":"Igwambiti A","source":"At risk","geolocation":"-2.59741162 32.96974859 1247.6455078125 4.288","geolocation precision":4.288,"rockfall causes":null,"rockfall causes/heavy rainfall":null,"rockfall causes/human activities":null,"rockfall causes/earthquakes":null,"other":null,"risky":null,"year affected":null},"geometry":{"type":"Point","coordinates":[32.96974859,-2.59741162]}},{"id":"462","type":"Feature","properties":{"id":"mwanza_rockfall_locations.463","ogc_fid":463,"fid":464,"district":"Nyamagana","ward":"Lwanhima","subward":"Igwambiti A","source":"At risk","geolocation":"-2.59879187 32.97423363 1235.0238037109375 3.216","geolocation precision":3.216,"rockfall causes":null,"rockfall causes/heavy rainfall":null,"rockfall causes/human activities":null,"rockfall causes/earthquakes":null,"other":null,"risky":null,"year affected":null},"geometry":{"type":"Point","coordinates":[32.97423363,-2.59879187]}},{"id":"463","type":"Feature","properties":{"id":"mwanza_rockfall_locations.464","ogc_fid":464,"fid":465,"district":"Nyamagana","ward":"Buhongwa","subward":"Buhongwa Magharibi","source":"At risk","geolocation":"-2.6188325 32.9430188 1254.9398193359375 4.645","geolocation precision":4.645,"rockfall causes":null,"rockfall causes/heavy rainfall":null,"rockfall causes/human activities":null,"rockfall causes/earthquakes":null,"other":null,"risky":null,"year affected":null},"geometry":{"type":"Point","coordinates":[32.9430188,-2.6188325]}},{"id":"464","type":"Feature","properties":{"id":"mwanza_rockfall_locations.465","ogc_fid":465,"fid":466,"district":"Nyamagana","ward":"Buhongwa","subward":"Buhongwa Magharibi","source":"At risk","geolocation":"-2.621786 32.9442579 1223.3033447265625 3.9","geolocation precision":3.9,"rockfall causes":null,"rockfall causes/heavy rainfall":null,"rockfall causes/human activities":null,"rockfall causes/earthquakes":null,"other":null,"risky":null,"year affected":null},"geometry":{"type":"Point","coordinates":[32.9442579,-2.621786]}},{"id":"465","type":"Feature","properties":{"id":"mwanza_rockfall_locations.466","ogc_fid":466,"fid":467,"district":"Nyamagana","ward":"Buhongwa","subward":"Ngwang'alanga","source":"At risk","geolocation":"-2.5992949999999997 32.949041666666666 1227.6 4.8","geolocation precision":4.8,"rockfall causes":null,"rockfall causes/heavy rainfall":null,"rockfall causes/human activities":null,"rockfall causes/earthquakes":null,"other":null,"risky":null,"year affected":null},"geometry":{"type":"Point","coordinates":[32.94904167,-2.599295]}},{"id":"466","type":"Feature","properties":{"id":"mwanza_rockfall_locations.467","ogc_fid":467,"fid":468,"district":"Nyamagana","ward":"Buhongwa","subward":"Ngwang'alanga","source":"At risk","geolocation":"-2.5991666666666666 32.949510000000004 1217.4 4.4","geolocation precision":4.4,"rockfall causes":null,"rockfall causes/heavy rainfall":null,"rockfall causes/human activities":null,"rockfall causes/earthquakes":null,"other":null,"risky":null,"year affected":null},"geometry":{"type":"Point","coordinates":[32.94951,-2.59916667]}},{"id":"467","type":"Feature","properties":{"id":"mwanza_rockfall_locations.468","ogc_fid":468,"fid":469,"district":"Nyamagana","ward":"Buhongwa","subward":"Ngwang'alanga","source":"At risk","geolocation":"-2.5997166666666667 32.94746333333333 1230.7 4.9","geolocation precision":4.9,"rockfall causes":null,"rockfall causes/heavy rainfall":null,"rockfall causes/human activities":null,"rockfall causes/earthquakes":null,"other":null,"risky":null,"year affected":null},"geometry":{"type":"Point","coordinates":[32.94746333,-2.59971667]}},{"id":"468","type":"Feature","properties":{"id":"mwanza_rockfall_locations.469","ogc_fid":469,"fid":470,"district":"Nyamagana","ward":"Buhongwa","subward":"Ngwang'alanga","source":"At risk","geolocation":"-2.600308333333333 32.94755166666666 1228.7 4.8","geolocation precision":4.8,"rockfall causes":null,"rockfall causes/heavy rainfall":null,"rockfall causes/human activities":null,"rockfall causes/earthquakes":null,"other":null,"risky":null,"year affected":null},"geometry":{"type":"Point","coordinates":[32.94755167,-2.60030833]}},{"id":"469","type":"Feature","properties":{"id":"mwanza_rockfall_locations.470","ogc_fid":470,"fid":471,"district":"Nyamagana","ward":"Buhongwa","subward":"Ngwang'alanga","source":"At risk","geolocation":"-2.6000433333333333 32.94946 1247.9 4.9","geolocation precision":4.9,"rockfall causes":null,"rockfall causes/heavy rainfall":null,"rockfall causes/human activities":null,"rockfall causes/earthquakes":null,"other":null,"risky":null,"year affected":null},"geometry":{"type":"Point","coordinates":[32.94946,-2.60004333]}},{"id":"470","type":"Feature","properties":{"id":"mwanza_rockfall_locations.471","ogc_fid":471,"fid":472,"district":"Nyamagana","ward":"Lwanhima","subward":"Kagera","source":"At risk","geolocation":"-2.6141283333333334 32.959165 1250.1 4.9","geolocation precision":4.9,"rockfall causes":null,"rockfall causes/heavy rainfall":null,"rockfall causes/human activities":null,"rockfall causes/earthquakes":null,"other":null,"risky":null,"year affected":null},"geometry":{"type":"Point","coordinates":[32.959165,-2.61412833]}},{"id":"471","type":"Feature","properties":{"id":"mwanza_rockfall_locations.472","ogc_fid":472,"fid":473,"district":"Nyamagana","ward":"Buhongwa","subward":"Ngwang'alanga","source":"At risk","geolocation":"-2.5996516666666665 32.946893333333335 1212.1 3.3","geolocation precision":3.3,"rockfall causes":null,"rockfall causes/heavy rainfall":null,"rockfall causes/human activities":null,"rockfall causes/earthquakes":null,"other":null,"risky":null,"year affected":null},"geometry":{"type":"Point","coordinates":[32.94689333,-2.59965167]}},{"id":"472","type":"Feature","properties":{"id":"mwanza_rockfall_locations.473","ogc_fid":473,"fid":474,"district":"Nyamagana","ward":"Lwanhima","subward":"Kagera","source":"At risk","geolocation":"-2.6107083333333336 32.95888333333333 1236.8 2.9","geolocation precision":2.9,"rockfall causes":null,"rockfall causes/heavy rainfall":null,"rockfall causes/human activities":null,"rockfall causes/earthquakes":null,"other":null,"risky":null,"year affected":null},"geometry":{"type":"Point","coordinates":[32.95888333,-2.61070833]}},{"id":"473","type":"Feature","properties":{"id":"mwanza_rockfall_locations.474","ogc_fid":474,"fid":475,"district":"Nyamagana","ward":"Lwanhima","subward":"Kagera","source":"At risk","geolocation":"-2.61648 32.96164666666667 1259.1 4.6","geolocation precision":4.6,"rockfall causes":null,"rockfall causes/heavy rainfall":null,"rockfall causes/human activities":null,"rockfall causes/earthquakes":null,"other":null,"risky":null,"year affected":null},"geometry":{"type":"Point","coordinates":[32.96164667,-2.61648]}},{"id":"474","type":"Feature","properties":{"id":"mwanza_rockfall_locations.475","ogc_fid":475,"fid":476,"district":"Nyamagana","ward":"Buhongwa","subward":"Nyambiti","source":"At risk","geolocation":"-2.6005233333333333 32.972746666666666 1237.0 3.8","geolocation precision":3.8,"rockfall causes":null,"rockfall causes/heavy rainfall":null,"rockfall causes/human activities":null,"rockfall causes/earthquakes":null,"other":null,"risky":null,"year affected":null},"geometry":{"type":"Point","coordinates":[32.97274667,-2.60052333]}},{"id":"475","type":"Feature","properties":{"id":"mwanza_rockfall_locations.476","ogc_fid":476,"fid":477,"district":"Nyamagana","ward":"Buhongwa","subward":"Nyambiti","source":"At risk","geolocation":"-2.6001366666666663 32.973034999999996 1249.2 3.5","geolocation precision":3.5,"rockfall causes":null,"rockfall causes/heavy rainfall":null,"rockfall causes/human activities":null,"rockfall causes/earthquakes":null,"other":null,"risky":null,"year affected":null},"geometry":{"type":"Point","coordinates":[32.973035,-2.60013667]}},{"id":"476","type":"Feature","properties":{"id":"mwanza_rockfall_locations.477","ogc_fid":477,"fid":478,"district":"Nyamagana","ward":"Buhongwa","subward":"Nyambiti","source":"At risk","geolocation":"-2.6015333333333337 32.973805 1251.1 4.7","geolocation precision":4.7,"rockfall causes":null,"rockfall causes/heavy rainfall":null,"rockfall causes/human activities":null,"rockfall causes/earthquakes":null,"other":null,"risky":null,"year affected":null},"geometry":{"type":"Point","coordinates":[32.973805,-2.60153333]}},{"id":"477","type":"Feature","properties":{"id":"mwanza_rockfall_locations.478","ogc_fid":478,"fid":479,"district":"Nyamagana","ward":"Buhongwa","subward":"Nyambiti","source":"At risk","geolocation":"-2.60325 32.97286666666666 1246.6 5.0","geolocation precision":5.0,"rockfall causes":null,"rockfall causes/heavy rainfall":null,"rockfall causes/human activities":null,"rockfall causes/earthquakes":null,"other":null,"risky":null,"year affected":null},"geometry":{"type":"Point","coordinates":[32.97286667,-2.60325]}},{"id":"478","type":"Feature","properties":{"id":"mwanza_rockfall_locations.479","ogc_fid":479,"fid":480,"district":"Nyamagana","ward":"Buhongwa","subward":"Nyambiti","source":"At risk","geolocation":"-2.602838333333333 32.96991333333334 1233.5 4.5","geolocation precision":4.5,"rockfall causes":null,"rockfall causes/heavy rainfall":null,"rockfall causes/human activities":null,"rockfall causes/earthquakes":null,"other":null,"risky":null,"year affected":null},"geometry":{"type":"Point","coordinates":[32.96991333,-2.60283833]}},{"id":"479","type":"Feature","properties":{"id":"mwanza_rockfall_locations.480","ogc_fid":480,"fid":481,"district":"Nyamagana","ward":"Buhongwa","subward":"Ng'washi","source":"At risk","geolocation":"-2.6327354 32.9414469 1223.6 4.366","geolocation precision":4.366,"rockfall causes":null,"rockfall causes/heavy rainfall":null,"rockfall causes/human activities":null,"rockfall causes/earthquakes":null,"other":null,"risky":null,"year affected":null},"geometry":{"type":"Point","coordinates":[32.9414469,-2.6327354]}},{"id":"480","type":"Feature","properties":{"id":"mwanza_rockfall_locations.481","ogc_fid":481,"fid":482,"district":"Nyamagana","ward":"Buhongwa","subward":"Ngwang'alanga","source":"At risk","geolocation":"-2.59837639 32.94924361 1213.6103515625 4.288","geolocation precision":4.288,"rockfall causes":null,"rockfall causes/heavy rainfall":null,"rockfall causes/human activities":null,"rockfall causes/earthquakes":null,"other":null,"risky":null,"year affected":null},"geometry":{"type":"Point","coordinates":[32.94924361,-2.59837639]}},{"id":"481","type":"Feature","properties":{"id":"mwanza_rockfall_locations.482","ogc_fid":482,"fid":483,"district":"Nyamagana","ward":"Buhongwa","subward":"Ngwang'alanga","source":"At risk","geolocation":"-2.59955662 32.94779555 1213.32958984375 4.288","geolocation precision":4.288,"rockfall causes":null,"rockfall causes/heavy rainfall":null,"rockfall causes/human activities":null,"rockfall causes/earthquakes":null,"other":null,"risky":null,"year affected":null},"geometry":{"type":"Point","coordinates":[32.94779555,-2.59955662]}},{"id":"482","type":"Feature","properties":{"id":"mwanza_rockfall_locations.483","ogc_fid":483,"fid":484,"district":"Nyamagana","ward":"Buhongwa","subward":"Ngwang'alanga","source":"At risk","geolocation":"-2.60011847 32.94725384 1221.25244140625 3.216","geolocation precision":3.216,"rockfall causes":null,"rockfall causes/heavy rainfall":null,"rockfall causes/human activities":null,"rockfall causes/earthquakes":null,"other":null,"risky":null,"year affected":null},"geometry":{"type":"Point","coordinates":[32.94725384,-2.60011847]}},{"id":"483","type":"Feature","properties":{"id":"mwanza_rockfall_locations.484","ogc_fid":484,"fid":485,"district":"Nyamagana","ward":"Buhongwa","subward":"Ngwang'alanga","source":"At risk","geolocation":"-2.59902494 32.94774661 1221.5794677734375 4.288","geolocation precision":4.288,"rockfall causes":null,"rockfall causes/heavy rainfall":null,"rockfall causes/human activities":null,"rockfall causes/earthquakes":null,"other":null,"risky":null,"year affected":null},"geometry":{"type":"Point","coordinates":[32.94774661,-2.59902494]}},{"id":"484","type":"Feature","properties":{"id":"mwanza_rockfall_locations.485","ogc_fid":485,"fid":486,"district":"Nyamagana","ward":"Buhongwa","subward":"Ngwang'alanga","source":"At risk","geolocation":"-2.59988997 32.94716887 1215.5272216796875 3.216","geolocation precision":3.216,"rockfall causes":null,"rockfall causes/heavy rainfall":null,"rockfall causes/human activities":null,"rockfall causes/earthquakes":null,"other":null,"risky":null,"year affected":null},"geometry":{"type":"Point","coordinates":[32.94716887,-2.59988997]}},{"id":"485","type":"Feature","properties":{"id":"mwanza_rockfall_locations.486","ogc_fid":486,"fid":487,"district":"Nyamagana","ward":"Buhongwa","subward":"Ngwang'alanga","source":"At risk","geolocation":"-2.60068684 32.9486673 1237.066650390625 3.216","geolocation precision":3.216,"rockfall causes":null,"rockfall causes/heavy rainfall":null,"rockfall causes/human activities":null,"rockfall causes/earthquakes":null,"other":null,"risky":null,"year affected":null},"geometry":{"type":"Point","coordinates":[32.9486673,-2.60068684]}},{"id":"486","type":"Feature","properties":{"id":"mwanza_rockfall_locations.487","ogc_fid":487,"fid":488,"district":"Nyamagana","ward":"Buhongwa","subward":"Ngwang'alanga","source":"At risk","geolocation":"-2.60115189 32.94861125 1218.663818359375 3.216","geolocation precision":3.216,"rockfall causes":null,"rockfall causes/heavy rainfall":null,"rockfall causes/human activities":null,"rockfall causes/earthquakes":null,"other":null,"risky":null,"year affected":null},"geometry":{"type":"Point","coordinates":[32.94861125,-2.60115189]}},{"id":"487","type":"Feature","properties":{"id":"mwanza_rockfall_locations.488","ogc_fid":488,"fid":489,"district":"Nyamagana","ward":"Lwanhima","subward":"Kagera","source":"At risk","geolocation":"-2.6143283333333334 32.958713333333336 1248.4 4.2","geolocation precision":4.2,"rockfall causes":null,"rockfall causes/heavy rainfall":null,"rockfall causes/human activities":null,"rockfall causes/earthquakes":null,"other":null,"risky":null,"year affected":null},"geometry":{"type":"Point","coordinates":[32.95871333,-2.61432833]}},{"id":"488","type":"Feature","properties":{"id":"mwanza_rockfall_locations.489","ogc_fid":489,"fid":490,"district":"Nyamagana","ward":"Lwanhima","subward":"Kagera","source":"At risk","geolocation":"-2.6114033333333335 32.95882166666667 1239.3 4.7","geolocation precision":4.7,"rockfall causes":null,"rockfall causes/heavy rainfall":null,"rockfall causes/human activities":null,"rockfall causes/earthquakes":null,"other":null,"risky":null,"year affected":null},"geometry":{"type":"Point","coordinates":[32.95882167,-2.61140333]}},{"id":"489","type":"Feature","properties":{"id":"mwanza_rockfall_locations.490","ogc_fid":490,"fid":491,"district":"Nyamagana","ward":"Lwanhima","subward":"Bugayamba","source":"At risk","geolocation":"-2.597716666666667 32.965805 1227.1 1.8","geolocation precision":1.8,"rockfall causes":null,"rockfall causes/heavy rainfall":null,"rockfall causes/human activities":null,"rockfall causes/earthquakes":null,"other":null,"risky":null,"year affected":null},"geometry":{"type":"Point","coordinates":[32.965805,-2.59771667]}},{"id":"490","type":"Feature","properties":{"id":"mwanza_rockfall_locations.491","ogc_fid":491,"fid":492,"district":"Nyamagana","ward":"Lwanhima","subward":"Bugayamba","source":"At risk","geolocation":"-2.595555 32.964956666666666 1215.8 1.5","geolocation precision":1.5,"rockfall causes":null,"rockfall causes/heavy rainfall":null,"rockfall causes/human activities":null,"rockfall causes/earthquakes":null,"other":null,"risky":null,"year affected":null},"geometry":{"type":"Point","coordinates":[32.96495667,-2.595555]}},{"id":"491","type":"Feature","properties":{"id":"mwanza_rockfall_locations.492","ogc_fid":492,"fid":493,"district":"Nyamagana","ward":"Lwanhima","subward":"Bugayamba","source":"At risk","geolocation":"-2.597869886085391 32.96569710597396 1217.0 4.0","geolocation precision":4.0,"rockfall causes":null,"rockfall causes/heavy rainfall":null,"rockfall causes/human activities":null,"rockfall causes/earthquakes":null,"other":null,"risky":null,"year affected":null},"geometry":{"type":"Point","coordinates":[32.96569711,-2.59786989]}},{"id":"492","type":"Feature","properties":{"id":"mwanza_rockfall_locations.493","ogc_fid":493,"fid":494,"district":"Nyamagana","ward":"Lwanhima","subward":"Bugayamba","source":"At risk","geolocation":"-2.596100214868784 32.96557875350118 1212.0 4.0","geolocation precision":4.0,"rockfall causes":null,"rockfall causes/heavy rainfall":null,"rockfall causes/human activities":null,"rockfall causes/earthquakes":null,"other":null,"risky":null,"year affected":null},"geometry":{"type":"Point","coordinates":[32.96557875,-2.59610021]}},{"id":"493","type":"Feature","properties":{"id":"mwanza_rockfall_locations.494","ogc_fid":494,"fid":495,"district":"Nyamagana","ward":"Lwanhima","subward":"Bugayamba","source":"At risk","geolocation":"-2.590625 32.95764333333333 1178.2 4.8","geolocation precision":4.8,"rockfall causes":null,"rockfall causes/heavy rainfall":null,"rockfall causes/human activities":null,"rockfall causes/earthquakes":null,"other":null,"risky":null,"year affected":null},"geometry":{"type":"Point","coordinates":[32.95764333,-2.590625]}},{"id":"494","type":"Feature","properties":{"id":"mwanza_rockfall_locations.495","ogc_fid":495,"fid":496,"district":"Nyamagana","ward":"Lwanhima","subward":"Bugayamba","source":"At risk","geolocation":"-2.5909633333333333 32.957708333333336 1178.9 4.1","geolocation precision":4.1,"rockfall causes":null,"rockfall causes/heavy rainfall":null,"rockfall causes/human activities":null,"rockfall causes/earthquakes":null,"other":null,"risky":null,"year affected":null},"geometry":{"type":"Point","coordinates":[32.95770833,-2.59096333]}},{"id":"495","type":"Feature","properties":{"id":"mwanza_rockfall_locations.496","ogc_fid":496,"fid":497,"district":"Nyamagana","ward":"Lwanhima","subward":"Bugayamba","source":"At risk","geolocation":"-2.59823 32.96544666666667 1240.3 4.7","geolocation precision":4.7,"rockfall causes":null,"rockfall causes/heavy rainfall":null,"rockfall causes/human activities":null,"rockfall causes/earthquakes":null,"other":null,"risky":null,"year affected":null},"geometry":{"type":"Point","coordinates":[32.96544667,-2.59823]}},{"id":"496","type":"Feature","properties":{"id":"mwanza_rockfall_locations.497","ogc_fid":497,"fid":498,"district":"Nyamagana","ward":"Lwanhima","subward":"Bugayamba","source":"At risk","geolocation":"-2.596766666666667 32.965799999999994 1238.2 3.5","geolocation precision":3.5,"rockfall causes":null,"rockfall causes/heavy rainfall":null,"rockfall causes/human activities":null,"rockfall causes/earthquakes":null,"other":null,"risky":null,"year affected":null},"geometry":{"type":"Point","coordinates":[32.9658,-2.59676667]}},{"id":"497","type":"Feature","properties":{"id":"mwanza_rockfall_locations.498","ogc_fid":498,"fid":499,"district":"Nyamagana","ward":"Lwanhima","subward":"Igwambiti A","source":"At risk","geolocation":"-2.5973483333333336 32.96700666666666 1241.8 3.9","geolocation precision":3.9,"rockfall causes":null,"rockfall causes/heavy rainfall":null,"rockfall causes/human activities":null,"rockfall causes/earthquakes":null,"other":null,"risky":null,"year affected":null},"geometry":{"type":"Point","coordinates":[32.96700667,-2.59734833]}},{"id":"498","type":"Feature","properties":{"id":"mwanza_rockfall_locations.499","ogc_fid":499,"fid":500,"district":"Nyamagana","ward":"Lwanhima","subward":"Igwambiti A","source":"At risk","geolocation":"-2.5993866666666667 32.96677 1254.9 4.9","geolocation precision":4.9,"rockfall causes":null,"rockfall causes/heavy rainfall":null,"rockfall causes/human activities":null,"rockfall causes/earthquakes":null,"other":null,"risky":null,"year affected":null},"geometry":{"type":"Point","coordinates":[32.96677,-2.59938667]}},{"id":"499","type":"Feature","properties":{"id":"mwanza_rockfall_locations.500","ogc_fid":500,"fid":501,"district":"Nyamagana","ward":"Lwanhima","subward":"Igwambiti A","source":"At risk","geolocation":"-2.600855 32.966435000000004 1240.7 2.8","geolocation precision":2.8,"rockfall causes":null,"rockfall causes/heavy rainfall":null,"rockfall causes/human activities":null,"rockfall causes/earthquakes":null,"other":null,"risky":null,"year affected":null},"geometry":{"type":"Point","coordinates":[32.966435,-2.600855]}},{"id":"500","type":"Feature","properties":{"id":"mwanza_rockfall_locations.501","ogc_fid":501,"fid":502,"district":"Nyamagana","ward":"Lwanhima","subward":"Igwambiti A","source":"At risk","geolocation":"-2.6015066666666664 32.968693333333334 1236.3 2.8","geolocation precision":2.8,"rockfall causes":null,"rockfall causes/heavy rainfall":null,"rockfall causes/human activities":null,"rockfall causes/earthquakes":null,"other":null,"risky":null,"year affected":null},"geometry":{"type":"Point","coordinates":[32.96869333,-2.60150667]}},{"id":"501","type":"Feature","properties":{"id":"mwanza_rockfall_locations.502","ogc_fid":502,"fid":503,"district":"Nyamagana","ward":"Lwanhima","subward":"Igwambiti A","source":"At risk","geolocation":"-2.601761666666667 32.96727666666666 1235.2 4.8","geolocation precision":4.8,"rockfall causes":null,"rockfall causes/heavy rainfall":null,"rockfall causes/human activities":null,"rockfall causes/earthquakes":null,"other":null,"risky":null,"year affected":null},"geometry":{"type":"Point","coordinates":[32.96727667,-2.60176167]}},{"id":"502","type":"Feature","properties":{"id":"mwanza_rockfall_locations.503","ogc_fid":503,"fid":504,"district":"Nyamagana","ward":"Buhongwa","subward":"Buhongwa Magharibi","source":"At risk","geolocation":"-2.613334 32.9417522 1241.0 4.98","geolocation precision":4.98,"rockfall causes":null,"rockfall causes/heavy rainfall":null,"rockfall causes/human activities":null,"rockfall causes/earthquakes":null,"other":null,"risky":null,"year affected":null},"geometry":{"type":"Point","coordinates":[32.9417522,-2.613334]}},{"id":"503","type":"Feature","properties":{"id":"mwanza_rockfall_locations.504","ogc_fid":504,"fid":505,"district":"Nyamagana","ward":"Buhongwa","subward":"Ngwang'alanga","source":"At risk","geolocation":"-2.5988727151200437 32.94734023731264 1190.1747289224832 4.0","geolocation precision":4.0,"rockfall causes":null,"rockfall causes/heavy rainfall":null,"rockfall causes/human activities":null,"rockfall causes/earthquakes":null,"other":null,"risky":null,"year affected":null},"geometry":{"type":"Point","coordinates":[32.94734024,-2.59887272]}},{"id":"504","type":"Feature","properties":{"id":"mwanza_rockfall_locations.505","ogc_fid":505,"fid":506,"district":"Nyamagana","ward":"Buhongwa","subward":"Ngwang'alanga","source":"At risk","geolocation":"-2.5994444685084135 32.94650192862558 1205.9704496994816 4.0","geolocation precision":4.0,"rockfall causes":null,"rockfall causes/heavy rainfall":null,"rockfall causes/human activities":null,"rockfall causes/earthquakes":null,"other":null,"risky":null,"year affected":null},"geometry":{"type":"Point","coordinates":[32.94650193,-2.59944447]}},{"id":"505","type":"Feature","properties":{"id":"mwanza_rockfall_locations.506","ogc_fid":506,"fid":507,"district":"Nyamagana","ward":"Buhongwa","subward":"Ngwang'alanga","source":"At risk","geolocation":"-2.5993499708344947 32.946151352124154 1204.2153845655819 4.0","geolocation precision":4.0,"rockfall causes":null,"rockfall causes/heavy rainfall":null,"rockfall causes/human activities":null,"rockfall causes/earthquakes":null,"other":null,"risky":null,"year affected":null},"geometry":{"type":"Point","coordinates":[32.94615135,-2.59934997]}},{"id":"506","type":"Feature","properties":{"id":"mwanza_rockfall_locations.507","ogc_fid":507,"fid":508,"district":"Nyamagana","ward":"Buhongwa","subward":"Buhongwa Magharibi","source":"At risk","geolocation":"-2.6174425 32.9428552 1247.5 4.716","geolocation precision":4.716,"rockfall causes":null,"rockfall causes/heavy rainfall":null,"rockfall causes/human activities":null,"rockfall causes/earthquakes":null,"other":null,"risky":null,"year affected":null},"geometry":{"type":"Point","coordinates":[32.9428552,-2.6174425]}},{"id":"507","type":"Feature","properties":{"id":"mwanza_rockfall_locations.508","ogc_fid":508,"fid":509,"district":"Nyamagana","ward":"Buhongwa","subward":"Ngwang'alanga","source":"At risk","geolocation":"-2.5991066666666667 32.94737166666666 1209.3 3.5","geolocation precision":3.5,"rockfall causes":null,"rockfall causes/heavy rainfall":null,"rockfall causes/human activities":null,"rockfall causes/earthquakes":null,"other":null,"risky":null,"year affected":null},"geometry":{"type":"Point","coordinates":[32.94737167,-2.59910667]}},{"id":"508","type":"Feature","properties":{"id":"mwanza_rockfall_locations.509","ogc_fid":509,"fid":510,"district":"Nyamagana","ward":"Buhongwa","subward":"Ngwang'alanga","source":"At risk","geolocation":"-2.6005716666666667 32.94697833333333 1228.4 2.2","geolocation precision":2.2,"rockfall causes":null,"rockfall causes/heavy rainfall":null,"rockfall causes/human activities":null,"rockfall causes/earthquakes":null,"other":null,"risky":null,"year affected":null},"geometry":{"type":"Point","coordinates":[32.94697833,-2.60057167]}},{"id":"509","type":"Feature","properties":{"id":"mwanza_rockfall_locations.510","ogc_fid":510,"fid":511,"district":"Nyamagana","ward":"Buhongwa","subward":"Ngwang'alanga","source":"At risk","geolocation":"-2.600175 32.94931 1253.4 5.0","geolocation precision":5.0,"rockfall causes":null,"rockfall causes/heavy rainfall":null,"rockfall causes/human activities":null,"rockfall causes/earthquakes":null,"other":null,"risky":null,"year affected":null},"geometry":{"type":"Point","coordinates":[32.94931,-2.600175]}},{"id":"510","type":"Feature","properties":{"id":"mwanza_rockfall_locations.511","ogc_fid":511,"fid":512,"district":"Nyamagana","ward":"Buhongwa","subward":"Ngwang'alanga","source":"At risk","geolocation":"-2.59976 32.950738333333334 1237.5 4.1","geolocation precision":4.1,"rockfall causes":null,"rockfall causes/heavy rainfall":null,"rockfall causes/human activities":null,"rockfall causes/earthquakes":null,"other":null,"risky":null,"year affected":null},"geometry":{"type":"Point","coordinates":[32.95073833,-2.59976]}},{"id":"511","type":"Feature","properties":{"id":"mwanza_rockfall_locations.512","ogc_fid":512,"fid":513,"district":"Nyamagana","ward":"Buhongwa","subward":"Ngwang'alanga","source":"At risk","geolocation":"-2.5997683333333335 32.951006666666665 1203.7 4.0","geolocation precision":4.0,"rockfall causes":null,"rockfall causes/heavy rainfall":null,"rockfall causes/human activities":null,"rockfall causes/earthquakes":null,"other":null,"risky":null,"year affected":null},"geometry":{"type":"Point","coordinates":[32.95100667,-2.59976833]}},{"id":"512","type":"Feature","properties":{"id":"mwanza_rockfall_locations.513","ogc_fid":513,"fid":514,"district":"Nyamagana","ward":"Buhongwa","subward":"Ngwang'alanga","source":"At risk","geolocation":"-2.598336666666667 32.94838166666667 1216.4 4.9","geolocation precision":4.9,"rockfall causes":null,"rockfall causes/heavy rainfall":null,"rockfall causes/human activities":null,"rockfall causes/earthquakes":null,"other":null,"risky":null,"year affected":null},"geometry":{"type":"Point","coordinates":[32.94838167,-2.59833667]}},{"id":"513","type":"Feature","properties":{"id":"mwanza_rockfall_locations.514","ogc_fid":514,"fid":515,"district":"Nyamagana","ward":"Buhongwa","subward":"Ngwang'alanga","source":"At risk","geolocation":"-2.5995366666666664 32.94801666666667 1198.6 4.7","geolocation precision":4.7,"rockfall causes":null,"rockfall causes/heavy rainfall":null,"rockfall causes/human activities":null,"rockfall causes/earthquakes":null,"other":null,"risky":null,"year affected":null},"geometry":{"type":"Point","coordinates":[32.94801667,-2.59953667]}},{"id":"514","type":"Feature","properties":{"id":"mwanza_rockfall_locations.515","ogc_fid":515,"fid":516,"district":"Nyamagana","ward":"Buhongwa","subward":"Ngwang'alanga","source":"At risk","geolocation":"-2.600083333333333 32.94777166666667 1214.0 4.5","geolocation precision":4.5,"rockfall causes":null,"rockfall causes/heavy rainfall":null,"rockfall causes/human activities":null,"rockfall causes/earthquakes":null,"other":null,"risky":null,"year affected":null},"geometry":{"type":"Point","coordinates":[32.94777167,-2.60008333]}},{"id":"515","type":"Feature","properties":{"id":"mwanza_rockfall_locations.516","ogc_fid":516,"fid":517,"district":"Nyamagana","ward":"Buhongwa","subward":"Ngwang'alanga","source":"At risk","geolocation":"-2.598465 32.949075 1194.0 5.0","geolocation precision":5.0,"rockfall causes":null,"rockfall causes/heavy rainfall":null,"rockfall causes/human activities":null,"rockfall causes/earthquakes":null,"other":null,"risky":null,"year affected":null},"geometry":{"type":"Point","coordinates":[32.949075,-2.598465]}},{"id":"516","type":"Feature","properties":{"id":"mwanza_rockfall_locations.517","ogc_fid":517,"fid":518,"district":"Nyamagana","ward":"Lwanhima","subward":"Kagera","source":"At risk","geolocation":"-2.615596666666667 32.96149166666667 1245.8 4.4","geolocation precision":4.4,"rockfall causes":null,"rockfall causes/heavy rainfall":null,"rockfall causes/human activities":null,"rockfall causes/earthquakes":null,"other":null,"risky":null,"year affected":null},"geometry":{"type":"Point","coordinates":[32.96149167,-2.61559667]}},{"id":"517","type":"Feature","properties":{"id":"mwanza_rockfall_locations.518","ogc_fid":518,"fid":519,"district":"Nyamagana","ward":"Lwanhima","subward":"Kagera","source":"Happened","geolocation":"-2.612231934600701 32.959097235747905 1233.8205445004478 4.0","geolocation precision":4.0,"rockfall causes":"human activities","rockfall causes/heavy rainfall":0.0,"rockfall causes/human activities":1.0,"rockfall causes/earthquakes":0.0,"other":null,"risky":"yes","year affected":null},"geometry":{"type":"Point","coordinates":[32.95909724,-2.61223193]}},{"id":"518","type":"Feature","properties":{"id":"mwanza_rockfall_locations.519","ogc_fid":519,"fid":520,"district":"Nyamagana","ward":"Lwanhima","subward":"Igwambiti A","source":"At risk","geolocation":"-2.596321666666667 32.966721666666665 1251.2 4.7","geolocation precision":4.7,"rockfall causes":null,"rockfall causes/heavy rainfall":null,"rockfall causes/human activities":null,"rockfall causes/earthquakes":null,"other":null,"risky":null,"year affected":null},"geometry":{"type":"Point","coordinates":[32.96672167,-2.59632167]}},{"id":"519","type":"Feature","properties":{"id":"mwanza_rockfall_locations.520","ogc_fid":520,"fid":521,"district":"Nyamagana","ward":"Lwanhima","subward":"Igwambiti A","source":"At risk","geolocation":"-2.6007716666666667 32.966168333333336 1217.1 4.7","geolocation precision":4.7,"rockfall causes":null,"rockfall causes/heavy rainfall":null,"rockfall causes/human activities":null,"rockfall causes/earthquakes":null,"other":null,"risky":null,"year affected":null},"geometry":{"type":"Point","coordinates":[32.96616833,-2.60077167]}},{"id":"520","type":"Feature","properties":{"id":"mwanza_rockfall_locations.521","ogc_fid":521,"fid":522,"district":"Nyamagana","ward":"Lwanhima","subward":"Igwambiti A","source":"At risk","geolocation":"-2.6011516666666665 32.96763333333333 1240.4 4.6","geolocation precision":4.6,"rockfall causes":null,"rockfall causes/heavy rainfall":null,"rockfall causes/human activities":null,"rockfall causes/earthquakes":null,"other":null,"risky":null,"year affected":null},"geometry":{"type":"Point","coordinates":[32.96763333,-2.60115167]}},{"id":"521","type":"Feature","properties":{"id":"mwanza_rockfall_locations.522","ogc_fid":522,"fid":523,"district":"Nyamagana","ward":"Lwanhima","subward":"Igwambiti A","source":"At risk","geolocation":"-2.6015 32.96825833333333 1253.3 5.0","geolocation precision":5.0,"rockfall causes":null,"rockfall causes/heavy rainfall":null,"rockfall causes/human activities":null,"rockfall causes/earthquakes":null,"other":null,"risky":null,"year affected":null},"geometry":{"type":"Point","coordinates":[32.96825833,-2.6015]}},{"id":"522","type":"Feature","properties":{"id":"mwanza_rockfall_locations.523","ogc_fid":523,"fid":524,"district":"Nyamagana","ward":"Lwanhima","subward":"Igwambiti A","source":"At risk","geolocation":"-2.6017366666666666 32.96801166666667 1248.5 5.0","geolocation precision":5.0,"rockfall causes":null,"rockfall causes/heavy rainfall":null,"rockfall causes/human activities":null,"rockfall causes/earthquakes":null,"other":null,"risky":null,"year affected":null},"geometry":{"type":"Point","coordinates":[32.96801167,-2.60173667]}},{"id":"523","type":"Feature","properties":{"id":"mwanza_rockfall_locations.524","ogc_fid":524,"fid":525,"district":"Nyamagana","ward":"Lwanhima","subward":"Igwambiti A","source":"At risk","geolocation":"-2.5970666666666666 32.966975000000005 1242.3 4.1","geolocation precision":4.1,"rockfall causes":null,"rockfall causes/heavy rainfall":null,"rockfall causes/human activities":null,"rockfall causes/earthquakes":null,"other":null,"risky":null,"year affected":null},"geometry":{"type":"Point","coordinates":[32.966975,-2.59706667]}},{"id":"524","type":"Feature","properties":{"id":"mwanza_rockfall_locations.525","ogc_fid":525,"fid":526,"district":"Nyamagana","ward":"Lwanhima","subward":"Igwambiti A","source":"At risk","geolocation":"-2.5971866666666665 32.967255 1244.7 3.5","geolocation precision":3.5,"rockfall causes":null,"rockfall causes/heavy rainfall":null,"rockfall causes/human activities":null,"rockfall causes/earthquakes":null,"other":null,"risky":null,"year affected":null},"geometry":{"type":"Point","coordinates":[32.967255,-2.59718667]}},{"id":"525","type":"Feature","properties":{"id":"mwanza_rockfall_locations.526","ogc_fid":526,"fid":527,"district":"Nyamagana","ward":"Lwanhima","subward":"Igwambiti A","source":"At risk","geolocation":"-2.600908333333333 32.966831666666664 1233.0 4.3","geolocation precision":4.3,"rockfall causes":null,"rockfall causes/heavy rainfall":null,"rockfall causes/human activities":null,"rockfall causes/earthquakes":null,"other":null,"risky":null,"year affected":null},"geometry":{"type":"Point","coordinates":[32.96683167,-2.60090833]}},{"id":"526","type":"Feature","properties":{"id":"mwanza_rockfall_locations.527","ogc_fid":527,"fid":528,"district":"Nyamagana","ward":"Lwanhima","subward":"Igwambiti A","source":"At risk","geolocation":"-2.60116 32.967555 1243.9 2.5","geolocation precision":2.5,"rockfall causes":null,"rockfall causes/heavy rainfall":null,"rockfall causes/human activities":null,"rockfall causes/earthquakes":null,"other":null,"risky":null,"year affected":null},"geometry":{"type":"Point","coordinates":[32.967555,-2.60116]}},{"id":"527","type":"Feature","properties":{"id":"mwanza_rockfall_locations.528","ogc_fid":528,"fid":529,"district":"Nyamagana","ward":"Lwanhima","subward":"Igwambiti A","source":"At risk","geolocation":"-2.6018916666666665 32.968225 1232.3 1.7","geolocation precision":1.7,"rockfall causes":null,"rockfall causes/heavy rainfall":null,"rockfall causes/human activities":null,"rockfall causes/earthquakes":null,"other":null,"risky":null,"year affected":null},"geometry":{"type":"Point","coordinates":[32.968225,-2.60189167]}},{"id":"528","type":"Feature","properties":{"id":"mwanza_rockfall_locations.529","ogc_fid":529,"fid":530,"district":"Nyamagana","ward":"Nyegezi","subward":"Nkamba","source":"At risk","geolocation":"-2.58874374 32.92225717 1195.658935546875 4.288","geolocation precision":4.288,"rockfall causes":null,"rockfall causes/heavy rainfall":null,"rockfall causes/human activities":null,"rockfall causes/earthquakes":null,"other":null,"risky":null,"year affected":null},"geometry":{"type":"Point","coordinates":[32.92225717,-2.58874374]}},{"id":"529","type":"Feature","properties":{"id":"mwanza_rockfall_locations.530","ogc_fid":530,"fid":531,"district":"Nyamagana","ward":"Nyegezi","subward":"Nkamba","source":"At risk","geolocation":"-2.58830409 32.92245637 1223.3031005859375 3.216","geolocation precision":3.216,"rockfall causes":null,"rockfall causes/heavy rainfall":null,"rockfall causes/human activities":null,"rockfall causes/earthquakes":null,"other":null,"risky":null,"year affected":null},"geometry":{"type":"Point","coordinates":[32.92245637,-2.58830409]}},{"id":"530","type":"Feature","properties":{"id":"mwanza_rockfall_locations.531","ogc_fid":531,"fid":532,"district":"Nyamagana","ward":"Nyegezi","subward":"Nkamba","source":"At risk","geolocation":"-2.58798619 32.92354868 1238.4847412109375 3.216","geolocation precision":3.216,"rockfall causes":null,"rockfall causes/heavy rainfall":null,"rockfall causes/human activities":null,"rockfall causes/earthquakes":null,"other":null,"risky":null,"year affected":null},"geometry":{"type":"Point","coordinates":[32.92354868,-2.58798619]}},{"id":"531","type":"Feature","properties":{"id":"mwanza_rockfall_locations.532","ogc_fid":532,"fid":533,"district":"Nyamagana","ward":"Nyegezi","subward":"Nkamba","source":"At risk","geolocation":"-2.5867066666666667 32.923631666666665 1252.5 4.6","geolocation precision":4.6,"rockfall causes":null,"rockfall causes/heavy rainfall":null,"rockfall causes/human activities":null,"rockfall causes/earthquakes":null,"other":null,"risky":null,"year affected":null},"geometry":{"type":"Point","coordinates":[32.92363167,-2.58670667]}},{"id":"532","type":"Feature","properties":{"id":"mwanza_rockfall_locations.533","ogc_fid":533,"fid":534,"district":"Nyamagana","ward":"Nyegezi","subward":"Nkamba","source":"At risk","geolocation":"-2.5887949999999997 32.922198333333334 1202.2 4.1","geolocation precision":4.1,"rockfall causes":null,"rockfall causes/heavy rainfall":null,"rockfall causes/human activities":null,"rockfall causes/earthquakes":null,"other":null,"risky":null,"year affected":null},"geometry":{"type":"Point","coordinates":[32.92219833,-2.588795]}},{"id":"533","type":"Feature","properties":{"id":"mwanza_rockfall_locations.534","ogc_fid":534,"fid":535,"district":"Nyamagana","ward":"Nyegezi","subward":"Nkamba","source":"At risk","geolocation":"-2.58767417 32.92354768 1255.5540771484375 3.216","geolocation precision":3.216,"rockfall causes":null,"rockfall causes/heavy rainfall":null,"rockfall causes/human activities":null,"rockfall causes/earthquakes":null,"other":null,"risky":null,"year affected":null},"geometry":{"type":"Point","coordinates":[32.92354768,-2.58767417]}},{"id":"534","type":"Feature","properties":{"id":"mwanza_rockfall_locations.535","ogc_fid":535,"fid":536,"district":"Nyamagana","ward":"Nyegezi","subward":"Nkamba","source":"At risk","geolocation":"-2.5885433333333334 32.92225833333334 1205.9 4.7","geolocation precision":4.7,"rockfall causes":null,"rockfall causes/heavy rainfall":null,"rockfall causes/human activities":null,"rockfall causes/earthquakes":null,"other":null,"risky":null,"year affected":null},"geometry":{"type":"Point","coordinates":[32.92225833,-2.58854333]}},{"id":"535","type":"Feature","properties":{"id":"mwanza_rockfall_locations.536","ogc_fid":536,"fid":537,"district":"Nyamagana","ward":"Nyegezi","subward":"Nkamba","source":"At risk","geolocation":"-2.5879200000000004 32.92337833333333 1247.3 2.7","geolocation precision":2.7,"rockfall causes":null,"rockfall causes/heavy rainfall":null,"rockfall causes/human activities":null,"rockfall causes/earthquakes":null,"other":null,"risky":null,"year affected":null},"geometry":{"type":"Point","coordinates":[32.92337833,-2.58792]}},{"id":"536","type":"Feature","properties":{"id":"mwanza_rockfall_locations.537","ogc_fid":537,"fid":538,"district":"Nyamagana","ward":"Nyegezi","subward":"Nkamba","source":"At risk","geolocation":"-2.589148333333333 32.92202833333333 1201.9 4.7","geolocation precision":4.7,"rockfall causes":null,"rockfall causes/heavy rainfall":null,"rockfall causes/human activities":null,"rockfall causes/earthquakes":null,"other":null,"risky":null,"year affected":null},"geometry":{"type":"Point","coordinates":[32.92202833,-2.58914833]}},{"id":"537","type":"Feature","properties":{"id":"mwanza_rockfall_locations.538","ogc_fid":538,"fid":539,"district":"Nyamagana","ward":"Nyegezi","subward":"Nkamba","source":"At risk","geolocation":"-2.588385 32.92235 1201.9 5.0","geolocation precision":5.0,"rockfall causes":null,"rockfall causes/heavy rainfall":null,"rockfall causes/human activities":null,"rockfall causes/earthquakes":null,"other":null,"risky":null,"year affected":null},"geometry":{"type":"Point","coordinates":[32.92235,-2.588385]}},{"id":"538","type":"Feature","properties":{"id":"mwanza_rockfall_locations.539","ogc_fid":539,"fid":540,"district":"Nyamagana","ward":"Nyegezi","subward":"Nkamba","source":"At risk","geolocation":"-2.5878366666666666 32.92366166666667 1233.3 2.9","geolocation precision":2.9,"rockfall causes":null,"rockfall causes/heavy rainfall":null,"rockfall causes/human activities":null,"rockfall causes/earthquakes":null,"other":null,"risky":null,"year affected":null},"geometry":{"type":"Point","coordinates":[32.92366167,-2.58783667]}},{"id":"539","type":"Feature","properties":{"id":"mwanza_rockfall_locations.540","ogc_fid":540,"fid":541,"district":"Nyamagana","ward":"Nyegezi","subward":"Nkamba","source":"At risk","geolocation":"-2.587693333333333 32.923649999999995 1243.8 3.8","geolocation precision":3.8,"rockfall causes":null,"rockfall causes/heavy rainfall":null,"rockfall causes/human activities":null,"rockfall causes/earthquakes":null,"other":null,"risky":null,"year affected":null},"geometry":{"type":"Point","coordinates":[32.92365,-2.58769333]}},{"id":"540","type":"Feature","properties":{"id":"mwanza_rockfall_locations.541","ogc_fid":541,"fid":542,"district":"Nyamagana","ward":"Nyegezi","subward":"Swila","source":"At risk","geolocation":"-2.578235 32.92974 1222.3 4.3","geolocation precision":4.3,"rockfall causes":null,"rockfall causes/heavy rainfall":null,"rockfall causes/human activities":null,"rockfall causes/earthquakes":null,"other":null,"risky":null,"year affected":null},"geometry":{"type":"Point","coordinates":[32.92974,-2.578235]}},{"id":"541","type":"Feature","properties":{"id":"mwanza_rockfall_locations.542","ogc_fid":542,"fid":543,"district":"Nyamagana","ward":"Nyegezi","subward":"Swila","source":"At risk","geolocation":"-2.5779750000000003 32.92991166666666 1221.9 4.3","geolocation precision":4.3,"rockfall causes":null,"rockfall causes/heavy rainfall":null,"rockfall causes/human activities":null,"rockfall causes/earthquakes":null,"other":null,"risky":null,"year affected":null},"geometry":{"type":"Point","coordinates":[32.92991167,-2.577975]}},{"id":"542","type":"Feature","properties":{"id":"mwanza_rockfall_locations.543","ogc_fid":543,"fid":544,"district":"Nyamagana","ward":"Nyegezi","subward":"Swila","source":"At risk","geolocation":"-2.578601106069982 32.92970730923116 1227.0 4.5","geolocation precision":4.5,"rockfall causes":null,"rockfall causes/heavy rainfall":null,"rockfall causes/human activities":null,"rockfall causes/earthquakes":null,"other":null,"risky":null,"year affected":null},"geometry":{"type":"Point","coordinates":[32.92970731,-2.57860111]}},{"id":"543","type":"Feature","properties":{"id":"mwanza_rockfall_locations.544","ogc_fid":544,"fid":545,"district":"Nyamagana","ward":"Nyegezi","subward":"Swila","source":"At risk","geolocation":"-2.5762783333333332 32.92944 1210.8 3.2","geolocation precision":3.2,"rockfall causes":null,"rockfall causes/heavy rainfall":null,"rockfall causes/human activities":null,"rockfall causes/earthquakes":null,"other":null,"risky":null,"year affected":null},"geometry":{"type":"Point","coordinates":[32.92944,-2.57627833]}},{"id":"544","type":"Feature","properties":{"id":"mwanza_rockfall_locations.545","ogc_fid":545,"fid":546,"district":"Nyamagana","ward":"Nyegezi","subward":"Swila","source":"At risk","geolocation":"-2.578471479937434 32.92981510050595 1230.0 5.0","geolocation precision":5.0,"rockfall causes":null,"rockfall causes/heavy rainfall":null,"rockfall causes/human activities":null,"rockfall causes/earthquakes":null,"other":null,"risky":null,"year affected":null},"geometry":{"type":"Point","coordinates":[32.9298151,-2.57847148]}},{"id":"545","type":"Feature","properties":{"id":"mwanza_rockfall_locations.546","ogc_fid":546,"fid":547,"district":"Nyamagana","ward":"Nyegezi","subward":"Swila","source":"At risk","geolocation":"-2.5739733333333334 32.930928333333334 1161.5 5.0","geolocation precision":5.0,"rockfall causes":null,"rockfall causes/heavy rainfall":null,"rockfall causes/human activities":null,"rockfall causes/earthquakes":null,"other":null,"risky":null,"year affected":null},"geometry":{"type":"Point","coordinates":[32.93092833,-2.57397333]}},{"id":"546","type":"Feature","properties":{"id":"mwanza_rockfall_locations.547","ogc_fid":547,"fid":548,"district":"Nyamagana","ward":"Nyegezi","subward":"Swila","source":"At risk","geolocation":"-2.574031879194081 32.93164671398699 1165.0 5.0","geolocation precision":5.0,"rockfall causes":null,"rockfall causes/heavy rainfall":null,"rockfall causes/human activities":null,"rockfall causes/earthquakes":null,"other":null,"risky":null,"year affected":null},"geometry":{"type":"Point","coordinates":[32.93164671,-2.57403188]}},{"id":"547","type":"Feature","properties":{"id":"mwanza_rockfall_locations.548","ogc_fid":548,"fid":549,"district":"Nyamagana","ward":"Nyegezi","subward":"Swila","source":"At risk","geolocation":"-2.57350021507591 32.93266008608043 1136.0 5.0","geolocation precision":5.0,"rockfall causes":null,"rockfall causes/heavy rainfall":null,"rockfall causes/human activities":null,"rockfall causes/earthquakes":null,"other":null,"risky":null,"year affected":null},"geometry":{"type":"Point","coordinates":[32.93266009,-2.57350021]}},{"id":"548","type":"Feature","properties":{"id":"mwanza_rockfall_locations.549","ogc_fid":549,"fid":550,"district":"Nyamagana","ward":"Nyegezi","subward":"Nkamba","source":"At risk","geolocation":"-2.588641187295119 32.92171274186047 1195.7112029712268 4.0","geolocation precision":4.0,"rockfall causes":null,"rockfall causes/heavy rainfall":null,"rockfall causes/human activities":null,"rockfall causes/earthquakes":null,"other":null,"risky":null,"year affected":null},"geometry":{"type":"Point","coordinates":[32.92171274,-2.58864119]}},{"id":"549","type":"Feature","properties":{"id":"mwanza_rockfall_locations.550","ogc_fid":550,"fid":551,"district":"Nyamagana","ward":"Nyegezi","subward":"Nkamba","source":"At risk","geolocation":"-2.588857654102753 32.922062255707 1197.73645753304 4.0","geolocation precision":4.0,"rockfall causes":null,"rockfall causes/heavy rainfall":null,"rockfall causes/human activities":null,"rockfall causes/earthquakes":null,"other":null,"risky":null,"year affected":null},"geometry":{"type":"Point","coordinates":[32.92206226,-2.58885765]}},{"id":"550","type":"Feature","properties":{"id":"mwanza_rockfall_locations.551","ogc_fid":551,"fid":552,"district":"Nyamagana","ward":"Nyegezi","subward":"Nkamba","source":"At risk","geolocation":"-2.588966581008528 32.92195688005828 1195.6941406573094 4.0","geolocation precision":4.0,"rockfall causes":null,"rockfall causes/heavy rainfall":null,"rockfall causes/human activities":null,"rockfall causes/earthquakes":null,"other":null,"risky":null,"year affected":null},"geometry":{"type":"Point","coordinates":[32.92195688,-2.58896658]}},{"id":"551","type":"Feature","properties":{"id":"mwanza_rockfall_locations.552","ogc_fid":552,"fid":553,"district":"Nyamagana","ward":"Nyegezi","subward":"Nyabulogoya","source":"At risk","geolocation":"-2.5831733333333333 32.922313333333335 1218.9 4.9","geolocation precision":4.9,"rockfall causes":null,"rockfall causes/heavy rainfall":null,"rockfall causes/human activities":null,"rockfall causes/earthquakes":null,"other":null,"risky":null,"year affected":null},"geometry":{"type":"Point","coordinates":[32.92231333,-2.58317333]}},{"id":"552","type":"Feature","properties":{"id":"mwanza_rockfall_locations.553","ogc_fid":553,"fid":554,"district":"Nyamagana","ward":"Nyegezi","subward":"Nyabulogoya","source":"At risk","geolocation":"-2.583606666666667 32.923516666666664 1259.5 4.7","geolocation precision":4.7,"rockfall causes":null,"rockfall causes/heavy rainfall":null,"rockfall causes/human activities":null,"rockfall causes/earthquakes":null,"other":null,"risky":null,"year affected":null},"geometry":{"type":"Point","coordinates":[32.92351667,-2.58360667]}},{"id":"553","type":"Feature","properties":{"id":"mwanza_rockfall_locations.554","ogc_fid":554,"fid":555,"district":"Nyamagana","ward":"Nyegezi","subward":"Nyabulogoya","source":"At risk","geolocation":"-2.5826149999999997 32.92424166666667 1258.0 4.8","geolocation precision":4.8,"rockfall causes":null,"rockfall causes/heavy rainfall":null,"rockfall causes/human activities":null,"rockfall causes/earthquakes":null,"other":null,"risky":null,"year affected":null},"geometry":{"type":"Point","coordinates":[32.92424167,-2.582615]}},{"id":"554","type":"Feature","properties":{"id":"mwanza_rockfall_locations.555","ogc_fid":555,"fid":556,"district":"Nyamagana","ward":"Nyegezi","subward":"Swila","source":"At risk","geolocation":"-2.5793583333333334 32.928336666666674 1242.9 4.6","geolocation precision":4.6,"rockfall causes":null,"rockfall causes/heavy rainfall":null,"rockfall causes/human activities":null,"rockfall causes/earthquakes":null,"other":null,"risky":null,"year affected":null},"geometry":{"type":"Point","coordinates":[32.92833667,-2.57935833]}},{"id":"555","type":"Feature","properties":{"id":"mwanza_rockfall_locations.556","ogc_fid":556,"fid":557,"district":"Nyamagana","ward":"Nyegezi","subward":"Nyabulogoya","source":"At risk","geolocation":"-2.58284 32.924645000000005 1249.0 5.0","geolocation precision":5.0,"rockfall causes":null,"rockfall causes/heavy rainfall":null,"rockfall causes/human activities":null,"rockfall causes/earthquakes":null,"other":null,"risky":null,"year affected":null},"geometry":{"type":"Point","coordinates":[32.924645,-2.58284]}},{"id":"556","type":"Feature","properties":{"id":"mwanza_rockfall_locations.557","ogc_fid":557,"fid":558,"district":"Nyamagana","ward":"Nyegezi","subward":"Nyabulogoya","source":"At risk","geolocation":"-2.5830616666666666 32.92480833333333 1251.2 4.7","geolocation precision":4.7,"rockfall causes":null,"rockfall causes/heavy rainfall":null,"rockfall causes/human activities":null,"rockfall causes/earthquakes":null,"other":null,"risky":null,"year affected":null},"geometry":{"type":"Point","coordinates":[32.92480833,-2.58306167]}},{"id":"557","type":"Feature","properties":{"id":"mwanza_rockfall_locations.558","ogc_fid":558,"fid":559,"district":"Nyamagana","ward":"Nyegezi","subward":"Nyabulogoya","source":"At risk","geolocation":"-2.58316 32.92473666666667 1253.8 3.4","geolocation precision":3.4,"rockfall causes":null,"rockfall causes/heavy rainfall":null,"rockfall causes/human activities":null,"rockfall causes/earthquakes":null,"other":null,"risky":null,"year affected":null},"geometry":{"type":"Point","coordinates":[32.92473667,-2.58316]}},{"id":"558","type":"Feature","properties":{"id":"mwanza_rockfall_locations.559","ogc_fid":559,"fid":560,"district":"Nyamagana","ward":"Nyegezi","subward":"Nyabulogoya","source":"At risk","geolocation":"-2.5829516666666668 32.924928333333334 1254.8 4.8","geolocation precision":4.8,"rockfall causes":null,"rockfall causes/heavy rainfall":null,"rockfall causes/human activities":null,"rockfall causes/earthquakes":null,"other":null,"risky":null,"year affected":null},"geometry":{"type":"Point","coordinates":[32.92492833,-2.58295167]}},{"id":"559","type":"Feature","properties":{"id":"mwanza_rockfall_locations.560","ogc_fid":560,"fid":561,"district":"Nyamagana","ward":"Nyegezi","subward":"Nyabulogoya","source":"At risk","geolocation":"-2.5827733333333334 32.92491833333334 1251.5 5.0","geolocation precision":5.0,"rockfall causes":null,"rockfall causes/heavy rainfall":null,"rockfall causes/human activities":null,"rockfall causes/earthquakes":null,"other":null,"risky":null,"year affected":null},"geometry":{"type":"Point","coordinates":[32.92491833,-2.58277333]}},{"id":"560","type":"Feature","properties":{"id":"mwanza_rockfall_locations.561","ogc_fid":561,"fid":562,"district":"Nyamagana","ward":"Nyegezi","subward":"Nyabulogoya","source":"At risk","geolocation":"-2.5845800000000003 32.92492 1270.3 4.1","geolocation precision":4.1,"rockfall causes":null,"rockfall causes/heavy rainfall":null,"rockfall causes/human activities":null,"rockfall causes/earthquakes":null,"other":null,"risky":null,"year affected":null},"geometry":{"type":"Point","coordinates":[32.92492,-2.58458]}},{"id":"561","type":"Feature","properties":{"id":"mwanza_rockfall_locations.562","ogc_fid":562,"fid":563,"district":"Nyamagana","ward":"Nyegezi","subward":"Swila","source":"At risk","geolocation":"-2.573316666666667 32.93125833333333 1153.8 4.9","geolocation precision":4.9,"rockfall causes":null,"rockfall causes/heavy rainfall":null,"rockfall causes/human activities":null,"rockfall causes/earthquakes":null,"other":null,"risky":null,"year affected":null},"geometry":{"type":"Point","coordinates":[32.93125833,-2.57331667]}},{"id":"562","type":"Feature","properties":{"id":"mwanza_rockfall_locations.563","ogc_fid":563,"fid":564,"district":"Nyamagana","ward":"Nyegezi","subward":"Nkamba","source":"At risk","geolocation":"-2.5870068601385676 32.92304926085598 1251.4623377886182 4.0","geolocation precision":4.0,"rockfall causes":null,"rockfall causes/heavy rainfall":null,"rockfall causes/human activities":null,"rockfall causes/earthquakes":null,"other":null,"risky":null,"year affected":null},"geometry":{"type":"Point","coordinates":[32.92304926,-2.58700686]}},{"id":"563","type":"Feature","properties":{"id":"mwanza_rockfall_locations.564","ogc_fid":564,"fid":565,"district":"Nyamagana","ward":"Nyegezi","subward":"Nkamba","source":"At risk","geolocation":"-2.5869751064233424 32.923333969312125 1249.0662433314521 4.0","geolocation precision":4.0,"rockfall causes":null,"rockfall causes/heavy rainfall":null,"rockfall causes/human activities":null,"rockfall causes/earthquakes":null,"other":null,"risky":null,"year affected":null},"geometry":{"type":"Point","coordinates":[32.92333397,-2.58697511]}},{"id":"564","type":"Feature","properties":{"id":"mwanza_rockfall_locations.565","ogc_fid":565,"fid":566,"district":"Nyamagana","ward":"Nyegezi","subward":"Nyabulogoya","source":"At risk","geolocation":"-2.5826716666666663 32.92234166666666 1224.1 5.0","geolocation precision":5.0,"rockfall causes":null,"rockfall causes/heavy rainfall":null,"rockfall causes/human activities":null,"rockfall causes/earthquakes":null,"other":null,"risky":null,"year affected":null},"geometry":{"type":"Point","coordinates":[32.92234167,-2.58267167]}},{"id":"565","type":"Feature","properties":{"id":"mwanza_rockfall_locations.566","ogc_fid":566,"fid":567,"district":"Nyamagana","ward":"Nyegezi","subward":"Nyabulogoya","source":"At risk","geolocation":"-2.583048333333333 32.92247166666667 1218.8 3.9","geolocation precision":3.9,"rockfall causes":null,"rockfall causes/heavy rainfall":null,"rockfall causes/human activities":null,"rockfall causes/earthquakes":null,"other":null,"risky":null,"year affected":null},"geometry":{"type":"Point","coordinates":[32.92247167,-2.58304833]}},{"id":"566","type":"Feature","properties":{"id":"mwanza_rockfall_locations.567","ogc_fid":567,"fid":568,"district":"Nyamagana","ward":"Nyegezi","subward":"Nyabulogoya","source":"At risk","geolocation":"-2.5828416666666665 32.92448666666667 1316.6 4.6","geolocation precision":4.6,"rockfall causes":null,"rockfall causes/heavy rainfall":null,"rockfall causes/human activities":null,"rockfall causes/earthquakes":null,"other":null,"risky":null,"year affected":null},"geometry":{"type":"Point","coordinates":[32.92448667,-2.58284167]}},{"id":"567","type":"Feature","properties":{"id":"mwanza_rockfall_locations.568","ogc_fid":568,"fid":569,"district":"Nyamagana","ward":"Nyegezi","subward":"Swila","source":"At risk","geolocation":"-2.578145 32.92772333333333 1252.8 4.8","geolocation precision":4.8,"rockfall causes":null,"rockfall causes/heavy rainfall":null,"rockfall causes/human activities":null,"rockfall causes/earthquakes":null,"other":null,"risky":null,"year affected":null},"geometry":{"type":"Point","coordinates":[32.92772333,-2.578145]}},{"id":"568","type":"Feature","properties":{"id":"mwanza_rockfall_locations.569","ogc_fid":569,"fid":570,"district":"Nyamagana","ward":"Nyegezi","subward":"Swila","source":"At risk","geolocation":"-2.578065 32.930085 1208.1 3.9","geolocation precision":3.9,"rockfall causes":null,"rockfall causes/heavy rainfall":null,"rockfall causes/human activities":null,"rockfall causes/earthquakes":null,"other":null,"risky":null,"year affected":null},"geometry":{"type":"Point","coordinates":[32.930085,-2.578065]}},{"id":"569","type":"Feature","properties":{"id":"mwanza_rockfall_locations.570","ogc_fid":570,"fid":571,"district":"Nyamagana","ward":"Nyegezi","subward":"Swila","source":"At risk","geolocation":"-2.574605 32.931641666666664 1163.7 4.8","geolocation precision":4.8,"rockfall causes":null,"rockfall causes/heavy rainfall":null,"rockfall causes/human activities":null,"rockfall causes/earthquakes":null,"other":null,"risky":null,"year affected":null},"geometry":{"type":"Point","coordinates":[32.93164167,-2.574605]}},{"id":"570","type":"Feature","properties":{"id":"mwanza_rockfall_locations.571","ogc_fid":571,"fid":572,"district":"Nyamagana","ward":"Nyegezi","subward":"Nyabulogoya","source":"At risk","geolocation":"-2.5830484181642532 32.922543128952384 1225.0 5.0","geolocation precision":5.0,"rockfall causes":null,"rockfall causes/heavy rainfall":null,"rockfall causes/human activities":null,"rockfall causes/earthquakes":null,"other":null,"risky":null,"year affected":null},"geometry":{"type":"Point","coordinates":[32.92254313,-2.58304842]}},{"id":"571","type":"Feature","properties":{"id":"mwanza_rockfall_locations.572","ogc_fid":572,"fid":573,"district":"Nyamagana","ward":"Nyegezi","subward":"Swila","source":"At risk","geolocation":"-2.574725 32.93203333333334 1165.2 4.8","geolocation precision":4.8,"rockfall causes":null,"rockfall causes/heavy rainfall":null,"rockfall causes/human activities":null,"rockfall causes/earthquakes":null,"other":null,"risky":null,"year affected":null},"geometry":{"type":"Point","coordinates":[32.93203333,-2.574725]}},{"id":"572","type":"Feature","properties":{"id":"mwanza_rockfall_locations.573","ogc_fid":573,"fid":574,"district":"Nyamagana","ward":"Nyegezi","subward":"Nyabulogoya","source":"At risk","geolocation":"-2.5827688397839665 32.92392471805215 1239.0 5.0","geolocation precision":5.0,"rockfall causes":null,"rockfall causes/heavy rainfall":null,"rockfall causes/human activities":null,"rockfall causes/earthquakes":null,"other":null,"risky":null,"year affected":null},"geometry":{"type":"Point","coordinates":[32.92392472,-2.58276884]}},{"id":"573","type":"Feature","properties":{"id":"mwanza_rockfall_locations.574","ogc_fid":574,"fid":575,"district":"Nyamagana","ward":"Nyegezi","subward":"Swila","source":"At risk","geolocation":"-2.5741483333333335 32.93217166666667 1167.3 4.7","geolocation precision":4.7,"rockfall causes":null,"rockfall causes/heavy rainfall":null,"rockfall causes/human activities":null,"rockfall causes/earthquakes":null,"other":null,"risky":null,"year affected":null},"geometry":{"type":"Point","coordinates":[32.93217167,-2.57414833]}},{"id":"574","type":"Feature","properties":{"id":"mwanza_rockfall_locations.575","ogc_fid":575,"fid":576,"district":"Nyamagana","ward":"Nyegezi","subward":"Swila","source":"At risk","geolocation":"-2.5741216666666666 32.93218666666667 1165.4 4.3","geolocation precision":4.3,"rockfall causes":null,"rockfall causes/heavy rainfall":null,"rockfall causes/human activities":null,"rockfall causes/earthquakes":null,"other":null,"risky":null,"year affected":null},"geometry":{"type":"Point","coordinates":[32.93218667,-2.57412167]}},{"id":"575","type":"Feature","properties":{"id":"mwanza_rockfall_locations.576","ogc_fid":576,"fid":577,"district":"Nyamagana","ward":"Nyegezi","subward":"Ibanda","source":"At risk","geolocation":"-2.578865 32.92130833333333 1189.7 4.3","geolocation precision":4.3,"rockfall causes":null,"rockfall causes/heavy rainfall":null,"rockfall causes/human activities":null,"rockfall causes/earthquakes":null,"other":null,"risky":null,"year affected":null},"geometry":{"type":"Point","coordinates":[32.92130833,-2.578865]}},{"id":"576","type":"Feature","properties":{"id":"mwanza_rockfall_locations.577","ogc_fid":577,"fid":578,"district":"Nyamagana","ward":"Nyegezi","subward":"Swila","source":"At risk","geolocation":"-2.57387 32.932293333333334 1166.3 5.0","geolocation precision":5.0,"rockfall causes":null,"rockfall causes/heavy rainfall":null,"rockfall causes/human activities":null,"rockfall causes/earthquakes":null,"other":null,"risky":null,"year affected":null},"geometry":{"type":"Point","coordinates":[32.93229333,-2.57387]}},{"id":"577","type":"Feature","properties":{"id":"mwanza_rockfall_locations.578","ogc_fid":578,"fid":579,"district":"Nyamagana","ward":"Nyegezi","subward":"Ibanda","source":"At risk","geolocation":"-2.57817 32.921344999999995 1215.9 4.8","geolocation precision":4.8,"rockfall causes":null,"rockfall causes/heavy rainfall":null,"rockfall causes/human activities":null,"rockfall causes/earthquakes":null,"other":null,"risky":null,"year affected":null},"geometry":{"type":"Point","coordinates":[32.921345,-2.57817]}},{"id":"578","type":"Feature","properties":{"id":"mwanza_rockfall_locations.579","ogc_fid":579,"fid":580,"district":"Nyamagana","ward":"Nyegezi","subward":"Ibanda","source":"At risk","geolocation":"-2.5783566666666666 32.921835 1222.7 5.0","geolocation precision":5.0,"rockfall causes":null,"rockfall causes/heavy rainfall":null,"rockfall causes/human activities":null,"rockfall causes/earthquakes":null,"other":null,"risky":null,"year affected":null},"geometry":{"type":"Point","coordinates":[32.921835,-2.57835667]}},{"id":"579","type":"Feature","properties":{"id":"mwanza_rockfall_locations.580","ogc_fid":580,"fid":581,"district":"Nyamagana","ward":"Nyegezi","subward":"Ibanda","source":"At risk","geolocation":"-2.5748516666666665 32.92256666666666 1197.1 4.8","geolocation precision":4.8,"rockfall causes":null,"rockfall causes/heavy rainfall":null,"rockfall causes/human activities":null,"rockfall causes/earthquakes":null,"other":null,"risky":null,"year affected":null},"geometry":{"type":"Point","coordinates":[32.92256667,-2.57485167]}},{"id":"580","type":"Feature","properties":{"id":"mwanza_rockfall_locations.581","ogc_fid":581,"fid":582,"district":"Nyamagana","ward":"Nyegezi","subward":"Swila","source":"At risk","geolocation":"-2.5787463 32.927371 1257.1 4.18","geolocation precision":4.18,"rockfall causes":null,"rockfall causes/heavy rainfall":null,"rockfall causes/human activities":null,"rockfall causes/earthquakes":null,"other":null,"risky":null,"year affected":null},"geometry":{"type":"Point","coordinates":[32.927371,-2.5787463]}},{"id":"581","type":"Feature","properties":{"id":"mwanza_rockfall_locations.582","ogc_fid":582,"fid":583,"district":"Nyamagana","ward":"Nyegezi","subward":"Swila","source":"At risk","geolocation":"-2.5760732 32.9300366 1210.6 4.966","geolocation precision":4.966,"rockfall causes":null,"rockfall causes/heavy rainfall":null,"rockfall causes/human activities":null,"rockfall causes/earthquakes":null,"other":null,"risky":null,"year affected":null},"geometry":{"type":"Point","coordinates":[32.9300366,-2.5760732]}},{"id":"582","type":"Feature","properties":{"id":"mwanza_rockfall_locations.583","ogc_fid":583,"fid":584,"district":"Nyamagana","ward":"Nyegezi","subward":"Swila","source":"At risk","geolocation":"-2.5757575 32.9294687 1202.6 4.56","geolocation precision":4.56,"rockfall causes":null,"rockfall causes/heavy rainfall":null,"rockfall causes/human activities":null,"rockfall causes/earthquakes":null,"other":null,"risky":null,"year affected":null},"geometry":{"type":"Point","coordinates":[32.9294687,-2.5757575]}},{"id":"583","type":"Feature","properties":{"id":"mwanza_rockfall_locations.584","ogc_fid":584,"fid":585,"district":"Nyamagana","ward":"Nyegezi","subward":"Swila","source":"At risk","geolocation":"-2.5752355 32.935311 1162.8 4.02","geolocation precision":4.02,"rockfall causes":null,"rockfall causes/heavy rainfall":null,"rockfall causes/human activities":null,"rockfall causes/earthquakes":null,"other":null,"risky":null,"year affected":null},"geometry":{"type":"Point","coordinates":[32.935311,-2.5752355]}},{"id":"584","type":"Feature","properties":{"id":"mwanza_rockfall_locations.585","ogc_fid":585,"fid":586,"district":"Nyamagana","ward":"Nyegezi","subward":"Swila","source":"At risk","geolocation":"-2.575972 32.9292248 1199.5 4.86","geolocation precision":4.86,"rockfall causes":null,"rockfall causes/heavy rainfall":null,"rockfall causes/human activities":null,"rockfall causes/earthquakes":null,"other":null,"risky":null,"year affected":null},"geometry":{"type":"Point","coordinates":[32.9292248,-2.575972]}},{"id":"585","type":"Feature","properties":{"id":"mwanza_rockfall_locations.586","ogc_fid":586,"fid":587,"district":"Nyamagana","ward":"Nyegezi","subward":"Swila","source":"At risk","geolocation":"-2.5758166 32.9291921 1201.6 4.56","geolocation precision":4.56,"rockfall causes":null,"rockfall causes/heavy rainfall":null,"rockfall causes/human activities":null,"rockfall causes/earthquakes":null,"other":null,"risky":null,"year affected":null},"geometry":{"type":"Point","coordinates":[32.9291921,-2.5758166]}},{"id":"586","type":"Feature","properties":{"id":"mwanza_rockfall_locations.587","ogc_fid":587,"fid":588,"district":"Nyamagana","ward":"Nyegezi","subward":"Ibanda","source":"At risk","geolocation":"-2.575075 32.92443333333333 1220.8 5.0","geolocation precision":5.0,"rockfall causes":null,"rockfall causes/heavy rainfall":null,"rockfall causes/human activities":null,"rockfall causes/earthquakes":null,"other":null,"risky":null,"year affected":null},"geometry":{"type":"Point","coordinates":[32.92443333,-2.575075]}},{"id":"587","type":"Feature","properties":{"id":"mwanza_rockfall_locations.588","ogc_fid":588,"fid":589,"district":"Nyamagana","ward":"Nyegezi","subward":"Swila","source":"At risk","geolocation":"-2.5752927 32.9285135 1201.7 4.66","geolocation precision":4.66,"rockfall causes":null,"rockfall causes/heavy rainfall":null,"rockfall causes/human activities":null,"rockfall causes/earthquakes":null,"other":null,"risky":null,"year affected":null},"geometry":{"type":"Point","coordinates":[32.9285135,-2.5752927]}},{"id":"588","type":"Feature","properties":{"id":"mwanza_rockfall_locations.589","ogc_fid":589,"fid":590,"district":"Nyamagana","ward":"Nyegezi","subward":"Ibanda","source":"At risk","geolocation":"-2.5729583333333332 32.92678 1198.3 4.9","geolocation precision":4.9,"rockfall causes":null,"rockfall causes/heavy rainfall":null,"rockfall causes/human activities":null,"rockfall causes/earthquakes":null,"other":null,"risky":null,"year affected":null},"geometry":{"type":"Point","coordinates":[32.92678,-2.57295833]}},{"id":"589","type":"Feature","properties":{"id":"mwanza_rockfall_locations.590","ogc_fid":590,"fid":591,"district":"Nyamagana","ward":"Nyegezi","subward":"Swila","source":"At risk","geolocation":"-2.5751644 32.9284923 1200.2 4.04","geolocation precision":4.04,"rockfall causes":null,"rockfall causes/heavy rainfall":null,"rockfall causes/human activities":null,"rockfall causes/earthquakes":null,"other":null,"risky":null,"year affected":null},"geometry":{"type":"Point","coordinates":[32.9284923,-2.5751644]}},{"id":"590","type":"Feature","properties":{"id":"mwanza_rockfall_locations.591","ogc_fid":591,"fid":592,"district":"Nyamagana","ward":"Nyegezi","subward":"Ibanda","source":"At risk","geolocation":"-2.5749116666666665 32.92480166666667 1247.5 4.4","geolocation precision":4.4,"rockfall causes":null,"rockfall causes/heavy rainfall":null,"rockfall causes/human activities":null,"rockfall causes/earthquakes":null,"other":null,"risky":null,"year affected":null},"geometry":{"type":"Point","coordinates":[32.92480167,-2.57491167]}},{"id":"591","type":"Feature","properties":{"id":"mwanza_rockfall_locations.592","ogc_fid":592,"fid":593,"district":"Nyamagana","ward":"Nyegezi","subward":"Ibanda","source":"At risk","geolocation":"-2.57356 32.92792166666666 1190.1 4.9","geolocation precision":4.9,"rockfall causes":null,"rockfall causes/heavy rainfall":null,"rockfall causes/human activities":null,"rockfall causes/earthquakes":null,"other":null,"risky":null,"year affected":null},"geometry":{"type":"Point","coordinates":[32.92792167,-2.57356]}},{"id":"592","type":"Feature","properties":{"id":"mwanza_rockfall_locations.593","ogc_fid":593,"fid":594,"district":"Nyamagana","ward":"Nyegezi","subward":"Ibanda","source":"At risk","geolocation":"-2.5739333333333336 32.926876666666665 1201.7 4.8","geolocation precision":4.8,"rockfall causes":null,"rockfall causes/heavy rainfall":null,"rockfall causes/human activities":null,"rockfall causes/earthquakes":null,"other":null,"risky":null,"year affected":null},"geometry":{"type":"Point","coordinates":[32.92687667,-2.57393333]}},{"id":"593","type":"Feature","properties":{"id":"mwanza_rockfall_locations.594","ogc_fid":594,"fid":595,"district":"Nyamagana","ward":"Nyegezi","subward":"Ibanda","source":"At risk","geolocation":"-2.573715 32.92749 1188.7 2.2","geolocation precision":2.2,"rockfall causes":null,"rockfall causes/heavy rainfall":null,"rockfall causes/human activities":null,"rockfall causes/earthquakes":null,"other":null,"risky":null,"year affected":null},"geometry":{"type":"Point","coordinates":[32.92749,-2.573715]}},{"id":"594","type":"Feature","properties":{"id":"mwanza_rockfall_locations.595","ogc_fid":595,"fid":596,"district":"Nyamagana","ward":"Nyegezi","subward":"Swila","source":"At risk","geolocation":"-2.5748868 32.9289527 1199.6 4.72","geolocation precision":4.72,"rockfall causes":null,"rockfall causes/heavy rainfall":null,"rockfall causes/human activities":null,"rockfall causes/earthquakes":null,"other":null,"risky":null,"year affected":null},"geometry":{"type":"Point","coordinates":[32.9289527,-2.5748868]}},{"id":"595","type":"Feature","properties":{"id":"mwanza_rockfall_locations.596","ogc_fid":596,"fid":597,"district":"Nyamagana","ward":"Nyegezi","subward":"Ibanda","source":"At risk","geolocation":"-2.573898333333333 32.92704833333333 1189.0 4.7","geolocation precision":4.7,"rockfall causes":null,"rockfall causes/heavy rainfall":null,"rockfall causes/human activities":null,"rockfall causes/earthquakes":null,"other":null,"risky":null,"year affected":null},"geometry":{"type":"Point","coordinates":[32.92704833,-2.57389833]}},{"id":"596","type":"Feature","properties":{"id":"mwanza_rockfall_locations.597","ogc_fid":597,"fid":598,"district":"Nyamagana","ward":"Nyegezi","subward":"Ibanda","source":"At risk","geolocation":"-2.574023333333333 32.926915 1208.0 5.0","geolocation precision":5.0,"rockfall causes":null,"rockfall causes/heavy rainfall":null,"rockfall causes/human activities":null,"rockfall causes/earthquakes":null,"other":null,"risky":null,"year affected":null},"geometry":{"type":"Point","coordinates":[32.926915,-2.57402333]}},{"id":"597","type":"Feature","properties":{"id":"mwanza_rockfall_locations.598","ogc_fid":598,"fid":599,"district":"Nyamagana","ward":"Nyegezi","subward":"Swila","source":"At risk","geolocation":"-2.5760292 32.9349018 1162.0 3.98","geolocation precision":3.98,"rockfall causes":null,"rockfall causes/heavy rainfall":null,"rockfall causes/human activities":null,"rockfall causes/earthquakes":null,"other":null,"risky":null,"year affected":null},"geometry":{"type":"Point","coordinates":[32.9349018,-2.5760292]}},{"id":"598","type":"Feature","properties":{"id":"mwanza_rockfall_locations.599","ogc_fid":599,"fid":600,"district":"Nyamagana","ward":"Nyegezi","subward":"Ibanda","source":"At risk","geolocation":"-2.573846666666667 32.924051666666664 1216.5 3.5","geolocation precision":3.5,"rockfall causes":null,"rockfall causes/heavy rainfall":null,"rockfall causes/human activities":null,"rockfall causes/earthquakes":null,"other":null,"risky":null,"year affected":null},"geometry":{"type":"Point","coordinates":[32.92405167,-2.57384667]}},{"id":"599","type":"Feature","properties":{"id":"mwanza_rockfall_locations.600","ogc_fid":600,"fid":601,"district":"Nyamagana","ward":"Nyegezi","subward":"Swila","source":"At risk","geolocation":"-2.576435 32.9353149 1168.8 4.0","geolocation precision":4.0,"rockfall causes":null,"rockfall causes/heavy rainfall":null,"rockfall causes/human activities":null,"rockfall causes/earthquakes":null,"other":null,"risky":null,"year affected":null},"geometry":{"type":"Point","coordinates":[32.9353149,-2.576435]}},{"id":"600","type":"Feature","properties":{"id":"mwanza_rockfall_locations.601","ogc_fid":601,"fid":602,"district":"Nyamagana","ward":"Nyegezi","subward":"Ibanda","source":"At risk","geolocation":"-2.578286666666667 32.921931666666666 1217.7 3.7","geolocation precision":3.7,"rockfall causes":null,"rockfall causes/heavy rainfall":null,"rockfall causes/human activities":null,"rockfall causes/earthquakes":null,"other":null,"risky":null,"year affected":null},"geometry":{"type":"Point","coordinates":[32.92193167,-2.57828667]}},{"id":"601","type":"Feature","properties":{"id":"mwanza_rockfall_locations.602","ogc_fid":602,"fid":603,"district":"Nyamagana","ward":"Nyegezi","subward":"Swila","source":"At risk","geolocation":"-2.5761448 32.9307997 1212.7 4.0","geolocation precision":4.0,"rockfall causes":null,"rockfall causes/heavy rainfall":null,"rockfall causes/human activities":null,"rockfall causes/earthquakes":null,"other":null,"risky":null,"year affected":null},"geometry":{"type":"Point","coordinates":[32.9307997,-2.5761448]}},{"id":"602","type":"Feature","properties":{"id":"mwanza_rockfall_locations.603","ogc_fid":603,"fid":604,"district":"Nyamagana","ward":"Nyegezi","subward":"Nyabulogoya","source":"At risk","geolocation":"-2.5831533333333336 32.922695 1233.9 4.6","geolocation precision":4.6,"rockfall causes":null,"rockfall causes/heavy rainfall":null,"rockfall causes/human activities":null,"rockfall causes/earthquakes":null,"other":null,"risky":null,"year affected":null},"geometry":{"type":"Point","coordinates":[32.922695,-2.58315333]}},{"id":"603","type":"Feature","properties":{"id":"mwanza_rockfall_locations.604","ogc_fid":604,"fid":605,"district":"Nyamagana","ward":"Nyegezi","subward":"Nyabulogoya","source":"At risk","geolocation":"-2.5839849999999998 32.92337333333333 1241.0 5.0","geolocation precision":5.0,"rockfall causes":null,"rockfall causes/heavy rainfall":null,"rockfall causes/human activities":null,"rockfall causes/earthquakes":null,"other":null,"risky":null,"year affected":null},"geometry":{"type":"Point","coordinates":[32.92337333,-2.583985]}},{"id":"604","type":"Feature","properties":{"id":"mwanza_rockfall_locations.605","ogc_fid":605,"fid":606,"district":"Nyamagana","ward":"Nyegezi","subward":"Nyabulogoya","source":"At risk","geolocation":"-2.584166666666667 32.923595 1294.2 4.7","geolocation precision":4.7,"rockfall causes":null,"rockfall causes/heavy rainfall":null,"rockfall causes/human activities":null,"rockfall causes/earthquakes":null,"other":null,"risky":null,"year affected":null},"geometry":{"type":"Point","coordinates":[32.923595,-2.58416667]}},{"id":"605","type":"Feature","properties":{"id":"mwanza_rockfall_locations.606","ogc_fid":606,"fid":607,"district":"Nyamagana","ward":"Nyegezi","subward":"Nyabulogoya","source":"At risk","geolocation":"-2.5842666666666667 32.92372833333333 1277.5 4.5","geolocation precision":4.5,"rockfall causes":null,"rockfall causes/heavy rainfall":null,"rockfall causes/human activities":null,"rockfall causes/earthquakes":null,"other":null,"risky":null,"year affected":null},"geometry":{"type":"Point","coordinates":[32.92372833,-2.58426667]}},{"id":"606","type":"Feature","properties":{"id":"mwanza_rockfall_locations.607","ogc_fid":607,"fid":608,"district":"Nyamagana","ward":"Nyegezi","subward":"Nyabulogoya","source":"At risk","geolocation":"-2.5847166666666666 32.924150000000004 1274.7 4.9","geolocation precision":4.9,"rockfall causes":null,"rockfall causes/heavy rainfall":null,"rockfall causes/human activities":null,"rockfall causes/earthquakes":null,"other":null,"risky":null,"year affected":null},"geometry":{"type":"Point","coordinates":[32.92415,-2.58471667]}},{"id":"607","type":"Feature","properties":{"id":"mwanza_rockfall_locations.608","ogc_fid":608,"fid":609,"district":"Nyamagana","ward":"Nyegezi","subward":"Nyabulogoya","source":"At risk","geolocation":"-2.584625 32.924821666666666 1272.9 5.0","geolocation precision":5.0,"rockfall causes":null,"rockfall causes/heavy rainfall":null,"rockfall causes/human activities":null,"rockfall causes/earthquakes":null,"other":null,"risky":null,"year affected":null},"geometry":{"type":"Point","coordinates":[32.92482167,-2.584625]}},{"id":"608","type":"Feature","properties":{"id":"mwanza_rockfall_locations.609","ogc_fid":609,"fid":610,"district":"Nyamagana","ward":"Nyegezi","subward":"Nyabulogoya","source":"At risk","geolocation":"-2.584513333333333 32.924933333333335 1277.8 3.1","geolocation precision":3.1,"rockfall causes":null,"rockfall causes/heavy rainfall":null,"rockfall causes/human activities":null,"rockfall causes/earthquakes":null,"other":null,"risky":null,"year affected":null},"geometry":{"type":"Point","coordinates":[32.92493333,-2.58451333]}},{"id":"609","type":"Feature","properties":{"id":"mwanza_rockfall_locations.610","ogc_fid":610,"fid":611,"district":"Nyamagana","ward":"Nyegezi","subward":"Nyabulogoya","source":"At risk","geolocation":"-2.5854633333333332 32.924645000000005 1260.1 4.7","geolocation precision":4.7,"rockfall causes":null,"rockfall causes/heavy rainfall":null,"rockfall causes/human activities":null,"rockfall causes/earthquakes":null,"other":null,"risky":null,"year affected":null},"geometry":{"type":"Point","coordinates":[32.924645,-2.58546333]}},{"id":"610","type":"Feature","properties":{"id":"mwanza_rockfall_locations.611","ogc_fid":611,"fid":612,"district":"Nyamagana","ward":"Nyegezi","subward":"Ibanda","source":"At risk","geolocation":"-2.5743316666666667 32.92490833333333 1234.0 4.1","geolocation precision":4.1,"rockfall causes":null,"rockfall causes/heavy rainfall":null,"rockfall causes/human activities":null,"rockfall causes/earthquakes":null,"other":null,"risky":null,"year affected":null},"geometry":{"type":"Point","coordinates":[32.92490833,-2.57433167]}},{"id":"611","type":"Feature","properties":{"id":"mwanza_rockfall_locations.612","ogc_fid":612,"fid":613,"district":"Nyamagana","ward":"Nyegezi","subward":"Ibanda","source":"At risk","geolocation":"-2.57353 32.92686833333333 1217.5 4.0","geolocation precision":4.0,"rockfall causes":null,"rockfall causes/heavy rainfall":null,"rockfall causes/human activities":null,"rockfall causes/earthquakes":null,"other":null,"risky":null,"year affected":null},"geometry":{"type":"Point","coordinates":[32.92686833,-2.57353]}},{"id":"612","type":"Feature","properties":{"id":"mwanza_rockfall_locations.613","ogc_fid":613,"fid":614,"district":"Nyamagana","ward":"Nyegezi","subward":"Ibanda","source":"At risk","geolocation":"-2.5747050000000002 32.92726666666667 1190.7 3.2","geolocation precision":3.2,"rockfall causes":null,"rockfall causes/heavy rainfall":null,"rockfall causes/human activities":null,"rockfall causes/earthquakes":null,"other":null,"risky":null,"year affected":null},"geometry":{"type":"Point","coordinates":[32.92726667,-2.574705]}},{"id":"613","type":"Feature","properties":{"id":"mwanza_rockfall_locations.614","ogc_fid":614,"fid":615,"district":"Nyamagana","ward":"Nyegezi","subward":"Ibanda","source":"At risk","geolocation":"-2.57383 32.9243 1177.0 4.5","geolocation precision":4.5,"rockfall causes":null,"rockfall causes/heavy rainfall":null,"rockfall causes/human activities":null,"rockfall causes/earthquakes":null,"other":null,"risky":null,"year affected":null},"geometry":{"type":"Point","coordinates":[32.9243,-2.57383]}},{"id":"614","type":"Feature","properties":{"id":"mwanza_rockfall_locations.615","ogc_fid":615,"fid":616,"district":"Nyamagana","ward":"Nyegezi","subward":"Swila","source":"At risk","geolocation":"-2.5804883333333333 32.92729833333333 1227.8 5.0","geolocation precision":5.0,"rockfall causes":null,"rockfall causes/heavy rainfall":null,"rockfall causes/human activities":null,"rockfall causes/earthquakes":null,"other":null,"risky":null,"year affected":null},"geometry":{"type":"Point","coordinates":[32.92729833,-2.58048833]}},{"id":"615","type":"Feature","properties":{"id":"mwanza_rockfall_locations.616","ogc_fid":616,"fid":617,"district":"Nyamagana","ward":"Nyegezi","subward":"Swila","source":"At risk","geolocation":"-2.5783816666666666 32.92953 1219.7 2.5","geolocation precision":2.5,"rockfall causes":null,"rockfall causes/heavy rainfall":null,"rockfall causes/human activities":null,"rockfall causes/earthquakes":null,"other":null,"risky":null,"year affected":null},"geometry":{"type":"Point","coordinates":[32.92953,-2.57838167]}},{"id":"616","type":"Feature","properties":{"id":"mwanza_rockfall_locations.617","ogc_fid":617,"fid":618,"district":"Nyamagana","ward":"Nyegezi","subward":"Swila","source":"At risk","geolocation":"-2.5780766666666666 32.92989 1233.6 4.4","geolocation precision":4.4,"rockfall causes":null,"rockfall causes/heavy rainfall":null,"rockfall causes/human activities":null,"rockfall causes/earthquakes":null,"other":null,"risky":null,"year affected":null},"geometry":{"type":"Point","coordinates":[32.92989,-2.57807667]}},{"id":"617","type":"Feature","properties":{"id":"mwanza_rockfall_locations.618","ogc_fid":618,"fid":619,"district":"Nyamagana","ward":"Nyegezi","subward":"Swila","source":"At risk","geolocation":"-2.575701666666667 32.93141 1215.5 4.7","geolocation precision":4.7,"rockfall causes":null,"rockfall causes/heavy rainfall":null,"rockfall causes/human activities":null,"rockfall causes/earthquakes":null,"other":null,"risky":null,"year affected":null},"geometry":{"type":"Point","coordinates":[32.93141,-2.57570167]}},{"id":"618","type":"Feature","properties":{"id":"mwanza_rockfall_locations.619","ogc_fid":619,"fid":620,"district":"Nyamagana","ward":"Nyegezi","subward":"Swila","source":"At risk","geolocation":"-2.5751350000000004 32.93152666666666 1164.5 3.9","geolocation precision":3.9,"rockfall causes":null,"rockfall causes/heavy rainfall":null,"rockfall causes/human activities":null,"rockfall causes/earthquakes":null,"other":null,"risky":null,"year affected":null},"geometry":{"type":"Point","coordinates":[32.93152667,-2.575135]}},{"id":"619","type":"Feature","properties":{"id":"mwanza_rockfall_locations.620","ogc_fid":620,"fid":621,"district":"Nyamagana","ward":"Nyegezi","subward":"Swila","source":"At risk","geolocation":"-2.574698333333333 32.93139833333333 1166.7 4.8","geolocation precision":4.8,"rockfall causes":null,"rockfall causes/heavy rainfall":null,"rockfall causes/human activities":null,"rockfall causes/earthquakes":null,"other":null,"risky":null,"year affected":null},"geometry":{"type":"Point","coordinates":[32.93139833,-2.57469833]}},{"id":"620","type":"Feature","properties":{"id":"mwanza_rockfall_locations.621","ogc_fid":621,"fid":622,"district":"Nyamagana","ward":"Nyegezi","subward":"Swila","source":"At risk","geolocation":"-2.580755 32.927141666666664 1257.5 4.9","geolocation precision":4.9,"rockfall causes":null,"rockfall causes/heavy rainfall":null,"rockfall causes/human activities":null,"rockfall causes/earthquakes":null,"other":null,"risky":null,"year affected":null},"geometry":{"type":"Point","coordinates":[32.92714167,-2.580755]}},{"id":"621","type":"Feature","properties":{"id":"mwanza_rockfall_locations.622","ogc_fid":622,"fid":623,"district":"Nyamagana","ward":"Nyegezi","subward":"Swila","source":"At risk","geolocation":"-2.574325 32.93242166666666 1165.9 3.3","geolocation precision":3.3,"rockfall causes":null,"rockfall causes/heavy rainfall":null,"rockfall causes/human activities":null,"rockfall causes/earthquakes":null,"other":null,"risky":null,"year affected":null},"geometry":{"type":"Point","coordinates":[32.93242167,-2.574325]}},{"id":"622","type":"Feature","properties":{"id":"mwanza_rockfall_locations.623","ogc_fid":623,"fid":624,"district":"Nyamagana","ward":"Nyegezi","subward":"Swila","source":"At risk","geolocation":"-2.5795000000000003 32.92833333333333 1223.6 4.1","geolocation precision":4.1,"rockfall causes":null,"rockfall causes/heavy rainfall":null,"rockfall causes/human activities":null,"rockfall causes/earthquakes":null,"other":null,"risky":null,"year affected":null},"geometry":{"type":"Point","coordinates":[32.92833333,-2.5795]}},{"id":"623","type":"Feature","properties":{"id":"mwanza_rockfall_locations.624","ogc_fid":624,"fid":625,"district":"Nyamagana","ward":"Nyegezi","subward":"Swila","source":"At risk","geolocation":"-2.5740633333333336 32.932476666666666 1163.8 4.5","geolocation precision":4.5,"rockfall causes":null,"rockfall causes/heavy rainfall":null,"rockfall causes/human activities":null,"rockfall causes/earthquakes":null,"other":null,"risky":null,"year affected":null},"geometry":{"type":"Point","coordinates":[32.93247667,-2.57406333]}},{"id":"624","type":"Feature","properties":{"id":"mwanza_rockfall_locations.625","ogc_fid":625,"fid":626,"district":"Nyamagana","ward":"Nyegezi","subward":"Swila","source":"At risk","geolocation":"-2.5763333333333334 32.929880000000004 1191.8 4.8","geolocation precision":4.8,"rockfall causes":null,"rockfall causes/heavy rainfall":null,"rockfall causes/human activities":null,"rockfall causes/earthquakes":null,"other":null,"risky":null,"year affected":null},"geometry":{"type":"Point","coordinates":[32.92988,-2.57633333]}},{"id":"625","type":"Feature","properties":{"id":"mwanza_rockfall_locations.626","ogc_fid":626,"fid":627,"district":"Nyamagana","ward":"Nyegezi","subward":"Swila","source":"At risk","geolocation":"-2.5753133333333333 32.93075833333333 1162.8 5.0","geolocation precision":5.0,"rockfall causes":null,"rockfall causes/heavy rainfall":null,"rockfall causes/human activities":null,"rockfall causes/earthquakes":null,"other":null,"risky":null,"year affected":null},"geometry":{"type":"Point","coordinates":[32.93075833,-2.57531333]}},{"id":"626","type":"Feature","properties":{"id":"mwanza_rockfall_locations.627","ogc_fid":627,"fid":628,"district":"Nyamagana","ward":"Nyegezi","subward":"Swila","source":"At risk","geolocation":"-2.575753333333333 32.9349 1179.1 3.1","geolocation precision":3.1,"rockfall causes":null,"rockfall causes/heavy rainfall":null,"rockfall causes/human activities":null,"rockfall causes/earthquakes":null,"other":null,"risky":null,"year affected":null},"geometry":{"type":"Point","coordinates":[32.9349,-2.57575333]}},{"id":"627","type":"Feature","properties":{"id":"mwanza_rockfall_locations.628","ogc_fid":628,"fid":629,"district":"Nyamagana","ward":"Nyegezi","subward":"Swila","source":"At risk","geolocation":"-2.5746616666666666 32.93156666666666 1176.5 4.9","geolocation precision":4.9,"rockfall causes":null,"rockfall causes/heavy rainfall":null,"rockfall causes/human activities":null,"rockfall causes/earthquakes":null,"other":null,"risky":null,"year affected":null},"geometry":{"type":"Point","coordinates":[32.93156667,-2.57466167]}},{"id":"628","type":"Feature","properties":{"id":"mwanza_rockfall_locations.629","ogc_fid":629,"fid":630,"district":"Nyamagana","ward":"Nyegezi","subward":"Swila","source":"At risk","geolocation":"-2.5770150000000003 32.93489 1186.6 4.3","geolocation precision":4.3,"rockfall causes":null,"rockfall causes/heavy rainfall":null,"rockfall causes/human activities":null,"rockfall causes/earthquakes":null,"other":null,"risky":null,"year affected":null},"geometry":{"type":"Point","coordinates":[32.93489,-2.577015]}},{"id":"629","type":"Feature","properties":{"id":"mwanza_rockfall_locations.630","ogc_fid":630,"fid":631,"district":"Nyamagana","ward":"Nyegezi","subward":"Swila","source":"At risk","geolocation":"-2.574445 32.93221166666667 1175.9 5.0","geolocation precision":5.0,"rockfall causes":null,"rockfall causes/heavy rainfall":null,"rockfall causes/human activities":null,"rockfall causes/earthquakes":null,"other":null,"risky":null,"year affected":null},"geometry":{"type":"Point","coordinates":[32.93221167,-2.574445]}},{"id":"630","type":"Feature","properties":{"id":"mwanza_rockfall_locations.631","ogc_fid":631,"fid":632,"district":"Nyamagana","ward":"Nyegezi","subward":"Swila","source":"At risk","geolocation":"-2.575595 32.93501166666667 1176.6 5.0","geolocation precision":5.0,"rockfall causes":null,"rockfall causes/heavy rainfall":null,"rockfall causes/human activities":null,"rockfall causes/earthquakes":null,"other":null,"risky":null,"year affected":null},"geometry":{"type":"Point","coordinates":[32.93501167,-2.575595]}},{"id":"631","type":"Feature","properties":{"id":"mwanza_rockfall_locations.632","ogc_fid":632,"fid":633,"district":"Nyamagana","ward":"Nyegezi","subward":"Swila","source":"At risk","geolocation":"-2.576376666666667 32.93514166666667 1202.0 4.9","geolocation precision":4.9,"rockfall causes":null,"rockfall causes/heavy rainfall":null,"rockfall causes/human activities":null,"rockfall causes/earthquakes":null,"other":null,"risky":null,"year affected":null},"geometry":{"type":"Point","coordinates":[32.93514167,-2.57637667]}},{"id":"632","type":"Feature","properties":{"id":"mwanza_rockfall_locations.633","ogc_fid":633,"fid":634,"district":"Nyamagana","ward":"Nyegezi","subward":"Swila","source":"At risk","geolocation":"-2.5807933333333333 32.92742333333333 1254.5 2.9","geolocation precision":2.9,"rockfall causes":null,"rockfall causes/heavy rainfall":null,"rockfall causes/human activities":null,"rockfall causes/earthquakes":null,"other":null,"risky":null,"year affected":null},"geometry":{"type":"Point","coordinates":[32.92742333,-2.58079333]}},{"id":"633","type":"Feature","properties":{"id":"mwanza_rockfall_locations.634","ogc_fid":634,"fid":635,"district":"Nyamagana","ward":"Nyegezi","subward":"Swila","source":"At risk","geolocation":"-2.57731 32.9306567 1209.2 4.9","geolocation precision":4.9,"rockfall causes":null,"rockfall causes/heavy rainfall":null,"rockfall causes/human activities":null,"rockfall causes/earthquakes":null,"other":null,"risky":null,"year affected":null},"geometry":{"type":"Point","coordinates":[32.9306567,-2.57731]}},{"id":"634","type":"Feature","properties":{"id":"mwanza_rockfall_locations.635","ogc_fid":635,"fid":636,"district":"Nyamagana","ward":"Nyegezi","subward":"Swila","source":"At risk","geolocation":"-2.578548333333333 32.92983 1240.5 4.6","geolocation precision":4.6,"rockfall causes":null,"rockfall causes/heavy rainfall":null,"rockfall causes/human activities":null,"rockfall causes/earthquakes":null,"other":null,"risky":null,"year affected":null},"geometry":{"type":"Point","coordinates":[32.92983,-2.57854833]}},{"id":"635","type":"Feature","properties":{"id":"mwanza_rockfall_locations.636","ogc_fid":636,"fid":637,"district":"Nyamagana","ward":"Nyegezi","subward":"Swila","source":"At risk","geolocation":"-2.5764167 32.9307867 1214.0 4.6","geolocation precision":4.6,"rockfall causes":null,"rockfall causes/heavy rainfall":null,"rockfall causes/human activities":null,"rockfall causes/earthquakes":null,"other":null,"risky":null,"year affected":null},"geometry":{"type":"Point","coordinates":[32.9307867,-2.5764167]}},{"id":"636","type":"Feature","properties":{"id":"mwanza_rockfall_locations.637","ogc_fid":637,"fid":638,"district":"Nyamagana","ward":"Nyegezi","subward":"Swila","source":"At risk","geolocation":"-2.574836666666666 32.93154166666667 1176.8 4.9","geolocation precision":4.9,"rockfall causes":null,"rockfall causes/heavy rainfall":null,"rockfall causes/human activities":null,"rockfall causes/earthquakes":null,"other":null,"risky":null,"year affected":null},"geometry":{"type":"Point","coordinates":[32.93154167,-2.57483667]}},{"id":"637","type":"Feature","properties":{"id":"mwanza_rockfall_locations.638","ogc_fid":638,"fid":639,"district":"Nyamagana","ward":"Nyegezi","subward":"Swila","source":"At risk","geolocation":"-2.5746895 32.9318323 1161.0 4.675","geolocation precision":4.675,"rockfall causes":null,"rockfall causes/heavy rainfall":null,"rockfall causes/human activities":null,"rockfall causes/earthquakes":null,"other":null,"risky":null,"year affected":null},"geometry":{"type":"Point","coordinates":[32.9318323,-2.5746895]}},{"id":"638","type":"Feature","properties":{"id":"mwanza_rockfall_locations.639","ogc_fid":639,"fid":640,"district":"Nyamagana","ward":"Nyegezi","subward":"Swila","source":"At risk","geolocation":"-2.57452 32.931490000000004 1174.4 4.5","geolocation precision":4.5,"rockfall causes":null,"rockfall causes/heavy rainfall":null,"rockfall causes/human activities":null,"rockfall causes/earthquakes":null,"other":null,"risky":null,"year affected":null},"geometry":{"type":"Point","coordinates":[32.93149,-2.57452]}},{"id":"639","type":"Feature","properties":{"id":"mwanza_rockfall_locations.640","ogc_fid":640,"fid":641,"district":"Nyamagana","ward":"Nyegezi","subward":"Swila","source":"At risk","geolocation":"-2.5742317 32.9322517 1168.2 3.9","geolocation precision":3.9,"rockfall causes":null,"rockfall causes/heavy rainfall":null,"rockfall causes/human activities":null,"rockfall causes/earthquakes":null,"other":null,"risky":null,"year affected":null},"geometry":{"type":"Point","coordinates":[32.9322517,-2.5742317]}},{"id":"640","type":"Feature","properties":{"id":"mwanza_rockfall_locations.641","ogc_fid":641,"fid":642,"district":"Nyamagana","ward":"Nyegezi","subward":"Swila","source":"At risk","geolocation":"-2.574515 32.931911666666664 1176.3 4.7","geolocation precision":4.7,"rockfall causes":null,"rockfall causes/heavy rainfall":null,"rockfall causes/human activities":null,"rockfall causes/earthquakes":null,"other":null,"risky":null,"year affected":null},"geometry":{"type":"Point","coordinates":[32.93191167,-2.574515]}},{"id":"641","type":"Feature","properties":{"id":"mwanza_rockfall_locations.642","ogc_fid":642,"fid":643,"district":"Nyamagana","ward":"Nyegezi","subward":"Swila","source":"At risk","geolocation":"-2.57419 32.93245666666667 1183.8 4.7","geolocation precision":4.7,"rockfall causes":null,"rockfall causes/heavy rainfall":null,"rockfall causes/human activities":null,"rockfall causes/earthquakes":null,"other":null,"risky":null,"year affected":null},"geometry":{"type":"Point","coordinates":[32.93245667,-2.57419]}},{"id":"642","type":"Feature","properties":{"id":"mwanza_rockfall_locations.643","ogc_fid":643,"fid":644,"district":"Nyamagana","ward":"Nyegezi","subward":"Swila","source":"At risk","geolocation":"-2.5743183333333333 32.93300333333333 1185.6 4.6","geolocation precision":4.6,"rockfall causes":null,"rockfall causes/heavy rainfall":null,"rockfall causes/human activities":null,"rockfall causes/earthquakes":null,"other":null,"risky":null,"year affected":null},"geometry":{"type":"Point","coordinates":[32.93300333,-2.57431833]}},{"id":"643","type":"Feature","properties":{"id":"mwanza_rockfall_locations.644","ogc_fid":644,"fid":645,"district":"Nyamagana","ward":"Nyegezi","subward":"Ibanda","source":"At risk","geolocation":"-2.5739294 32.9223568 1185.8 3.9","geolocation precision":3.9,"rockfall causes":null,"rockfall causes/heavy rainfall":null,"rockfall causes/human activities":null,"rockfall causes/earthquakes":null,"other":null,"risky":null,"year affected":null},"geometry":{"type":"Point","coordinates":[32.9223568,-2.5739294]}},{"id":"644","type":"Feature","properties":{"id":"mwanza_rockfall_locations.645","ogc_fid":645,"fid":646,"district":"Nyamagana","ward":"Nyegezi","subward":"Ibanda","source":"At risk","geolocation":"-2.5735041 32.9221795 1184.0 3.9","geolocation precision":3.9,"rockfall causes":null,"rockfall causes/heavy rainfall":null,"rockfall causes/human activities":null,"rockfall causes/earthquakes":null,"other":null,"risky":null,"year affected":null},"geometry":{"type":"Point","coordinates":[32.9221795,-2.5735041]}},{"id":"645","type":"Feature","properties":{"id":"mwanza_rockfall_locations.646","ogc_fid":646,"fid":647,"district":"Nyamagana","ward":"Nyegezi","subward":"Ibanda","source":"At risk","geolocation":"-2.5760106 32.9220887 1198.9 4.591","geolocation precision":4.591,"rockfall causes":null,"rockfall causes/heavy rainfall":null,"rockfall causes/human activities":null,"rockfall causes/earthquakes":null,"other":null,"risky":null,"year affected":null},"geometry":{"type":"Point","coordinates":[32.9220887,-2.5760106]}},{"id":"646","type":"Feature","properties":{"id":"mwanza_rockfall_locations.647","ogc_fid":647,"fid":648,"district":"Nyamagana","ward":"Nyegezi","subward":"Nkamba","source":"At risk","geolocation":"-2.5867466666666665 32.92299333333334 1264.7 5.0","geolocation precision":5.0,"rockfall causes":null,"rockfall causes/heavy rainfall":null,"rockfall causes/human activities":null,"rockfall causes/earthquakes":null,"other":null,"risky":null,"year affected":null},"geometry":{"type":"Point","coordinates":[32.92299333,-2.58674667]}},{"id":"647","type":"Feature","properties":{"id":"mwanza_rockfall_locations.648","ogc_fid":648,"fid":649,"district":"Nyamagana","ward":"Nyegezi","subward":"Swila","source":"At risk","geolocation":"-2.5802276 32.9271648 1264.3 4.75","geolocation precision":4.75,"rockfall causes":null,"rockfall causes/heavy rainfall":null,"rockfall causes/human activities":null,"rockfall causes/earthquakes":null,"other":null,"risky":null,"year affected":null},"geometry":{"type":"Point","coordinates":[32.9271648,-2.5802276]}},{"id":"648","type":"Feature","properties":{"id":"mwanza_rockfall_locations.649","ogc_fid":649,"fid":650,"district":"Nyamagana","ward":"Nyegezi","subward":"Swila","source":"At risk","geolocation":"-2.5793862 32.9284793 1242.7 4.06","geolocation precision":4.06,"rockfall causes":null,"rockfall causes/heavy rainfall":null,"rockfall causes/human activities":null,"rockfall causes/earthquakes":null,"other":null,"risky":null,"year affected":null},"geometry":{"type":"Point","coordinates":[32.9284793,-2.5793862]}},{"id":"649","type":"Feature","properties":{"id":"mwanza_rockfall_locations.650","ogc_fid":650,"fid":651,"district":"Nyamagana","ward":"Nyegezi","subward":"Swila","source":"At risk","geolocation":"-2.5769599 32.9303244 1215.3 3.9","geolocation precision":3.9,"rockfall causes":null,"rockfall causes/heavy rainfall":null,"rockfall causes/human activities":null,"rockfall causes/earthquakes":null,"other":null,"risky":null,"year affected":null},"geometry":{"type":"Point","coordinates":[32.9303244,-2.5769599]}},{"id":"650","type":"Feature","properties":{"id":"mwanza_rockfall_locations.651","ogc_fid":651,"fid":652,"district":"Nyamagana","ward":"Nyegezi","subward":"Swila","source":"At risk","geolocation":"-2.5765689 32.930726 1220.5 4.26","geolocation precision":4.26,"rockfall causes":null,"rockfall causes/heavy rainfall":null,"rockfall causes/human activities":null,"rockfall causes/earthquakes":null,"other":null,"risky":null,"year affected":null},"geometry":{"type":"Point","coordinates":[32.930726,-2.5765689]}},{"id":"651","type":"Feature","properties":{"id":"mwanza_rockfall_locations.652","ogc_fid":652,"fid":653,"district":"Nyamagana","ward":"Nyegezi","subward":"Swila","source":"At risk","geolocation":"-2.5770801 32.9314615 1209.7 3.9","geolocation precision":3.9,"rockfall causes":null,"rockfall causes/heavy rainfall":null,"rockfall causes/human activities":null,"rockfall causes/earthquakes":null,"other":null,"risky":null,"year affected":null},"geometry":{"type":"Point","coordinates":[32.9314615,-2.5770801]}},{"id":"652","type":"Feature","properties":{"id":"mwanza_rockfall_locations.653","ogc_fid":653,"fid":654,"district":"Nyamagana","ward":"Nyegezi","subward":"Swila","source":"At risk","geolocation":"-2.5772267 32.9323968 1192.9 3.9","geolocation precision":3.9,"rockfall causes":null,"rockfall causes/heavy rainfall":null,"rockfall causes/human activities":null,"rockfall causes/earthquakes":null,"other":null,"risky":null,"year affected":null},"geometry":{"type":"Point","coordinates":[32.9323968,-2.5772267]}},{"id":"653","type":"Feature","properties":{"id":"mwanza_rockfall_locations.654","ogc_fid":654,"fid":655,"district":"Nyamagana","ward":"Nyegezi","subward":"Swila","source":"At risk","geolocation":"-2.5764307 32.932168 1194.3 4.46","geolocation precision":4.46,"rockfall causes":null,"rockfall causes/heavy rainfall":null,"rockfall causes/human activities":null,"rockfall causes/earthquakes":null,"other":null,"risky":null,"year affected":null},"geometry":{"type":"Point","coordinates":[32.932168,-2.5764307]}},{"id":"654","type":"Feature","properties":{"id":"mwanza_rockfall_locations.655","ogc_fid":655,"fid":656,"district":"Nyamagana","ward":"Nyegezi","subward":"Swila","source":"At risk","geolocation":"-2.5747041 32.9319363 1176.2 4.1","geolocation precision":4.1,"rockfall causes":null,"rockfall causes/heavy rainfall":null,"rockfall causes/human activities":null,"rockfall causes/earthquakes":null,"other":null,"risky":null,"year affected":null},"geometry":{"type":"Point","coordinates":[32.9319363,-2.5747041]}},{"id":"655","type":"Feature","properties":{"id":"mwanza_rockfall_locations.656","ogc_fid":656,"fid":657,"district":"Nyamagana","ward":"Nyegezi","subward":"Swila","source":"At risk","geolocation":"-2.5741763 32.9323906 1171.9 3.9","geolocation precision":3.9,"rockfall causes":null,"rockfall causes/heavy rainfall":null,"rockfall causes/human activities":null,"rockfall causes/earthquakes":null,"other":null,"risky":null,"year affected":null},"geometry":{"type":"Point","coordinates":[32.9323906,-2.5741763]}},{"id":"656","type":"Feature","properties":{"id":"mwanza_rockfall_locations.657","ogc_fid":657,"fid":658,"district":"Nyamagana","ward":"Nyegezi","subward":"Swila","source":"At risk","geolocation":"-2.5741285 32.9327543 1164.2 4.94","geolocation precision":4.94,"rockfall causes":null,"rockfall causes/heavy rainfall":null,"rockfall causes/human activities":null,"rockfall causes/earthquakes":null,"other":null,"risky":null,"year affected":null},"geometry":{"type":"Point","coordinates":[32.9327543,-2.5741285]}},{"id":"657","type":"Feature","properties":{"id":"mwanza_rockfall_locations.658","ogc_fid":658,"fid":659,"district":"Nyamagana","ward":"Nyegezi","subward":"Ibanda","source":"At risk","geolocation":"-2.5782083333333334 32.92161833333333 1156.5 5.0","geolocation precision":5.0,"rockfall causes":null,"rockfall causes/heavy rainfall":null,"rockfall causes/human activities":null,"rockfall causes/earthquakes":null,"other":null,"risky":null,"year affected":null},"geometry":{"type":"Point","coordinates":[32.92161833,-2.57820833]}},{"id":"658","type":"Feature","properties":{"id":"mwanza_rockfall_locations.659","ogc_fid":659,"fid":660,"district":"Nyamagana","ward":"Nyegezi","subward":"Nkamba","source":"Happened","geolocation":"-2.5880900000000002 32.923716666666664 1236.1 4.9","geolocation precision":4.9,"rockfall causes":"heavy rainfall human activities","rockfall causes/heavy rainfall":1.0,"rockfall causes/human activities":1.0,"rockfall causes/earthquakes":0.0,"other":null,"risky":"no","year affected":"12/1/2011"},"geometry":{"type":"Point","coordinates":[32.92371667,-2.58809]}},{"id":"659","type":"Feature","properties":{"id":"mwanza_rockfall_locations.660","ogc_fid":660,"fid":661,"district":"Nyamagana","ward":"Nyegezi","subward":"Ibanda","source":"Happened","geolocation":"-2.5779833333333335 32.92122833333334 1192.1 4.1","geolocation precision":4.1,"rockfall causes":"heavy rainfall","rockfall causes/heavy rainfall":1.0,"rockfall causes/human activities":0.0,"rockfall causes/earthquakes":0.0,"other":null,"risky":"yes","year affected":"12/1/2018"},"geometry":{"type":"Point","coordinates":[32.92122833,-2.57798333]}},{"id":"660","type":"Feature","properties":{"id":"mwanza_rockfall_locations.661","ogc_fid":661,"fid":662,"district":"Ilemela","ward":"Kirumba","subward":"Kabuhoro A","source":"At risk","geolocation":"-2.5043498 32.8890882 1196.3153076171875 4.824","geolocation precision":4.824,"rockfall causes":null,"rockfall causes/heavy rainfall":null,"rockfall causes/human activities":null,"rockfall causes/earthquakes":null,"other":null,"risky":null,"year affected":null},"geometry":{"type":"Point","coordinates":[32.8890882,-2.5043498]}},{"id":"661","type":"Feature","properties":{"id":"mwanza_rockfall_locations.662","ogc_fid":662,"fid":663,"district":"Ilemela","ward":"Kirumba","subward":"Kabuhoro B","source":"At risk","geolocation":"-2.504398 32.8890831 1213.3 4.92","geolocation precision":4.92,"rockfall causes":null,"rockfall causes/heavy rainfall":null,"rockfall causes/human activities":null,"rockfall causes/earthquakes":null,"other":null,"risky":null,"year affected":null},"geometry":{"type":"Point","coordinates":[32.8890831,-2.504398]}},{"id":"662","type":"Feature","properties":{"id":"mwanza_rockfall_locations.663","ogc_fid":663,"fid":664,"district":"Ilemela","ward":"Kirumba","subward":"Kabuhoro B","source":"At risk","geolocation":"-2.5044767931103706 32.88926194421947 1186.0 5.0","geolocation precision":5.0,"rockfall causes":null,"rockfall causes/heavy rainfall":null,"rockfall causes/human activities":null,"rockfall causes/earthquakes":null,"other":null,"risky":null,"year affected":null},"geometry":{"type":"Point","coordinates":[32.88926194,-2.50447679]}},{"id":"663","type":"Feature","properties":{"id":"mwanza_rockfall_locations.664","ogc_fid":664,"fid":665,"district":"Ilemela","ward":"Kirumba","subward":"Kabuhoro B","source":"At risk","geolocation":"-2.505041666666667 32.888915 1201.0 4.7","geolocation precision":4.7,"rockfall causes":null,"rockfall causes/heavy rainfall":null,"rockfall causes/human activities":null,"rockfall causes/earthquakes":null,"other":null,"risky":null,"year affected":null},"geometry":{"type":"Point","coordinates":[32.888915,-2.50504167]}},{"id":"664","type":"Feature","properties":{"id":"mwanza_rockfall_locations.665","ogc_fid":665,"fid":666,"district":"Ilemela","ward":"Kirumba","subward":"Kabuhoro B","source":"At risk","geolocation":"-2.505171666666667 32.889205 1219.4 4.9","geolocation precision":4.9,"rockfall causes":null,"rockfall causes/heavy rainfall":null,"rockfall causes/human activities":null,"rockfall causes/earthquakes":null,"other":null,"risky":null,"year affected":null},"geometry":{"type":"Point","coordinates":[32.889205,-2.50517167]}},{"id":"665","type":"Feature","properties":{"id":"mwanza_rockfall_locations.666","ogc_fid":666,"fid":667,"district":"Ilemela","ward":"Kirumba","subward":"Kabuhoro B","source":"At risk","geolocation":"-2.5050583333333334 32.88871833333334 1194.3 2.6","geolocation precision":2.6,"rockfall causes":null,"rockfall causes/heavy rainfall":null,"rockfall causes/human activities":null,"rockfall causes/earthquakes":null,"other":null,"risky":null,"year affected":null},"geometry":{"type":"Point","coordinates":[32.88871833,-2.50505833]}},{"id":"666","type":"Feature","properties":{"id":"mwanza_rockfall_locations.667","ogc_fid":667,"fid":668,"district":"Ilemela","ward":"Kirumba","subward":"Kabuhoro B","source":"At risk","geolocation":"-2.5048683333333335 32.889525000000006 1262.5 4.8","geolocation precision":4.8,"rockfall causes":null,"rockfall causes/heavy rainfall":null,"rockfall causes/human activities":null,"rockfall causes/earthquakes":null,"other":null,"risky":null,"year affected":null},"geometry":{"type":"Point","coordinates":[32.889525,-2.50486833]}},{"id":"667","type":"Feature","properties":{"id":"mwanza_rockfall_locations.668","ogc_fid":668,"fid":669,"district":"Ilemela","ward":"Kirumba","subward":"Kabuhoro A","source":"At risk","geolocation":"-2.505526668392122 32.888970002532005 1181.0 4.5","geolocation precision":4.5,"rockfall causes":null,"rockfall causes/heavy rainfall":null,"rockfall causes/human activities":null,"rockfall causes/earthquakes":null,"other":null,"risky":null,"year affected":null},"geometry":{"type":"Point","coordinates":[32.88897,-2.50552667]}},{"id":"668","type":"Feature","properties":{"id":"mwanza_rockfall_locations.669","ogc_fid":669,"fid":670,"district":"Ilemela","ward":"Kirumba","subward":"Kabuhoro B","source":"At risk","geolocation":"-2.5049061561003327 32.88951105438173 1180.0 5.0","geolocation precision":5.0,"rockfall causes":null,"rockfall causes/heavy rainfall":null,"rockfall causes/human activities":null,"rockfall causes/earthquakes":null,"other":null,"risky":null,"year affected":null},"geometry":{"type":"Point","coordinates":[32.88951105,-2.50490616]}},{"id":"669","type":"Feature","properties":{"id":"mwanza_rockfall_locations.670","ogc_fid":670,"fid":671,"district":"Ilemela","ward":"Kirumba","subward":"Kabuhoro B","source":"At risk","geolocation":"-2.505186666666667 32.888753333333334 1197.1 3.9","geolocation precision":3.9,"rockfall causes":null,"rockfall causes/heavy rainfall":null,"rockfall causes/human activities":null,"rockfall causes/earthquakes":null,"other":null,"risky":null,"year affected":null},"geometry":{"type":"Point","coordinates":[32.88875333,-2.50518667]}},{"id":"670","type":"Feature","properties":{"id":"mwanza_rockfall_locations.671","ogc_fid":671,"fid":672,"district":"Ilemela","ward":"Kirumba","subward":"Kabuhoro B","source":"At risk","geolocation":"-2.50506 32.88942 1223.1 5.0","geolocation precision":5.0,"rockfall causes":null,"rockfall causes/heavy rainfall":null,"rockfall causes/human activities":null,"rockfall causes/earthquakes":null,"other":null,"risky":null,"year affected":null},"geometry":{"type":"Point","coordinates":[32.88942,-2.50506]}},{"id":"671","type":"Feature","properties":{"id":"mwanza_rockfall_locations.672","ogc_fid":672,"fid":673,"district":"Ilemela","ward":"Kirumba","subward":"Kabuhoro B","source":"At risk","geolocation":"-2.5045536970719695 32.889600824564695 1179.0 5.0","geolocation precision":5.0,"rockfall causes":null,"rockfall causes/heavy rainfall":null,"rockfall causes/human activities":null,"rockfall causes/earthquakes":null,"other":null,"risky":null,"year affected":null},"geometry":{"type":"Point","coordinates":[32.88960082,-2.5045537]}},{"id":"672","type":"Feature","properties":{"id":"mwanza_rockfall_locations.673","ogc_fid":673,"fid":674,"district":"Ilemela","ward":"Kirumba","subward":"Kabuhoro B","source":"Happened","geolocation":"-2.505145 32.8888699 1181.8 4.94","geolocation precision":4.94,"rockfall causes":"heavy rainfall human activities","rockfall causes/heavy rainfall":1.0,"rockfall causes/human activities":1.0,"rockfall causes/earthquakes":0.0,"other":0.0,"risky":"yes","year affected":null},"geometry":{"type":"Point","coordinates":[32.8888699,-2.505145]}},{"id":"673","type":"Feature","properties":{"id":"mwanza_rockfall_locations.674","ogc_fid":674,"fid":675,"district":"Ilemela","ward":"Kirumba","subward":"Kabuhoro B","source":"At risk","geolocation":"-2.5051367 32.8889467 1183.0 4.5","geolocation precision":4.5,"rockfall causes":null,"rockfall causes/heavy rainfall":null,"rockfall causes/human activities":null,"rockfall causes/earthquakes":null,"other":null,"risky":null,"year affected":null},"geometry":{"type":"Point","coordinates":[32.8889467,-2.5051367]}},{"id":"674","type":"Feature","properties":{"id":"mwanza_rockfall_locations.675","ogc_fid":675,"fid":676,"district":"Ilemela","ward":"Kirumba","subward":"Kabuhoro B","source":"At risk","geolocation":"-2.5047125 32.8895064 1202.3 4.64","geolocation precision":4.64,"rockfall causes":null,"rockfall causes/heavy rainfall":null,"rockfall causes/human activities":null,"rockfall causes/earthquakes":null,"other":null,"risky":null,"year affected":null},"geometry":{"type":"Point","coordinates":[32.8895064,-2.5047125]}},{"id":"675","type":"Feature","properties":{"id":"mwanza_rockfall_locations.676","ogc_fid":676,"fid":677,"district":"Ilemela","ward":"Kirumba","subward":"Kigoto","source":"At risk","geolocation":"-2.505362503459864 32.88734600068946 1138.9067219119438 4.0","geolocation precision":4.0,"rockfall causes":null,"rockfall causes/heavy rainfall":null,"rockfall causes/human activities":null,"rockfall causes/earthquakes":null,"other":null,"risky":null,"year affected":null},"geometry":{"type":"Point","coordinates":[32.887346,-2.5053625]}},{"id":"676","type":"Feature","properties":{"id":"mwanza_rockfall_locations.677","ogc_fid":677,"fid":678,"district":"Ilemela","ward":"Kirumba","subward":"Kigoto","source":"At risk","geolocation":"-2.5054542545314744 32.887694898242245 1181.8510765959277 4.0","geolocation precision":4.0,"rockfall causes":null,"rockfall causes/heavy rainfall":null,"rockfall causes/human activities":null,"rockfall causes/earthquakes":null,"other":null,"risky":null,"year affected":null},"geometry":{"type":"Point","coordinates":[32.8876949,-2.50545425]}},{"id":"677","type":"Feature","properties":{"id":"mwanza_rockfall_locations.678","ogc_fid":678,"fid":679,"district":"Ilemela","ward":"Kirumba","subward":"Kigoto","source":"At risk","geolocation":"-2.5047393099311175 32.88690106889926 1160.1813860513407 4.0","geolocation precision":4.0,"rockfall causes":null,"rockfall causes/heavy rainfall":null,"rockfall causes/human activities":null,"rockfall causes/earthquakes":null,"other":null,"risky":null,"year affected":null},"geometry":{"type":"Point","coordinates":[32.88690107,-2.50473931]}},{"id":"678","type":"Feature","properties":{"id":"mwanza_rockfall_locations.679","ogc_fid":679,"fid":680,"district":"Ilemela","ward":"Pasiansi","subward":"Bwiru Press","source":"At risk","geolocation":"-2.477548333333333 32.891616666666664 1196.6 5.0","geolocation precision":5.0,"rockfall causes":null,"rockfall causes/heavy rainfall":null,"rockfall causes/human activities":null,"rockfall causes/earthquakes":null,"other":null,"risky":null,"year affected":null},"geometry":{"type":"Point","coordinates":[32.89161667,-2.47754833]}},{"id":"679","type":"Feature","properties":{"id":"mwanza_rockfall_locations.680","ogc_fid":680,"fid":681,"district":"Ilemela","ward":"Pasiansi","subward":"Bwiru Press","source":"At risk","geolocation":"-2.4786633333333334 32.89135833333333 1224.0 4.9","geolocation precision":4.9,"rockfall causes":null,"rockfall causes/heavy rainfall":null,"rockfall causes/human activities":null,"rockfall causes/earthquakes":null,"other":null,"risky":null,"year affected":null},"geometry":{"type":"Point","coordinates":[32.89135833,-2.47866333]}},{"id":"680","type":"Feature","properties":{"id":"mwanza_rockfall_locations.681","ogc_fid":681,"fid":682,"district":"Ilemela","ward":"Pasiansi","subward":"Bwiru Press","source":"At risk","geolocation":"-2.4780683333333333 32.890795000000004 1223.8 4.3","geolocation precision":4.3,"rockfall causes":null,"rockfall causes/heavy rainfall":null,"rockfall causes/human activities":null,"rockfall causes/earthquakes":null,"other":null,"risky":null,"year affected":null},"geometry":{"type":"Point","coordinates":[32.890795,-2.47806833]}},{"id":"681","type":"Feature","properties":{"id":"mwanza_rockfall_locations.682","ogc_fid":682,"fid":683,"district":"Ilemela","ward":"Pasiansi","subward":"Bwiru Press","source":"At risk","geolocation":"-2.47845 32.888439999999996 1226.0 4.6","geolocation precision":4.6,"rockfall causes":null,"rockfall causes/heavy rainfall":null,"rockfall causes/human activities":null,"rockfall causes/earthquakes":null,"other":null,"risky":null,"year affected":null},"geometry":{"type":"Point","coordinates":[32.88844,-2.47845]}},{"id":"682","type":"Feature","properties":{"id":"mwanza_rockfall_locations.683","ogc_fid":683,"fid":684,"district":"Ilemela","ward":"Pasiansi","subward":"Bwiru Press","source":"At risk","geolocation":"-2.478511666666667 32.88843166666666 1226.1 4.3","geolocation precision":4.3,"rockfall causes":null,"rockfall causes/heavy rainfall":null,"rockfall causes/human activities":null,"rockfall causes/earthquakes":null,"other":null,"risky":null,"year affected":null},"geometry":{"type":"Point","coordinates":[32.88843167,-2.47851167]}},{"id":"683","type":"Feature","properties":{"id":"mwanza_rockfall_locations.684","ogc_fid":684,"fid":685,"district":"Ilemela","ward":"Kirumba","subward":"Kigoto","source":"At risk","geolocation":"-2.5035423785448074 32.884003138169646 1171.0 4.5","geolocation precision":4.5,"rockfall causes":null,"rockfall causes/heavy rainfall":null,"rockfall causes/human activities":null,"rockfall causes/earthquakes":null,"other":null,"risky":null,"year affected":null},"geometry":{"type":"Point","coordinates":[32.88400314,-2.50354238]}},{"id":"684","type":"Feature","properties":{"id":"mwanza_rockfall_locations.685","ogc_fid":685,"fid":686,"district":"Ilemela","ward":"Kirumba","subward":"Kigoto","source":"At risk","geolocation":"-2.501905895769596 32.88354204967618 1212.0 5.0","geolocation precision":5.0,"rockfall causes":null,"rockfall causes/heavy rainfall":null,"rockfall causes/human activities":null,"rockfall causes/earthquakes":null,"other":null,"risky":null,"year affected":null},"geometry":{"type":"Point","coordinates":[32.88354205,-2.5019059]}},{"id":"685","type":"Feature","properties":{"id":"mwanza_rockfall_locations.686","ogc_fid":686,"fid":687,"district":"Ilemela","ward":"Kirumba","subward":"Kigoto","source":"At risk","geolocation":"-2.5018918560817838 32.88291893899441 1203.0 5.0","geolocation precision":5.0,"rockfall causes":null,"rockfall causes/heavy rainfall":null,"rockfall causes/human activities":null,"rockfall causes/earthquakes":null,"other":null,"risky":null,"year affected":null},"geometry":{"type":"Point","coordinates":[32.88291894,-2.50189186]}},{"id":"686","type":"Feature","properties":{"id":"mwanza_rockfall_locations.687","ogc_fid":687,"fid":688,"district":"Ilemela","ward":"Pasiansi","subward":"Bwiru Press","source":"At risk","geolocation":"-2.47700824867934 32.89111711084843 1189.0 5.0","geolocation precision":5.0,"rockfall causes":null,"rockfall causes/heavy rainfall":null,"rockfall causes/human activities":null,"rockfall causes/earthquakes":null,"other":null,"risky":null,"year affected":null},"geometry":{"type":"Point","coordinates":[32.89111711,-2.47700825]}},{"id":"687","type":"Feature","properties":{"id":"mwanza_rockfall_locations.688","ogc_fid":688,"fid":689,"district":"Ilemela","ward":"Pasiansi","subward":"Bwiru Press","source":"At risk","geolocation":"-2.476279 32.8912387 1185.2 4.96","geolocation precision":4.96,"rockfall causes":null,"rockfall causes/heavy rainfall":null,"rockfall causes/human activities":null,"rockfall causes/earthquakes":null,"other":null,"risky":null,"year affected":null},"geometry":{"type":"Point","coordinates":[32.8912387,-2.476279]}},{"id":"688","type":"Feature","properties":{"id":"mwanza_rockfall_locations.689","ogc_fid":689,"fid":690,"district":"Ilemela","ward":"Pasiansi","subward":"Bwiru Press","source":"At risk","geolocation":"-2.4780319 32.8911357 1214.9 4.783","geolocation precision":4.783,"rockfall causes":null,"rockfall causes/heavy rainfall":null,"rockfall causes/human activities":null,"rockfall causes/earthquakes":null,"other":null,"risky":null,"year affected":null},"geometry":{"type":"Point","coordinates":[32.8911357,-2.4780319]}},{"id":"689","type":"Feature","properties":{"id":"mwanza_rockfall_locations.690","ogc_fid":690,"fid":691,"district":"Ilemela","ward":"Pasiansi","subward":"Bwiru Press","source":"At risk","geolocation":"-2.47838 32.890575 1226.4 4.025","geolocation precision":4.025,"rockfall causes":null,"rockfall causes/heavy rainfall":null,"rockfall causes/human activities":null,"rockfall causes/earthquakes":null,"other":null,"risky":null,"year affected":null},"geometry":{"type":"Point","coordinates":[32.890575,-2.47838]}},{"id":"690","type":"Feature","properties":{"id":"mwanza_rockfall_locations.691","ogc_fid":691,"fid":692,"district":"Ilemela","ward":"Pasiansi","subward":"Bwiru Press","source":"At risk","geolocation":"-2.4784974 32.8884499 1247.7 4.48","geolocation precision":4.48,"rockfall causes":null,"rockfall causes/heavy rainfall":null,"rockfall causes/human activities":null,"rockfall causes/earthquakes":null,"other":null,"risky":null,"year affected":null},"geometry":{"type":"Point","coordinates":[32.8884499,-2.4784974]}},{"id":"691","type":"Feature","properties":{"id":"mwanza_rockfall_locations.692","ogc_fid":692,"fid":693,"district":"Ilemela","ward":"Pasiansi","subward":"Bwiru Press","source":"At risk","geolocation":"-2.4785948 32.8884283 1240.5 4.519","geolocation precision":4.519,"rockfall causes":null,"rockfall causes/heavy rainfall":null,"rockfall causes/human activities":null,"rockfall causes/earthquakes":null,"other":null,"risky":null,"year affected":null},"geometry":{"type":"Point","coordinates":[32.8884283,-2.4785948]}},{"id":"692","type":"Feature","properties":{"id":"mwanza_rockfall_locations.693","ogc_fid":693,"fid":694,"district":"Ilemela","ward":"Pasiansi","subward":"Bwiru Press","source":"At risk","geolocation":"-2.4773533333333333 32.890885000000004 1248.8 5.0","geolocation precision":5.0,"rockfall causes":null,"rockfall causes/heavy rainfall":null,"rockfall causes/human activities":null,"rockfall causes/earthquakes":null,"other":null,"risky":null,"year affected":null},"geometry":{"type":"Point","coordinates":[32.890885,-2.47735333]}},{"id":"693","type":"Feature","properties":{"id":"mwanza_rockfall_locations.694","ogc_fid":694,"fid":695,"district":"Ilemela","ward":"Pasiansi","subward":"Bwiru Press","source":"At risk","geolocation":"-2.476355 32.891625 1198.5 5.0","geolocation precision":5.0,"rockfall causes":null,"rockfall causes/heavy rainfall":null,"rockfall causes/human activities":null,"rockfall causes/earthquakes":null,"other":null,"risky":null,"year affected":null},"geometry":{"type":"Point","coordinates":[32.891625,-2.476355]}},{"id":"694","type":"Feature","properties":{"id":"mwanza_rockfall_locations.695","ogc_fid":695,"fid":696,"district":"Ilemela","ward":"Pasiansi","subward":"Bwiru Press","source":"At risk","geolocation":"-2.4777533333333333 32.89096 1229.9 4.6","geolocation precision":4.6,"rockfall causes":null,"rockfall causes/heavy rainfall":null,"rockfall causes/human activities":null,"rockfall causes/earthquakes":null,"other":null,"risky":null,"year affected":null},"geometry":{"type":"Point","coordinates":[32.89096,-2.47775333]}},{"id":"695","type":"Feature","properties":{"id":"mwanza_rockfall_locations.696","ogc_fid":696,"fid":697,"district":"Ilemela","ward":"Pasiansi","subward":"Bwiru Press","source":"At risk","geolocation":"-2.477701666666667 32.891038333333334 1219.7 5.0","geolocation precision":5.0,"rockfall causes":null,"rockfall causes/heavy rainfall":null,"rockfall causes/human activities":null,"rockfall causes/earthquakes":null,"other":null,"risky":null,"year affected":null},"geometry":{"type":"Point","coordinates":[32.89103833,-2.47770167]}},{"id":"696","type":"Feature","properties":{"id":"mwanza_rockfall_locations.697","ogc_fid":697,"fid":698,"district":"Ilemela","ward":"Pasiansi","subward":"Bwiru Press","source":"At risk","geolocation":"-2.4761699999999998 32.891418333333334 1190.5 3.6","geolocation precision":3.6,"rockfall causes":null,"rockfall causes/heavy rainfall":null,"rockfall causes/human activities":null,"rockfall causes/earthquakes":null,"other":null,"risky":null,"year affected":null},"geometry":{"type":"Point","coordinates":[32.89141833,-2.47617]}},{"id":"697","type":"Feature","properties":{"id":"mwanza_rockfall_locations.698","ogc_fid":698,"fid":699,"district":"Ilemela","ward":"Pasiansi","subward":"Bwiru Press","source":"At risk","geolocation":"-2.4759949999999997 32.891795 1189.9 4.3","geolocation precision":4.3,"rockfall causes":null,"rockfall causes/heavy rainfall":null,"rockfall causes/human activities":null,"rockfall causes/earthquakes":null,"other":null,"risky":null,"year affected":null},"geometry":{"type":"Point","coordinates":[32.891795,-2.475995]}},{"id":"698","type":"Feature","properties":{"id":"mwanza_rockfall_locations.699","ogc_fid":699,"fid":700,"district":"Ilemela","ward":"Pasiansi","subward":"Bwiru Mchangani","source":"At risk","geolocation":"-2.4813083333333332 32.90253166666666 1097.0 5.0","geolocation precision":5.0,"rockfall causes":null,"rockfall causes/heavy rainfall":null,"rockfall causes/human activities":null,"rockfall causes/earthquakes":null,"other":null,"risky":null,"year affected":null},"geometry":{"type":"Point","coordinates":[32.90253167,-2.48130833]}},{"id":"699","type":"Feature","properties":{"id":"mwanza_rockfall_locations.700","ogc_fid":700,"fid":701,"district":"Ilemela","ward":"Pasiansi","subward":"Bwiru Mchangani","source":"At risk","geolocation":"-2.4808766666666666 32.902115 1158.1 4.9","geolocation precision":4.9,"rockfall causes":null,"rockfall causes/heavy rainfall":null,"rockfall causes/human activities":null,"rockfall causes/earthquakes":null,"other":null,"risky":null,"year affected":null},"geometry":{"type":"Point","coordinates":[32.902115,-2.48087667]}},{"id":"700","type":"Feature","properties":{"id":"mwanza_rockfall_locations.701","ogc_fid":701,"fid":702,"district":"Ilemela","ward":"Nyamanoro","subward":"Nenetwa","source":"Happened","geolocation":"-2.4981341 32.9080321 1199.2 3.96","geolocation precision":3.96,"rockfall causes":"heavy rainfall human activities","rockfall causes/heavy rainfall":1.0,"rockfall causes/human activities":1.0,"rockfall causes/earthquakes":0.0,"other":0.0,"risky":"yes","year affected":"2/1/2018"},"geometry":{"type":"Point","coordinates":[32.9080321,-2.4981341]}},{"id":"701","type":"Feature","properties":{"id":"mwanza_rockfall_locations.702","ogc_fid":702,"fid":703,"district":"Ilemela","ward":"Nyamanoro","subward":"Nenetwa","source":"At risk","geolocation":"-2.4984546 32.9076122 1207.1 4.78","geolocation precision":4.78,"rockfall causes":null,"rockfall causes/heavy rainfall":null,"rockfall causes/human activities":null,"rockfall causes/earthquakes":null,"other":null,"risky":null,"year affected":null},"geometry":{"type":"Point","coordinates":[32.9076122,-2.4984546]}},{"id":"702","type":"Feature","properties":{"id":"mwanza_rockfall_locations.703","ogc_fid":703,"fid":704,"district":"Ilemela","ward":"Ilemela","subward":"Sabasaba","source":"At risk","geolocation":"-2.4742569 32.9173449 1171.7 4.786","geolocation precision":4.786,"rockfall causes":null,"rockfall causes/heavy rainfall":null,"rockfall causes/human activities":null,"rockfall causes/earthquakes":null,"other":null,"risky":null,"year affected":null},"geometry":{"type":"Point","coordinates":[32.9173449,-2.4742569]}},{"id":"703","type":"Feature","properties":{"id":"mwanza_rockfall_locations.704","ogc_fid":704,"fid":705,"district":"Ilemela","ward":"Ilemela","subward":"Sabasaba","source":"At risk","geolocation":"-2.4739638 32.9172512 1171.4 4.019","geolocation precision":4.019,"rockfall causes":null,"rockfall causes/heavy rainfall":null,"rockfall causes/human activities":null,"rockfall causes/earthquakes":null,"other":null,"risky":null,"year affected":null},"geometry":{"type":"Point","coordinates":[32.9172512,-2.4739638]}},{"id":"704","type":"Feature","properties":{"id":"mwanza_rockfall_locations.705","ogc_fid":705,"fid":706,"district":"Ilemela","ward":"Ilemela","subward":"Sabasaba","source":"Happened","geolocation":"-2.4746183333333334 32.91750833333333 1160.9 4.4","geolocation precision":4.4,"rockfall causes":"heavy rainfall","rockfall causes/heavy rainfall":1.0,"rockfall causes/human activities":0.0,"rockfall causes/earthquakes":0.0,"other":0.0,"risky":"no","year affected":null},"geometry":{"type":"Point","coordinates":[32.91750833,-2.47461833]}},{"id":"705","type":"Feature","properties":{"id":"mwanza_rockfall_locations.706","ogc_fid":706,"fid":707,"district":"Ilemela","ward":"Ilemela","subward":"Sabasaba","source":"At risk","geolocation":"-2.4742666666666664 32.91797833333333 1183.8 4.2","geolocation precision":4.2,"rockfall causes":null,"rockfall causes/heavy rainfall":null,"rockfall causes/human activities":null,"rockfall causes/earthquakes":null,"other":null,"risky":null,"year affected":null},"geometry":{"type":"Point","coordinates":[32.91797833,-2.47426667]}},{"id":"706","type":"Feature","properties":{"id":"mwanza_rockfall_locations.707","ogc_fid":707,"fid":708,"district":"Ilemela","ward":"Kirumba","subward":"Kigoto","source":"At risk","geolocation":"-2.502590948715806 32.88382393307984 1178.0 5.0","geolocation precision":5.0,"rockfall causes":null,"rockfall causes/heavy rainfall":null,"rockfall causes/human activities":null,"rockfall causes/earthquakes":null,"other":null,"risky":null,"year affected":null},"geometry":{"type":"Point","coordinates":[32.88382393,-2.50259095]}},{"id":"707","type":"Feature","properties":{"id":"mwanza_rockfall_locations.708","ogc_fid":708,"fid":709,"district":"Ilemela","ward":"Kirumba","subward":"Kigoto","source":"Happened","geolocation":"-2.5023068860173225 32.883999617770314 1175.0 4.5","geolocation precision":4.5,"rockfall causes":"heavy rainfall human activities","rockfall causes/heavy rainfall":1.0,"rockfall causes/human activities":1.0,"rockfall causes/earthquakes":0.0,"other":0.0,"risky":"no","year affected":null},"geometry":{"type":"Point","coordinates":[32.88399962,-2.50230689]}},{"id":"708","type":"Feature","properties":{"id":"mwanza_rockfall_locations.709","ogc_fid":709,"fid":710,"district":"Ilemela","ward":"Kitangiri","subward":"Mwinuko","source":"At risk","geolocation":"-2.489188 32.8921284 1214.822998046875 4.551","geolocation precision":4.551,"rockfall causes":null,"rockfall causes/heavy rainfall":null,"rockfall causes/human activities":null,"rockfall causes/earthquakes":null,"other":null,"risky":null,"year affected":null},"geometry":{"type":"Point","coordinates":[32.8921284,-2.489188]}},{"id":"709","type":"Feature","properties":{"id":"mwanza_rockfall_locations.710","ogc_fid":710,"fid":711,"district":"Ilemela","ward":"Kitangiri","subward":"Mwinuko","source":"At risk","geolocation":"-2.4890714 32.8921406 1222.6522216796875 4.551","geolocation precision":4.551,"rockfall causes":null,"rockfall causes/heavy rainfall":null,"rockfall causes/human activities":null,"rockfall causes/earthquakes":null,"other":null,"risky":null,"year affected":null},"geometry":{"type":"Point","coordinates":[32.8921406,-2.4890714]}},{"id":"710","type":"Feature","properties":{"id":"mwanza_rockfall_locations.711","ogc_fid":711,"fid":712,"district":"Ilemela","ward":"Kitangiri","subward":"Mwinuko","source":"At risk","geolocation":"-2.4890643 32.8920688 1233.4620361328125 4.551","geolocation precision":4.551,"rockfall causes":null,"rockfall causes/heavy rainfall":null,"rockfall causes/human activities":null,"rockfall causes/earthquakes":null,"other":null,"risky":null,"year affected":null},"geometry":{"type":"Point","coordinates":[32.8920688,-2.4890643]}},{"id":"711","type":"Feature","properties":{"id":"mwanza_rockfall_locations.712","ogc_fid":712,"fid":713,"district":"Ilemela","ward":"Kitangiri","subward":"Mwinuko","source":"At risk","geolocation":"-2.4885717 32.8920204 1223.8394775390625 4.551","geolocation precision":4.551,"rockfall causes":null,"rockfall causes/heavy rainfall":null,"rockfall causes/human activities":null,"rockfall causes/earthquakes":null,"other":null,"risky":null,"year affected":null},"geometry":{"type":"Point","coordinates":[32.8920204,-2.4885717]}},{"id":"712","type":"Feature","properties":{"id":"mwanza_rockfall_locations.713","ogc_fid":713,"fid":714,"district":"Ilemela","ward":"Kitangiri","subward":"Mwinuko","source":"Happened","geolocation":"-2.4894039 32.8925796 1205.6671142578125 4.551","geolocation precision":4.551,"rockfall causes":"heavy rainfall","rockfall causes/heavy rainfall":1.0,"rockfall causes/human activities":0.0,"rockfall causes/earthquakes":0.0,"other":0.0,"risky":"no","year affected":null},"geometry":{"type":"Point","coordinates":[32.8925796,-2.4894039]}},{"id":"713","type":"Feature","properties":{"id":"mwanza_rockfall_locations.714","ogc_fid":714,"fid":715,"district":"Ilemela","ward":"Kitangiri","subward":"Jiwe Kuu","source":"At risk","geolocation":"-2.481256666666667 32.887295 1224.7 4.9","geolocation precision":4.9,"rockfall causes":null,"rockfall causes/heavy rainfall":null,"rockfall causes/human activities":null,"rockfall causes/earthquakes":null,"other":null,"risky":null,"year affected":null},"geometry":{"type":"Point","coordinates":[32.887295,-2.48125667]}},{"id":"714","type":"Feature","properties":{"id":"mwanza_rockfall_locations.715","ogc_fid":715,"fid":716,"district":"Ilemela","ward":"Kitangiri","subward":"Jiwe Kuu","source":"At risk","geolocation":"-2.48014 32.886365 1212.2 2.2","geolocation precision":2.2,"rockfall causes":null,"rockfall causes/heavy rainfall":null,"rockfall causes/human activities":null,"rockfall causes/earthquakes":null,"other":null,"risky":null,"year affected":null},"geometry":{"type":"Point","coordinates":[32.886365,-2.48014]}},{"id":"715","type":"Feature","properties":{"id":"mwanza_rockfall_locations.716","ogc_fid":716,"fid":717,"district":"Ilemela","ward":"Kitangiri","subward":"Jiwe Kuu","source":"At risk","geolocation":"-2.479535 32.886695 1222.9 5.0","geolocation precision":5.0,"rockfall causes":null,"rockfall causes/heavy rainfall":null,"rockfall causes/human activities":null,"rockfall causes/earthquakes":null,"other":null,"risky":null,"year affected":null},"geometry":{"type":"Point","coordinates":[32.886695,-2.479535]}},{"id":"716","type":"Feature","properties":{"id":"mwanza_rockfall_locations.717","ogc_fid":717,"fid":718,"district":"Ilemela","ward":"Kitangiri","subward":"Jiwe Kuu","source":"At risk","geolocation":"-2.480926666666667 32.888310000000004 1226.7 5.0","geolocation precision":5.0,"rockfall causes":null,"rockfall causes/heavy rainfall":null,"rockfall causes/human activities":null,"rockfall causes/earthquakes":null,"other":null,"risky":null,"year affected":null},"geometry":{"type":"Point","coordinates":[32.88831,-2.48092667]}},{"id":"717","type":"Feature","properties":{"id":"mwanza_rockfall_locations.718","ogc_fid":718,"fid":719,"district":"Ilemela","ward":"Kitangiri","subward":"Jiwe Kuu","source":"At risk","geolocation":"-2.4810083333333335 32.88779 1245.5 4.8","geolocation precision":4.8,"rockfall causes":null,"rockfall causes/heavy rainfall":null,"rockfall causes/human activities":null,"rockfall causes/earthquakes":null,"other":null,"risky":null,"year affected":null},"geometry":{"type":"Point","coordinates":[32.88779,-2.48100833]}},{"id":"718","type":"Feature","properties":{"id":"mwanza_rockfall_locations.719","ogc_fid":719,"fid":720,"district":"Ilemela","ward":"Kitangiri","subward":"Jiwe Kuu","source":"At risk","geolocation":"-2.480925 32.88695 1239.5 3.8","geolocation precision":3.8,"rockfall causes":null,"rockfall causes/heavy rainfall":null,"rockfall causes/human activities":null,"rockfall causes/earthquakes":null,"other":null,"risky":null,"year affected":null},"geometry":{"type":"Point","coordinates":[32.88695,-2.480925]}},{"id":"719","type":"Feature","properties":{"id":"mwanza_rockfall_locations.720","ogc_fid":720,"fid":721,"district":"Ilemela","ward":"Kitangiri","subward":"Jiwe Kuu","source":"At risk","geolocation":"-2.480278333333333 32.887085 1238.8 3.3","geolocation precision":3.3,"rockfall causes":null,"rockfall causes/heavy rainfall":null,"rockfall causes/human activities":null,"rockfall causes/earthquakes":null,"other":null,"risky":null,"year affected":null},"geometry":{"type":"Point","coordinates":[32.887085,-2.48027833]}},{"id":"720","type":"Feature","properties":{"id":"mwanza_rockfall_locations.721","ogc_fid":721,"fid":722,"district":"Ilemela","ward":"Kitangiri","subward":"Jiwe Kuu","source":"At risk","geolocation":"-2.48048 32.887134999999994 1238.8 3.9","geolocation precision":3.9,"rockfall causes":null,"rockfall causes/heavy rainfall":null,"rockfall causes/human activities":null,"rockfall causes/earthquakes":null,"other":null,"risky":null,"year affected":null},"geometry":{"type":"Point","coordinates":[32.887135,-2.48048]}},{"id":"721","type":"Feature","properties":{"id":"mwanza_rockfall_locations.722","ogc_fid":722,"fid":723,"district":"Ilemela","ward":"Kitangiri","subward":"Jiwe Kuu","source":"At risk","geolocation":"-2.4804433333333336 32.88690666666666 1239.9 5.0","geolocation precision":5.0,"rockfall causes":null,"rockfall causes/heavy rainfall":null,"rockfall causes/human activities":null,"rockfall causes/earthquakes":null,"other":null,"risky":null,"year affected":null},"geometry":{"type":"Point","coordinates":[32.88690667,-2.48044333]}},{"id":"722","type":"Feature","properties":{"id":"mwanza_rockfall_locations.723","ogc_fid":723,"fid":724,"district":"Ilemela","ward":"Kitangiri","subward":"Jiwe Kuu","source":"At risk","geolocation":"-2.479756666666667 32.88707333333333 1235.4 3.7","geolocation precision":3.7,"rockfall causes":null,"rockfall causes/heavy rainfall":null,"rockfall causes/human activities":null,"rockfall causes/earthquakes":null,"other":null,"risky":null,"year affected":null},"geometry":{"type":"Point","coordinates":[32.88707333,-2.47975667]}},{"id":"723","type":"Feature","properties":{"id":"mwanza_rockfall_locations.724","ogc_fid":724,"fid":725,"district":"Ilemela","ward":"Kitangiri","subward":"Jiwe Kuu","source":"Happened","geolocation":"-2.4799300000000004 32.88703666666667 1230.3 5.0","geolocation precision":5.0,"rockfall causes":"heavy rainfall","rockfall causes/heavy rainfall":1.0,"rockfall causes/human activities":0.0,"rockfall causes/earthquakes":0.0,"other":0.0,"risky":"yes","year affected":null},"geometry":{"type":"Point","coordinates":[32.88703667,-2.47993]}},{"id":"724","type":"Feature","properties":{"id":"mwanza_rockfall_locations.725","ogc_fid":725,"fid":726,"district":"Ilemela","ward":"Kitangiri","subward":"Jiwe Kuu","source":"At risk","geolocation":"-2.4792583333333336 32.88696166666667 1224.7 4.5","geolocation precision":4.5,"rockfall causes":null,"rockfall causes/heavy rainfall":null,"rockfall causes/human activities":null,"rockfall causes/earthquakes":null,"other":null,"risky":null,"year affected":null},"geometry":{"type":"Point","coordinates":[32.88696167,-2.47925833]}},{"id":"725","type":"Feature","properties":{"id":"mwanza_rockfall_locations.726","ogc_fid":726,"fid":727,"district":"Ilemela","ward":"Kitangiri","subward":"Jiwe Kuu","source":"At risk","geolocation":"-2.4799616666666666 32.88757666666667 1224.6 4.9","geolocation precision":4.9,"rockfall causes":null,"rockfall causes/heavy rainfall":null,"rockfall causes/human activities":null,"rockfall causes/earthquakes":null,"other":null,"risky":null,"year affected":null},"geometry":{"type":"Point","coordinates":[32.88757667,-2.47996167]}},{"id":"726","type":"Feature","properties":{"id":"mwanza_rockfall_locations.727","ogc_fid":727,"fid":728,"district":"Ilemela","ward":"Kitangiri","subward":"Jiwe Kuu","source":"At risk","geolocation":"-2.4809083333333333 32.888371666666664 1224.5 4.7","geolocation precision":4.7,"rockfall causes":null,"rockfall causes/heavy rainfall":null,"rockfall causes/human activities":null,"rockfall causes/earthquakes":null,"other":null,"risky":null,"year affected":null},"geometry":{"type":"Point","coordinates":[32.88837167,-2.48090833]}},{"id":"727","type":"Feature","properties":{"id":"mwanza_rockfall_locations.728","ogc_fid":728,"fid":729,"district":"Ilemela","ward":"Kitangiri","subward":"Mihama","source":"At risk","geolocation":"-2.4792899999999998 32.88247666666667 1148.9 5.0","geolocation precision":5.0,"rockfall causes":null,"rockfall causes/heavy rainfall":null,"rockfall causes/human activities":null,"rockfall causes/earthquakes":null,"other":null,"risky":null,"year affected":null},"geometry":{"type":"Point","coordinates":[32.88247667,-2.47929]}},{"id":"728","type":"Feature","properties":{"id":"mwanza_rockfall_locations.729","ogc_fid":729,"fid":730,"district":"Ilemela","ward":"Kitangiri","subward":"Mihama","source":"At risk","geolocation":"-2.4792516666666664 32.882 1148.9 4.9","geolocation precision":4.9,"rockfall causes":null,"rockfall causes/heavy rainfall":null,"rockfall causes/human activities":null,"rockfall causes/earthquakes":null,"other":null,"risky":null,"year affected":null},"geometry":{"type":"Point","coordinates":[32.882,-2.47925167]}},{"id":"729","type":"Feature","properties":{"id":"mwanza_rockfall_locations.730","ogc_fid":730,"fid":731,"district":"Ilemela","ward":"Kitangiri","subward":"Mihama","source":"At risk","geolocation":"-2.47927 32.881985 1155.8 2.4","geolocation precision":2.4,"rockfall causes":null,"rockfall causes/heavy rainfall":null,"rockfall causes/human activities":null,"rockfall causes/earthquakes":null,"other":null,"risky":null,"year affected":null},"geometry":{"type":"Point","coordinates":[32.881985,-2.47927]}},{"id":"730","type":"Feature","properties":{"id":"mwanza_rockfall_locations.731","ogc_fid":731,"fid":732,"district":"Ilemela","ward":"Kitangiri","subward":"Mihama","source":"At risk","geolocation":"-2.479655 32.88093333333334 1143.0 3.9","geolocation precision":3.9,"rockfall causes":null,"rockfall causes/heavy rainfall":null,"rockfall causes/human activities":null,"rockfall causes/earthquakes":null,"other":null,"risky":null,"year affected":null},"geometry":{"type":"Point","coordinates":[32.88093333,-2.479655]}},{"id":"731","type":"Feature","properties":{"id":"mwanza_rockfall_locations.732","ogc_fid":732,"fid":733,"district":"Ilemela","ward":"Kitangiri","subward":"Mihama","source":"At risk","geolocation":"-2.4784100000000002 32.88138166666667 1142.6 4.8","geolocation precision":4.8,"rockfall causes":null,"rockfall causes/heavy rainfall":null,"rockfall causes/human activities":null,"rockfall causes/earthquakes":null,"other":null,"risky":null,"year affected":null},"geometry":{"type":"Point","coordinates":[32.88138167,-2.47841]}},{"id":"732","type":"Feature","properties":{"id":"mwanza_rockfall_locations.733","ogc_fid":733,"fid":734,"district":"Ilemela","ward":"Kitangiri","subward":"Mihama","source":"At risk","geolocation":"-2.4784083333333333 32.881415 1143.9 2.8","geolocation precision":2.8,"rockfall causes":null,"rockfall causes/heavy rainfall":null,"rockfall causes/human activities":null,"rockfall causes/earthquakes":null,"other":null,"risky":null,"year affected":null},"geometry":{"type":"Point","coordinates":[32.881415,-2.47840833]}},{"id":"733","type":"Feature","properties":{"id":"mwanza_rockfall_locations.734","ogc_fid":734,"fid":735,"district":"Ilemela","ward":"Kitangiri","subward":"Mihama","source":"At risk","geolocation":"-2.4780433333333334 32.88126 1163.1 3.7","geolocation precision":3.7,"rockfall causes":null,"rockfall causes/heavy rainfall":null,"rockfall causes/human activities":null,"rockfall causes/earthquakes":null,"other":null,"risky":null,"year affected":null},"geometry":{"type":"Point","coordinates":[32.88126,-2.47804333]}},{"id":"734","type":"Feature","properties":{"id":"mwanza_rockfall_locations.735","ogc_fid":735,"fid":736,"district":"Ilemela","ward":"Kitangiri","subward":"Mihama","source":"At risk","geolocation":"-2.47714 32.88144166666667 1177.8 4.8","geolocation precision":4.8,"rockfall causes":null,"rockfall causes/heavy rainfall":null,"rockfall causes/human activities":null,"rockfall causes/earthquakes":null,"other":null,"risky":null,"year affected":null},"geometry":{"type":"Point","coordinates":[32.88144167,-2.47714]}},{"id":"735","type":"Feature","properties":{"id":"mwanza_rockfall_locations.736","ogc_fid":736,"fid":737,"district":"Ilemela","ward":"Kitangiri","subward":"Mihama","source":"At risk","geolocation":"-2.477133333333333 32.881753333333336 1180.2 2.7","geolocation precision":2.7,"rockfall causes":null,"rockfall causes/heavy rainfall":null,"rockfall causes/human activities":null,"rockfall causes/earthquakes":null,"other":null,"risky":null,"year affected":null},"geometry":{"type":"Point","coordinates":[32.88175333,-2.47713333]}},{"id":"736","type":"Feature","properties":{"id":"mwanza_rockfall_locations.737","ogc_fid":737,"fid":738,"district":"Ilemela","ward":"Kitangiri","subward":"Mihama","source":"At risk","geolocation":"-2.4770133333333333 32.88218333333334 1184.9 5.0","geolocation precision":5.0,"rockfall causes":null,"rockfall causes/heavy rainfall":null,"rockfall causes/human activities":null,"rockfall causes/earthquakes":null,"other":null,"risky":null,"year affected":null},"geometry":{"type":"Point","coordinates":[32.88218333,-2.47701333]}},{"id":"737","type":"Feature","properties":{"id":"mwanza_rockfall_locations.738","ogc_fid":738,"fid":739,"district":"Ilemela","ward":"Kitangiri","subward":"Mihama","source":"At risk","geolocation":"-2.4772283333333336 32.88236166666666 1185.1 2.3","geolocation precision":2.3,"rockfall causes":null,"rockfall causes/heavy rainfall":null,"rockfall causes/human activities":null,"rockfall causes/earthquakes":null,"other":null,"risky":null,"year affected":null},"geometry":{"type":"Point","coordinates":[32.88236167,-2.47722833]}},{"id":"738","type":"Feature","properties":{"id":"mwanza_rockfall_locations.739","ogc_fid":739,"fid":740,"district":"Ilemela","ward":"Kitangiri","subward":"Mihama","source":"At risk","geolocation":"-2.4779183333333332 32.882933333333334 1193.0 5.0","geolocation precision":5.0,"rockfall causes":null,"rockfall causes/heavy rainfall":null,"rockfall causes/human activities":null,"rockfall causes/earthquakes":null,"other":null,"risky":null,"year affected":null},"geometry":{"type":"Point","coordinates":[32.88293333,-2.47791833]}},{"id":"739","type":"Feature","properties":{"id":"mwanza_rockfall_locations.740","ogc_fid":740,"fid":741,"district":"Ilemela","ward":"Kitangiri","subward":"Mihama","source":"At risk","geolocation":"-2.4780349999999998 32.882805 1191.5 2.8","geolocation precision":2.8,"rockfall causes":null,"rockfall causes/heavy rainfall":null,"rockfall causes/human activities":null,"rockfall causes/earthquakes":null,"other":null,"risky":null,"year affected":null},"geometry":{"type":"Point","coordinates":[32.882805,-2.478035]}},{"id":"740","type":"Feature","properties":{"id":"mwanza_rockfall_locations.741","ogc_fid":741,"fid":742,"district":"Ilemela","ward":"Kitangiri","subward":"Mihama","source":"At risk","geolocation":"-2.47917 32.883185000000005 1179.3 4.9","geolocation precision":4.9,"rockfall causes":null,"rockfall causes/heavy rainfall":null,"rockfall causes/human activities":null,"rockfall causes/earthquakes":null,"other":null,"risky":null,"year affected":null},"geometry":{"type":"Point","coordinates":[32.883185,-2.47917]}},{"id":"741","type":"Feature","properties":{"id":"mwanza_rockfall_locations.742","ogc_fid":742,"fid":743,"district":"Ilemela","ward":"Kitangiri","subward":"Mihama","source":"At risk","geolocation":"-2.47917 32.88315 1177.6 4.2","geolocation precision":4.2,"rockfall causes":null,"rockfall causes/heavy rainfall":null,"rockfall causes/human activities":null,"rockfall causes/earthquakes":null,"other":null,"risky":null,"year affected":null},"geometry":{"type":"Point","coordinates":[32.88315,-2.47917]}},{"id":"742","type":"Feature","properties":{"id":"mwanza_rockfall_locations.743","ogc_fid":743,"fid":744,"district":"Ilemela","ward":"Kitangiri","subward":"Mihama","source":"At risk","geolocation":"-2.4789133333333333 32.88210166666667 1176.6 4.9","geolocation precision":4.9,"rockfall causes":null,"rockfall causes/heavy rainfall":null,"rockfall causes/human activities":null,"rockfall causes/earthquakes":null,"other":null,"risky":null,"year affected":null},"geometry":{"type":"Point","coordinates":[32.88210167,-2.47891333]}},{"id":"743","type":"Feature","properties":{"id":"mwanza_rockfall_locations.744","ogc_fid":744,"fid":745,"district":"Ilemela","ward":"Kitangiri","subward":"Mihama","source":"At risk","geolocation":"-2.4787646 32.8830696 1168.9 5.0","geolocation precision":5.0,"rockfall causes":null,"rockfall causes/heavy rainfall":null,"rockfall causes/human activities":null,"rockfall causes/earthquakes":null,"other":null,"risky":null,"year affected":null},"geometry":{"type":"Point","coordinates":[32.8830696,-2.4787646]}},{"id":"744","type":"Feature","properties":{"id":"mwanza_rockfall_locations.745","ogc_fid":745,"fid":746,"district":"Ilemela","ward":"Kitangiri","subward":"Mihama","source":"At risk","geolocation":"-2.4785898 32.8836313 1169.5 4.85","geolocation precision":4.85,"rockfall causes":null,"rockfall causes/heavy rainfall":null,"rockfall causes/human activities":null,"rockfall causes/earthquakes":null,"other":null,"risky":null,"year affected":null},"geometry":{"type":"Point","coordinates":[32.8836313,-2.4785898]}},{"id":"745","type":"Feature","properties":{"id":"mwanza_rockfall_locations.746","ogc_fid":746,"fid":747,"district":"Ilemela","ward":"Kitangiri","subward":"Mihama","source":"At risk","geolocation":"-2.4787265 32.8836853 1193.0 4.8","geolocation precision":4.8,"rockfall causes":null,"rockfall causes/heavy rainfall":null,"rockfall causes/human activities":null,"rockfall causes/earthquakes":null,"other":null,"risky":null,"year affected":null},"geometry":{"type":"Point","coordinates":[32.8836853,-2.4787265]}},{"id":"746","type":"Feature","properties":{"id":"mwanza_rockfall_locations.747","ogc_fid":747,"fid":748,"district":"Ilemela","ward":"Kitangiri","subward":"Mihama","source":"At risk","geolocation":"-2.4793783 32.8832035 1075.1 4.833","geolocation precision":4.833,"rockfall causes":null,"rockfall causes/heavy rainfall":null,"rockfall causes/human activities":null,"rockfall causes/earthquakes":null,"other":null,"risky":null,"year affected":null},"geometry":{"type":"Point","coordinates":[32.8832035,-2.4793783]}},{"id":"747","type":"Feature","properties":{"id":"mwanza_rockfall_locations.748","ogc_fid":748,"fid":749,"district":"Ilemela","ward":"Kitangiri","subward":"Mihama","source":"At risk","geolocation":"-2.4784396 32.8838335 1110.3 4.633","geolocation precision":4.633,"rockfall causes":null,"rockfall causes/heavy rainfall":null,"rockfall causes/human activities":null,"rockfall causes/earthquakes":null,"other":null,"risky":null,"year affected":null},"geometry":{"type":"Point","coordinates":[32.8838335,-2.4784396]}},{"id":"748","type":"Feature","properties":{"id":"mwanza_rockfall_locations.749","ogc_fid":749,"fid":750,"district":"Ilemela","ward":"Kitangiri","subward":"Mihama","source":"At risk","geolocation":"-2.4785736 32.8841088 1241.4 4.866","geolocation precision":4.866,"rockfall causes":null,"rockfall causes/heavy rainfall":null,"rockfall causes/human activities":null,"rockfall causes/earthquakes":null,"other":null,"risky":null,"year affected":null},"geometry":{"type":"Point","coordinates":[32.8841088,-2.4785736]}},{"id":"749","type":"Feature","properties":{"id":"mwanza_rockfall_locations.750","ogc_fid":750,"fid":751,"district":"Ilemela","ward":"Kitangiri","subward":"Mihama","source":"At risk","geolocation":"-2.4788692 32.8838829 1142.7 4.866","geolocation precision":4.866,"rockfall causes":null,"rockfall causes/heavy rainfall":null,"rockfall causes/human activities":null,"rockfall causes/earthquakes":null,"other":null,"risky":null,"year affected":null},"geometry":{"type":"Point","coordinates":[32.8838829,-2.4788692]}},{"id":"750","type":"Feature","properties":{"id":"mwanza_rockfall_locations.751","ogc_fid":751,"fid":752,"district":"Ilemela","ward":"Kitangiri","subward":"Mihama","source":"At risk","geolocation":"-2.4788874 32.8839129 1170.8 4.814","geolocation precision":4.814,"rockfall causes":null,"rockfall causes/heavy rainfall":null,"rockfall causes/human activities":null,"rockfall causes/earthquakes":null,"other":null,"risky":null,"year affected":null},"geometry":{"type":"Point","coordinates":[32.8839129,-2.4788874]}}]}