{"type":"FeatureCollection","features":[{"id":"0","type":"Feature","properties":{"id":"mwanza_health_facilities.1","ogc_fid":1,"fid":1,"osm_id":8520663713,"addr:street":null,"amenity":"pharmacy","addr:subward":"Buzuruga Kaskazini","name":null,"contact:phone":null,"emergency":"no","dispensing":"no","operator:type":"private","addr:city":"Mwanza","addr:municipality":"Ilemela","opening_hours":"Mo-Fr 09:00-17:00","healthcare:speciality":"general","addr:ward":"Buzuruga"},"geometry":{"type":"Point","coordinates":[32.937355,-2.5290593]}},{"id":"1","type":"Feature","properties":{"id":"mwanza_health_facilities.2","ogc_fid":2,"fid":2,"osm_id":8520663809,"addr:street":null,"amenity":"pharmacy","addr:subward":"Buzuruga Kusini","name":null,"contact:phone":null,"emergency":null,"dispensing":null,"operator:type":"private","addr:city":"Mwanza","addr:municipality":"Ilemela","opening_hours":"Mo-Sa 08:00-18:00","healthcare:speciality":null,"addr:ward":"Buzuruga"},"geometry":{"type":"Point","coordinates":[32.9396048,-2.5329411]}},{"id":"2","type":"Feature","properties":{"id":"mwanza_health_facilities.3","ogc_fid":3,"fid":3,"osm_id":8520664074,"addr:street":null,"amenity":"pharmacy","addr:subward":"Buzuruga Kusini","name":null,"contact:phone":null,"emergency":null,"dispensing":null,"operator:type":"private","addr:city":"Mwanza","addr:municipality":"Ilemela","opening_hours":"Mo-Su 09:00-21:00","healthcare:speciality":null,"addr:ward":"Buzuruga"},"geometry":{"type":"Point","coordinates":[32.9396691,-2.5314333]}},{"id":"3","type":"Feature","properties":{"id":"mwanza_health_facilities.4","ogc_fid":4,"fid":4,"osm_id":8520664069,"addr:street":null,"amenity":"pharmacy","addr:subward":"Buzuruga Kusini","name":null,"contact:phone":null,"emergency":null,"dispensing":null,"operator:type":"private","addr:city":"Mwanza","addr:municipality":"Ilemela","opening_hours":"Mo-Fr 09:00-17:00","healthcare:speciality":null,"addr:ward":"Buzuruga"},"geometry":{"type":"Point","coordinates":[32.9399881,-2.5321526]}},{"id":"4","type":"Feature","properties":{"id":"mwanza_health_facilities.5","ogc_fid":5,"fid":5,"osm_id":8520663743,"addr:street":null,"amenity":"doctors","addr:subward":"Buzuruga Kusini","name":"Amen Maabara","contact:phone":null,"emergency":"no","dispensing":null,"operator:type":"private","addr:city":"Mwanza","addr:municipality":"Ilemela","opening_hours":"Mo-Fr 09:00-17:00","healthcare:speciality":"general","addr:ward":"Buzuruga"},"geometry":{"type":"Point","coordinates":[32.9400009,-2.5321013]}},{"id":"5","type":"Feature","properties":{"id":"mwanza_health_facilities.6","ogc_fid":6,"fid":6,"osm_id":8523148717,"addr:street":"Buzuruga","amenity":"hospital","addr:subward":null,"name":"Buzuruga Health Center","contact:phone":null,"emergency":null,"dispensing":null,"operator:type":null,"addr:city":"Mwanza","addr:municipality":"Ilemela","opening_hours":null,"healthcare:speciality":null,"addr:ward":"Buzuruga"},"geometry":{"type":"Point","coordinates":[32.9386443,-2.5343528]}},{"id":"6","type":"Feature","properties":{"id":"mwanza_health_facilities.7","ogc_fid":7,"fid":7,"osm_id":8520657055,"addr:street":null,"amenity":"pharmacy","addr:subward":"Nyambiti","name":"Mara medics","contact:phone":null,"emergency":"yes","dispensing":"yes","operator:type":"private","addr:city":"Mwanza","addr:municipality":"Ilemela","opening_hours":"Mo-Fr 09:00-17:00","healthcare:speciality":"general","addr:ward":"Buzuruga"},"geometry":{"type":"Point","coordinates":[32.9294586,-2.5257436]}},{"id":"7","type":"Feature","properties":{"id":"mwanza_health_facilities.8","ogc_fid":8,"fid":8,"osm_id":8520976513,"addr:street":null,"amenity":"pharmacy","addr:subward":"Migombani","name":"Ustawi","contact:phone":null,"emergency":"no","dispensing":"no","operator:type":"private","addr:city":"Mwanza","addr:municipality":"Ilemela","opening_hours":"Mo-Su 09:00-21:00","healthcare:speciality":null,"addr:ward":"Buzuruga"},"geometry":{"type":"Point","coordinates":[32.9298234,-2.5318461]}},{"id":"8","type":"Feature","properties":{"id":"mwanza_health_facilities.9","ogc_fid":9,"fid":9,"osm_id":8520664231,"addr:street":null,"amenity":"pharmacy","addr:subward":"Nyambiti","name":"Caloza","contact:phone":null,"emergency":null,"dispensing":null,"operator:type":null,"addr:city":"Mwanza","addr:municipality":"Ilemela","opening_hours":null,"healthcare:speciality":null,"addr:ward":"Buzuruga"},"geometry":{"type":"Point","coordinates":[32.9304242,-2.5243218]}},{"id":"9","type":"Feature","properties":{"id":"mwanza_health_facilities.10","ogc_fid":10,"fid":10,"osm_id":8520664205,"addr:street":null,"amenity":"pharmacy","addr:subward":"Nyambiti","name":"Ebenezer Duka la Dawa","contact:phone":null,"emergency":null,"dispensing":null,"operator:type":"private","addr:city":"Mwanza","addr:municipality":"Ilemela","opening_hours":"Mo-Fr 08:00-18:00; Sa-Su 08:00-15:00","healthcare:speciality":null,"addr:ward":"Buzuruga"},"geometry":{"type":"Point","coordinates":[32.9306533,-2.5256372]}},{"id":"10","type":"Feature","properties":{"id":"mwanza_health_facilities.11","ogc_fid":11,"fid":11,"osm_id":8520663814,"addr:street":null,"amenity":"pharmacy","addr:subward":"Nyambiti","name":null,"contact:phone":null,"emergency":null,"dispensing":null,"operator:type":"private","addr:city":"Mwanza","addr:municipality":"Ilemela","opening_hours":null,"healthcare:speciality":null,"addr:ward":"Buzuruga"},"geometry":{"type":"Point","coordinates":[32.9316044,-2.5223496]}},{"id":"11","type":"Feature","properties":{"id":"mwanza_health_facilities.12","ogc_fid":12,"fid":12,"osm_id":8520664303,"addr:street":null,"amenity":"pharmacy","addr:subward":"Nyambiti","name":"Duka la Dawa","contact:phone":null,"emergency":null,"dispensing":null,"operator:type":"private","addr:city":"Mwanza","addr:municipality":"Ilemela","opening_hours":"Mo-Fr 08:00-18:00; Sa-Su 08:00-15:00","healthcare:speciality":null,"addr:ward":"Buzuruga"},"geometry":{"type":"Point","coordinates":[32.9323118,-2.5267092]}},{"id":"12","type":"Feature","properties":{"id":"mwanza_health_facilities.13","ogc_fid":13,"fid":13,"osm_id":8559742316,"addr:street":null,"amenity":"dentist","addr:subward":"Nyamanoro A","name":"Hope Dental Centre","contact:phone":null,"emergency":"no","dispensing":"yes","operator:type":"private","addr:city":"Mwanza","addr:municipality":"Ilemela","opening_hours":"Mo-Sa 08:00-18:00","healthcare:speciality":null,"addr:ward":"Nyamanoro"},"geometry":{"type":"Point","coordinates":[32.9030499,-2.4968293]}},{"id":"13","type":"Feature","properties":{"id":"mwanza_health_facilities.14","ogc_fid":14,"fid":14,"osm_id":8559756714,"addr:street":null,"amenity":"health_facility:type","addr:subward":"Nyamanoro A","name":null,"contact:phone":"2560745","emergency":"yes","dispensing":"yes","operator:type":"religious","addr:city":"Mwanza","addr:municipality":"Ilemela","opening_hours":"24/7","healthcare:speciality":"general","addr:ward":"Nyamanoro"},"geometry":{"type":"Point","coordinates":[32.9011989,-2.5009554]}},{"id":"14","type":"Feature","properties":{"id":"mwanza_health_facilities.15","ogc_fid":15,"fid":15,"osm_id":8559761980,"addr:street":null,"amenity":"pharmacy","addr:subward":"Nyamanoro A","name":"Duka la Dawa Muhimu","contact:phone":null,"emergency":"no","dispensing":"yes","operator:type":"private","addr:city":"Mwanza","addr:municipality":"Ilemela","opening_hours":"Mo-Su 09:00-21:00","healthcare:speciality":"general","addr:ward":"Nyamanoro"},"geometry":{"type":"Point","coordinates":[32.9078538,-2.497238]}},{"id":"15","type":"Feature","properties":{"id":"mwanza_health_facilities.16","ogc_fid":16,"fid":16,"osm_id":8559760071,"addr:street":null,"amenity":"pharmacy","addr:subward":"Nyamanoro A","name":"F&F","contact:phone":null,"emergency":"no","dispensing":"yes","operator:type":"private","addr:city":"Mwanza","addr:municipality":"Ilemela","opening_hours":"Mo-Sa 09:00-18:00","healthcare:speciality":null,"addr:ward":"Nyamanoro"},"geometry":{"type":"Point","coordinates":[32.9015422,-2.4965394]}},{"id":"16","type":"Feature","properties":{"id":"mwanza_health_facilities.17","ogc_fid":17,"fid":17,"osm_id":8559756028,"addr:street":null,"amenity":"doctors","addr:subward":"Nyamanoro A","name":"Safina Medical Laboratory","contact:phone":null,"emergency":"no","dispensing":"no","operator:type":"private","addr:city":"Mwanza","addr:municipality":"Ilemela","opening_hours":"Mo-Fr 08:00-18:00; Sa-Su 08:00-15:00","healthcare:speciality":null,"addr:ward":"Nyamanoro"},"geometry":{"type":"Point","coordinates":[32.9053667,-2.4952583]}},{"id":"17","type":"Feature","properties":{"id":"mwanza_health_facilities.18","ogc_fid":18,"fid":18,"osm_id":8559754220,"addr:street":null,"amenity":"pharmacy","addr:subward":"Nyamanoro A","name":"Rafiki","contact:phone":null,"emergency":"no","dispensing":"no","operator:type":null,"addr:city":"Mwanza","addr:municipality":"Ilemela","opening_hours":"Mo-Fr 08:00-18:00; Sa-Su 08:00-15:00","healthcare:speciality":null,"addr:ward":"Nyamanoro"},"geometry":{"type":"Point","coordinates":[32.9059334,-2.4951903]}},{"id":"18","type":"Feature","properties":{"id":"mwanza_health_facilities.19","ogc_fid":19,"fid":19,"osm_id":8559761036,"addr:street":"kilimahewa","amenity":"clinic","addr:subward":"Kilimahewa","name":"Huduma Health Centre","contact:phone":null,"emergency":"yes","dispensing":"yes","operator:type":"private","addr:city":"Mwanza","addr:municipality":"Ilemela","opening_hours":"Mo-Su 09:00-21:00;24/7","healthcare:speciality":"general","addr:ward":"Nyamanoro"},"geometry":{"type":"Point","coordinates":[32.9105782,-2.4931086]}},{"id":"19","type":"Feature","properties":{"id":"mwanza_health_facilities.20","ogc_fid":20,"fid":20,"osm_id":8559762981,"addr:street":null,"amenity":"doctors","addr:subward":"Kilimahewa","name":null,"contact:phone":"0755747147","emergency":null,"dispensing":null,"operator:type":"private","addr:city":"Mwanza","addr:municipality":"Ilemela","opening_hours":"Mo-Su 09:00-21:00","healthcare:speciality":null,"addr:ward":"Nyamanoro"},"geometry":{"type":"Point","coordinates":[32.9101882,-2.493012]}},{"id":"20","type":"Feature","properties":{"id":"mwanza_health_facilities.21","ogc_fid":21,"fid":21,"osm_id":8559766857,"addr:street":"Kona ya Bwiru","amenity":"hospital","addr:subward":"Nyamanoro A","name":"ST Nikolas Medical Clinic","contact:phone":null,"emergency":"yes","dispensing":"yes","operator:type":"ngo","addr:city":"Mwanza","addr:municipality":"Ilemela","opening_hours":"Mo-Sa 08:00-18:00","healthcare:speciality":"general","addr:ward":"Nyamanoro"},"geometry":{"type":"Point","coordinates":[32.9042453,-2.4926426]}},{"id":"21","type":"Feature","properties":{"id":"mwanza_health_facilities.22","ogc_fid":22,"fid":22,"osm_id":8559729881,"addr:street":"Kilimahewa","amenity":"pharmacy","addr:subward":"Kilimahewa","name":null,"contact:phone":null,"emergency":"yes","dispensing":"yes","operator:type":"private","addr:city":"Mwanza","addr:municipality":"Ilemela","opening_hours":"Mo-Su 09:00-21:00","healthcare:speciality":"general","addr:ward":"Nyamanoro"},"geometry":{"type":"Point","coordinates":[32.9074125,-2.4924074]}},{"id":"22","type":"Feature","properties":{"id":"mwanza_health_facilities.23","ogc_fid":23,"fid":23,"osm_id":8559750856,"addr:street":null,"amenity":"pharmacy","addr:subward":"Kilimahewa","name":null,"contact:phone":null,"emergency":null,"dispensing":null,"operator:type":"private","addr:city":"Mwanza","addr:municipality":"Ilemela","opening_hours":"Mo-Su 09:00-21:00","healthcare:speciality":null,"addr:ward":"Nyamanoro"},"geometry":{"type":"Point","coordinates":[32.9101212,-2.4922577]}},{"id":"23","type":"Feature","properties":{"id":"mwanza_health_facilities.24","ogc_fid":24,"fid":24,"osm_id":8559759103,"addr:street":"Karume B","amenity":"pharmacy","addr:subward":"Nyamanoro A","name":null,"contact:phone":null,"emergency":null,"dispensing":"no","operator:type":"private","addr:city":"Mwanza","addr:municipality":"Ilemela","opening_hours":"Mo-Su 09:00-21:00","healthcare:speciality":null,"addr:ward":"Nyamanoro"},"geometry":{"type":"Point","coordinates":[32.9060483,-2.4919732]}},{"id":"24","type":"Feature","properties":{"id":"mwanza_health_facilities.25","ogc_fid":25,"fid":25,"osm_id":8559756647,"addr:street":null,"amenity":"health_facility:type","addr:subward":"Nyamanoro A","name":null,"contact:phone":"0755928379","emergency":"yes","dispensing":"yes","operator:type":"ngo","addr:city":"Mwanza","addr:municipality":"Ilemela","opening_hours":"24/7","healthcare:speciality":"general","addr:ward":"Nyamanoro"},"geometry":{"type":"Point","coordinates":[32.9056581,-2.4918445]}},{"id":"25","type":"Feature","properties":{"id":"mwanza_health_facilities.26","ogc_fid":26,"fid":26,"osm_id":8559755224,"addr:street":"Mnyampala","amenity":"pharmacy","addr:subward":"Kilimahewa","name":null,"contact:phone":null,"emergency":"no","dispensing":"yes","operator:type":"private","addr:city":"Mwanza","addr:municipality":"Ilemela","opening_hours":"Mo-Su 09:00-21:00;Mo-Sa 08:00-18:00","healthcare:speciality":"general","addr:ward":"Nyamanoro"},"geometry":{"type":"Point","coordinates":[32.9060124,-2.4917396]}},{"id":"26","type":"Feature","properties":{"id":"mwanza_health_facilities.27","ogc_fid":27,"fid":27,"osm_id":5453175721,"addr:street":null,"amenity":"pharmacy","addr:subward":null,"name":"Katyega pharmacy","contact:phone":null,"emergency":null,"dispensing":null,"operator:type":null,"addr:city":"Mwanza","addr:municipality":"Ilemela","opening_hours":null,"healthcare:speciality":null,"addr:ward":"Nyamanoro"},"geometry":{"type":"Point","coordinates":[32.9062555,-2.4959079]}},{"id":"27","type":"Feature","properties":{"id":"mwanza_health_facilities.28","ogc_fid":28,"fid":28,"osm_id":8559736521,"addr:street":null,"amenity":"clinic","addr:subward":"Nyamanoro A","name":"D&J Health Laboratory","contact:phone":null,"emergency":"yes","dispensing":"no","operator:type":"private","addr:city":"Mwanza","addr:municipality":"Ilemela","opening_hours":"Mo-Fr 08:00-18:00; Sa-Su 08:00-15:00;24/7","healthcare:speciality":"general","addr:ward":"Nyamanoro"},"geometry":{"type":"Point","coordinates":[32.9019284,-2.4972039]}},{"id":"28","type":"Feature","properties":{"id":"mwanza_health_facilities.29","ogc_fid":29,"fid":29,"osm_id":8559749142,"addr:street":"Nyamanoro A","amenity":"clinic","addr:subward":"Nyamanoro A","name":"Bora Dental Care Clinic","contact:phone":null,"emergency":"yes","dispensing":"yes","operator:type":"private","addr:city":"Mwanza","addr:municipality":"Ilemela","opening_hours":"Mo-Fr 09:00-17:00","healthcare:speciality":"general","addr:ward":"Nyamanoro"},"geometry":{"type":"Point","coordinates":[32.903552,-2.4997333]}},{"id":"29","type":"Feature","properties":{"id":"mwanza_health_facilities.30","ogc_fid":30,"fid":30,"osm_id":8570900853,"addr:street":null,"amenity":"health_facility:type","addr:subward":"Magomeni","name":null,"contact:phone":null,"emergency":"yes","dispensing":"yes","operator:type":"private","addr:city":"Mwanza","addr:municipality":"Ilemela","opening_hours":"Mo-Fr 09:00-17:00","healthcare:speciality":"emergency","addr:ward":"Kirumba"},"geometry":{"type":"Point","coordinates":[32.8968215,-2.5053929]}},{"id":"30","type":"Feature","properties":{"id":"mwanza_health_facilities.31","ogc_fid":31,"fid":31,"osm_id":8570900848,"addr:street":null,"amenity":"pharmacy","addr:subward":"Kirumba Kati","name":null,"contact:phone":null,"emergency":"no","dispensing":"yes","operator:type":"private","addr:city":"Mwanza","addr:municipality":"Ilemela","opening_hours":"Mo-Fr 09:00-17:00","healthcare:speciality":"general","addr:ward":"Kirumba"},"geometry":{"type":"Point","coordinates":[32.9005516,-2.5051052]}},{"id":"31","type":"Feature","properties":{"id":"mwanza_health_facilities.32","ogc_fid":32,"fid":32,"osm_id":8570900695,"addr:street":null,"amenity":"clinic","addr:subward":"Magomeni","name":"Mwaloni Dispensary","contact:phone":null,"emergency":"yes","dispensing":"yes","operator:type":"private","addr:city":"Mwanza","addr:municipality":"Ilemela","opening_hours":"24/7","healthcare:speciality":"general","addr:ward":"Kirumba"},"geometry":{"type":"Point","coordinates":[32.89588,-2.5047506]}},{"id":"32","type":"Feature","properties":{"id":"mwanza_health_facilities.33","ogc_fid":33,"fid":33,"osm_id":8570900797,"addr:street":null,"amenity":"clinic","addr:subward":"Kirumba Kati","name":"Coner Dispensary","contact:phone":null,"emergency":"no","dispensing":"yes","operator:type":"ngo","addr:city":"Mwanza","addr:municipality":"Ilemela","opening_hours":"Mo-Sa 08:00-18:00;24/7","healthcare:speciality":null,"addr:ward":"Kirumba"},"geometry":{"type":"Point","coordinates":[32.8988171,-2.5043211]}},{"id":"33","type":"Feature","properties":{"id":"mwanza_health_facilities.34","ogc_fid":34,"fid":34,"osm_id":8570900475,"addr:street":null,"amenity":"clinic","addr:subward":"Magomeni","name":"Kirumba Dispensary","contact:phone":null,"emergency":"yes","dispensing":null,"operator:type":"government","addr:city":"Mwanza","addr:municipality":"Ilemela","opening_hours":"Mo-Fr 08:00-18:00; Sa-Su 08:00-15:00","healthcare:speciality":null,"addr:ward":"Kirumba"},"geometry":{"type":"Point","coordinates":[32.8956386,-2.5033256]}},{"id":"34","type":"Feature","properties":{"id":"mwanza_health_facilities.35","ogc_fid":35,"fid":35,"osm_id":8570900992,"addr:street":"Penda","amenity":"pharmacy","addr:subward":"Kirumba Kati","name":null,"contact:phone":null,"emergency":null,"dispensing":null,"operator:type":null,"addr:city":"Mwanza","addr:municipality":"Ilemela","opening_hours":"Mo-Sa 08:00-18:00","healthcare:speciality":null,"addr:ward":"Kirumba"},"geometry":{"type":"Point","coordinates":[32.8984057,-2.5038616]}},{"id":"35","type":"Feature","properties":{"id":"mwanza_health_facilities.36","ogc_fid":36,"fid":36,"osm_id":8570901120,"addr:street":null,"amenity":"pharmacy","addr:subward":"Magomeni","name":null,"contact:phone":null,"emergency":"yes","dispensing":"yes","operator:type":"government","addr:city":"Mwanza","addr:municipality":"Ilemela","opening_hours":"Mo-Fr 08:00-18:00; Sa-Su 08:00-15:00","healthcare:speciality":null,"addr:ward":"Kirumba"},"geometry":{"type":"Point","coordinates":[32.8955984,-2.5032492]}},{"id":"36","type":"Feature","properties":{"id":"mwanza_health_facilities.37","ogc_fid":37,"fid":37,"osm_id":8570901158,"addr:street":null,"amenity":"clinic","addr:subward":"Magomeni","name":"Kabanza Medical Laboratory","contact:phone":null,"emergency":"no","dispensing":"yes","operator:type":"private","addr:city":"Mwanza","addr:municipality":"Ilemela","opening_hours":"Mo-Su 09:00-21:00","healthcare:speciality":"general","addr:ward":"Kirumba"},"geometry":{"type":"Point","coordinates":[32.8963087,-2.5052584]}},{"id":"37","type":"Feature","properties":{"id":"mwanza_health_facilities.38","ogc_fid":38,"fid":38,"osm_id":8571612481,"addr:street":null,"amenity":"hospital","addr:subward":"Nela","name":"AICT Makongoro Kituo cha Afya","contact:phone":null,"emergency":"no","dispensing":"yes","operator:type":"religious","addr:city":"Mwanza","addr:municipality":"Ilemela","opening_hours":"Mo-Sa 08:00-18:00","healthcare:speciality":"general","addr:ward":"Kirumba"},"geometry":{"type":"Point","coordinates":[32.9011559,-2.5054144]}},{"id":"38","type":"Feature","properties":{"id":"mwanza_health_facilities.39","ogc_fid":39,"fid":39,"osm_id":8570900788,"addr:street":null,"amenity":"pharmacy","addr:subward":"Magomeni","name":null,"contact:phone":null,"emergency":"no","dispensing":"yes","operator:type":"private","addr:city":"Mwanza","addr:municipality":"Ilemela","opening_hours":"Mo-Fr 08:00-18:00; Sa-Su 08:00-15:00","healthcare:speciality":"general","addr:ward":"Kirumba"},"geometry":{"type":"Point","coordinates":[32.8957915,-2.5027562]}},{"id":"39","type":"Feature","properties":{"id":"mwanza_health_facilities.40","ogc_fid":40,"fid":40,"osm_id":8570900965,"addr:street":"Kabuhoro","amenity":"pharmacy","addr:subward":"Kabuhoro","name":"Duka la Dawa Muhimu","contact:phone":null,"emergency":"no","dispensing":"no","operator:type":"private","addr:city":"Mwanza","addr:municipality":"Ilemela","opening_hours":"Mo-Sa 08:00-18:00","healthcare:speciality":"general","addr:ward":"Kirumba"},"geometry":{"type":"Point","coordinates":[32.887997,-2.5026757]}},{"id":"40","type":"Feature","properties":{"id":"mwanza_health_facilities.41","ogc_fid":41,"fid":41,"osm_id":8570900963,"addr:street":null,"amenity":"pharmacy","addr:subward":"Magomeni","name":null,"contact:phone":null,"emergency":null,"dispensing":null,"operator:type":"private","addr:city":"Mwanza","addr:municipality":"Ilemela","opening_hours":"Mo-Su 09:00-21:00","healthcare:speciality":null,"addr:ward":"Kirumba"},"geometry":{"type":"Point","coordinates":[32.8965679,-2.5017912]}},{"id":"41","type":"Feature","properties":{"id":"mwanza_health_facilities.42","ogc_fid":42,"fid":42,"osm_id":8570900699,"addr:street":"Ruhinda","amenity":"pharmacy","addr:subward":"Mlimani","name":"Duka la Dawa Muhimu","contact:phone":null,"emergency":"no","dispensing":"no","operator:type":"private","addr:city":"Mwanza","addr:municipality":"Ilemela","opening_hours":"Mo-Sa 08:00-18:00","healthcare:speciality":null,"addr:ward":"Kirumba"},"geometry":{"type":"Point","coordinates":[32.8918862,-2.5016414]}},{"id":"42","type":"Feature","properties":{"id":"mwanza_health_facilities.43","ogc_fid":43,"fid":43,"osm_id":8570900837,"addr:street":null,"amenity":"pharmacy","addr:subward":"Ngara","name":null,"contact:phone":null,"emergency":null,"dispensing":null,"operator:type":"private","addr:city":"Mwanza","addr:municipality":"Ilemela","opening_hours":"Mo-Sa 08:00-18:00","healthcare:speciality":"general","addr:ward":"Kirumba"},"geometry":{"type":"Point","coordinates":[32.8938174,-2.5011484]}},{"id":"43","type":"Feature","properties":{"id":"mwanza_health_facilities.44","ogc_fid":44,"fid":44,"osm_id":8570900734,"addr:street":null,"amenity":"pharmacy","addr:subward":"Kirumba Kati","name":null,"contact:phone":null,"emergency":null,"dispensing":null,"operator:type":"private","addr:city":"Mwanza","addr:municipality":"Ilemela","opening_hours":"Mo-Su 09:00-21:00","healthcare:speciality":null,"addr:ward":"Kirumba"},"geometry":{"type":"Point","coordinates":[32.896593,-2.5009557]}},{"id":"44","type":"Feature","properties":{"id":"mwanza_health_facilities.45","ogc_fid":45,"fid":45,"osm_id":8570900752,"addr:street":null,"amenity":"pharmacy","addr:subward":"Ibanda Kati","name":null,"contact:phone":null,"emergency":"no","dispensing":"yes","operator:type":"private","addr:city":"Mwanza","addr:municipality":"Ilemela","opening_hours":"Mo-Su 09:00-21:00","healthcare:speciality":null,"addr:ward":"Kirumba"},"geometry":{"type":"Point","coordinates":[32.8894615,-2.4972897]}},{"id":"45","type":"Feature","properties":{"id":"mwanza_health_facilities.46","ogc_fid":46,"fid":46,"osm_id":8570901055,"addr:street":null,"amenity":"pharmacy","addr:subward":"Kigoto","name":null,"contact:phone":null,"emergency":"no","dispensing":"yes","operator:type":"private","addr:city":"Mwanza","addr:municipality":"Ilemela","opening_hours":"Mo-Sa 08:00-18:00","healthcare:speciality":"general","addr:ward":"Kirumba"},"geometry":{"type":"Point","coordinates":[32.8862545,-2.5017277]}},{"id":"46","type":"Feature","properties":{"id":"mwanza_health_facilities.47","ogc_fid":47,"fid":47,"osm_id":8570901099,"addr:street":null,"amenity":"doctors","addr:subward":"Magomeni","name":null,"contact:phone":null,"emergency":"no","dispensing":"no","operator:type":"private","addr:city":"Mwanza","addr:municipality":"Ilemela","opening_hours":"Mo-Fr 08:00-18:00; Sa-Su 08:00-15:00","healthcare:speciality":"general","addr:ward":"Kirumba"},"geometry":{"type":"Point","coordinates":[32.8958988,-2.5028205]}},{"id":"47","type":"Feature","properties":{"id":"mwanza_health_facilities.48","ogc_fid":48,"fid":48,"osm_id":8570901287,"addr:street":null,"amenity":"pharmacy","addr:subward":"Magomeni","name":null,"contact:phone":null,"emergency":null,"dispensing":"yes","operator:type":"private","addr:city":"Mwanza","addr:municipality":"Ilemela","opening_hours":"Mo-Fr 08:00-18:00; Sa-Su 08:00-15:00","healthcare:speciality":"general","addr:ward":"Kirumba"},"geometry":{"type":"Point","coordinates":[32.8955126,-2.5029277]}},{"id":"48","type":"Feature","properties":{"id":"mwanza_health_facilities.49","ogc_fid":49,"fid":49,"osm_id":8570901289,"addr:street":"Ngara","amenity":"pharmacy","addr:subward":"Ngara","name":null,"contact:phone":null,"emergency":null,"dispensing":"yes","operator:type":"private","addr:city":"Mwanza","addr:municipality":"Ilemela","opening_hours":"Mo-Su 09:00-21:00","healthcare:speciality":"general","addr:ward":"Kirumba"},"geometry":{"type":"Point","coordinates":[32.8927875,-2.499069]}},{"id":"49","type":"Feature","properties":{"id":"mwanza_health_facilities.50","ogc_fid":50,"fid":50,"osm_id":8520612003,"addr:street":null,"amenity":"pharmacy","addr:subward":"Mihama","name":null,"contact:phone":null,"emergency":null,"dispensing":null,"operator:type":"private","addr:city":"Mwanza","addr:municipality":"Ilemela","opening_hours":"Mo-Su 09:00-21:00","healthcare:speciality":null,"addr:ward":"Kitangiri"},"geometry":{"type":"Point","coordinates":[32.8797895,-2.4795608]}},{"id":"50","type":"Feature","properties":{"id":"mwanza_health_facilities.51","ogc_fid":51,"fid":51,"osm_id":8520620057,"addr:street":null,"amenity":"pharmacy","addr:subward":"Mihama","name":null,"contact:phone":null,"emergency":null,"dispensing":null,"operator:type":"private","addr:city":"Mwanza","addr:municipality":"Ilemela","opening_hours":"Mo-Su 09:00-21:00","healthcare:speciality":null,"addr:ward":"Kitangiri"},"geometry":{"type":"Point","coordinates":[32.8796422,-2.4786208]}},{"id":"51","type":"Feature","properties":{"id":"mwanza_health_facilities.52","ogc_fid":52,"fid":52,"osm_id":8570900731,"addr:street":null,"amenity":"clinic","addr:subward":"kitangiri 1","name":null,"contact:phone":null,"emergency":"yes","dispensing":"yes","operator:type":"private","addr:city":"Mwanza","addr:municipality":"Ilemela","opening_hours":"Mo-Fr 08:00-18:00; Sa-Su 08:00-15:00","healthcare:speciality":"general","addr:ward":"Kitangiri"},"geometry":{"type":"Point","coordinates":[32.8968858,-2.5002692]}},{"id":"52","type":"Feature","properties":{"id":"mwanza_health_facilities.53","ogc_fid":53,"fid":53,"osm_id":8570900718,"addr:street":null,"amenity":"pharmacy","addr:subward":"Medical","name":null,"contact:phone":null,"emergency":null,"dispensing":null,"operator:type":"private","addr:city":"Mwanza","addr:municipality":"Ilemela","opening_hours":"Mo-Su 09:00-21:00","healthcare:speciality":null,"addr:ward":"Kitangiri"},"geometry":{"type":"Point","coordinates":[32.8949559,-2.4927449]}},{"id":"53","type":"Feature","properties":{"id":"mwanza_health_facilities.54","ogc_fid":54,"fid":54,"osm_id":8520399551,"addr:street":null,"amenity":"hospital","addr:subward":"Mwinuko","name":"Neema Hospital","contact:phone":null,"emergency":"no","dispensing":null,"operator:type":"private","addr:city":"Mwanza","addr:municipality":"Ilemela","opening_hours":"Mo-Su 09:00-21:00","healthcare:speciality":"general","addr:ward":"Kitangiri"},"geometry":{"type":"Point","coordinates":[32.8937101,-2.4916302]}},{"id":"54","type":"Feature","properties":{"id":"mwanza_health_facilities.55","ogc_fid":55,"fid":55,"osm_id":8559754732,"addr:street":"Kona ya Bwiru","amenity":"hospital","addr:subward":"Nyamanoro A","name":"Royal Hospital","contact:phone":null,"emergency":"yes","dispensing":"yes","operator:type":"private","addr:city":"Mwanza","addr:municipality":"Ilemela","opening_hours":"Mo-Sa 08:00-18:00","healthcare:speciality":"general","addr:ward":"Kitangiri"},"geometry":{"type":"Point","coordinates":[32.9025252,-2.4914506]}},{"id":"55","type":"Feature","properties":{"id":"mwanza_health_facilities.56","ogc_fid":56,"fid":56,"osm_id":8559736298,"addr:street":null,"amenity":"pharmacy","addr:subward":"Medical","name":null,"contact:phone":null,"emergency":"no","dispensing":"no","operator:type":"private","addr:city":"Mwanza","addr:municipality":"Ilemela","opening_hours":"Mo-Su 09:00-21:00","healthcare:speciality":null,"addr:ward":"Kitangiri"},"geometry":{"type":"Point","coordinates":[32.8980231,-2.4914373]}},{"id":"56","type":"Feature","properties":{"id":"mwanza_health_facilities.57","ogc_fid":57,"fid":57,"osm_id":8570900582,"addr:street":"Kitangiri Madukani","amenity":"pharmacy","addr:subward":"Kitangiri B","name":null,"contact:phone":null,"emergency":"no","dispensing":"no","operator:type":"private","addr:city":"Mwanza","addr:municipality":"Ilemela","opening_hours":"Mo-Su 09:00-21:00","healthcare:speciality":"general","addr:ward":"Kitangiri"},"geometry":{"type":"Point","coordinates":[32.8969502,-2.4909228]}},{"id":"57","type":"Feature","properties":{"id":"mwanza_health_facilities.58","ogc_fid":58,"fid":58,"osm_id":8559771012,"addr:street":null,"amenity":"health_facility:type","addr:subward":"Medical","name":null,"contact:phone":null,"emergency":"no","dispensing":"no","operator:type":"private","addr:city":"Mwanza","addr:municipality":"Ilemela","opening_hours":"Mo-Su 09:00-21:00","healthcare:speciality":null,"addr:ward":"Kitangiri"},"geometry":{"type":"Point","coordinates":[32.8982377,-2.4908799]}},{"id":"58","type":"Feature","properties":{"id":"mwanza_health_facilities.59","ogc_fid":59,"fid":59,"osm_id":8559747578,"addr:street":null,"amenity":"pharmacy","addr:subward":"Medical","name":null,"contact:phone":null,"emergency":"no","dispensing":"yes","operator:type":"private","addr:city":"Mwanza","addr:municipality":"Ilemela","opening_hours":"Mo-Sa 08:00-18:00","healthcare:speciality":null,"addr:ward":"Kitangiri"},"geometry":{"type":"Point","coordinates":[32.8974877,-2.489825]}},{"id":"59","type":"Feature","properties":{"id":"mwanza_health_facilities.60","ogc_fid":60,"fid":60,"osm_id":8520399579,"addr:street":null,"amenity":"pharmacy","addr:subward":"Mwinuko","name":null,"contact:phone":null,"emergency":"yes","dispensing":"yes","operator:type":"private","addr:city":"Mwanza","addr:municipality":"Ilemela","opening_hours":"Mo-Sa 09:00-18:00","healthcare:speciality":"general","addr:ward":"Kitangiri"},"geometry":{"type":"Point","coordinates":[32.8943976,-2.4897424]}},{"id":"60","type":"Feature","properties":{"id":"mwanza_health_facilities.61","ogc_fid":61,"fid":61,"osm_id":8559746897,"addr:street":null,"amenity":"hospital","addr:subward":"Medical","name":"Medical Hospital","contact:phone":null,"emergency":"yes","dispensing":"yes","operator:type":"government","addr:city":"Mwanza","addr:municipality":"Ilemela","opening_hours":"Mo-Fr 08:00-18:00; Sa-Su 08:00-15:00","healthcare:speciality":"general","addr:ward":"Kitangiri"},"geometry":{"type":"Point","coordinates":[32.8974222,-2.4893071]}},{"id":"61","type":"Feature","properties":{"id":"mwanza_health_facilities.62","ogc_fid":62,"fid":62,"osm_id":8559741754,"addr:street":null,"amenity":"hospital","addr:subward":"Medical","name":"Medical Hospital","contact:phone":null,"emergency":"yes","dispensing":"yes","operator:type":"government","addr:city":"Mwanza","addr:municipality":"Ilemela","opening_hours":"Mo-Fr 08:00-18:00; Sa-Su 08:00-15:00","healthcare:speciality":"general","addr:ward":"Kitangiri"},"geometry":{"type":"Point","coordinates":[32.8975762,-2.4891073]}},{"id":"62","type":"Feature","properties":{"id":"mwanza_health_facilities.63","ogc_fid":63,"fid":63,"osm_id":8520399573,"addr:street":null,"amenity":"hospital","addr:subward":"Medical","name":"Medical Hospital","contact:phone":null,"emergency":"yes","dispensing":"yes","operator:type":"government","addr:city":"Mwanza","addr:municipality":"Ilemela","opening_hours":"Mo-Fr 08:00-18:00; Sa-Su 08:00-15:00","healthcare:speciality":"general","addr:ward":"Kitangiri"},"geometry":{"type":"Point","coordinates":[32.8974241,-2.4888467]}},{"id":"63","type":"Feature","properties":{"id":"mwanza_health_facilities.64","ogc_fid":64,"fid":64,"osm_id":8559749659,"addr:street":null,"amenity":"pharmacy","addr:subward":"Kileleni","name":null,"contact:phone":null,"emergency":null,"dispensing":"yes","operator:type":"private","addr:city":"Mwanza","addr:municipality":"Ilemela","opening_hours":"Mo-Sa 08:00-18:00","healthcare:speciality":null,"addr:ward":"Kitangiri"},"geometry":{"type":"Point","coordinates":[32.9000828,-2.4880338]}},{"id":"64","type":"Feature","properties":{"id":"mwanza_health_facilities.65","ogc_fid":65,"fid":65,"osm_id":8570901051,"addr:street":"Kirumba B","amenity":"pharmacy","addr:subward":"Kirumba B","name":null,"contact:phone":null,"emergency":null,"dispensing":null,"operator:type":"private","addr:city":"Mwanza","addr:municipality":"Ilemela","opening_hours":"Mo-Sa 08:00-18:00","healthcare:speciality":null,"addr:ward":"Kitangiri"},"geometry":{"type":"Point","coordinates":[32.8939891,-2.4967537]}},{"id":"65","type":"Feature","properties":{"id":"mwanza_health_facilities.66","ogc_fid":66,"fid":66,"osm_id":8570901291,"addr:street":"Kitangiri Sokoni","amenity":"doctors","addr:subward":"Kitangiri B","name":"St. Rita Medical laboratory","contact:phone":"0759470761","emergency":"yes","dispensing":"yes","operator:type":"private","addr:city":"Mwanza","addr:municipality":"Ilemela","opening_hours":"24/7","healthcare:speciality":"general","addr:ward":"Kitangiri"},"geometry":{"type":"Point","coordinates":[32.8977065,-2.4922535]}},{"id":"66","type":"Feature","properties":{"id":"mwanza_health_facilities.67","ogc_fid":67,"fid":67,"osm_id":8532270439,"addr:street":null,"amenity":"pharmacy","addr:subward":"Pasiansi Juu","name":null,"contact:phone":null,"emergency":null,"dispensing":null,"operator:type":"private","addr:city":"Mwanza","addr:municipality":"Ilemela","opening_hours":"Mo-Su 09:00-21:00","healthcare:speciality":null,"addr:ward":"Pasiansi"},"geometry":{"type":"Point","coordinates":[32.9075718,-2.4820477]}},{"id":"67","type":"Feature","properties":{"id":"mwanza_health_facilities.68","ogc_fid":68,"fid":68,"osm_id":8520399540,"addr:street":null,"amenity":"pharmacy","addr:subward":"Bwiru Mchangani","name":null,"contact:phone":null,"emergency":"no","dispensing":null,"operator:type":"private","addr:city":"Mwanza","addr:municipality":"Ilemela","opening_hours":"Mo-Su 09:00-21:00","healthcare:speciality":null,"addr:ward":"Pasiansi"},"geometry":{"type":"Point","coordinates":[32.9005337,-2.4790893]}},{"id":"68","type":"Feature","properties":{"id":"mwanza_health_facilities.69","ogc_fid":69,"fid":69,"osm_id":8520399591,"addr:street":null,"amenity":"pharmacy","addr:subward":"Bwiru Mchangani","name":null,"contact:phone":null,"emergency":"no","dispensing":"no","operator:type":"private","addr:city":"Mwanza","addr:municipality":"Ilemela","opening_hours":"Mo-Fr 08:00-18:00; Sa-Su 08:00-15:00","healthcare:speciality":null,"addr:ward":"Pasiansi"},"geometry":{"type":"Point","coordinates":[32.9007053,-2.4785748]}},{"id":"69","type":"Feature","properties":{"id":"mwanza_health_facilities.70","ogc_fid":70,"fid":70,"osm_id":8520399565,"addr:street":null,"amenity":"pharmacy","addr:subward":"Bwiru Press","name":"Haleluya Dr Mongo's","contact:phone":"0788187943","emergency":"no","dispensing":null,"operator:type":"private","addr:city":"Mwanza","addr:municipality":"Ilemela","opening_hours":null,"healthcare:speciality":null,"addr:ward":"Pasiansi"},"geometry":{"type":"Point","coordinates":[32.8924661,-2.4766007]}},{"id":"70","type":"Feature","properties":{"id":"mwanza_health_facilities.71","ogc_fid":71,"fid":71,"osm_id":8532270517,"addr:street":"Zahanati Street","amenity":"health_facility:type","addr:subward":"Iloganzala","name":"Pasiansi Dispensary","contact:phone":null,"emergency":"yes","dispensing":"yes","operator:type":"government","addr:city":"Mwanza","addr:municipality":"Ilemela","opening_hours":"Mo-Fr 08:00-18:00; Sa-Su 08:00-15:00","healthcare:speciality":"general","addr:ward":"Pasiansi"},"geometry":{"type":"Point","coordinates":[32.9096609,-2.4740488]}},{"id":"71","type":"Feature","properties":{"id":"mwanza_health_facilities.72","ogc_fid":72,"fid":72,"osm_id":8520620051,"addr:street":null,"amenity":"pharmacy","addr:subward":"Bwiru Ziwani","name":null,"contact:phone":null,"emergency":"no","dispensing":"no","operator:type":"private","addr:city":"Mwanza","addr:municipality":"Ilemela","opening_hours":"Mo-Sa 08:00-18:00","healthcare:speciality":null,"addr:ward":"Pasiansi"},"geometry":{"type":"Point","coordinates":[32.8911182,-2.4691399]}},{"id":"72","type":"Feature","properties":{"id":"mwanza_health_facilities.73","ogc_fid":73,"fid":73,"osm_id":8532270544,"addr:street":"pasiansi A mashariki","amenity":"doctors","addr:subward":"pasiansi A mashariki","name":"Access Medical & Dialysis Center","contact:phone":null,"emergency":"yes","dispensing":"yes","operator:type":"private","addr:city":"Mwanza","addr:municipality":"Ilemela","opening_hours":"Mo-Sa 08:00-18:00","healthcare:speciality":"general","addr:ward":"Kawekamo"},"geometry":{"type":"Point","coordinates":[32.9089665,-2.4823263]}},{"id":"73","type":"Feature","properties":{"id":"mwanza_health_facilities.74","ogc_fid":74,"fid":74,"osm_id":8532270322,"addr:street":"pasiansi A mashariki","amenity":"pharmacy","addr:subward":"pasiansi A mashariki","name":"Pasiansi Pharmacy","contact:phone":null,"emergency":"yes","dispensing":"yes","operator:type":"private","addr:city":"Mwanza","addr:municipality":"Ilemela","opening_hours":"Mo-Sa 08:00-18:00","healthcare:speciality":"general","addr:ward":"Kawekamo"},"geometry":{"type":"Point","coordinates":[32.9094172,-2.4809758]}},{"id":"74","type":"Feature","properties":{"id":"mwanza_health_facilities.75","ogc_fid":75,"fid":75,"osm_id":8532270438,"addr:street":null,"amenity":"pharmacy","addr:subward":"Pasiansi Mashariki","name":"Jay K Pharmacy","contact:phone":null,"emergency":"no","dispensing":"no","operator:type":"private","addr:city":"Mwanza","addr:municipality":"Ilemela","opening_hours":"Mo-Su 09:00-21:00","healthcare:speciality":"general","addr:ward":"Kawekamo"},"geometry":{"type":"Point","coordinates":[32.9110265,-2.4796038]}},{"id":"75","type":"Feature","properties":{"id":"mwanza_health_facilities.76","ogc_fid":76,"fid":76,"osm_id":8532270289,"addr:street":null,"amenity":"hospital","addr:subward":"Pasiansi","name":null,"contact:phone":null,"emergency":"yes","dispensing":"yes","operator:type":"religious","addr:city":"Mwanza","addr:municipality":"Ilemela","opening_hours":"Mo-Fr 08:00-18:00; Sa-Su 08:00-15:00","healthcare:speciality":"general","addr:ward":"Kawekamo"},"geometry":{"type":"Point","coordinates":[32.9107046,-2.4786176]}},{"id":"76","type":"Feature","properties":{"id":"mwanza_health_facilities.77","ogc_fid":77,"fid":77,"osm_id":8532270478,"addr:street":null,"amenity":"hospital","addr:subward":"Pasiansi","name":null,"contact:phone":null,"emergency":"yes","dispensing":null,"operator:type":"religious","addr:city":"Mwanza","addr:municipality":"Ilemela","opening_hours":"Mo-Fr 09:00-17:00","healthcare:speciality":"general","addr:ward":"Kawekamo"},"geometry":{"type":"Point","coordinates":[32.9104257,-2.4783175]}},{"id":"77","type":"Feature","properties":{"id":"mwanza_health_facilities.78","ogc_fid":78,"fid":78,"osm_id":8532270405,"addr:street":"pasiansi Mashariki","amenity":"hospital","addr:subward":"Pasiansi Mashariki","name":"Hospital","contact:phone":null,"emergency":null,"dispensing":null,"operator:type":"private","addr:city":"Mwanza","addr:municipality":"Ilemela","opening_hours":"Mo-Sa 08:00-18:00","healthcare:speciality":"general","addr:ward":"Kawekamo"},"geometry":{"type":"Point","coordinates":[32.9121852,-2.4760023]}},{"id":"78","type":"Feature","properties":{"id":"mwanza_health_facilities.79","ogc_fid":79,"fid":79,"osm_id":8536944090,"addr:street":null,"amenity":"health_facility:type","addr:subward":"Lumala Mashariki","name":"Katsons Dispensary","contact:phone":"0784754375","emergency":"yes","dispensing":"yes","operator:type":"private","addr:city":"Mwanza","addr:municipality":"Ilemela","opening_hours":"24/7","healthcare:speciality":"general","addr:ward":"Ilemela"},"geometry":{"type":"Point","coordinates":[32.922139,-2.4767712]}},{"id":"79","type":"Feature","properties":{"id":"mwanza_health_facilities.80","ogc_fid":80,"fid":80,"osm_id":8536944000,"addr:street":null,"amenity":"pharmacy","addr:subward":"Lumala Mashariki","name":null,"contact:phone":null,"emergency":"yes","dispensing":"yes","operator:type":"private","addr:city":"Mwanza","addr:municipality":"Ilemela","opening_hours":"Mo-Su 09:00-21:00","healthcare:speciality":"general","addr:ward":"Ilemela"},"geometry":{"type":"Point","coordinates":[32.9197383,-2.4749732]}},{"id":"80","type":"Feature","properties":{"id":"mwanza_health_facilities.81","ogc_fid":81,"fid":81,"osm_id":8536944080,"addr:street":null,"amenity":"pharmacy","addr:subward":"Lumala","name":null,"contact:phone":null,"emergency":"no","dispensing":"no","operator:type":"private","addr:city":"Mwanza","addr:municipality":"Ilemela","opening_hours":"Mo-Fr 08:00-18:00; Sa-Su 08:00-15:00","healthcare:speciality":"general","addr:ward":"Ilemela"},"geometry":{"type":"Point","coordinates":[32.9140379,-2.4736463]}},{"id":"81","type":"Feature","properties":{"id":"mwanza_health_facilities.82","ogc_fid":82,"fid":82,"osm_id":8536943989,"addr:street":null,"amenity":"pharmacy","addr:subward":"Lumala","name":"Sawammo","contact:phone":null,"emergency":"no","dispensing":"no","operator:type":"private","addr:city":"Mwanza","addr:municipality":"Ilemela","opening_hours":"Mo-Su 09:00-21:00","healthcare:speciality":"general","addr:ward":"Ilemela"},"geometry":{"type":"Point","coordinates":[32.9135585,-2.4733869]}},{"id":"82","type":"Feature","properties":{"id":"mwanza_health_facilities.83","ogc_fid":83,"fid":83,"osm_id":8536756769,"addr:street":null,"amenity":"hospital","addr:subward":"Bukengwa","name":null,"contact:phone":null,"emergency":"yes","dispensing":"yes","operator:type":"private","addr:city":"Mwanza","addr:municipality":"Ilemela","opening_hours":"Mo-Sa 08:00-18:00","healthcare:speciality":"general","addr:ward":"Ilemela"},"geometry":{"type":"Point","coordinates":[32.9211071,-2.4600226]}},{"id":"83","type":"Feature","properties":{"id":"mwanza_health_facilities.84","ogc_fid":84,"fid":84,"osm_id":8536748898,"addr:street":null,"amenity":"pharmacy","addr:subward":"Balyehele","name":null,"contact:phone":null,"emergency":"yes","dispensing":"no","operator:type":"private","addr:city":"Mwanza","addr:municipality":"Ilemela","opening_hours":"Mo-Sa 08:00-18:00","healthcare:speciality":"general","addr:ward":"Ilemela"},"geometry":{"type":"Point","coordinates":[32.9120135,-2.458016]}},{"id":"84","type":"Feature","properties":{"id":"mwanza_health_facilities.85","ogc_fid":85,"fid":85,"osm_id":8536731724,"addr:street":null,"amenity":"pharmacy","addr:subward":"Kahasa","name":null,"contact:phone":null,"emergency":"no","dispensing":"yes","operator:type":"private","addr:city":"Mwanza","addr:municipality":"Ilemela","opening_hours":"Mo-Su 09:00-21:00","healthcare:speciality":"general","addr:ward":"Ilemela"},"geometry":{"type":"Point","coordinates":[32.9172921,-2.4562366]}},{"id":"85","type":"Feature","properties":{"id":"mwanza_health_facilities.86","ogc_fid":86,"fid":86,"osm_id":8536752228,"addr:street":null,"amenity":"pharmacy","addr:subward":"Ilemela","name":null,"contact:phone":null,"emergency":null,"dispensing":"yes","operator:type":"private","addr:city":"Mwanza","addr:municipality":"Ilemela","opening_hours":"Mo-Fr 09:00-17:00","healthcare:speciality":null,"addr:ward":"Ilemela"},"geometry":{"type":"Point","coordinates":[32.9119921,-2.455229]}},{"id":"86","type":"Feature","properties":{"id":"mwanza_health_facilities.87","ogc_fid":87,"fid":87,"osm_id":8536746593,"addr:street":"Kahasa","amenity":"health_facility:type","addr:subward":"Kahasa","name":"Ilemela Dispensary","contact:phone":null,"emergency":"no","dispensing":"yes","operator:type":"government","addr:city":"Mwanza","addr:municipality":"Ilemela","opening_hours":"Mo-Su 09:00-21:00","healthcare:speciality":"general","addr:ward":"Ilemela"},"geometry":{"type":"Point","coordinates":[32.9128504,-2.4545216]}},{"id":"87","type":"Feature","properties":{"id":"mwanza_health_facilities.88","ogc_fid":88,"fid":88,"osm_id":8536756790,"addr:street":"Nyagunguru","amenity":"pharmacy","addr:subward":"Ilemela","name":"Health","contact:phone":null,"emergency":"no","dispensing":null,"operator:type":"private","addr:city":"Mwanza","addr:municipality":"Ilemela","opening_hours":null,"healthcare:speciality":null,"addr:ward":"Ilemela"},"geometry":{"type":"Point","coordinates":[32.9089381,-2.4527485]}},{"id":"88","type":"Feature","properties":{"id":"mwanza_health_facilities.89","ogc_fid":89,"fid":89,"osm_id":8536743352,"addr:street":null,"amenity":"pharmacy","addr:subward":"Nyagunguru","name":null,"contact:phone":null,"emergency":"no","dispensing":"no","operator:type":"private","addr:city":"Mwanza","addr:municipality":"Ilemela","opening_hours":"Mo-Fr 09:00-17:00","healthcare:speciality":"general","addr:ward":"Ilemela"},"geometry":{"type":"Point","coordinates":[32.9105584,-2.4503072]}},{"id":"89","type":"Feature","properties":{"id":"mwanza_health_facilities.90","ogc_fid":90,"fid":90,"osm_id":8520664147,"addr:street":null,"amenity":"clinic","addr:subward":"Buzuruga Mashariki","name":"TMDA","contact:phone":null,"emergency":"no","dispensing":"no","operator:type":"government","addr:city":"Mwanza","addr:municipality":"Ilemela","opening_hours":"\"by appointment\"","healthcare:speciality":"general","addr:ward":"Mecco"},"geometry":{"type":"Point","coordinates":[32.9401397,-2.5338]}},{"id":"90","type":"Feature","properties":{"id":"mwanza_health_facilities.91","ogc_fid":91,"fid":91,"osm_id":8520663639,"addr:street":null,"amenity":"pharmacy","addr:subward":"Buzuruga Mashariki","name":"TMDA","contact:phone":null,"emergency":"no","dispensing":"yes","operator:type":"private","addr:city":"Mwanza","addr:municipality":"Ilemela","opening_hours":"Mo-Fr 09:00-17:00","healthcare:speciality":"general","addr:ward":"Mecco"},"geometry":{"type":"Point","coordinates":[32.9402095,-2.5337923]}},{"id":"91","type":"Feature","properties":{"id":"mwanza_health_facilities.92","ogc_fid":92,"fid":92,"osm_id":8520663717,"addr:street":null,"amenity":"health_facility:type","addr:subward":"Buzuruga Mashariki","name":"Kituo cha Afya Buzuruga","contact:phone":null,"emergency":"yes","dispensing":"yes","operator:type":"government","addr:city":"Mwanza","addr:municipality":"Ilemela","opening_hours":"Mo-Sa 08:00-18:00","healthcare:speciality":"emergency","addr:ward":"Mecco"},"geometry":{"type":"Point","coordinates":[32.9403937,-2.5325926]}},{"id":"92","type":"Feature","properties":{"id":"mwanza_health_facilities.93","ogc_fid":93,"fid":93,"osm_id":8520664225,"addr:street":null,"amenity":"health_facility:type","addr:subward":"Buzuruga Mashariki","name":"Kituo cha Afya Buzuruga","contact:phone":null,"emergency":"yes","dispensing":"yes","operator:type":"government","addr:city":"Mwanza","addr:municipality":"Ilemela","opening_hours":"Mo-Sa 08:00-18:00","healthcare:speciality":"general","addr:ward":"Mecco"},"geometry":{"type":"Point","coordinates":[32.9404851,-2.5326817]}},{"id":"93","type":"Feature","properties":{"id":"mwanza_health_facilities.94","ogc_fid":94,"fid":94,"osm_id":8520664257,"addr:street":null,"amenity":"health_facility:type","addr:subward":"Buzuruga Mashariki","name":"Kituo cha Afya Buzuruga","contact:phone":null,"emergency":"yes","dispensing":"yes","operator:type":"government","addr:city":"Mwanza","addr:municipality":"Ilemela","opening_hours":"Mo-Sa 08:00-18:00","healthcare:speciality":"general","addr:ward":"Mecco"},"geometry":{"type":"Point","coordinates":[32.9406043,-2.5324521]}},{"id":"94","type":"Feature","properties":{"id":"mwanza_health_facilities.95","ogc_fid":95,"fid":95,"osm_id":8520663789,"addr:street":null,"amenity":"health_facility:type","addr:subward":"Buzuruga Mashariki","name":"Kituo cha Afya Buzuruga","contact:phone":"","emergency":"yes","dispensing":"yes","operator:type":"government","addr:city":"Mwanza","addr:municipality":"Ilemela","opening_hours":"24/7","healthcare:speciality":"general","addr:ward":"Mecco"},"geometry":{"type":"Point","coordinates":[32.9407212,-2.5331755]}},{"id":"95","type":"Feature","properties":{"id":"mwanza_health_facilities.96","ogc_fid":96,"fid":96,"osm_id":8520663850,"addr:street":"Shule stand","amenity":"pharmacy","addr:subward":"Buzuruga Mashariki","name":null,"contact:phone":null,"emergency":"yes","dispensing":"yes","operator:type":"private","addr:city":"Mwanza","addr:municipality":"Ilemela","opening_hours":"Mo-Fr 08:00-18:00; Sa-Su 08:00-15:00","healthcare:speciality":"emergency","addr:ward":"Mecco"},"geometry":{"type":"Point","coordinates":[32.9407668,-2.5315889]}},{"id":"96","type":"Feature","properties":{"id":"mwanza_health_facilities.97","ogc_fid":97,"fid":97,"osm_id":8520663971,"addr:street":null,"amenity":"health_facility:type","addr:subward":"Buzuruga Mashariki","name":"Kituo cha Afya Buzuruga","contact:phone":null,"emergency":"yes","dispensing":"yes","operator:type":"government","addr:city":"Mwanza","addr:municipality":"Ilemela","opening_hours":"Mo-Sa 08:00-18:00","healthcare:speciality":"general","addr:ward":"Mecco"},"geometry":{"type":"Point","coordinates":[32.9407834,-2.5326908]}},{"id":"97","type":"Feature","properties":{"id":"mwanza_health_facilities.98","ogc_fid":98,"fid":98,"osm_id":8520664349,"addr:street":null,"amenity":"health_facility:type","addr:subward":"Buzuruga Mashariki","name":"Kituo cha Afya Buzuruga","contact:phone":null,"emergency":"yes","dispensing":"yes","operator:type":"government","addr:city":"Mwanza","addr:municipality":"Ilemela","opening_hours":"Mo-Sa 08:00-18:00","healthcare:speciality":"general","addr:ward":"Mecco"},"geometry":{"type":"Point","coordinates":[32.9408655,-2.532251]}},{"id":"98","type":"Feature","properties":{"id":"mwanza_health_facilities.99","ogc_fid":99,"fid":99,"osm_id":8520663841,"addr:street":null,"amenity":"health_facility:type","addr:subward":"Buzuruga Mashariki","name":"Kituo cha Afya Buzuruga","contact:phone":null,"emergency":"yes","dispensing":"yes","operator:type":"government","addr:city":"Mwanza","addr:municipality":"Ilemela","opening_hours":"Mo-Sa 08:00-18:00","healthcare:speciality":"general","addr:ward":"Mecco"},"geometry":{"type":"Point","coordinates":[32.9409427,-2.5326112]}},{"id":"99","type":"Feature","properties":{"id":"mwanza_health_facilities.100","ogc_fid":100,"fid":100,"osm_id":8520663933,"addr:street":null,"amenity":"health_facility:type","addr:subward":"Buzuruga Mashariki","name":"Kituo cha Afya Buzuruga","contact:phone":null,"emergency":"yes","dispensing":"yes","operator:type":"government","addr:city":"Mwanza","addr:municipality":"Ilemela","opening_hours":"Mo-Sa 08:00-18:00","healthcare:speciality":"general","addr:ward":"Mecco"},"geometry":{"type":"Point","coordinates":[32.9410005,-2.5324398]}},{"id":"100","type":"Feature","properties":{"id":"mwanza_health_facilities.101","ogc_fid":101,"fid":101,"osm_id":8520664388,"addr:street":null,"amenity":"health_facility:type","addr:subward":"Buzuruga Mashariki","name":"Kituo cha Afya Buzuruga","contact:phone":null,"emergency":"yes","dispensing":"yes","operator:type":"government","addr:city":"Mwanza","addr:municipality":"Ilemela","opening_hours":"Mo-Sa 08:00-18:00","healthcare:speciality":"general","addr:ward":"Mecco"},"geometry":{"type":"Point","coordinates":[32.9410545,-2.5328714]}},{"id":"101","type":"Feature","properties":{"id":"mwanza_health_facilities.102","ogc_fid":102,"fid":102,"osm_id":8520664358,"addr:street":null,"amenity":"health_facility:type","addr:subward":"Buzuruga Mashariki","name":"Nyasaka Dispensary","contact:phone":null,"emergency":"yes","dispensing":"yes","operator:type":"private","addr:city":"Mwanza","addr:municipality":"Ilemela","opening_hours":"Mo-Su 09:00-21:00","healthcare:speciality":"emergency","addr:ward":"Mecco"},"geometry":{"type":"Point","coordinates":[32.941432,-2.5309029]}},{"id":"102","type":"Feature","properties":{"id":"mwanza_health_facilities.103","ogc_fid":103,"fid":103,"osm_id":8520657068,"addr:street":null,"amenity":"pharmacy","addr:subward":"Mecco Kusini","name":null,"contact:phone":null,"emergency":"no","dispensing":"yes","operator:type":"private","addr:city":"Mwanza","addr:municipality":"Ilemela","opening_hours":"Mo-Sa 08:00-18:00","healthcare:speciality":"general","addr:ward":"Mecco"},"geometry":{"type":"Point","coordinates":[32.9428183,-2.5343733]}},{"id":"103","type":"Feature","properties":{"id":"mwanza_health_facilities.104","ogc_fid":104,"fid":104,"osm_id":8520657051,"addr:street":null,"amenity":"pharmacy","addr:subward":"Nundu","name":null,"contact:phone":null,"emergency":null,"dispensing":null,"operator:type":"private","addr:city":"Mwanza","addr:municipality":"Ilemela","opening_hours":"Mo-Su 09:00-21:00","healthcare:speciality":null,"addr:ward":"Mecco"},"geometry":{"type":"Point","coordinates":[32.9450281,-2.5285347]}},{"id":"104","type":"Feature","properties":{"id":"mwanza_health_facilities.105","ogc_fid":105,"fid":105,"osm_id":8520664416,"addr:street":null,"amenity":"pharmacy","addr:subward":"Nundu","name":null,"contact:phone":null,"emergency":null,"dispensing":null,"operator:type":"private","addr:city":"Mwanza","addr:municipality":"Ilemela","opening_hours":"Mo-Su 09:00-21:00","healthcare:speciality":null,"addr:ward":"Mecco"},"geometry":{"type":"Point","coordinates":[32.9450332,-2.5271789]}},{"id":"105","type":"Feature","properties":{"id":"mwanza_health_facilities.106","ogc_fid":106,"fid":106,"osm_id":8520664163,"addr:street":"Nundu","amenity":"health_facility:type","addr:subward":"Mecco","name":"Faraja Dispensary","contact:phone":null,"emergency":"yes","dispensing":"yes","operator:type":"private","addr:city":"Mwanza","addr:municipality":"Ilemela","opening_hours":"Mo-Sa 08:00-18:00","healthcare:speciality":"emergency","addr:ward":"Mecco"},"geometry":{"type":"Point","coordinates":[32.9459375,-2.5328537]}},{"id":"106","type":"Feature","properties":{"id":"mwanza_health_facilities.107","ogc_fid":107,"fid":107,"osm_id":8520664337,"addr:street":null,"amenity":"pharmacy","addr:subward":"Majanini","name":"Meco Pharmacy","contact:phone":"","emergency":"no","dispensing":"yes","operator:type":"private","addr:city":"Mwanza","addr:municipality":"Ilemela","opening_hours":"Mo-Su 09:00-21:00","healthcare:speciality":null,"addr:ward":"Mecco"},"geometry":{"type":"Point","coordinates":[32.9479705,-2.531822]}},{"id":"107","type":"Feature","properties":{"id":"mwanza_health_facilities.108","ogc_fid":108,"fid":108,"osm_id":8520664355,"addr:street":null,"amenity":"pharmacy","addr:subward":"Mecco","name":"White","contact:phone":null,"emergency":"yes","dispensing":"yes","operator:type":"private","addr:city":"Mwanza","addr:municipality":"Ilemela","opening_hours":"Mo-Sa 08:00-18:00","healthcare:speciality":"general","addr:ward":"Mecco"},"geometry":{"type":"Point","coordinates":[32.9484465,-2.5302607]}},{"id":"108","type":"Feature","properties":{"id":"mwanza_health_facilities.109","ogc_fid":109,"fid":109,"osm_id":8520663724,"addr:street":null,"amenity":"doctors","addr:subward":"Mecco","name":"JIM Maabara","contact:phone":null,"emergency":null,"dispensing":null,"operator:type":"private","addr:city":"Mwanza","addr:municipality":"Ilemela","opening_hours":"Mo-Sa 08:00-18:00","healthcare:speciality":"general","addr:ward":"Mecco"},"geometry":{"type":"Point","coordinates":[32.9484701,-2.5314817]}},{"id":"109","type":"Feature","properties":{"id":"mwanza_health_facilities.110","ogc_fid":110,"fid":110,"osm_id":8520664139,"addr:street":null,"amenity":"pharmacy","addr:subward":"Mecco","name":null,"contact:phone":null,"emergency":"no","dispensing":"yes","operator:type":"private","addr:city":"Mwanza","addr:municipality":"Ilemela","opening_hours":"Mo-Sa 08:00-18:00","healthcare:speciality":"general","addr:ward":"Mecco"},"geometry":{"type":"Point","coordinates":[32.9485989,-2.531546]}},{"id":"110","type":"Feature","properties":{"id":"mwanza_health_facilities.111","ogc_fid":111,"fid":111,"osm_id":8520664351,"addr:street":null,"amenity":"clinic","addr:subward":null,"name":"Mwanza Dispensary","contact:phone":null,"emergency":"yes","dispensing":"yes","operator:type":"private","addr:city":"Mwanza","addr:municipality":"Ilemela","opening_hours":"Mo-Su 09:00-21:00","healthcare:speciality":"general","addr:ward":"Mecco"},"geometry":{"type":"Point","coordinates":[32.9501025,-2.5321477]}},{"id":"111","type":"Feature","properties":{"id":"mwanza_health_facilities.112","ogc_fid":112,"fid":112,"osm_id":8520664026,"addr:street":null,"amenity":"clinic","addr:subward":null,"name":"Mwanza Dispensary","contact:phone":null,"emergency":"no","dispensing":"yes","operator:type":"private","addr:city":"Mwanza","addr:municipality":"Ilemela","opening_hours":"Mo-Su 09:00-21:00","healthcare:speciality":"general","addr:ward":"Mecco"},"geometry":{"type":"Point","coordinates":[32.9501905,-2.5320417]}},{"id":"112","type":"Feature","properties":{"id":"mwanza_health_facilities.113","ogc_fid":113,"fid":113,"osm_id":6832240785,"addr:street":null,"amenity":"pharmacy","addr:subward":null,"name":"Iloganzala pharmacy","contact:phone":null,"emergency":null,"dispensing":null,"operator:type":null,"addr:city":"Mwanza","addr:municipality":"Ilemela","opening_hours":null,"healthcare:speciality":null,"addr:ward":"Mecco"},"geometry":{"type":"Point","coordinates":[32.9525178,-2.5361179]}},{"id":"113","type":"Feature","properties":{"id":"mwanza_health_facilities.114","ogc_fid":114,"fid":114,"osm_id":8520663648,"addr:street":null,"amenity":"pharmacy","addr:subward":"Nundu","name":null,"contact:phone":null,"emergency":"yes","dispensing":"no","operator:type":"private","addr:city":"Mwanza","addr:municipality":"Ilemela","opening_hours":"Mo-Su 09:00-21:00","healthcare:speciality":"emergency","addr:ward":"Mecco"},"geometry":{"type":"Point","coordinates":[32.9462171,-2.5182552]}},{"id":"114","type":"Feature","properties":{"id":"mwanza_health_facilities.115","ogc_fid":115,"fid":115,"osm_id":8520664156,"addr:street":null,"amenity":"doctors","addr:subward":"Nundu B","name":null,"contact:phone":null,"emergency":null,"dispensing":"yes","operator:type":"private","addr:city":"Mwanza","addr:municipality":"Ilemela","opening_hours":"Mo-Sa 08:00-18:00","healthcare:speciality":"general","addr:ward":"Mecco"},"geometry":{"type":"Point","coordinates":[32.948277,-2.5164116]}},{"id":"115","type":"Feature","properties":{"id":"mwanza_health_facilities.116","ogc_fid":116,"fid":116,"osm_id":4399780391,"addr:street":null,"amenity":"hospital","addr:subward":null,"name":"Bahamas Dispensary","contact:phone":null,"emergency":null,"dispensing":null,"operator:type":null,"addr:city":"Mwanza","addr:municipality":"Nyamagana","opening_hours":null,"healthcare:speciality":null,"addr:ward":"Isamilo"},"geometry":{"type":"Point","coordinates":[32.899859,-2.5139495]}},{"id":"116","type":"Feature","properties":{"id":"mwanza_health_facilities.117","ogc_fid":117,"fid":117,"osm_id":4399780392,"addr:street":null,"amenity":"pharmacy","addr:subward":null,"name":"Nyakahoja Dispensary","contact:phone":null,"emergency":null,"dispensing":"yes","operator:type":null,"addr:city":"Mwanza","addr:municipality":"Nyamagana","opening_hours":null,"healthcare:speciality":null,"addr:ward":"Isamilo"},"geometry":{"type":"Point","coordinates":[32.9013528,-2.5117122]}},{"id":"117","type":"Feature","properties":{"id":"mwanza_health_facilities.118","ogc_fid":118,"fid":118,"osm_id":8571609072,"addr:street":"Nela","amenity":"clinic","addr:subward":"Nela","name":"Nyakahoja Dispensary","contact:phone":null,"emergency":null,"dispensing":null,"operator:type":null,"addr:city":"Mwanza","addr:municipality":"Nyamagana","opening_hours":"Mo-Sa 08:00-18:00","healthcare:speciality":null,"addr:ward":"Isamilo"},"geometry":{"type":"Point","coordinates":[32.9020674,-2.511042]}},{"id":"118","type":"Feature","properties":{"id":"mwanza_health_facilities.119","ogc_fid":119,"fid":119,"osm_id":8571607325,"addr:street":null,"amenity":"hospital","addr:subward":"Nela","name":"Sekou Toure","contact:phone":null,"emergency":"yes","dispensing":"yes","operator:type":"government","addr:city":"Mwanza","addr:municipality":"Nyamagana","opening_hours":"24/7","healthcare:speciality":"general","addr:ward":"Isamilo"},"geometry":{"type":"Point","coordinates":[32.9031649,-2.5106707]}},{"id":"119","type":"Feature","properties":{"id":"mwanza_health_facilities.120","ogc_fid":120,"fid":120,"osm_id":8571606179,"addr:street":"Isamilo","amenity":"hospital","addr:subward":"Nela","name":"Government Hosp.","contact:phone":null,"emergency":"yes","dispensing":"yes","operator:type":"government","addr:city":"Mwanza","addr:municipality":"Nyamagana","opening_hours":"Mo-Fr 08:00-18:00; Sa-Su 08:00-15:00","healthcare:speciality":"general","addr:ward":"Isamilo"},"geometry":{"type":"Point","coordinates":[32.9042499,-2.5097961]}},{"id":"120","type":"Feature","properties":{"id":"mwanza_health_facilities.121","ogc_fid":121,"fid":121,"osm_id":8571606372,"addr:street":"Isamilo","amenity":"hospital","addr:subward":"Nela","name":"Government Hosp.","contact:phone":null,"emergency":"yes","dispensing":"yes","operator:type":"government","addr:city":"Mwanza","addr:municipality":"Nyamagana","opening_hours":"Mo-Fr 08:00-18:00; Sa-Su 08:00-15:00","healthcare:speciality":"general","addr:ward":"Isamilo"},"geometry":{"type":"Point","coordinates":[32.904597,-2.5098453]}},{"id":"121","type":"Feature","properties":{"id":"mwanza_health_facilities.122","ogc_fid":122,"fid":122,"osm_id":8571606784,"addr:street":"Nella","amenity":"hospital","addr:subward":"Nela","name":"Government Hosp.","contact:phone":null,"emergency":"yes","dispensing":"yes","operator:type":"government","addr:city":"Mwanza","addr:municipality":"Nyamagana","opening_hours":"Mo-Fr 08:00-18:00; Sa-Su 08:00-15:00","healthcare:speciality":"general","addr:ward":"Isamilo"},"geometry":{"type":"Point","coordinates":[32.9049415,-2.5096833]}},{"id":"122","type":"Feature","properties":{"id":"mwanza_health_facilities.123","ogc_fid":123,"fid":123,"osm_id":8571607377,"addr:street":"Isamilo","amenity":"hospital","addr:subward":"Nela","name":"Government Hosp.","contact:phone":null,"emergency":"yes","dispensing":"yes","operator:type":"government","addr:city":"Mwanza","addr:municipality":"Nyamagana","opening_hours":"Mo-Fr 08:00-18:00; Sa-Su 08:00-15:00","healthcare:speciality":"general","addr:ward":"Isamilo"},"geometry":{"type":"Point","coordinates":[32.9051256,-2.509809]}},{"id":"123","type":"Feature","properties":{"id":"mwanza_health_facilities.124","ogc_fid":124,"fid":124,"osm_id":8571594881,"addr:street":"Nella","amenity":"hospital","addr:subward":"Nela","name":"Government Hosp.","contact:phone":null,"emergency":"yes","dispensing":"yes","operator:type":"government","addr:city":"Mwanza","addr:municipality":"Nyamagana","opening_hours":"Mo-Fr 08:00-18:00; Sa-Su 08:00-15:00","healthcare:speciality":"general","addr:ward":"Isamilo"},"geometry":{"type":"Point","coordinates":[32.9051471,-2.5101091]}},{"id":"124","type":"Feature","properties":{"id":"mwanza_health_facilities.125","ogc_fid":125,"fid":125,"osm_id":8571603197,"addr:street":null,"amenity":"hospital","addr:subward":"Lake","name":"Int Health International","contact:phone":"+255282501155","emergency":"yes","dispensing":"yes","operator:type":"ngo","addr:city":"Mwanza","addr:municipality":"Nyamagana","opening_hours":"Mo-Su 09:00-21:00","healthcare:speciality":"general","addr:ward":"Isamilo"},"geometry":{"type":"Point","coordinates":[32.906934,-2.5137866]}},{"id":"125","type":"Feature","properties":{"id":"mwanza_health_facilities.126","ogc_fid":126,"fid":126,"osm_id":8553310316,"addr:street":null,"amenity":"pharmacy","addr:subward":"Nyashana","name":null,"contact:phone":null,"emergency":null,"dispensing":null,"operator:type":"private","addr:city":"Mwanza","addr:municipality":"Nyamagana","opening_hours":"Mo-Su 09:00-21:00","healthcare:speciality":null,"addr:ward":"Isamilo"},"geometry":{"type":"Point","coordinates":[32.9207022,-2.5103077]}},{"id":"126","type":"Feature","properties":{"id":"mwanza_health_facilities.127","ogc_fid":127,"fid":127,"osm_id":8553313234,"addr:street":null,"amenity":"pharmacy","addr:subward":"Nyashana","name":null,"contact:phone":null,"emergency":"no","dispensing":"yes","operator:type":"private","addr:city":"Mwanza","addr:municipality":"Nyamagana","opening_hours":"Mo-Su 09:00-21:00","healthcare:speciality":"general","addr:ward":"Isamilo"},"geometry":{"type":"Point","coordinates":[32.9210687,-2.5083941]}},{"id":"127","type":"Feature","properties":{"id":"mwanza_health_facilities.128","ogc_fid":128,"fid":128,"osm_id":8571611635,"addr:street":"Isamilo","amenity":"hospital","addr:subward":"Nela","name":"Government Hosp.","contact:phone":null,"emergency":"yes","dispensing":"yes","operator:type":"government","addr:city":"Mwanza","addr:municipality":"Nyamagana","opening_hours":"Mo-Fr 08:00-18:00; Sa-Su 08:00-15:00","healthcare:speciality":"general","addr:ward":"Isamilo"},"geometry":{"type":"Point","coordinates":[32.9050795,-2.5099513]}},{"id":"128","type":"Feature","properties":{"id":"mwanza_health_facilities.129","ogc_fid":129,"fid":129,"osm_id":8571612285,"addr:street":"Isamilo","amenity":"hospital","addr:subward":"Nela","name":"Government Hosp.","contact:phone":null,"emergency":"yes","dispensing":"yes","operator:type":"government","addr:city":"Mwanza","addr:municipality":"Nyamagana","opening_hours":"Mo-Fr 08:00-18:00; Sa-Su 08:00-15:00","healthcare:speciality":"general","addr:ward":"Isamilo"},"geometry":{"type":"Point","coordinates":[32.9049618,-2.5100276]}},{"id":"129","type":"Feature","properties":{"id":"mwanza_health_facilities.130","ogc_fid":130,"fid":130,"osm_id":8571612455,"addr:street":"Medical","amenity":"clinic","addr:subward":"Nela","name":"Good Samaritan Consultant Clinic","contact:phone":"0754533580","emergency":"yes","dispensing":"yes","operator:type":"ngo","addr:city":"Mwanza","addr:municipality":"Nyamagana","opening_hours":"24/7","healthcare:speciality":"general","addr:ward":"Isamilo"},"geometry":{"type":"Point","coordinates":[32.9057577,-2.509469]}},{"id":"130","type":"Feature","properties":{"id":"mwanza_health_facilities.131","ogc_fid":131,"fid":131,"osm_id":8571613265,"addr:street":null,"amenity":"doctors","addr:subward":"Nela","name":"Rock City Eye Clinic","contact:phone":null,"emergency":null,"dispensing":null,"operator:type":"private","addr:city":"Mwanza","addr:municipality":"Nyamagana","opening_hours":null,"healthcare:speciality":"general","addr:ward":"Isamilo"},"geometry":{"type":"Point","coordinates":[32.9043102,-2.5152754]}},{"id":"131","type":"Feature","properties":{"id":"mwanza_health_facilities.132","ogc_fid":132,"fid":132,"osm_id":8571613847,"addr:street":null,"amenity":"pharmacy","addr:subward":null,"name":null,"contact:phone":null,"emergency":"no","dispensing":"no","operator:type":"private","addr:city":"Mwanza","addr:municipality":"Nyamagana","opening_hours":"Mo-Sa 08:00-18:00","healthcare:speciality":"general","addr:ward":"Isamilo"},"geometry":{"type":"Point","coordinates":[32.908228,-2.5118195]}},{"id":"132","type":"Feature","properties":{"id":"mwanza_health_facilities.133","ogc_fid":133,"fid":133,"osm_id":8571614361,"addr:street":"Isamilolo","amenity":"hospital","addr:subward":"Nela","name":"Government Hosp.","contact:phone":null,"emergency":"yes","dispensing":"yes","operator:type":"government","addr:city":"Mwanza","addr:municipality":"Nyamagana","opening_hours":"Mo-Fr 08:00-18:00; Sa-Su 08:00-15:00","healthcare:speciality":"general","addr:ward":"Isamilo"},"geometry":{"type":"Point","coordinates":[32.9044583,-2.5096329]}},{"id":"133","type":"Feature","properties":{"id":"mwanza_health_facilities.134","ogc_fid":134,"fid":134,"osm_id":8571614774,"addr:street":"Nella","amenity":"hospital","addr:subward":"Isamilo","name":"Government Hosp.","contact:phone":null,"emergency":"yes","dispensing":"yes","operator:type":"government","addr:city":"Mwanza","addr:municipality":"Nyamagana","opening_hours":"Mo-Fr 08:00-18:00; Sa-Su 08:00-15:00","healthcare:speciality":"general","addr:ward":"Isamilo"},"geometry":{"type":"Point","coordinates":[32.9048402,-2.5097441]}},{"id":"134","type":"Feature","properties":{"id":"mwanza_health_facilities.135","ogc_fid":135,"fid":135,"osm_id":2360721022,"addr:street":null,"amenity":"pharmacy","addr:subward":null,"name":"Msua Pharmacy","contact:phone":null,"emergency":null,"dispensing":null,"operator:type":null,"addr:city":"Mwanza","addr:municipality":"Nyamagana","opening_hours":null,"healthcare:speciality":null,"addr:ward":"Nyamagana"},"geometry":{"type":"Point","coordinates":[32.89905,-2.5196337]}},{"id":"135","type":"Feature","properties":{"id":"mwanza_health_facilities.136","ogc_fid":136,"fid":136,"osm_id":8532226999,"addr:street":null,"amenity":"pharmacy","addr:subward":"Nyamagana Magharibi","name":"SAG Pharmacy","contact:phone":"0762169616","emergency":null,"dispensing":null,"operator:type":"Private","addr:city":"Mwanza","addr:municipality":"Nyamagana","opening_hours":"Mo-Sa 08:00-18:00","healthcare:speciality":null,"addr:ward":"Nyamagana"},"geometry":{"type":"Point","coordinates":[32.8998271,-2.5192871]}},{"id":"136","type":"Feature","properties":{"id":"mwanza_health_facilities.137","ogc_fid":137,"fid":137,"osm_id":8532207160,"addr:street":null,"amenity":"pharmacy","addr:subward":"Makoroboi","name":"Heko Pharmacy","contact:phone":null,"emergency":"no","dispensing":"no","operator:type":"Private","addr:city":"Mwanza","addr:municipality":"Nyamagana","opening_hours":"Mo-Fr 08:00-18:00; Sa-Su 08:00-15:00","healthcare:speciality":null,"addr:ward":"Nyamagana"},"geometry":{"type":"Point","coordinates":[32.9001904,-2.519177]}},{"id":"137","type":"Feature","properties":{"id":"mwanza_health_facilities.138","ogc_fid":138,"fid":138,"osm_id":8532228494,"addr:street":null,"amenity":"pharmacy","addr:subward":"Nyamagana Magharibi","name":"FDS Traders Phamarcy","contact:phone":null,"emergency":null,"dispensing":null,"operator:type":null,"addr:city":"Mwanza","addr:municipality":"Nyamagana","opening_hours":"Mo-Sa 09:00-17:00","healthcare:speciality":null,"addr:ward":"Nyamagana"},"geometry":{"type":"Point","coordinates":[32.8990907,-2.5189075]}},{"id":"138","type":"Feature","properties":{"id":"mwanza_health_facilities.139","ogc_fid":139,"fid":139,"osm_id":4402530890,"addr:street":null,"amenity":"pharmacy","addr:subward":null,"name":"Aiko Pharmacy","contact:phone":null,"emergency":null,"dispensing":null,"operator:type":null,"addr:city":"Mwanza","addr:municipality":"Nyamagana","opening_hours":null,"healthcare:speciality":null,"addr:ward":"Nyamagana"},"geometry":{"type":"Point","coordinates":[32.899187,-2.5188404]}},{"id":"139","type":"Feature","properties":{"id":"mwanza_health_facilities.140","ogc_fid":140,"fid":140,"osm_id":8532207247,"addr:street":null,"amenity":"pharmacy","addr:subward":"Makoroboi","name":"Makalwe's Pharmacy","contact:phone":null,"emergency":"no","dispensing":null,"operator:type":"Private","addr:city":"Mwanza","addr:municipality":"Nyamagana","opening_hours":"Mo-Fr 08:00-18:00; Sa-Su 08:00-15:00","healthcare:speciality":null,"addr:ward":"Nyamagana"},"geometry":{"type":"Point","coordinates":[32.9007222,-2.5187574]}},{"id":"140","type":"Feature","properties":{"id":"mwanza_health_facilities.141","ogc_fid":141,"fid":141,"osm_id":8532228907,"addr:street":null,"amenity":"pharmacy","addr:subward":"Nyamagana Magharibi","name":null,"contact:phone":null,"emergency":null,"dispensing":null,"operator:type":"Private","addr:city":"Mwanza","addr:municipality":"Nyamagana","opening_hours":"Mo-Sa 09:00-17:00","healthcare:speciality":null,"addr:ward":"Nyamagana"},"geometry":{"type":"Point","coordinates":[32.8998848,-2.5186348]}},{"id":"141","type":"Feature","properties":{"id":"mwanza_health_facilities.142","ogc_fid":142,"fid":142,"osm_id":8532227071,"addr:street":null,"amenity":"clinic","addr:subward":"Nyamagana Mashariki","name":"Eyeris Vision Centre","contact:phone":null,"emergency":null,"dispensing":"yes","operator:type":"Private","addr:city":"Mwanza","addr:municipality":"Nyamagana","opening_hours":"Mo-Sa 08:00-18:00","healthcare:speciality":null,"addr:ward":"Nyamagana"},"geometry":{"type":"Point","coordinates":[32.9002118,-2.5182123]}},{"id":"142","type":"Feature","properties":{"id":"mwanza_health_facilities.143","ogc_fid":143,"fid":143,"osm_id":8532227687,"addr:street":null,"amenity":"pharmacy","addr:subward":"Nyamagana Mashariki","name":"Double V Pharmacy","contact:phone":null,"emergency":"yes","dispensing":"yes","operator:type":"Private","addr:city":"Mwanza","addr:municipality":"Nyamagana","opening_hours":"24/7","healthcare:speciality":"general","addr:ward":"Nyamagana"},"geometry":{"type":"Point","coordinates":[32.9001904,-2.5181909]}},{"id":"143","type":"Feature","properties":{"id":"mwanza_health_facilities.144","ogc_fid":144,"fid":144,"osm_id":8532227510,"addr:street":null,"amenity":"pharmacy","addr:subward":"Nyamagana Mashariki","name":"Afya Bora Pharmacy LTD","contact:phone":null,"emergency":"yes","dispensing":"yes","operator:type":"Private","addr:city":"Mwanza","addr:municipality":"Nyamagana","opening_hours":"Mo-Sa 08:00-18:00","healthcare:speciality":"general","addr:ward":"Nyamagana"},"geometry":{"type":"Point","coordinates":[32.8995252,-2.5178693]}},{"id":"144","type":"Feature","properties":{"id":"mwanza_health_facilities.145","ogc_fid":145,"fid":145,"osm_id":8532229027,"addr:street":null,"amenity":"pharmacy","addr:subward":"Nyamagana Mashariki","name":null,"contact:phone":null,"emergency":"yes","dispensing":"yes","operator:type":"Private","addr:city":"Mwanza","addr:municipality":"Nyamagana","opening_hours":"24/7","healthcare:speciality":"emergency","addr:ward":"Nyamagana"},"geometry":{"type":"Point","coordinates":[32.8996711,-2.5177602]}},{"id":"145","type":"Feature","properties":{"id":"mwanza_health_facilities.146","ogc_fid":146,"fid":146,"osm_id":8532229096,"addr:street":null,"amenity":"pharmacy","addr:subward":"Nyamagana Mashariki","name":null,"contact:phone":null,"emergency":"no","dispensing":"yes","operator:type":"Private","addr:city":"Mwanza","addr:municipality":"Nyamagana","opening_hours":"Mo-Sa 08:00-18:00","healthcare:speciality":"general","addr:ward":"Nyamagana"},"geometry":{"type":"Point","coordinates":[32.9004941,-2.517378]}},{"id":"146","type":"Feature","properties":{"id":"mwanza_health_facilities.147","ogc_fid":147,"fid":147,"osm_id":8532228533,"addr:street":null,"amenity":"pharmacy","addr:subward":"Nyamagana Mashariki","name":null,"contact:phone":null,"emergency":"yes","dispensing":"yes","operator:type":"Private","addr:city":"Mwanza","addr:municipality":"Nyamagana","opening_hours":"Mo-Sa 08:00-18:00","healthcare:speciality":"emergency","addr:ward":"Nyamagana"},"geometry":{"type":"Point","coordinates":[32.9000616,-2.5173119]}},{"id":"147","type":"Feature","properties":{"id":"mwanza_health_facilities.148","ogc_fid":148,"fid":148,"osm_id":8532207153,"addr:street":null,"amenity":"pharmacy","addr:subward":"Capri Point","name":null,"contact:phone":"0744998445","emergency":"no","dispensing":"yes","operator:type":"Private","addr:city":"Mwanza","addr:municipality":"Nyamagana","opening_hours":"Mo-Su 09:00-21:00","healthcare:speciality":"general","addr:ward":"Nyamagana"},"geometry":{"type":"Point","coordinates":[32.8998751,-2.5227504]}},{"id":"148","type":"Feature","properties":{"id":"mwanza_health_facilities.149","ogc_fid":149,"fid":149,"osm_id":8532227520,"addr:street":"Gamal Nasser","amenity":"clinic","addr:subward":"Gamal Nasser","name":"CFK Watoto Clinic","contact:phone":null,"emergency":"no","dispensing":"no","operator:type":"Private","addr:city":"Mwanza","addr:municipality":"Nyamagana","opening_hours":"Mo-Sa 08:00-18:00","healthcare:speciality":null,"addr:ward":"Nyamagana"},"geometry":{"type":"Point","coordinates":[32.8943038,-2.5242256]}},{"id":"149","type":"Feature","properties":{"id":"mwanza_health_facilities.150","ogc_fid":150,"fid":150,"osm_id":8532228334,"addr:street":null,"amenity":"hospital","addr:subward":"Capri Point","name":"CF Hospital","contact:phone":null,"emergency":"yes","dispensing":"yes","operator:type":"Private","addr:city":"Mwanza","addr:municipality":"Nyamagana","opening_hours":"24/7","healthcare:speciality":"general","addr:ward":"Nyamagana"},"geometry":{"type":"Point","coordinates":[32.8984618,-2.5213063]}},{"id":"150","type":"Feature","properties":{"id":"mwanza_health_facilities.151","ogc_fid":151,"fid":151,"osm_id":8582158214,"addr:street":null,"amenity":"clinic","addr:subward":null,"name":"CFK Dispensary","contact:phone":null,"emergency":null,"dispensing":null,"operator:type":null,"addr:city":"Mwanza","addr:municipality":"Nyamagana","opening_hours":null,"healthcare:speciality":null,"addr:ward":"Nyamagana"},"geometry":{"type":"Point","coordinates":[32.8938295,-2.5243446]}},{"id":"151","type":"Feature","properties":{"id":"mwanza_health_facilities.152","ogc_fid":152,"fid":152,"osm_id":8532227129,"addr:street":"Kwame Nkuruma","amenity":"pharmacy","addr:subward":"Kwame Nkuruma","name":null,"contact:phone":null,"emergency":"no","dispensing":"yes","operator:type":"Private","addr:city":"Mwanza","addr:municipality":"Nyamagana","opening_hours":"Mo-Sa 08:00-18:00","healthcare:speciality":"general","addr:ward":"Nyamagana"},"geometry":{"type":"Point","coordinates":[32.9008542,-2.5181792]}},{"id":"152","type":"Feature","properties":{"id":"mwanza_health_facilities.153","ogc_fid":153,"fid":153,"osm_id":8532226755,"addr:street":null,"amenity":"pharmacy","addr:subward":"Joshua Nkomo","name":null,"contact:phone":null,"emergency":"no","dispensing":"no","operator:type":"Public","addr:city":"Mwanza","addr:municipality":"Nyamagana","opening_hours":"Mo-Sa 08:00-18:00","healthcare:speciality":"general","addr:ward":"Nyamagana"},"geometry":{"type":"Point","coordinates":[32.9009523,-2.5180671]}},{"id":"153","type":"Feature","properties":{"id":"mwanza_health_facilities.154","ogc_fid":154,"fid":154,"osm_id":8532203772,"addr:street":null,"amenity":"pharmacy","addr:subward":"Makoroboi","name":"SAG Pharmacy","contact:phone":null,"emergency":"no","dispensing":null,"operator:type":"Private","addr:city":"Mwanza","addr:municipality":"Nyamagana","opening_hours":"Mo-Fr 08:00-18:00; Sa-Su 08:00-15:00","healthcare:speciality":null,"addr:ward":"Nyamagana"},"geometry":{"type":"Point","coordinates":[32.9010263,-2.5189303]}},{"id":"154","type":"Feature","properties":{"id":"mwanza_health_facilities.155","ogc_fid":155,"fid":155,"osm_id":8532229018,"addr:street":null,"amenity":"pharmacy","addr:subward":"Joshua Nkomo","name":null,"contact:phone":null,"emergency":"no","dispensing":"yes","operator:type":"Public","addr:city":"Mwanza","addr:municipality":"Nyamagana","opening_hours":"Mo-Fr 09:00-17:00","healthcare:speciality":"general","addr:ward":"Nyamagana"},"geometry":{"type":"Point","coordinates":[32.9010487,-2.5181051]}},{"id":"155","type":"Feature","properties":{"id":"mwanza_health_facilities.156","ogc_fid":156,"fid":156,"osm_id":8532228591,"addr:street":null,"amenity":"doctors","addr:subward":"Joshua Nkomo","name":null,"contact:phone":"0784913110","emergency":"yes","dispensing":"yes","operator:type":"Public","addr:city":"Mwanza","addr:municipality":"Nyamagana","opening_hours":"Mo-Sa 08:00-18:00","healthcare:speciality":"general","addr:ward":"Nyamagana"},"geometry":{"type":"Point","coordinates":[32.9011774,-2.5181265]}},{"id":"156","type":"Feature","properties":{"id":"mwanza_health_facilities.157","ogc_fid":157,"fid":157,"osm_id":8532226997,"addr:street":null,"amenity":"clinic","addr:subward":"Joshua Nkomo","name":"Mantis Health Care","contact:phone":null,"emergency":"no","dispensing":"yes","operator:type":"Private","addr:city":"Mwanza","addr:municipality":"Nyamagana","opening_hours":"Mo-Sa 08:00-18:00","healthcare:speciality":"general","addr:ward":"Nyamagana"},"geometry":{"type":"Point","coordinates":[32.9012203,-2.5181265]}},{"id":"157","type":"Feature","properties":{"id":"mwanza_health_facilities.158","ogc_fid":158,"fid":158,"osm_id":8532229061,"addr:street":null,"amenity":"pharmacy","addr:subward":"Kwame Nkuruma","name":"Kashoz Pharmacy","contact:phone":null,"emergency":"yes","dispensing":"yes","operator:type":"Private","addr:city":"Mwanza","addr:municipality":"Nyamagana","opening_hours":"Mo-Sa 08:00-18:00","healthcare:speciality":"general","addr:ward":"Nyamagana"},"geometry":{"type":"Point","coordinates":[32.9013064,-2.517904]}},{"id":"158","type":"Feature","properties":{"id":"mwanza_health_facilities.159","ogc_fid":159,"fid":159,"osm_id":8532227422,"addr:street":null,"amenity":"pharmacy","addr:subward":"Mosque","name":null,"contact:phone":null,"emergency":"no","dispensing":"no","operator:type":"Religious","addr:city":"Mwanza","addr:municipality":"Nyamagana","opening_hours":"Mo-Sa 08:00-18:00","healthcare:speciality":"general","addr:ward":"Nyamagana"},"geometry":{"type":"Point","coordinates":[32.901392,-2.5181694]}},{"id":"159","type":"Feature","properties":{"id":"mwanza_health_facilities.160","ogc_fid":160,"fid":160,"osm_id":8532226987,"addr:street":null,"amenity":"pharmacy","addr:subward":"Mosque","name":null,"contact:phone":null,"emergency":"no","dispensing":"no","operator:type":"Private","addr:city":"Mwanza","addr:municipality":"Nyamagana","opening_hours":"Mo-Sa 08:00-18:00","healthcare:speciality":"general","addr:ward":"Nyamagana"},"geometry":{"type":"Point","coordinates":[32.9014349,-2.5186196]}},{"id":"160","type":"Feature","properties":{"id":"mwanza_health_facilities.161","ogc_fid":161,"fid":161,"osm_id":4547687893,"addr:street":null,"amenity":"pharmacy","addr:subward":null,"name":"Jeet Pharmacy","contact:phone":null,"emergency":null,"dispensing":null,"operator:type":null,"addr:city":"Mwanza","addr:municipality":"Nyamagana","opening_hours":null,"healthcare:speciality":null,"addr:ward":"Nyamagana"},"geometry":{"type":"Point","coordinates":[32.9014471,-2.5190719]}},{"id":"161","type":"Feature","properties":{"id":"mwanza_health_facilities.162","ogc_fid":162,"fid":162,"osm_id":4402489996,"addr:street":null,"amenity":"pharmacy","addr:subward":null,"name":"Msua Pharmacy","contact:phone":null,"emergency":null,"dispensing":null,"operator:type":null,"addr:city":"Mwanza","addr:municipality":"Nyamagana","opening_hours":null,"healthcare:speciality":null,"addr:ward":"Nyamagana"},"geometry":{"type":"Point","coordinates":[32.9015226,-2.5184513]}},{"id":"162","type":"Feature","properties":{"id":"mwanza_health_facilities.163","ogc_fid":163,"fid":163,"osm_id":4547687892,"addr:street":null,"amenity":"pharmacy","addr:subward":null,"name":"Kings Medics","contact:phone":null,"emergency":null,"dispensing":null,"operator:type":null,"addr:city":"Mwanza","addr:municipality":"Nyamagana","opening_hours":null,"healthcare:speciality":null,"addr:ward":"Nyamagana"},"geometry":{"type":"Point","coordinates":[32.9015934,-2.5188278]}},{"id":"163","type":"Feature","properties":{"id":"mwanza_health_facilities.164","ogc_fid":164,"fid":164,"osm_id":8532227451,"addr:street":null,"amenity":"pharmacy","addr:subward":"Liberty","name":null,"contact:phone":null,"emergency":"no","dispensing":"no","operator:type":"Community","addr:city":"Mwanza","addr:municipality":"Nyamagana","opening_hours":"Mo-Sa 08:00-18:00","healthcare:speciality":"general","addr:ward":"Nyamagana"},"geometry":{"type":"Point","coordinates":[32.9021091,-2.5178824]}},{"id":"164","type":"Feature","properties":{"id":"mwanza_health_facilities.165","ogc_fid":165,"fid":165,"osm_id":4402529589,"addr:street":null,"amenity":"pharmacy","addr:subward":null,"name":null,"contact:phone":null,"emergency":null,"dispensing":null,"operator:type":null,"addr:city":"Mwanza","addr:municipality":"Nyamagana","opening_hours":null,"healthcare:speciality":null,"addr:ward":"Nyamagana"},"geometry":{"type":"Point","coordinates":[32.9021617,-2.5187073]}},{"id":"165","type":"Feature","properties":{"id":"mwanza_health_facilities.166","ogc_fid":166,"fid":166,"osm_id":8532227103,"addr:street":null,"amenity":"clinic","addr:subward":"Kilombero","name":"Sahara Optical Centre","contact:phone":null,"emergency":"no","dispensing":"no","operator:type":"Private","addr:city":"Mwanza","addr:municipality":"Nyamagana","opening_hours":"Mo-Fr 09:00-17:00","healthcare:speciality":"general","addr:ward":"Mirongo"},"geometry":{"type":"Point","coordinates":[32.9071827,-2.5205324]}},{"id":"166","type":"Feature","properties":{"id":"mwanza_health_facilities.167","ogc_fid":167,"fid":167,"osm_id":8532228509,"addr:street":null,"amenity":"health_facility:type","addr:subward":"Kilombero","name":"Laaman Health Centre","contact:phone":null,"emergency":"no","dispensing":"yes","operator:type":"Private","addr:city":"Mwanza","addr:municipality":"Nyamagana","opening_hours":"Mo-Fr 08:00-18:00; Sa-Su 08:00-15:00","healthcare:speciality":"general","addr:ward":"Mirongo"},"geometry":{"type":"Point","coordinates":[32.9070333,-2.5207291]}},{"id":"167","type":"Feature","properties":{"id":"mwanza_health_facilities.168","ogc_fid":168,"fid":168,"osm_id":8532228633,"addr:street":"Kweme Nkuruma","amenity":"clinic","addr:subward":"Rufiji","name":"Amref Health Africa","contact:phone":null,"emergency":"no","dispensing":null,"operator:type":"NGO`S","addr:city":"Mwanza","addr:municipality":"Nyamagana","opening_hours":"Mo-Su 09:00-21:00","healthcare:speciality":"general","addr:ward":"Mirongo"},"geometry":{"type":"Point","coordinates":[32.9011773,-2.5152232]}},{"id":"168","type":"Feature","properties":{"id":"mwanza_health_facilities.169","ogc_fid":169,"fid":169,"osm_id":8532229167,"addr:street":null,"amenity":"doctors","addr:subward":"Sokoni","name":"Kariakoo Eye Center","contact:phone":null,"emergency":"no","dispensing":"yes","operator:type":"Private","addr:city":"Mwanza","addr:municipality":"Nyamagana","opening_hours":"Mo-Sa 09:00-17:00","healthcare:speciality":"general","addr:ward":"Mirongo"},"geometry":{"type":"Point","coordinates":[32.9018211,-2.5155755]}},{"id":"169","type":"Feature","properties":{"id":"mwanza_health_facilities.170","ogc_fid":170,"fid":170,"osm_id":8532229140,"addr:street":null,"amenity":"pharmacy","addr:subward":"Rufiji","name":null,"contact:phone":null,"emergency":"no","dispensing":"yes","operator:type":"Private","addr:city":"Mwanza","addr:municipality":"Nyamagana","opening_hours":"Mo-Sa 08:00-18:00","healthcare:speciality":"general","addr:ward":"Mirongo"},"geometry":{"type":"Point","coordinates":[32.9023725,-2.5161278]}},{"id":"170","type":"Feature","properties":{"id":"mwanza_health_facilities.171","ogc_fid":171,"fid":171,"osm_id":8532227475,"addr:street":null,"amenity":"clinic","addr:subward":"Sukuma","name":null,"contact:phone":"0747935758","emergency":"yes","dispensing":"no","operator:type":"Private","addr:city":"Mwanza","addr:municipality":"Nyamagana","opening_hours":"Mo-Fr 08:00-18:00; Sa-Su 08:00-15:00","healthcare:speciality":"emergency","addr:ward":"Mirongo"},"geometry":{"type":"Point","coordinates":[32.9025565,-2.5159114]}},{"id":"171","type":"Feature","properties":{"id":"mwanza_health_facilities.172","ogc_fid":172,"fid":172,"osm_id":8578345513,"addr:street":"Kweme Nkuruma","amenity":"clinic","addr:subward":"Rufiji","name":null,"contact:phone":null,"emergency":"no","dispensing":null,"operator:type":"NGO`S","addr:city":"Mwanza","addr:municipality":"Nyamagana","opening_hours":"Mo-Su 09:00-21:00","healthcare:speciality":"general","addr:ward":"Mirongo"},"geometry":{"type":"Point","coordinates":[32.9010098,-2.5150959]}},{"id":"172","type":"Feature","properties":{"id":"mwanza_health_facilities.173","ogc_fid":173,"fid":173,"osm_id":8532227562,"addr:street":null,"amenity":"pharmacy","addr:subward":"Viringo","name":"Shalom Pharmacy","contact:phone":"0756628889","emergency":"no","dispensing":"no","operator:type":"Private","addr:city":"Mwanza","addr:municipality":"Nyamagana","opening_hours":"Mo-Su 09:00-21:00","healthcare:speciality":"general","addr:ward":"Mirongo"},"geometry":{"type":"Point","coordinates":[32.9038382,-2.5160686]}},{"id":"173","type":"Feature","properties":{"id":"mwanza_health_facilities.174","ogc_fid":174,"fid":174,"osm_id":8532201408,"addr:street":null,"amenity":"doctors","addr:subward":"Viringo","name":null,"contact:phone":null,"emergency":"no","dispensing":"yes","operator:type":"Private","addr:city":"Mwanza","addr:municipality":"Nyamagana","opening_hours":"Mo-Su 09:00-21:00","healthcare:speciality":"general","addr:ward":"Mirongo"},"geometry":{"type":"Point","coordinates":[32.9039048,-2.515949]}},{"id":"174","type":"Feature","properties":{"id":"mwanza_health_facilities.175","ogc_fid":175,"fid":175,"osm_id":8532228597,"addr:street":"Utemini Street","amenity":"hospital","addr:subward":"Uzinza","name":"Kituo Cha Afya Makongoro","contact:phone":"0677818181","emergency":"yes","dispensing":"yes","operator:type":"Government","addr:city":"Mwanza","addr:municipality":"Nyamagana","opening_hours":"Mo-Fr 08:00-18:00; Sa-Su 08:00-15:00","healthcare:speciality":"general","addr:ward":"Mirongo"},"geometry":{"type":"Point","coordinates":[32.9041515,-2.5160456]}},{"id":"175","type":"Feature","properties":{"id":"mwanza_health_facilities.176","ogc_fid":176,"fid":176,"osm_id":4400882005,"addr:street":null,"amenity":"clinic","addr:subward":null,"name":"Makongoro Clinic","contact:phone":null,"emergency":null,"dispensing":null,"operator:type":null,"addr:city":"Mwanza","addr:municipality":"Nyamagana","opening_hours":null,"healthcare:speciality":null,"addr:ward":"Mirongo"},"geometry":{"type":"Point","coordinates":[32.904328,-2.5159156]}},{"id":"176","type":"Feature","properties":{"id":"mwanza_health_facilities.177","ogc_fid":177,"fid":177,"osm_id":8532228356,"addr:street":"Utemini Street","amenity":"hospital","addr:subward":"Uzinza","name":null,"contact:phone":"0677818181","emergency":"yes","dispensing":"yes","operator:type":"Government","addr:city":"Mwanza","addr:municipality":"Nyamagana","opening_hours":"Mo-Fr 08:00-18:00; Sa-Su 08:00-15:00","healthcare:speciality":"general","addr:ward":"Mirongo"},"geometry":{"type":"Point","coordinates":[32.904389,-2.5159113]}},{"id":"177","type":"Feature","properties":{"id":"mwanza_health_facilities.178","ogc_fid":178,"fid":178,"osm_id":8532228909,"addr:street":"Sukuma","amenity":"pharmacy","addr:subward":"Rufiji","name":null,"contact:phone":null,"emergency":"no","dispensing":null,"operator:type":"Private","addr:city":"Mwanza","addr:municipality":"Nyamagana","opening_hours":"Mo-Sa 08:00-18:00","healthcare:speciality":"general","addr:ward":"Mirongo"},"geometry":{"type":"Point","coordinates":[32.9047497,-2.5160151]}},{"id":"178","type":"Feature","properties":{"id":"mwanza_health_facilities.179","ogc_fid":179,"fid":179,"osm_id":8532228920,"addr:street":null,"amenity":"pharmacy","addr:subward":"Ngokozi","name":null,"contact:phone":null,"emergency":"yes","dispensing":"yes","operator:type":"Private","addr:city":"Mwanza","addr:municipality":"Nyamagana","opening_hours":"Mo-Sa 08:00-18:00","healthcare:speciality":"emergency","addr:ward":"Mirongo"},"geometry":{"type":"Point","coordinates":[32.9061127,-2.5184267]}},{"id":"179","type":"Feature","properties":{"id":"mwanza_health_facilities.180","ogc_fid":180,"fid":180,"osm_id":8532227488,"addr:street":"Mirongo","amenity":"pharmacy","addr:subward":"Mirongo","name":"Laboratory","contact:phone":null,"emergency":"no","dispensing":null,"operator:type":"NGO`S","addr:city":"Mwanza","addr:municipality":"Nyamagana","opening_hours":"Mo-Sa 08:00-18:00","healthcare:speciality":"general","addr:ward":"Mirongo"},"geometry":{"type":"Point","coordinates":[32.9062253,-2.5180003]}},{"id":"180","type":"Feature","properties":{"id":"mwanza_health_facilities.181","ogc_fid":181,"fid":181,"osm_id":8532227593,"addr:street":null,"amenity":"health_facility:type","addr:subward":"Kilombero","name":"Kilombero Health Centre","contact:phone":"02540916","emergency":"yes","dispensing":"yes","operator:type":"Public","addr:city":"Mwanza","addr:municipality":"Nyamagana","opening_hours":"Mo-Su 09:00-21:00","healthcare:speciality":"emergency","addr:ward":"Mirongo"},"geometry":{"type":"Point","coordinates":[32.9064949,-2.5201724]}},{"id":"181","type":"Feature","properties":{"id":"mwanza_health_facilities.182","ogc_fid":182,"fid":182,"osm_id":8532227446,"addr:street":"Rufiji Road","amenity":"clinic","addr:subward":"Rufiji","name":null,"contact:phone":null,"emergency":"no","dispensing":"no","operator:type":"Private","addr:city":"Mwanza","addr:municipality":"Nyamagana","opening_hours":"Mo-Sa 08:00-18:00","healthcare:speciality":"traditional","addr:ward":"Mirongo"},"geometry":{"type":"Point","coordinates":[32.9066993,-2.5182605]}},{"id":"182","type":"Feature","properties":{"id":"mwanza_health_facilities.183","ogc_fid":183,"fid":183,"osm_id":8532227208,"addr:street":"Mission","amenity":"pharmacy","addr:subward":"Mission","name":null,"contact:phone":null,"emergency":"no","dispensing":"no","operator:type":"Private","addr:city":"Mwanza","addr:municipality":"Nyamagana","opening_hours":"Mo-Su 09:00-21:00","healthcare:speciality":"general","addr:ward":"Mirongo"},"geometry":{"type":"Point","coordinates":[32.9068465,-2.5187227]}},{"id":"183","type":"Feature","properties":{"id":"mwanza_health_facilities.184","ogc_fid":184,"fid":184,"osm_id":8532227160,"addr:street":"Mission","amenity":"pharmacy","addr:subward":"Mission","name":"Maendeleo Pharmacy","contact:phone":null,"emergency":"no","dispensing":"yes","operator:type":"Private","addr:city":"Mwanza","addr:municipality":"Nyamagana","opening_hours":"Mo-Fr 08:00-18:00; Sa-Su 08:00-15:00","healthcare:speciality":"general","addr:ward":"Mirongo"},"geometry":{"type":"Point","coordinates":[32.9073754,-2.5194565]}},{"id":"184","type":"Feature","properties":{"id":"mwanza_health_facilities.185","ogc_fid":185,"fid":185,"osm_id":8532227404,"addr:street":"Mission","amenity":"doctors","addr:subward":"Mission","name":"Kariakoo Eye Center","contact:phone":null,"emergency":"yes","dispensing":"yes","operator:type":"Private","addr:city":"Mwanza","addr:municipality":"Nyamagana","opening_hours":"Mo-Sa 09:00-18:00","healthcare:speciality":"general","addr:ward":"Mirongo"},"geometry":{"type":"Point","coordinates":[32.9073754,-2.5193915]}},{"id":"185","type":"Feature","properties":{"id":"mwanza_health_facilities.186","ogc_fid":186,"fid":186,"osm_id":8532227078,"addr:street":"Mission","amenity":"doctors","addr:subward":"Mission","name":"Msizu Business Center","contact:phone":null,"emergency":"yes","dispensing":"yes","operator:type":"Private","addr:city":"Mwanza","addr:municipality":"Nyamagana","opening_hours":"Mo-Su 09:00-21:00","healthcare:speciality":"general","addr:ward":"Mirongo"},"geometry":{"type":"Point","coordinates":[32.9074773,-2.5197174]}},{"id":"186","type":"Feature","properties":{"id":"mwanza_health_facilities.187","ogc_fid":187,"fid":187,"osm_id":8532228782,"addr:street":"Mission","amenity":"pharmacy","addr:subward":"Mission","name":"Mbita Pharmacy","contact:phone":null,"emergency":"no","dispensing":"yes","operator:type":"Private","addr:city":"Mwanza","addr:municipality":"Nyamagana","opening_hours":"Mo-Fr 08:00-18:00; Sa-Su 08:00-15:00","healthcare:speciality":"general","addr:ward":"Mirongo"},"geometry":{"type":"Point","coordinates":[32.9076371,-2.519616]}},{"id":"187","type":"Feature","properties":{"id":"mwanza_health_facilities.188","ogc_fid":188,"fid":188,"osm_id":8532227649,"addr:street":"Mission","amenity":"pharmacy","addr:subward":"Mission","name":"Kibo Pharmacy","contact:phone":null,"emergency":null,"dispensing":"no","operator:type":"Private","addr:city":"Mwanza","addr:municipality":"Nyamagana","opening_hours":"Mo-Sa 09:00-18:00","healthcare:speciality":"general","addr:ward":"Mirongo"},"geometry":{"type":"Point","coordinates":[32.9077584,-2.5192524]}},{"id":"188","type":"Feature","properties":{"id":"mwanza_health_facilities.189","ogc_fid":189,"fid":189,"osm_id":8520975564,"addr:street":"Nyerere Road","amenity":"hospital","addr:subward":"Nyerere A","name":null,"contact:phone":null,"emergency":"yes","dispensing":"yes","operator:type":"private","addr:city":"Mwanza","addr:municipality":"Nyamagana","opening_hours":"24/7","healthcare:speciality":"general","addr:ward":"Mbugani"},"geometry":{"type":"Point","coordinates":[32.9224522,-2.5285716]}},{"id":"189","type":"Feature","properties":{"id":"mwanza_health_facilities.190","ogc_fid":190,"fid":190,"osm_id":8520976138,"addr:street":"Nyerere A","amenity":"clinic","addr:subward":"Mabatini Kaskazini","name":"Rainbow Clinic","contact:phone":null,"emergency":"yes","dispensing":"yes","operator:type":"private","addr:city":"Mwanza","addr:municipality":"Nyamagana","opening_hours":"24/7","healthcare:speciality":"general","addr:ward":"Mbugani"},"geometry":{"type":"Point","coordinates":[32.9224529,-2.5285994]}},{"id":"190","type":"Feature","properties":{"id":"mwanza_health_facilities.191","ogc_fid":191,"fid":191,"osm_id":8520975814,"addr:street":"Nyerere Road","amenity":"pharmacy","addr:subward":"Sinai","name":null,"contact:phone":null,"emergency":"no","dispensing":"yes","operator:type":"private","addr:city":"Mwanza","addr:municipality":"Nyamagana","opening_hours":"Mo-Sa 09:00-18:00","healthcare:speciality":null,"addr:ward":"Mbugani"},"geometry":{"type":"Point","coordinates":[32.9246795,-2.5309417]}},{"id":"191","type":"Feature","properties":{"id":"mwanza_health_facilities.192","ogc_fid":192,"fid":192,"osm_id":8520976151,"addr:street":null,"amenity":"pharmacy","addr:subward":"Sinai","name":null,"contact:phone":null,"emergency":"no","dispensing":"no","operator:type":"private","addr:city":"Mwanza","addr:municipality":"Nyamagana","opening_hours":"Mo-Sa 08:00-18:00","healthcare:speciality":"general","addr:ward":"Mbugani"},"geometry":{"type":"Point","coordinates":[32.9255547,-2.5302267]}},{"id":"192","type":"Feature","properties":{"id":"mwanza_health_facilities.193","ogc_fid":193,"fid":193,"osm_id":8520975984,"addr:street":"Sinai","amenity":"pharmacy","addr:subward":"Sinai","name":"Penuel Medics","contact:phone":null,"emergency":"no","dispensing":"yes","operator:type":"private","addr:city":"Mwanza","addr:municipality":"Nyamagana","opening_hours":"Mo-Su 09:00-21:00","healthcare:speciality":"general","addr:ward":"Mbugani"},"geometry":{"type":"Point","coordinates":[32.9263956,-2.5294801]}},{"id":"193","type":"Feature","properties":{"id":"mwanza_health_facilities.194","ogc_fid":194,"fid":194,"osm_id":8532205610,"addr:street":null,"amenity":"pharmacy","addr:subward":"Pamba","name":"New Salva","contact:phone":null,"emergency":null,"dispensing":null,"operator:type":"Private","addr:city":"Mwanza","addr:municipality":"Nyamagana","opening_hours":null,"healthcare:speciality":null,"addr:ward":"Pamba"},"geometry":{"type":"Point","coordinates":[32.904954,-2.5221567]}},{"id":"194","type":"Feature","properties":{"id":"mwanza_health_facilities.195","ogc_fid":195,"fid":195,"osm_id":8532203807,"addr:street":"Mohammed Road","amenity":"hospital","addr:subward":"Aga Khan","name":"Aga Khan Medical Centre","contact:phone":null,"emergency":"yes","dispensing":"yes","operator:type":"Private","addr:city":"Mwanza","addr:municipality":"Nyamagana","opening_hours":"Mo-Fr 08:00-18:00; Sa-Su 08:00-15:00","healthcare:speciality":"general","addr:ward":"Pamba"},"geometry":{"type":"Point","coordinates":[32.906629,-2.522449]}},{"id":"195","type":"Feature","properties":{"id":"mwanza_health_facilities.196","ogc_fid":196,"fid":196,"osm_id":8532206053,"addr:street":null,"amenity":"hospital","addr:subward":"Bugando","name":"Bugando Medical Centre","contact:phone":null,"emergency":"yes","dispensing":"yes","operator:type":"Private","addr:city":"Mwanza","addr:municipality":"Nyamagana","opening_hours":"Mo-Su 09:00-21:00","healthcare:speciality":"general","addr:ward":"Pamba"},"geometry":{"type":"Point","coordinates":[32.9074935,-2.5276635]}},{"id":"196","type":"Feature","properties":{"id":"mwanza_health_facilities.197","ogc_fid":197,"fid":197,"osm_id":8520975590,"addr:street":"Mlimani","amenity":"pharmacy","addr:subward":"Bugharika Kasikazini","name":null,"contact:phone":null,"emergency":null,"dispensing":"no","operator:type":null,"addr:city":"Mwanza","addr:municipality":"Nyamagana","opening_hours":"Mo-Su 09:00-21:00","healthcare:speciality":null,"addr:ward":"Pamba"},"geometry":{"type":"Point","coordinates":[32.9149787,-2.530653]}},{"id":"197","type":"Feature","properties":{"id":"mwanza_health_facilities.198","ogc_fid":198,"fid":198,"osm_id":8520976165,"addr:street":null,"amenity":"pharmacy","addr:subward":"Bugarika","name":"Genge Dogo, Duka l\u00e1 Dawa","contact:phone":null,"emergency":"no","dispensing":"yes","operator:type":"private","addr:city":"Mwanza","addr:municipality":"Nyamagana","opening_hours":"Mo-Sa 08:00-18:00","healthcare:speciality":"general","addr:ward":"Pamba"},"geometry":{"type":"Point","coordinates":[32.9149926,-2.5307684]}},{"id":"198","type":"Feature","properties":{"id":"mwanza_health_facilities.199","ogc_fid":199,"fid":199,"osm_id":8532206884,"addr:street":null,"amenity":"clinic","addr:subward":"Nata","name":null,"contact:phone":null,"emergency":"yes","dispensing":"yes","operator:type":"Private","addr:city":"Mwanza","addr:municipality":"Nyamagana","opening_hours":"Mo-Su 09:00-21:00","healthcare:speciality":"general","addr:ward":"Pamba"},"geometry":{"type":"Point","coordinates":[32.9074453,-2.5221409]}},{"id":"199","type":"Feature","properties":{"id":"mwanza_health_facilities.200","ogc_fid":200,"fid":200,"osm_id":8532207065,"addr:street":null,"amenity":"pharmacy","addr:subward":"Rumumba","name":null,"contact:phone":null,"emergency":"yes","dispensing":null,"operator:type":"Private","addr:city":"Mwanza","addr:municipality":"Nyamagana","opening_hours":"Mo-Sa 08:00-18:00","healthcare:speciality":null,"addr:ward":"Pamba"},"geometry":{"type":"Point","coordinates":[32.9022074,-2.522714]}},{"id":"200","type":"Feature","properties":{"id":"mwanza_health_facilities.201","ogc_fid":201,"fid":201,"osm_id":8532207080,"addr:street":null,"amenity":"pharmacy","addr:subward":"Miti Mirefu","name":null,"contact:phone":null,"emergency":null,"dispensing":null,"operator:type":"Private","addr:city":"Mwanza","addr:municipality":"Nyamagana","opening_hours":"Mo-Sa 08:00-18:00","healthcare:speciality":null,"addr:ward":"Pamba"},"geometry":{"type":"Point","coordinates":[32.9045319,-2.5223908]}},{"id":"201","type":"Feature","properties":{"id":"mwanza_health_facilities.202","ogc_fid":202,"fid":202,"osm_id":8532207216,"addr:street":null,"amenity":"hospital","addr:subward":"Zahanati","name":"Mpango Wa Damu Salama","contact:phone":null,"emergency":"yes","dispensing":"yes","operator:type":"Private","addr:city":"Mwanza","addr:municipality":"Nyamagana","opening_hours":"Mo-Sa 09:00-18:00;Mo-Fr 08:00-18:00; Sa-Su 08:00-15:00","healthcare:speciality":"general","addr:ward":"Pamba"},"geometry":{"type":"Point","coordinates":[32.9068403,-2.5296447]}},{"id":"202","type":"Feature","properties":{"id":"mwanza_health_facilities.203","ogc_fid":203,"fid":203,"osm_id":8532207252,"addr:street":null,"amenity":"pharmacy","addr:subward":"Miti Mirefu","name":null,"contact:phone":null,"emergency":null,"dispensing":null,"operator:type":"Private","addr:city":"Mwanza","addr:municipality":"Nyamagana","opening_hours":"Mo-Sa 09:00-18:00","healthcare:speciality":null,"addr:ward":"Pamba"},"geometry":{"type":"Point","coordinates":[32.9048526,-2.5223727]}},{"id":"203","type":"Feature","properties":{"id":"mwanza_health_facilities.204","ogc_fid":204,"fid":204,"osm_id":8520976267,"addr:street":null,"amenity":"pharmacy","addr:subward":"Bugarika","name":null,"contact:phone":null,"emergency":"no","dispensing":"yes","operator:type":"private","addr:city":"Mwanza","addr:municipality":"Nyamagana","opening_hours":"Mo-Fr 08:00-18:00; Sa-Su 08:00-15:00","healthcare:speciality":null,"addr:ward":"Pamba"},"geometry":{"type":"Point","coordinates":[32.915322,-2.530649]}},{"id":"204","type":"Feature","properties":{"id":"mwanza_health_facilities.205","ogc_fid":205,"fid":205,"osm_id":8520976489,"addr:street":null,"amenity":"pharmacy","addr:subward":"Bugarika Kusini","name":null,"contact:phone":null,"emergency":"no","dispensing":null,"operator:type":"private","addr:city":"Mwanza","addr:municipality":"Nyamagana","opening_hours":null,"healthcare:speciality":"general","addr:ward":"Pamba"},"geometry":{"type":"Point","coordinates":[32.9154038,-2.5339255]}},{"id":"205","type":"Feature","properties":{"id":"mwanza_health_facilities.206","ogc_fid":206,"fid":206,"osm_id":8520976063,"addr:street":null,"amenity":"pharmacy","addr:subward":"Bugarika","name":"Duka l\u00e1 Dawa","contact:phone":null,"emergency":"no","dispensing":"yes","operator:type":"private","addr:city":"Mwanza","addr:municipality":"Nyamagana","opening_hours":"Mo-Sa 08:00-18:00","healthcare:speciality":"general","addr:ward":"Pamba"},"geometry":{"type":"Point","coordinates":[32.9156996,-2.5313329]}},{"id":"206","type":"Feature","properties":{"id":"mwanza_health_facilities.207","ogc_fid":207,"fid":207,"osm_id":8520976610,"addr:street":null,"amenity":"pharmacy","addr:subward":"Mlimani","name":null,"contact:phone":null,"emergency":"no","dispensing":"no","operator:type":"private","addr:city":"Mwanza","addr:municipality":"Nyamagana","opening_hours":"Mo-Su 09:00-21:00","healthcare:speciality":null,"addr:ward":"Pamba"},"geometry":{"type":"Point","coordinates":[32.9172956,-2.5311564]}},{"id":"207","type":"Feature","properties":{"id":"mwanza_health_facilities.208","ogc_fid":208,"fid":208,"osm_id":8520976341,"addr:street":null,"amenity":"clinic","addr:subward":"Bugarika","name":"Bugarika Dispensary","contact:phone":null,"emergency":"yes","dispensing":"yes","operator:type":"government","addr:city":"Mwanza","addr:municipality":"Nyamagana","opening_hours":"Mo-Fr 08:00-18:00; Sa-Su 08:00-15:00","healthcare:speciality":"general","addr:ward":"Pamba"},"geometry":{"type":"Point","coordinates":[32.9177427,-2.535276]}},{"id":"208","type":"Feature","properties":{"id":"mwanza_health_facilities.209","ogc_fid":209,"fid":209,"osm_id":8532228665,"addr:street":"Nyerere Road","amenity":"pharmacy","addr:subward":"Pamba \"A\"","name":"Salama Pharmaceuticals Limited","contact:phone":null,"emergency":"yes","dispensing":"yes","operator:type":"Private","addr:city":"Mwanza","addr:municipality":"Nyamagana","opening_hours":"Mo-Sa 08:00-18:00","healthcare:speciality":"general","addr:ward":"Pamba"},"geometry":{"type":"Point","coordinates":[32.9030228,-2.5195199]}},{"id":"209","type":"Feature","properties":{"id":"mwanza_health_facilities.210","ogc_fid":210,"fid":210,"osm_id":8532205949,"addr:street":null,"amenity":"pharmacy","addr:subward":"Pamba A","name":null,"contact:phone":null,"emergency":null,"dispensing":null,"operator:type":"Private","addr:city":"Mwanza","addr:municipality":"Nyamagana","opening_hours":"24/7","healthcare:speciality":null,"addr:ward":"Pamba"},"geometry":{"type":"Point","coordinates":[32.9038909,-2.5203461]}},{"id":"210","type":"Feature","properties":{"id":"mwanza_health_facilities.211","ogc_fid":211,"fid":211,"osm_id":8532205551,"addr:street":"Nyerere road","amenity":"pharmacy","addr:subward":"Pamba A","name":"Abacus Pharmacy","contact:phone":null,"emergency":null,"dispensing":null,"operator:type":"Private","addr:city":"Mwanza","addr:municipality":"Nyamagana","opening_hours":"24/7","healthcare:speciality":null,"addr:ward":"Pamba"},"geometry":{"type":"Point","coordinates":[32.9040703,-2.5203307]}},{"id":"211","type":"Feature","properties":{"id":"mwanza_health_facilities.212","ogc_fid":212,"fid":212,"osm_id":8532206264,"addr:street":null,"amenity":"pharmacy","addr:subward":"Kwimba","name":null,"contact:phone":null,"emergency":"no","dispensing":"yes","operator:type":"Private","addr:city":"Mwanza","addr:municipality":"Nyamagana","opening_hours":"Mo-Sa 08:00-18:00","healthcare:speciality":"general","addr:ward":"Igogo"},"geometry":{"type":"Point","coordinates":[32.9070524,-2.5373738]}},{"id":"212","type":"Feature","properties":{"id":"mwanza_health_facilities.213","ogc_fid":213,"fid":213,"osm_id":8532203809,"addr:street":null,"amenity":"health_facility:type","addr:subward":"Kwimba","name":"RCH Huduma","contact:phone":null,"emergency":"no","dispensing":"yes","operator:type":"Private","addr:city":"Mwanza","addr:municipality":"Nyamagana","opening_hours":"Mo-Su 09:00-21:00","healthcare:speciality":"general","addr:ward":"Igogo"},"geometry":{"type":"Point","coordinates":[32.9071692,-2.5369954]}},{"id":"213","type":"Feature","properties":{"id":"mwanza_health_facilities.214","ogc_fid":214,"fid":214,"osm_id":8532205642,"addr:street":null,"amenity":"pharmacy","addr:subward":"Kwimba","name":null,"contact:phone":null,"emergency":"no","dispensing":"yes","operator:type":"Private","addr:city":"Mwanza","addr:municipality":"Nyamagana","opening_hours":"Mo-Sa 09:00-18:00","healthcare:speciality":null,"addr:ward":"Igogo"},"geometry":{"type":"Point","coordinates":[32.907372,-2.5371385]}},{"id":"214","type":"Feature","properties":{"id":"mwanza_health_facilities.215","ogc_fid":215,"fid":215,"osm_id":8532205961,"addr:street":null,"amenity":"health_facility:type","addr:subward":"Kwimba","name":"Diana Dispensary","contact:phone":null,"emergency":"no","dispensing":"no","operator:type":"Private","addr:city":"Mwanza","addr:municipality":"Nyamagana","opening_hours":null,"healthcare:speciality":"general","addr:ward":"Igogo"},"geometry":{"type":"Point","coordinates":[32.9077634,-2.5368938]}},{"id":"215","type":"Feature","properties":{"id":"mwanza_health_facilities.216","ogc_fid":216,"fid":216,"osm_id":8532198785,"addr:street":"Kwimba","amenity":"pharmacy","addr:subward":"Kwimba","name":null,"contact:phone":null,"emergency":null,"dispensing":"no","operator:type":"Private","addr:city":"Mwanza","addr:municipality":"Nyamagana","opening_hours":"Mo-Su 09:00-21:00","healthcare:speciality":null,"addr:ward":"Igogo"},"geometry":{"type":"Point","coordinates":[32.9103388,-2.538748]}},{"id":"216","type":"Feature","properties":{"id":"mwanza_health_facilities.217","ogc_fid":217,"fid":217,"osm_id":8520976381,"addr:street":"Bugando","amenity":"clinic","addr:subward":"Bugando","name":"Wambele Dispensary","contact:phone":null,"emergency":"yes","dispensing":null,"operator:type":"private","addr:city":"Mwanza","addr:municipality":"Nyamagana","opening_hours":"24/7","healthcare:speciality":"general","addr:ward":"Igogo"},"geometry":{"type":"Point","coordinates":[32.9124641,-2.5325964]}},{"id":"217","type":"Feature","properties":{"id":"mwanza_health_facilities.218","ogc_fid":218,"fid":218,"osm_id":8520975902,"addr:street":null,"amenity":"pharmacy","addr:subward":"Jiwe","name":null,"contact:phone":null,"emergency":null,"dispensing":null,"operator:type":"private","addr:city":"Mwanza","addr:municipality":"Nyamagana","opening_hours":"Mo-Su 09:00-21:00","healthcare:speciality":null,"addr:ward":"Igogo"},"geometry":{"type":"Point","coordinates":[32.9147286,-2.5365786]}},{"id":"218","type":"Feature","properties":{"id":"mwanza_health_facilities.219","ogc_fid":219,"fid":219,"osm_id":8532206309,"addr:street":"Mwenge Road","amenity":"pharmacy","addr:subward":"Kwimba","name":null,"contact:phone":null,"emergency":"yes","dispensing":"no","operator:type":"Private","addr:city":"Mwanza","addr:municipality":"Nyamagana","opening_hours":"Mo-Su 09:00-21:00","healthcare:speciality":"general","addr:ward":"Igogo"},"geometry":{"type":"Point","coordinates":[32.9087917,-2.5354014]}},{"id":"219","type":"Feature","properties":{"id":"mwanza_health_facilities.220","ogc_fid":220,"fid":220,"osm_id":8532206776,"addr:street":"Jomo Kenyatta","amenity":"clinic","addr:subward":null,"name":"Aga Khan","contact:phone":null,"emergency":"no","dispensing":"no","operator:type":"Private","addr:city":"Mwanza","addr:municipality":"Nyamagana","opening_hours":"Mo-Sa 08:00-18:00;Mo-Fr 09:00-17:00","healthcare:speciality":"women","addr:ward":"Igogo"},"geometry":{"type":"Point","coordinates":[32.9017353,-2.5314388]}},{"id":"220","type":"Feature","properties":{"id":"mwanza_health_facilities.221","ogc_fid":221,"fid":221,"osm_id":8532206845,"addr:street":"Minja","amenity":"pharmacy","addr:subward":"Igogo","name":null,"contact:phone":null,"emergency":"yes","dispensing":"yes","operator:type":"Private","addr:city":"Mwanza","addr:municipality":"Nyamagana","opening_hours":"Mo-Sa 08:00-18:00","healthcare:speciality":"general","addr:ward":"Igogo"},"geometry":{"type":"Point","coordinates":[32.9088608,-2.5352973]}},{"id":"221","type":"Feature","properties":{"id":"mwanza_health_facilities.222","ogc_fid":222,"fid":222,"osm_id":8532206900,"addr:street":"Minja","amenity":"hospital","addr:subward":"Minja","name":"Hindu Union Hospital","contact:phone":null,"emergency":"yes","dispensing":null,"operator:type":"NGO`S","addr:city":"Mwanza","addr:municipality":"Nyamagana","opening_hours":"24/7","healthcare:speciality":"general","addr:ward":"Igogo"},"geometry":{"type":"Point","coordinates":[32.9087858,-2.5327213]}},{"id":"222","type":"Feature","properties":{"id":"mwanza_health_facilities.223","ogc_fid":223,"fid":223,"osm_id":8532206914,"addr:street":null,"amenity":"pharmacy","addr:subward":"Kwimba","name":null,"contact:phone":null,"emergency":"no","dispensing":"no","operator:type":"Private","addr:city":"Mwanza","addr:municipality":"Nyamagana","opening_hours":"Mo-Su 09:00-21:00","healthcare:speciality":null,"addr:ward":"Igogo"},"geometry":{"type":"Point","coordinates":[32.9098304,-2.5357567]}},{"id":"223","type":"Feature","properties":{"id":"mwanza_health_facilities.224","ogc_fid":224,"fid":224,"osm_id":8532207145,"addr:street":null,"amenity":"pharmacy","addr:subward":"Kwimba","name":"Igogo DLDM","contact:phone":null,"emergency":"no","dispensing":"yes","operator:type":"Private","addr:city":"Mwanza","addr:municipality":"Nyamagana","opening_hours":"Mo-Sa 08:00-18:00","healthcare:speciality":null,"addr:ward":"Igogo"},"geometry":{"type":"Point","coordinates":[32.907486,-2.5377841]}},{"id":"224","type":"Feature","properties":{"id":"mwanza_health_facilities.225","ogc_fid":225,"fid":225,"osm_id":8532207250,"addr:street":"Kambarage","amenity":"pharmacy","addr:subward":"Kambarage","name":"Agriscop LTD","contact:phone":null,"emergency":null,"dispensing":null,"operator:type":"Private","addr:city":"Mwanza","addr:municipality":"Nyamagana","opening_hours":"Mo-Sa 08:00-18:00","healthcare:speciality":null,"addr:ward":"Igogo"},"geometry":{"type":"Point","coordinates":[32.9017529,-2.5288427]}},{"id":"225","type":"Feature","properties":{"id":"mwanza_health_facilities.226","ogc_fid":226,"fid":226,"osm_id":8532207321,"addr:street":null,"amenity":"clinic","addr:subward":"Kwimba","name":"Afya Health Care Labaratory","contact:phone":null,"emergency":"no","dispensing":"no","operator:type":"Private","addr:city":"Mwanza","addr:municipality":"Nyamagana","opening_hours":null,"healthcare:speciality":"general","addr:ward":"Igogo"},"geometry":{"type":"Point","coordinates":[32.9076362,-2.5370767]}},{"id":"226","type":"Feature","properties":{"id":"mwanza_health_facilities.227","ogc_fid":227,"fid":227,"osm_id":8520680596,"addr:street":"Mahina Relini","amenity":"pharmacy","addr:subward":"Mahina Relini","name":null,"contact:phone":null,"emergency":"no","dispensing":"yes","operator:type":"private","addr:city":"Mwanza","addr:municipality":"Nyamagana","opening_hours":"Mo-Fr 08:00-18:00; Sa-Su 08:00-15:00","healthcare:speciality":"general","addr:ward":"Mkuyuni"},"geometry":{"type":"Point","coordinates":[32.9187083,-2.5604853]}},{"id":"227","type":"Feature","properties":{"id":"mwanza_health_facilities.228","ogc_fid":228,"fid":228,"osm_id":8520680551,"addr:street":null,"amenity":"pharmacy","addr:subward":"Mahakama","name":"Heru Juu","contact:phone":null,"emergency":null,"dispensing":"yes","operator:type":"private","addr:city":"Mwanza","addr:municipality":"Nyamagana","opening_hours":"Mo-Su 09:00-21:00","healthcare:speciality":null,"addr:ward":"Mkuyuni"},"geometry":{"type":"Point","coordinates":[32.9181075,-2.5579987]}},{"id":"228","type":"Feature","properties":{"id":"mwanza_health_facilities.229","ogc_fid":229,"fid":229,"osm_id":8520680615,"addr:street":null,"amenity":"pharmacy","addr:subward":"Sokoni","name":null,"contact:phone":null,"emergency":"yes","dispensing":"yes","operator:type":"private","addr:city":"Mwanza","addr:municipality":"Nyamagana","opening_hours":"Mo-Su 09:00-21:00","healthcare:speciality":"emergency","addr:ward":"Mkuyuni"},"geometry":{"type":"Point","coordinates":[32.9134512,-2.5578915]}},{"id":"229","type":"Feature","properties":{"id":"mwanza_health_facilities.230","ogc_fid":230,"fid":230,"osm_id":8520687863,"addr:street":null,"amenity":"pharmacy","addr:subward":"Sokoni","name":"Masue Duka La Dawa Muhimu","contact:phone":null,"emergency":"no","dispensing":"yes","operator:type":"private","addr:city":"Mwanza","addr:municipality":"Nyamagana","opening_hours":"24/7","healthcare:speciality":"general","addr:ward":"Mkuyuni"},"geometry":{"type":"Point","coordinates":[32.9157444,-2.5594379]}},{"id":"230","type":"Feature","properties":{"id":"mwanza_health_facilities.231","ogc_fid":231,"fid":231,"osm_id":8520687877,"addr:street":"Sokoni","amenity":"clinic","addr:subward":"Sokoni","name":null,"contact:phone":null,"emergency":"no","dispensing":"yes","operator:type":"private","addr:city":"Mwanza","addr:municipality":"Nyamagana","opening_hours":"Mo-Sa 09:00-18:00","healthcare:speciality":"general","addr:ward":"Mkuyuni"},"geometry":{"type":"Point","coordinates":[32.9131293,-2.5590276]}},{"id":"231","type":"Feature","properties":{"id":"mwanza_health_facilities.232","ogc_fid":232,"fid":232,"osm_id":8520687976,"addr:street":"Mahina Gengeni","amenity":"pharmacy","addr:subward":"Mahina Relini","name":null,"contact:phone":null,"emergency":"no","dispensing":"no","operator:type":"private","addr:city":"Mwanza","addr:municipality":"Nyamagana","opening_hours":"Mo-Su 09:00-21:00","healthcare:speciality":"general","addr:ward":"Mkuyuni"},"geometry":{"type":"Point","coordinates":[32.9190731,-2.5604638]}},{"id":"232","type":"Feature","properties":{"id":"mwanza_health_facilities.233","ogc_fid":233,"fid":233,"osm_id":8520688215,"addr:street":null,"amenity":"pharmacy","addr:subward":"Sokoni","name":null,"contact:phone":null,"emergency":"yes","dispensing":null,"operator:type":"private","addr:city":"Mwanza","addr:municipality":"Nyamagana","opening_hours":"Mo-Fr 08:00-18:00; Sa-Su 08:00-15:00","healthcare:speciality":"emergency","addr:ward":"Mkuyuni"},"geometry":{"type":"Point","coordinates":[32.9141175,-2.5596473]}},{"id":"233","type":"Feature","properties":{"id":"mwanza_health_facilities.234","ogc_fid":234,"fid":234,"osm_id":8520688226,"addr:street":null,"amenity":"pharmacy","addr:subward":"Kang'ang'a","name":null,"contact:phone":null,"emergency":"no","dispensing":"yes","operator:type":"private","addr:city":"Mwanza","addr:municipality":"Nyamagana","opening_hours":"Mo-Su 09:00-21:00","healthcare:speciality":"general","addr:ward":"Mkuyuni"},"geometry":{"type":"Point","coordinates":[32.9110479,-2.5540972]}},{"id":"234","type":"Feature","properties":{"id":"mwanza_health_facilities.235","ogc_fid":235,"fid":235,"osm_id":8520688284,"addr:street":"Sokoni","amenity":"pharmacy","addr:subward":"Sokoni","name":"Magige Pharmacy","contact:phone":null,"emergency":"no","dispensing":"yes","operator:type":"private","addr:city":"Mwanza","addr:municipality":"Nyamagana","opening_hours":"Mo-Sa 09:00-18:00","healthcare:speciality":"general","addr:ward":"Mkuyuni"},"geometry":{"type":"Point","coordinates":[32.9134512,-2.5591777]}},{"id":"235","type":"Feature","properties":{"id":"mwanza_health_facilities.236","ogc_fid":236,"fid":236,"osm_id":8520688345,"addr:street":"Mahina Gengeni","amenity":"health_facility:type","addr:subward":"Mahina Relini","name":null,"contact:phone":null,"emergency":"no","dispensing":"yes","operator:type":"private","addr:city":"Mwanza","addr:municipality":"Nyamagana","opening_hours":null,"healthcare:speciality":"general","addr:ward":"Mkuyuni"},"geometry":{"type":"Point","coordinates":[32.9192621,-2.5608009]}},{"id":"236","type":"Feature","properties":{"id":"mwanza_health_facilities.237","ogc_fid":237,"fid":237,"osm_id":8520688385,"addr:street":null,"amenity":"pharmacy","addr:subward":"Mahina Relini","name":null,"contact:phone":null,"emergency":"no","dispensing":"no","operator:type":"private","addr:city":"Mwanza","addr:municipality":"Nyamagana","opening_hours":null,"healthcare:speciality":"general","addr:ward":"Mkuyuni"},"geometry":{"type":"Point","coordinates":[32.9200816,-2.5610855]}},{"id":"237","type":"Feature","properties":{"id":"mwanza_health_facilities.238","ogc_fid":238,"fid":238,"osm_id":8520688406,"addr:street":null,"amenity":"clinic","addr:subward":"Sokoni","name":"Duka La Dawa Za Kiarabu","contact:phone":null,"emergency":"no","dispensing":"no","operator:type":"private","addr:city":"Mwanza","addr:municipality":"Nyamagana","opening_hours":"Mo-Su 09:00-21:00","healthcare:speciality":"traditional","addr:ward":"Mkuyuni"},"geometry":{"type":"Point","coordinates":[32.9145213,-2.5592747]}},{"id":"238","type":"Feature","properties":{"id":"mwanza_health_facilities.239","ogc_fid":239,"fid":239,"osm_id":8520688439,"addr:street":"Sokoni","amenity":"health_facility:type","addr:subward":"Sokoni","name":"KMT Mkuyuni","contact:phone":null,"emergency":"yes","dispensing":"yes","operator:type":"private","addr:city":"Mwanza","addr:municipality":"Nyamagana","opening_hours":"Mo-Sa 09:00-18:00","healthcare:speciality":"general","addr:ward":"Mkuyuni"},"geometry":{"type":"Point","coordinates":[32.9137945,-2.5602066]}},{"id":"239","type":"Feature","properties":{"id":"mwanza_health_facilities.240","ogc_fid":240,"fid":240,"osm_id":8520687932,"addr:street":null,"amenity":"pharmacy","addr:subward":"Shede","name":null,"contact:phone":null,"emergency":null,"dispensing":null,"operator:type":"private","addr:city":"Mwanza","addr:municipality":"Nyamagana","opening_hours":"Mo-Sa 08:00-18:00","healthcare:speciality":null,"addr:ward":"Mkuyuni"},"geometry":{"type":"Point","coordinates":[32.9070325,-2.5487069]}},{"id":"240","type":"Feature","properties":{"id":"mwanza_health_facilities.241","ogc_fid":241,"fid":241,"osm_id":8532206978,"addr:street":null,"amenity":"pharmacy","addr:subward":"Relwe","name":"Joli Duka La Dawa Muhimu","contact:phone":null,"emergency":"no","dispensing":"yes","operator:type":"Private","addr:city":"Mwanza","addr:municipality":"Nyamagana","opening_hours":"Mo-Su 09:00-21:00","healthcare:speciality":"general","addr:ward":"Mkuyuni"},"geometry":{"type":"Point","coordinates":[32.9074864,-2.5446838]}},{"id":"241","type":"Feature","properties":{"id":"mwanza_health_facilities.242","ogc_fid":242,"fid":242,"osm_id":8532207378,"addr:street":null,"amenity":"clinic","addr:subward":"Relwe","name":"Davision Medical Diagnostic Laboratory","contact:phone":"0763051778","emergency":"no","dispensing":"no","operator:type":"Private","addr:city":"Mwanza","addr:municipality":"Nyamagana","opening_hours":"Mo-Su 09:00-21:00","healthcare:speciality":"general","addr:ward":"Mkuyuni"},"geometry":{"type":"Point","coordinates":[32.9074922,-2.544853]}},{"id":"242","type":"Feature","properties":{"id":"mwanza_health_facilities.243","ogc_fid":243,"fid":243,"osm_id":8520687944,"addr:street":null,"amenity":"pharmacy","addr:subward":"Nkamba","name":null,"contact:phone":null,"emergency":"no","dispensing":null,"operator:type":"private","addr:city":"Mwanza","addr:municipality":"Nyamagana","opening_hours":"Mo-Sa 09:00-18:00","healthcare:speciality":"general","addr:ward":"Nyegezi"},"geometry":{"type":"Point","coordinates":[32.9234934,-2.5887165]}},{"id":"243","type":"Feature","properties":{"id":"mwanza_health_facilities.244","ogc_fid":244,"fid":244,"osm_id":8509313620,"addr:street":"Ng'washi","amenity":"doctors","addr:subward":"Ng'washi","name":"Ebenezer Medical Shop","contact:phone":null,"emergency":"no","dispensing":"yes","operator:type":"private","addr:city":"Mwanza","addr:municipality":"Nyamagana","opening_hours":"Mo-Su 09:00-21:00","healthcare:speciality":"general","addr:ward":"Buhongwa"},"geometry":{"type":"Point","coordinates":[32.9420682,-2.6339578]}},{"id":"244","type":"Feature","properties":{"id":"mwanza_health_facilities.245","ogc_fid":245,"fid":245,"osm_id":8509313630,"addr:street":null,"amenity":"pharmacy","addr:subward":"Ng'washi","name":null,"contact:phone":null,"emergency":"no","dispensing":"yes","operator:type":"private","addr:city":"Mwanza","addr:municipality":"Nyamagana","opening_hours":"Mo-Su 09:00-21:00","healthcare:speciality":null,"addr:ward":"Buhongwa"},"geometry":{"type":"Point","coordinates":[32.9445697,-2.6300516]}},{"id":"245","type":"Feature","properties":{"id":"mwanza_health_facilities.246","ogc_fid":246,"fid":246,"osm_id":8509257190,"addr:street":null,"amenity":"pharmacy","addr:subward":"Ng'washi","name":null,"contact:phone":null,"emergency":"no","dispensing":"yes","operator:type":"private","addr:city":"Mwanza","addr:municipality":"Nyamagana","opening_hours":"Mo-Su 09:00-21:00","healthcare:speciality":"general","addr:ward":"Buhongwa"},"geometry":{"type":"Point","coordinates":[32.944784,-2.6297143]}},{"id":"246","type":"Feature","properties":{"id":"mwanza_health_facilities.247","ogc_fid":247,"fid":247,"osm_id":8509313628,"addr:street":null,"amenity":"pharmacy","addr:subward":"Ng'washi","name":null,"contact:phone":null,"emergency":"yes","dispensing":"yes","operator:type":"private","addr:city":"Mwanza","addr:municipality":"Nyamagana","opening_hours":"Mo-Su 09:00-21:00","healthcare:speciality":"general","addr:ward":"Buhongwa"},"geometry":{"type":"Point","coordinates":[32.9430811,-2.6279347]}},{"id":"247","type":"Feature","properties":{"id":"mwanza_health_facilities.248","ogc_fid":248,"fid":248,"osm_id":8506790294,"addr:street":"Veta","amenity":"pharmacy","addr:subward":"Buhongwa Magharibi","name":"Carlos Pharmacy","contact:phone":null,"emergency":null,"dispensing":null,"operator:type":"private","addr:city":"Mwanza","addr:municipality":"Nyamagana","opening_hours":null,"healthcare:speciality":null,"addr:ward":"Buhongwa"},"geometry":{"type":"Point","coordinates":[32.9461098,-2.6223488]}},{"id":"248","type":"Feature","properties":{"id":"mwanza_health_facilities.249","ogc_fid":249,"fid":249,"osm_id":8506790276,"addr:street":null,"amenity":"pharmacy","addr:subward":"Buhongwa Magharibi","name":"Ebeneza Duka la Dawa","contact:phone":null,"emergency":"no","dispensing":"yes","operator:type":"private","addr:city":"Mwanza","addr:municipality":"Nyamagana","opening_hours":"Mo-Sa 08:00-18:00","healthcare:speciality":"general","addr:ward":"Buhongwa"},"geometry":{"type":"Point","coordinates":[32.9470325,-2.6205697]}},{"id":"249","type":"Feature","properties":{"id":"mwanza_health_facilities.250","ogc_fid":250,"fid":250,"osm_id":8506790312,"addr:street":null,"amenity":"pharmacy","addr:subward":"Buhongwa Kasikazini","name":null,"contact:phone":null,"emergency":"yes","dispensing":"yes","operator:type":"private","addr:city":"Mwanza","addr:municipality":"Nyamagana","opening_hours":"Mo-Su 09:00-21:00;Mo-Sa 08:00-18:00","healthcare:speciality":"emergency","addr:ward":"Buhongwa"},"geometry":{"type":"Point","coordinates":[32.9443502,-2.6172043]}},{"id":"250","type":"Feature","properties":{"id":"mwanza_health_facilities.251","ogc_fid":251,"fid":251,"osm_id":8506790364,"addr:street":"Nyambiti","amenity":"doctors","addr:subward":"Nyambiti","name":"Medical Laboratory","contact:phone":null,"emergency":"yes","dispensing":"yes","operator:type":"private","addr:city":"Mwanza","addr:municipality":"Nyamagana","opening_hours":"Mo-Su 09:00-21:00","healthcare:speciality":"general","addr:ward":"Buhongwa"},"geometry":{"type":"Point","coordinates":[32.9336858,-2.6100235]}},{"id":"251","type":"Feature","properties":{"id":"mwanza_health_facilities.252","ogc_fid":252,"fid":252,"osm_id":8506774329,"addr:street":"Mongo","amenity":"pharmacy","addr:subward":"Ng'wang'alanga","name":null,"contact:phone":null,"emergency":null,"dispensing":null,"operator:type":"private","addr:city":"Mwanza","addr:municipality":"Nyamagana","opening_hours":null,"healthcare:speciality":null,"addr:ward":"Buhongwa"},"geometry":{"type":"Point","coordinates":[32.9495697,-2.5976159]}},{"id":"252","type":"Feature","properties":{"id":"mwanza_health_facilities.253","ogc_fid":253,"fid":257,"osm_id":8520964009,"addr:street":"Igeregere","amenity":"doctors","addr:subward":"Patamahitaji","name":"Kerato Life Line Laboratory","contact:phone":null,"emergency":"yes","dispensing":"yes","operator:type":"private","addr:city":"Mwanza","addr:municipality":"Nyamagana","opening_hours":"Mo-Su 09:00-21:00","healthcare:speciality":"general","addr:ward":"Mahina"},"geometry":{"type":"Point","coordinates":[32.9252018,-2.5372249]}},{"id":"253","type":"Feature","properties":{"id":"mwanza_health_facilities.254","ogc_fid":254,"fid":258,"osm_id":8520976278,"addr:street":"Pata Mahitaji","amenity":"pharmacy","addr:subward":"Pata Mahitaji","name":"Ashely Duka la Dawa","contact:phone":null,"emergency":null,"dispensing":"no","operator:type":"private","addr:city":"Mwanza","addr:municipality":"Nyamagana","opening_hours":"Mo-Sa 09:00-18:00","healthcare:speciality":null,"addr:ward":"Mahina"},"geometry":{"type":"Point","coordinates":[32.9267288,-2.5372647]}},{"id":"254","type":"Feature","properties":{"id":"mwanza_health_facilities.255","ogc_fid":255,"fid":259,"osm_id":8503065018,"addr:street":"Mhandu","amenity":"hospital","addr:subward":null,"name":"Mhandu Dispensary","contact:phone":null,"emergency":null,"dispensing":null,"operator:type":null,"addr:city":"Mwanza","addr:municipality":"Nyamagana","opening_hours":null,"healthcare:speciality":null,"addr:ward":"Mhandu"},"geometry":{"type":"Point","coordinates":[32.9555074,-2.5509665]}},{"id":"255","type":"Feature","properties":{"id":"mwanza_health_facilities.256","ogc_fid":256,"fid":260,"osm_id":8520680572,"addr:street":null,"amenity":"doctors","addr:subward":"Amani","name":"DUKA LA DAWA","contact:phone":null,"emergency":"no","dispensing":"yes","operator:type":"private","addr:city":"Mwanza","addr:municipality":"Nyamagana","opening_hours":"Mo-Sa 08:00-18:00","healthcare:speciality":"general","addr:ward":"Butimba"},"geometry":{"type":"Point","coordinates":[32.9159832,-2.567795]}},{"id":"256","type":"Feature","properties":{"id":"mwanza_health_facilities.257","ogc_fid":257,"fid":261,"osm_id":8520680605,"addr:street":null,"amenity":"pharmacy","addr:subward":"Amani","name":null,"contact:phone":null,"emergency":"no","dispensing":"yes","operator:type":"private","addr:city":"Mwanza","addr:municipality":"Nyamagana","opening_hours":"Mo-Fr 08:00-18:00; Sa-Su 08:00-15:00","healthcare:speciality":null,"addr:ward":"Butimba"},"geometry":{"type":"Point","coordinates":[32.9108763,-2.5649011]}},{"id":"257","type":"Feature","properties":{"id":"mwanza_health_facilities.258","ogc_fid":258,"fid":262,"osm_id":8520680583,"addr:street":null,"amenity":"pharmacy","addr:subward":"Amani","name":null,"contact:phone":null,"emergency":"yes","dispensing":"yes","operator:type":"private","addr:city":"Mwanza","addr:municipality":"Nyamagana","opening_hours":"Mo-Fr 08:00-18:00; Sa-Su 08:00-15:00","healthcare:speciality":"general","addr:ward":"Butimba"},"geometry":{"type":"Point","coordinates":[32.9121637,-2.5639794]}},{"id":"258","type":"Feature","properties":{"id":"mwanza_health_facilities.259","ogc_fid":259,"fid":263,"osm_id":8520680552,"addr:street":"Butimba Road","amenity":"pharmacy","addr:subward":"Ziwa","name":null,"contact:phone":null,"emergency":"no","dispensing":"no","operator:type":"private","addr:city":"Mwanza","addr:municipality":"Nyamagana","opening_hours":"Mo-Fr 09:00-17:00","healthcare:speciality":"emergency","addr:ward":"Butimba"},"geometry":{"type":"Point","coordinates":[32.9124432,-2.5633782]}},{"id":"259","type":"Feature","properties":{"id":"mwanza_health_facilities.260","ogc_fid":260,"fid":264,"osm_id":8520680538,"addr:street":null,"amenity":"pharmacy","addr:subward":"Kambarage","name":"Tulashade","contact:phone":null,"emergency":"no","dispensing":"yes","operator:type":"private","addr:city":"Mwanza","addr:municipality":"Nyamagana","opening_hours":"Mo-Su 09:00-21:00","healthcare:speciality":"general","addr:ward":"Butimba"},"geometry":{"type":"Point","coordinates":[32.9246662,-2.5627728]}},{"id":"260","type":"Feature","properties":{"id":"mwanza_health_facilities.261","ogc_fid":261,"fid":265,"osm_id":8520687915,"addr:street":"Iseni","amenity":"pharmacy","addr:subward":"Amani","name":"G.D Duka la Dawa Muhimu","contact:phone":null,"emergency":null,"dispensing":null,"operator:type":"private","addr:city":"Mwanza","addr:municipality":"Nyamagana","opening_hours":"Mo-Sa 08:00-18:00","healthcare:speciality":null,"addr:ward":"Butimba"},"geometry":{"type":"Point","coordinates":[32.912786,-2.5723823]}},{"id":"261","type":"Feature","properties":{"id":"mwanza_health_facilities.262","ogc_fid":262,"fid":266,"osm_id":8520687937,"addr:street":"Iseni","amenity":"pharmacy","addr:subward":"Amani","name":null,"contact:phone":null,"emergency":null,"dispensing":null,"operator:type":"private","addr:city":"Mwanza","addr:municipality":"Nyamagana","opening_hours":"Mo-Sa 08:00-18:00","healthcare:speciality":null,"addr:ward":"Butimba"},"geometry":{"type":"Point","coordinates":[32.918129,-2.5747403]}},{"id":"262","type":"Feature","properties":{"id":"mwanza_health_facilities.263","ogc_fid":263,"fid":267,"osm_id":8520687950,"addr:street":null,"amenity":"pharmacy","addr:subward":"Amani","name":null,"contact:phone":null,"emergency":"no","dispensing":"yes","operator:type":"private","addr:city":"Mwanza","addr:municipality":"Nyamagana","opening_hours":"Mo-Fr 08:00-18:00; Sa-Su 08:00-15:00","healthcare:speciality":null,"addr:ward":"Butimba"},"geometry":{"type":"Point","coordinates":[32.9113054,-2.5648583]}},{"id":"263","type":"Feature","properties":{"id":"mwanza_health_facilities.264","ogc_fid":264,"fid":268,"osm_id":8520687961,"addr:street":null,"amenity":"doctors","addr:subward":"Amani","name":"Gemplus Health Laboratory","contact:phone":"0752339933/0754080405","emergency":"no","dispensing":"yes","operator:type":"private","addr:city":"Mwanza","addr:municipality":"Nyamagana","opening_hours":"Mo-Sa 08:00-18:00","healthcare:speciality":"general","addr:ward":"Butimba"},"geometry":{"type":"Point","coordinates":[32.9126787,-2.563615]}},{"id":"264","type":"Feature","properties":{"id":"mwanza_health_facilities.265","ogc_fid":265,"fid":269,"osm_id":8520687978,"addr:street":"HILL","amenity":"hospital","addr:subward":"Amani","name":"Uhuru Hospital","contact:phone":null,"emergency":"yes","dispensing":"yes","operator:type":"private","addr:city":"Mwanza","addr:municipality":"Nyamagana","opening_hours":"24/7","healthcare:speciality":"general","addr:ward":"Butimba"},"geometry":{"type":"Point","coordinates":[32.9169823,-2.5729632]}},{"id":"265","type":"Feature","properties":{"id":"mwanza_health_facilities.266","ogc_fid":266,"fid":270,"osm_id":8520688015,"addr:street":"Butimba TTC","amenity":"health_facility:type","addr:subward":"Ziwani","name":"Faraja Natural Sanitarium Clinic","contact:phone":"0784887701","emergency":"yes","dispensing":"yes","operator:type":"private","addr:city":"Mwanza","addr:municipality":"Nyamagana","opening_hours":"Mo-Fr 09:00-17:00","healthcare:speciality":"general","addr:ward":"Butimba"},"geometry":{"type":"Point","coordinates":[32.9102531,-2.5649101]}},{"id":"266","type":"Feature","properties":{"id":"mwanza_health_facilities.267","ogc_fid":267,"fid":271,"osm_id":8520688085,"addr:street":"Butimba Kona","amenity":"hospital","addr:subward":"Amani","name":"Butimba Hospital","contact:phone":null,"emergency":"yes","dispensing":"yes","operator:type":"government","addr:city":"Mwanza","addr:municipality":"Nyamagana","opening_hours":"24/7","healthcare:speciality":"general","addr:ward":"Butimba"},"geometry":{"type":"Point","coordinates":[32.9141435,-2.5630944]}},{"id":"267","type":"Feature","properties":{"id":"mwanza_health_facilities.268","ogc_fid":268,"fid":272,"osm_id":8520688175,"addr:street":null,"amenity":"pharmacy","addr:subward":"Amani","name":null,"contact:phone":null,"emergency":"no","dispensing":"yes","operator:type":"private","addr:city":"Mwanza","addr:municipality":"Nyamagana","opening_hours":"Mo-Su 09:00-21:00","healthcare:speciality":"general","addr:ward":"Butimba"},"geometry":{"type":"Point","coordinates":[32.91075,-2.5667169]}},{"id":"268","type":"Feature","properties":{"id":"mwanza_health_facilities.269","ogc_fid":269,"fid":273,"osm_id":8520688203,"addr:street":"kambarage","amenity":"clinic","addr:subward":"kambarage","name":"Duka la Kisuna","contact:phone":null,"emergency":"no","dispensing":"yes","operator:type":"religious","addr:city":"Mwanza","addr:municipality":"Nyamagana","opening_hours":"Mo-Su 09:00-21:00","healthcare:speciality":"general","addr:ward":"Butimba"},"geometry":{"type":"Point","coordinates":[32.920753,-2.5612921]}},{"id":"269","type":"Feature","properties":{"id":"mwanza_health_facilities.270","ogc_fid":270,"fid":274,"osm_id":8520688336,"addr:street":null,"amenity":"clinic","addr:subward":"Amani","name":null,"contact:phone":null,"emergency":"yes","dispensing":"yes","operator:type":"government","addr:city":"Mwanza","addr:municipality":"Nyamagana","opening_hours":"24/7","healthcare:speciality":"general","addr:ward":"Butimba"},"geometry":{"type":"Point","coordinates":[32.9138971,-2.5637656]}},{"id":"270","type":"Feature","properties":{"id":"mwanza_health_facilities.271","ogc_fid":271,"fid":275,"osm_id":8520688367,"addr:street":null,"amenity":"clinic","addr:subward":"Amani","name":"Wodi ya Watoto","contact:phone":null,"emergency":"yes","dispensing":"yes","operator:type":null,"addr:city":"Mwanza","addr:municipality":"Nyamagana","opening_hours":"24/7","healthcare:speciality":"general","addr:ward":"Butimba"},"geometry":{"type":"Point","coordinates":[32.9138589,-2.5640437]}},{"id":"271","type":"Feature","properties":{"id":"mwanza_health_facilities.272","ogc_fid":272,"fid":276,"osm_id":4938039923,"addr:street":null,"amenity":"pharmacy","addr:subward":null,"name":null,"contact:phone":null,"emergency":null,"dispensing":null,"operator:type":null,"addr:city":"Mwanza","addr:municipality":"Nyamagana","opening_hours":null,"healthcare:speciality":null,"addr:ward":"Mkolani"},"geometry":{"type":"Point","coordinates":[32.9316147,-2.6022746]}},{"id":"272","type":"Feature","properties":{"id":"mwanza_health_facilities.273","ogc_fid":273,"fid":277,"osm_id":8520976318,"addr:street":null,"amenity":"clinic","addr:subward":"Nyerere \"B\"","name":null,"contact:phone":null,"emergency":"yes","dispensing":"no","operator:type":"private","addr:city":"Mwanza","addr:municipality":"Nyamagana","opening_hours":"24/7","healthcare:speciality":"traditional","addr:ward":"Mabatini"},"geometry":{"type":"Point","coordinates":[32.9138202,-2.5265823]}},{"id":"273","type":"Feature","properties":{"id":"mwanza_health_facilities.274","ogc_fid":274,"fid":278,"osm_id":8520975778,"addr:street":null,"amenity":"pharmacy","addr:subward":"Nyerere b","name":null,"contact:phone":null,"emergency":"yes","dispensing":"yes","operator:type":"private","addr:city":"Mwanza","addr:municipality":"Nyamagana","opening_hours":"Mo-Sa 08:00-18:00","healthcare:speciality":"emergency","addr:ward":"Mabatini"},"geometry":{"type":"Point","coordinates":[32.9141412,-2.5256986]}},{"id":"274","type":"Feature","properties":{"id":"mwanza_health_facilities.275","ogc_fid":275,"fid":279,"osm_id":8520975942,"addr:street":null,"amenity":"pharmacy","addr:subward":"Nyerere \"B\"","name":"Hamenyimana Medics","contact:phone":null,"emergency":"yes","dispensing":"yes","operator:type":"private","addr:city":"Mwanza","addr:municipality":"Nyamagana","opening_hours":"Mo-Sa 08:00-18:00","healthcare:speciality":"general","addr:ward":"Mabatini"},"geometry":{"type":"Point","coordinates":[32.9145041,-2.525831]}},{"id":"275","type":"Feature","properties":{"id":"mwanza_health_facilities.276","ogc_fid":276,"fid":280,"osm_id":8520976150,"addr:street":null,"amenity":"clinic","addr:subward":"Nyerere B","name":"Manyilzi","contact:phone":null,"emergency":null,"dispensing":null,"operator:type":"private","addr:city":"Mwanza","addr:municipality":"Nyamagana","opening_hours":"Mo-Sa 08:00-18:00","healthcare:speciality":null,"addr:ward":"Mabatini"},"geometry":{"type":"Point","coordinates":[32.9148449,-2.5258138]}},{"id":"276","type":"Feature","properties":{"id":"mwanza_health_facilities.277","ogc_fid":277,"fid":281,"osm_id":8532226881,"addr:street":"Mtemi Buganda","amenity":"pharmacy","addr:subward":"Rufiji","name":"I & I Pharmacy","contact:phone":"0765969362","emergency":"no","dispensing":"no","operator:type":"Private","addr:city":"Mwanza","addr:municipality":"Nyamagana","opening_hours":"Mo-Sa 08:00-18:00","healthcare:speciality":null,"addr:ward":"Mabatini"},"geometry":{"type":"Point","coordinates":[32.9111483,-2.5212703]}},{"id":"277","type":"Feature","properties":{"id":"mwanza_health_facilities.278","ogc_fid":278,"fid":282,"osm_id":8532228537,"addr:street":"Uhuru","amenity":"health_facility:type","addr:subward":"Mkanyenye","name":"Laboratory","contact:phone":null,"emergency":"no","dispensing":"no","operator:type":"Private","addr:city":"Mwanza","addr:municipality":"Nyamagana","opening_hours":"Mo-Sa 08:00-18:00","healthcare:speciality":null,"addr:ward":"Mabatini"},"geometry":{"type":"Point","coordinates":[32.9103347,-2.5210447]}},{"id":"278","type":"Feature","properties":{"id":"mwanza_health_facilities.279","ogc_fid":279,"fid":283,"osm_id":8532228568,"addr:street":null,"amenity":"hospital","addr:subward":"Unguja","name":"Uhuru hospital","contact:phone":null,"emergency":"yes","dispensing":"yes","operator:type":"Private","addr:city":"Mwanza","addr:municipality":"Nyamagana","opening_hours":"Mo-Sa 08:00-18:00","healthcare:speciality":"general","addr:ward":"Mabatini"},"geometry":{"type":"Point","coordinates":[32.9110479,-2.5206912]}},{"id":"279","type":"Feature","properties":{"id":"mwanza_health_facilities.280","ogc_fid":280,"fid":284,"osm_id":8520976089,"addr:street":null,"amenity":"clinic","addr:subward":"Nyerere B","name":"Usimau","contact:phone":null,"emergency":"yes","dispensing":"yes","operator:type":"private","addr:city":"Mwanza","addr:municipality":"Nyamagana","opening_hours":"Mo-Su 09:00-21:00;Mo-Sa 08:00-18:00","healthcare:speciality":"general","addr:ward":"Mabatini"},"geometry":{"type":"Point","coordinates":[32.915832,-2.5262825]}},{"id":"280","type":"Feature","properties":{"id":"mwanza_health_facilities.281","ogc_fid":281,"fid":285,"osm_id":8520976296,"addr:street":"Nyerere B","amenity":"pharmacy","addr:subward":"Mabatini","name":null,"contact:phone":null,"emergency":null,"dispensing":null,"operator:type":"private","addr:city":"Mwanza","addr:municipality":"Nyamagana","opening_hours":"Mo-Sa 08:00-18:00","healthcare:speciality":null,"addr:ward":"Mabatini"},"geometry":{"type":"Point","coordinates":[32.9161334,-2.5262082]}},{"id":"281","type":"Feature","properties":{"id":"mwanza_health_facilities.282","ogc_fid":282,"fid":286,"osm_id":8520976404,"addr:street":"Line Police","amenity":"pharmacy","addr:subward":null,"name":null,"contact:phone":null,"emergency":null,"dispensing":null,"operator:type":"private","addr:city":"Mwanza","addr:municipality":"Nyamagana","opening_hours":"Mo-Fr 08:00-18:00; Sa-Su 08:00-15:00","healthcare:speciality":null,"addr:ward":"Mabatini"},"geometry":{"type":"Point","coordinates":[32.9162227,-2.5261918]}},{"id":"282","type":"Feature","properties":{"id":"mwanza_health_facilities.283","ogc_fid":283,"fid":287,"osm_id":8520976210,"addr:street":null,"amenity":"pharmacy","addr:subward":"Nyerere B","name":"Emj","contact:phone":null,"emergency":null,"dispensing":null,"operator:type":"private","addr:city":"Mwanza","addr:municipality":"Nyamagana","opening_hours":"Mo-Sa 08:00-18:00","healthcare:speciality":null,"addr:ward":"Mabatini"},"geometry":{"type":"Point","coordinates":[32.9163639,-2.5255986]}},{"id":"283","type":"Feature","properties":{"id":"mwanza_health_facilities.284","ogc_fid":284,"fid":288,"osm_id":8520976128,"addr:street":"Mabtini Kusini","amenity":"pharmacy","addr:subward":"Mabatini Kusini","name":null,"contact:phone":null,"emergency":null,"dispensing":"yes","operator:type":"private","addr:city":"Mwanza","addr:municipality":"Nyamagana","opening_hours":"Mo-Sa 08:00-18:00","healthcare:speciality":"general","addr:ward":"Mabatini"},"geometry":{"type":"Point","coordinates":[32.9175,-2.524082]}},{"id":"284","type":"Feature","properties":{"id":"mwanza_health_facilities.285","ogc_fid":285,"fid":289,"osm_id":8520976223,"addr:street":null,"amenity":"pharmacy","addr:subward":"Mabatini kusini","name":null,"contact:phone":null,"emergency":null,"dispensing":null,"operator:type":"private","addr:city":"Mwanza","addr:municipality":"Nyamagana","opening_hours":"Mo-Sa 08:00-18:00","healthcare:speciality":null,"addr:ward":"Mabatini"},"geometry":{"type":"Point","coordinates":[32.9176887,-2.5255523]}},{"id":"285","type":"Feature","properties":{"id":"mwanza_health_facilities.286","ogc_fid":286,"fid":290,"osm_id":8520976123,"addr:street":"mtaa wa keruu","amenity":"pharmacy","addr:subward":null,"name":null,"contact:phone":null,"emergency":"no","dispensing":"no","operator:type":"private","addr:city":"Mwanza","addr:municipality":"Nyamagana","opening_hours":"Mo-Fr 08:00-18:00; Sa-Su 08:00-15:00","healthcare:speciality":null,"addr:ward":"Mabatini"},"geometry":{"type":"Point","coordinates":[32.9179461,-2.5257524]}},{"id":"286","type":"Feature","properties":{"id":"mwanza_health_facilities.287","ogc_fid":287,"fid":291,"osm_id":8520975810,"addr:street":"Mabatini Kusini","amenity":"hospital","addr:subward":"Mabatini Kusini","name":null,"contact:phone":null,"emergency":"yes","dispensing":"yes","operator:type":"private","addr:city":"Mwanza","addr:municipality":"Nyamagana","opening_hours":"24/7","healthcare:speciality":"general","addr:ward":"Mabatini"},"geometry":{"type":"Point","coordinates":[32.9179788,-2.5245362]}},{"id":"287","type":"Feature","properties":{"id":"mwanza_health_facilities.288","ogc_fid":288,"fid":292,"osm_id":8520976283,"addr:street":"Mabatini Kusini","amenity":"hospital","addr:subward":"Mabatini","name":null,"contact:phone":null,"emergency":"yes","dispensing":"yes","operator:type":"private","addr:city":"Mwanza","addr:municipality":"Nyamagana","opening_hours":"24/7","healthcare:speciality":"general","addr:ward":"Mabatini"},"geometry":{"type":"Point","coordinates":[32.9179784,-2.5249128]}},{"id":"288","type":"Feature","properties":{"id":"mwanza_health_facilities.289","ogc_fid":289,"fid":293,"osm_id":8520976391,"addr:street":"Mabtini Kusini","amenity":"clinic","addr:subward":"Mabatini Kusini","name":null,"contact:phone":null,"emergency":null,"dispensing":null,"operator:type":"private","addr:city":"Mwanza","addr:municipality":"Nyamagana","opening_hours":"Mo-Sa 08:00-18:00","healthcare:speciality":"general","addr:ward":"Mabatini"},"geometry":{"type":"Point","coordinates":[32.9179862,-2.5245271]}},{"id":"289","type":"Feature","properties":{"id":"mwanza_health_facilities.290","ogc_fid":290,"fid":294,"osm_id":8520975971,"addr:street":null,"amenity":"pharmacy","addr:subward":"Mabatini kasikazin","name":"Darajani Pharmacy","contact:phone":null,"emergency":null,"dispensing":null,"operator:type":null,"addr:city":"Mwanza","addr:municipality":"Nyamagana","opening_hours":"Mo-Su 09:00-21:00","healthcare:speciality":null,"addr:ward":"Mabatini"},"geometry":{"type":"Point","coordinates":[32.9180092,-2.5254991]}},{"id":"290","type":"Feature","properties":{"id":"mwanza_health_facilities.291","ogc_fid":291,"fid":295,"osm_id":8520975739,"addr:street":null,"amenity":"clinic","addr:subward":null,"name":null,"contact:phone":null,"emergency":"yes","dispensing":"yes","operator:type":"government","addr:city":"Mwanza","addr:municipality":"Nyamagana","opening_hours":"Mo-Sa 08:00-18:00","healthcare:speciality":"general","addr:ward":"Mabatini"},"geometry":{"type":"Point","coordinates":[32.9180668,-2.5223576]}},{"id":"291","type":"Feature","properties":{"id":"mwanza_health_facilities.292","ogc_fid":292,"fid":296,"osm_id":8520976279,"addr:street":"Mtaa Wa Keruu","amenity":"clinic","addr:subward":"Mabatini Kaskazini","name":"Star Medicare And Dispensary","contact:phone":"0754460180","emergency":"yes","dispensing":"yes","operator:type":"government","addr:city":"Mwanza","addr:municipality":"Nyamagana","opening_hours":"24/7","healthcare:speciality":"general","addr:ward":"Mabatini"},"geometry":{"type":"Point","coordinates":[32.9184492,-2.5255395]}},{"id":"292","type":"Feature","properties":{"id":"mwanza_health_facilities.293","ogc_fid":293,"fid":297,"osm_id":8520975952,"addr:street":null,"amenity":"pharmacy","addr:subward":"Mabatini Kusini","name":"Dr.Lameck Medics","contact:phone":null,"emergency":"yes","dispensing":"no","operator:type":"private","addr:city":"Mwanza","addr:municipality":"Nyamagana","opening_hours":"Mo-Su 09:00-21:00","healthcare:speciality":null,"addr:ward":"Mabatini"},"geometry":{"type":"Point","coordinates":[32.9203176,-2.5237644]}},{"id":"293","type":"Feature","properties":{"id":"mwanza_health_facilities.294","ogc_fid":294,"fid":298,"osm_id":8520976292,"addr:street":"Mabatini Kaskazini","amenity":"pharmacy","addr:subward":"Mabatini Kaskazini","name":null,"contact:phone":null,"emergency":null,"dispensing":"no","operator:type":"private","addr:city":"Mwanza","addr:municipality":"Nyamagana","opening_hours":"Mo-Sa 08:00-18:00","healthcare:speciality":null,"addr:ward":"Mabatini"},"geometry":{"type":"Point","coordinates":[32.9211116,-2.5251364]}},{"id":"294","type":"Feature","properties":{"id":"mwanza_health_facilities.295","ogc_fid":295,"fid":299,"osm_id":8520975998,"addr:street":null,"amenity":"pharmacy","addr:subward":"Mabatini Kusini","name":null,"contact:phone":null,"emergency":null,"dispensing":null,"operator:type":"private","addr:city":"Mwanza","addr:municipality":"Nyamagana","opening_hours":"Mo-Fr 09:00-17:00","healthcare:speciality":null,"addr:ward":"Mabatini"},"geometry":{"type":"Point","coordinates":[32.92127,-2.5238842]}},{"id":"295","type":"Feature","properties":{"id":"mwanza_health_facilities.296","ogc_fid":296,"fid":300,"osm_id":8520976478,"addr:street":null,"amenity":"pharmacy","addr:subward":"Mabatini Kusini","name":null,"contact:phone":null,"emergency":"no","dispensing":"yes","operator:type":"private","addr:city":"Mwanza","addr:municipality":"Nyamagana","opening_hours":"Mo-Sa 09:00-18:00","healthcare:speciality":null,"addr:ward":"Mabatini"},"geometry":{"type":"Point","coordinates":[32.9216909,-2.5239574]}},{"id":"296","type":"Feature","properties":{"id":"mwanza_health_facilities.297","ogc_fid":297,"fid":301,"osm_id":8532228971,"addr:street":null,"amenity":"pharmacy","addr:subward":"Unguja","name":null,"contact:phone":null,"emergency":"no","dispensing":"yes","operator:type":"Private","addr:city":"Mwanza","addr:municipality":"Nyamagana","opening_hours":"Mo-Sa 09:00-18:00","healthcare:speciality":null,"addr:ward":"Mabatini"},"geometry":{"type":"Point","coordinates":[32.9125071,-2.5187053]}}]}