{"type":"FeatureCollection","features":[{"id":"0","type":"Feature","properties":{"id":"mwanza_tourist_facilities.1","ogc_fid":1,"fid":1,"addr:street":null,"amenity":null,"man_made":null,"addr:subward":null,"name":"Road","operator":null,"contact:phone":null,"addr:city":"Mwanza","addr:municipality":"Ilemela","tourism":"viewpoint","opening_hours":null,"addr:ward":"Buswelu"},"geometry":{"type":"Point","coordinates":[32.968605,-2.524905]}},{"id":"1","type":"Feature","properties":{"id":"mwanza_tourist_facilities.2","ogc_fid":2,"fid":2,"addr:street":"Kanyama","amenity":null,"man_made":null,"addr:subward":null,"name":"JP Annex Lodge","operator":null,"contact:phone":null,"addr:city":"Mwanza","addr:municipality":"Ilemela","tourism":"guest_house","opening_hours":null,"addr:ward":"Buswelu"},"geometry":{"type":"Point","coordinates":[33.0184984,-2.5487316]}},{"id":"2","type":"Feature","properties":{"id":"mwanza_tourist_facilities.3","ogc_fid":3,"fid":3,"addr:street":null,"amenity":null,"man_made":null,"addr:subward":null,"name":"Serengeti road","operator":null,"contact:phone":null,"addr:city":"Mwanza","addr:municipality":"Ilemela","tourism":"viewpoint","opening_hours":null,"addr:ward":"Buswelu"},"geometry":{"type":"Point","coordinates":[32.9701149,-2.4990199]}},{"id":"3","type":"Feature","properties":{"id":"mwanza_tourist_facilities.4","ogc_fid":4,"fid":4,"addr:street":null,"amenity":"garage","man_made":"yes","addr:subward":"Ustawi","name":null,"operator":null,"contact:phone":null,"addr:city":"Mwanza","addr:municipality":"Ilemela","tourism":"attraction","opening_hours":null,"addr:ward":"Buzuruga"},"geometry":{"type":"Point","coordinates":[32.9333124,-2.5334565]}},{"id":"4","type":"Feature","properties":{"id":"mwanza_tourist_facilities.5","ogc_fid":5,"fid":5,"addr:street":null,"amenity":"restaurant","man_made":"yes","addr:subward":"Buzuruga Kaskazini","name":null,"operator":null,"contact:phone":null,"addr:city":"Mwanza","addr:municipality":"Ilemela","tourism":"guest_house","opening_hours":null,"addr:ward":"Buzuruga"},"geometry":{"type":"Point","coordinates":[32.9357028,-2.5298739]}},{"id":"5","type":"Feature","properties":{"id":"mwanza_tourist_facilities.6","ogc_fid":6,"fid":6,"addr:street":"Buzuruga Kusini","amenity":"bar","man_made":null,"addr:subward":"Buzuruga Kusini","name":null,"operator":null,"contact:phone":null,"addr:city":"Mwanza","addr:municipality":"Ilemela","tourism":"guest_house","opening_hours":null,"addr:ward":"Buzuruga"},"geometry":{"type":"Point","coordinates":[32.9357013,-2.5346441]}},{"id":"6","type":"Feature","properties":{"id":"mwanza_tourist_facilities.7","ogc_fid":7,"fid":7,"addr:street":"Buzuruga Kusini","amenity":null,"man_made":null,"addr:subward":"Buzuruga Kusini","name":null,"operator":null,"contact:phone":null,"addr:city":"Mwanza","addr:municipality":"Ilemela","tourism":"guest_house","opening_hours":null,"addr:ward":"Buzuruga"},"geometry":{"type":"Point","coordinates":[32.9358101,-2.5345043]}},{"id":"7","type":"Feature","properties":{"id":"mwanza_tourist_facilities.8","ogc_fid":8,"fid":8,"addr:street":null,"amenity":"Lodge","man_made":"yes","addr:subward":"Buzuruga Kusini","name":"Masai Ara","operator":null,"contact:phone":null,"addr:city":"Mwanza","addr:municipality":"Ilemela","tourism":"guest_house","opening_hours":null,"addr:ward":"Buzuruga"},"geometry":{"type":"Point","coordinates":[32.937398,-2.5321891]}},{"id":"8","type":"Feature","properties":{"id":"mwanza_tourist_facilities.9","ogc_fid":9,"fid":9,"addr:street":null,"amenity":"Lodge","man_made":"yes","addr:subward":"Buzuruga Kusini","name":"Kinami Hotel","operator":"Kinami","contact:phone":"0755434587","addr:city":"Mwanza","addr:municipality":"Ilemela","tourism":"hotel","opening_hours":null,"addr:ward":"Buzuruga"},"geometry":{"type":"Point","coordinates":[32.9374511,-2.5348733]}},{"id":"9","type":"Feature","properties":{"id":"mwanza_tourist_facilities.10","ogc_fid":10,"fid":10,"addr:street":null,"amenity":null,"man_made":null,"addr:subward":null,"name":"Jamaica lodge","operator":null,"contact:phone":null,"addr:city":"Mwanza","addr:municipality":"Ilemela","tourism":"guest_house","opening_hours":null,"addr:ward":"Buzuruga"},"geometry":{"type":"Point","coordinates":[32.9379933,-2.5347771]}},{"id":"10","type":"Feature","properties":{"id":"mwanza_tourist_facilities.11","ogc_fid":11,"fid":11,"addr:street":null,"amenity":"bar","man_made":"yes","addr:subward":"Buzuruga","name":null,"operator":"Neema Lodge","contact:phone":null,"addr:city":"Mwanza","addr:municipality":"Ilemela","tourism":"guest_house","opening_hours":null,"addr:ward":"Buzuruga"},"geometry":{"type":"Point","coordinates":[32.9380202,-2.5348901]}},{"id":"11","type":"Feature","properties":{"id":"mwanza_tourist_facilities.12","ogc_fid":12,"fid":12,"addr:street":null,"amenity":null,"man_made":"yes","addr:subward":"Buzuruga","name":null,"operator":"Jasmal","contact:phone":null,"addr:city":"Mwanza","addr:municipality":"Ilemela","tourism":"guest_house","opening_hours":null,"addr:ward":"Buzuruga"},"geometry":{"type":"Point","coordinates":[32.9385138,-2.53459]}},{"id":"12","type":"Feature","properties":{"id":"mwanza_tourist_facilities.13","ogc_fid":13,"fid":13,"addr:street":null,"amenity":null,"man_made":"yes","addr:subward":"Buzuruga","name":null,"operator":null,"contact:phone":null,"addr:city":"Mwanza","addr:municipality":"Ilemela","tourism":"guest_house","opening_hours":null,"addr:ward":"Buzuruga"},"geometry":{"type":"Point","coordinates":[32.9389215,-2.5349544]}},{"id":"13","type":"Feature","properties":{"id":"mwanza_tourist_facilities.14","ogc_fid":14,"fid":14,"addr:street":null,"amenity":null,"man_made":null,"addr:subward":null,"name":"Filimako lodge","operator":null,"contact:phone":null,"addr:city":"Mwanza","addr:municipality":"Ilemela","tourism":"guest_house","opening_hours":null,"addr:ward":"Buzuruga"},"geometry":{"type":"Point","coordinates":[32.9389816,-2.5339377]}},{"id":"14","type":"Feature","properties":{"id":"mwanza_tourist_facilities.15","ogc_fid":15,"fid":15,"addr:street":null,"amenity":null,"man_made":"yes","addr:subward":"Buzuruga Mashariki","name":"New First Annex","operator":null,"contact:phone":null,"addr:city":"Mwanza","addr:municipality":"Ilemela","tourism":"guest_house","opening_hours":null,"addr:ward":"Buzuruga"},"geometry":{"type":"Point","coordinates":[32.9390287,-2.5253293]}},{"id":"15","type":"Feature","properties":{"id":"mwanza_tourist_facilities.16","ogc_fid":16,"fid":16,"addr:street":null,"amenity":null,"man_made":"yes","addr:subward":"Buzuruga","name":null,"operator":null,"contact:phone":null,"addr:city":"Mwanza","addr:municipality":"Ilemela","tourism":"guest_house","opening_hours":null,"addr:ward":"Buzuruga"},"geometry":{"type":"Point","coordinates":[32.9393291,-2.5349544]}},{"id":"16","type":"Feature","properties":{"id":"mwanza_tourist_facilities.17","ogc_fid":17,"fid":17,"addr:street":null,"amenity":"fast_food","man_made":"yes","addr:subward":"Buzuruga Mashariki","name":"Sadara Food Point","operator":"Sadara Food Point","contact:phone":null,"addr:city":"Mwanza","addr:municipality":"Ilemela","tourism":"viewpoint","opening_hours":null,"addr:ward":"Buzuruga"},"geometry":{"type":"Point","coordinates":[32.9403591,-2.5312459]}},{"id":"17","type":"Feature","properties":{"id":"mwanza_tourist_facilities.18","ogc_fid":18,"fid":18,"addr:street":"Buzuruga shule","amenity":"bar","man_made":"yes","addr:subward":"Buzuruga Shule","name":"Maasasi Grill","operator":"Masasi Gril","contact:phone":null,"addr:city":"Mwanza","addr:municipality":"Ilemela","tourism":"guest_house","opening_hours":null,"addr:ward":"Buzuruga"},"geometry":{"type":"Point","coordinates":[32.9416466,-2.5277731]}},{"id":"18","type":"Feature","properties":{"id":"mwanza_tourist_facilities.19","ogc_fid":19,"fid":19,"addr:street":null,"amenity":"Lodge","man_made":"yes","addr:subward":"Buzuruga Kusini","name":"Masai Ara","operator":null,"contact:phone":null,"addr:city":"Mwanza","addr:municipality":"Ilemela","tourism":"guest_house","opening_hours":null,"addr:ward":"Buzuruga"},"geometry":{"type":"Point","coordinates":[32.937355,-2.531889]}},{"id":"19","type":"Feature","properties":{"id":"mwanza_tourist_facilities.20","ogc_fid":20,"fid":20,"addr:street":null,"amenity":"Lodge","man_made":"yes","addr:subward":"Buzuruga Kusini","name":"Konami Hotel","operator":"Kinami","contact:phone":"0755434587","addr:city":"Mwanza","addr:municipality":"Ilemela","tourism":"hotel","opening_hours":null,"addr:ward":"Buzuruga"},"geometry":{"type":"Point","coordinates":[32.9374262,-2.5347313]}},{"id":"20","type":"Feature","properties":{"id":"mwanza_tourist_facilities.21","ogc_fid":21,"fid":21,"addr:street":null,"amenity":"bar","man_made":"yes","addr:subward":"Buzuruga Kusini","name":"Gabby Bar","operator":null,"contact:phone":null,"addr:city":"Mwanza","addr:municipality":"Ilemela","tourism":"guest_house","opening_hours":null,"addr:ward":"Buzuruga"},"geometry":{"type":"Point","coordinates":[32.9380846,-2.5319747]}},{"id":"21","type":"Feature","properties":{"id":"mwanza_tourist_facilities.22","ogc_fid":22,"fid":22,"addr:street":null,"amenity":"restaurant","man_made":"yes","addr:subward":"Buzuruga Kusini","name":null,"operator":null,"contact:phone":null,"addr:city":"Mwanza","addr:municipality":"Ilemela","tourism":"hotel","opening_hours":null,"addr:ward":"Buzuruga"},"geometry":{"type":"Point","coordinates":[32.9389154,-2.5328842]}},{"id":"22","type":"Feature","properties":{"id":"mwanza_tourist_facilities.23","ogc_fid":23,"fid":23,"addr:street":null,"amenity":null,"man_made":"yes","addr:subward":"Buzuruga","name":null,"operator":null,"contact:phone":null,"addr:city":"Mwanza","addr:municipality":"Ilemela","tourism":"guest_house","opening_hours":null,"addr:ward":"Buzuruga"},"geometry":{"type":"Point","coordinates":[32.9384065,-2.5346543]}},{"id":"23","type":"Feature","properties":{"id":"mwanza_tourist_facilities.24","ogc_fid":24,"fid":24,"addr:street":null,"amenity":null,"man_made":null,"addr:subward":"Migombani","name":"Jamaica Land","operator":null,"contact:phone":null,"addr:city":"Mwanza","addr:municipality":"Ilemela","tourism":"hotel","opening_hours":null,"addr:ward":"Buzuruga"},"geometry":{"type":"Point","coordinates":[32.9295444,-2.5319104]}},{"id":"24","type":"Feature","properties":{"id":"mwanza_tourist_facilities.25","ogc_fid":25,"fid":25,"addr:street":null,"amenity":null,"man_made":null,"addr:subward":null,"name":"Lunala Hotel","operator":null,"contact:phone":null,"addr:city":"Mwanza","addr:municipality":"Ilemela","tourism":"hotel","opening_hours":null,"addr:ward":"Buzuruga"},"geometry":{"type":"Point","coordinates":[32.938431,-2.5321877]}},{"id":"25","type":"Feature","properties":{"id":"mwanza_tourist_facilities.26","ogc_fid":26,"fid":26,"addr:street":"Nyambiti","amenity":"townhall","man_made":"yes","addr:subward":"Nyambiti","name":"Ukumbi wa Mama Buzuruga","operator":"UKUMBI WA MAMA BUZURUGA","contact:phone":null,"addr:city":"Mwanza","addr:municipality":"Ilemela","tourism":"attraction","opening_hours":null,"addr:ward":"Buzuruga"},"geometry":{"type":"Point","coordinates":[32.9339647,-2.5283091]}},{"id":"26","type":"Feature","properties":{"id":"mwanza_tourist_facilities.27","ogc_fid":27,"fid":27,"addr:street":"Mkudi","amenity":"cafe","man_made":"yes","addr:subward":"Mkudi","name":"Uyui Cafe","operator":null,"contact:phone":null,"addr:city":"Mwanza","addr:municipality":"Ilemela","tourism":"hotel","opening_hours":null,"addr:ward":"Nyamanoro"},"geometry":{"type":"Point","coordinates":[32.9079945,-2.5000829]}},{"id":"27","type":"Feature","properties":{"id":"mwanza_tourist_facilities.28","ogc_fid":28,"fid":28,"addr:street":null,"amenity":"bar","man_made":null,"addr:subward":"Nyamanoro A","name":"Sullivan Hotel","operator":null,"contact:phone":"0754 269420","addr:city":"Mwanza","addr:municipality":"Ilemela","tourism":"hotel","opening_hours":null,"addr:ward":"Nyamanoro"},"geometry":{"type":"Point","coordinates":[32.9027867,-2.4999479]}},{"id":"28","type":"Feature","properties":{"id":"mwanza_tourist_facilities.29","ogc_fid":29,"fid":29,"addr:street":null,"amenity":null,"man_made":null,"addr:subward":null,"name":"Sparrow hotel","operator":null,"contact:phone":null,"addr:city":"Mwanza","addr:municipality":"Ilemela","tourism":"hotel","opening_hours":null,"addr:ward":"Nyamanoro"},"geometry":{"type":"Point","coordinates":[32.9036428,-2.4997335]}},{"id":"29","type":"Feature","properties":{"id":"mwanza_tourist_facilities.30","ogc_fid":30,"fid":30,"addr:street":null,"amenity":"bar","man_made":null,"addr:subward":"Nyamanoro A","name":"Planet Hotel","operator":null,"contact:phone":"+255 222560468","addr:city":"Mwanza","addr:municipality":"Ilemela","tourism":"hotel","opening_hours":null,"addr:ward":"Nyamanoro"},"geometry":{"type":"Point","coordinates":[32.9028348,-2.4996274]}},{"id":"30","type":"Feature","properties":{"id":"mwanza_tourist_facilities.31","ogc_fid":31,"fid":31,"addr:street":"Nyamanoro A","amenity":null,"man_made":"yes","addr:subward":"Nyamanoro A","name":"Sparrow Hotel","operator":"Savanna Dry","contact:phone":null,"addr:city":"Mwanza","addr:municipality":"Ilemela","tourism":"hotel","opening_hours":null,"addr:ward":"Nyamanoro"},"geometry":{"type":"Point","coordinates":[32.9035929,-2.4993169]}},{"id":"31","type":"Feature","properties":{"id":"mwanza_tourist_facilities.32","ogc_fid":32,"fid":32,"addr:street":null,"amenity":"restaurant","man_made":null,"addr:subward":"Nyamanoro","name":null,"operator":null,"contact:phone":null,"addr:city":"Mwanza","addr:municipality":"Ilemela","tourism":"hotel","opening_hours":null,"addr:ward":"Nyamanoro"},"geometry":{"type":"Point","coordinates":[32.9038601,-2.4979968]}},{"id":"32","type":"Feature","properties":{"id":"mwanza_tourist_facilities.33","ogc_fid":33,"fid":33,"addr:street":"kilimahewa","amenity":null,"man_made":null,"addr:subward":"Kilimahewa","name":null,"operator":null,"contact:phone":null,"addr:city":"Mwanza","addr:municipality":"Ilemela","tourism":"attraction","opening_hours":"Mo-Sa 09:00-20:00","addr:ward":"Nyamanoro"},"geometry":{"type":"Point","coordinates":[32.9126787,-2.4936882]}},{"id":"33","type":"Feature","properties":{"id":"mwanza_tourist_facilities.34","ogc_fid":34,"fid":34,"addr:street":"kilimahewa","amenity":"pub","man_made":"yes","addr:subward":"Kilimahewa","name":"AR pub","operator":"AR","contact:phone":null,"addr:city":"Mwanza","addr:municipality":"Ilemela","tourism":"guest_house","opening_hours":null,"addr:ward":"Nyamanoro"},"geometry":{"type":"Point","coordinates":[32.912271,-2.4936024]}},{"id":"34","type":"Feature","properties":{"id":"mwanza_tourist_facilities.35","ogc_fid":35,"fid":35,"addr:street":"kilimahewa","amenity":"bar","man_made":"yes","addr:subward":"Kilimahewa","name":null,"operator":"check bar","contact:phone":null,"addr:city":"Mwanza","addr:municipality":"Ilemela","tourism":"guest_house","opening_hours":null,"addr:ward":"Nyamanoro"},"geometry":{"type":"Point","coordinates":[32.9133868,-2.4947172]}},{"id":"35","type":"Feature","properties":{"id":"mwanza_tourist_facilities.36","ogc_fid":36,"fid":36,"addr:street":null,"amenity":"bar","man_made":null,"addr:subward":"Kilimahewa","name":"Mayolwa","operator":"Mayolwa","contact:phone":null,"addr:city":"Mwanza","addr:municipality":"Ilemela","tourism":"guest_house","opening_hours":null,"addr:ward":"Nyamanoro"},"geometry":{"type":"Point","coordinates":[32.9126823,-2.4931756]}},{"id":"36","type":"Feature","properties":{"id":"mwanza_tourist_facilities.37","ogc_fid":37,"fid":37,"addr:street":"kilimahewa","amenity":null,"man_made":"yes","addr:subward":"Kilimahewa","name":null,"operator":null,"contact:phone":null,"addr:city":"Mwanza","addr:municipality":"Ilemela","tourism":"guest_house","opening_hours":null,"addr:ward":"Nyamanoro"},"geometry":{"type":"Point","coordinates":[32.9131508,-2.4945028]}},{"id":"37","type":"Feature","properties":{"id":"mwanza_tourist_facilities.38","ogc_fid":38,"fid":38,"addr:street":null,"amenity":"guest_house","man_made":null,"addr:subward":"Kilimahewa","name":"G. White Lodge","operator":null,"contact:phone":null,"addr:city":"Mwanza","addr:municipality":"Ilemela","tourism":"guest_house","opening_hours":null,"addr:ward":"Nyamanoro"},"geometry":{"type":"Point","coordinates":[32.9108073,-2.4965448]}},{"id":"38","type":"Feature","properties":{"id":"mwanza_tourist_facilities.39","ogc_fid":39,"fid":39,"addr:street":"Kilimahewa A","amenity":null,"man_made":null,"addr:subward":"Kilimahewa A","name":null,"operator":null,"contact:phone":null,"addr:city":"Mwanza","addr:municipality":"Ilemela","tourism":"guest_house","opening_hours":null,"addr:ward":"Nyamanoro"},"geometry":{"type":"Point","coordinates":[32.9113913,-2.4939454]}},{"id":"39","type":"Feature","properties":{"id":"mwanza_tourist_facilities.40","ogc_fid":40,"fid":40,"addr:street":"Kilimahewa A","amenity":null,"man_made":null,"addr:subward":"Kilimahewa A","name":null,"operator":null,"contact:phone":null,"addr:city":"Mwanza","addr:municipality":"Ilemela","tourism":"guest_house","opening_hours":"Mo-Sa 08:00-18:00","addr:ward":"Nyamanoro"},"geometry":{"type":"Point","coordinates":[32.9106862,-2.493533]}},{"id":"40","type":"Feature","properties":{"id":"mwanza_tourist_facilities.41","ogc_fid":41,"fid":41,"addr:street":"Kilimahewa A","amenity":null,"man_made":null,"addr:subward":"Kilimahewa A","name":null,"operator":null,"contact:phone":null,"addr:city":"Mwanza","addr:municipality":"Ilemela","tourism":"guest_house","opening_hours":"Mo-Sa 08:00-18:00","addr:ward":"Nyamanoro"},"geometry":{"type":"Point","coordinates":[32.9107146,-2.4935219]}},{"id":"41","type":"Feature","properties":{"id":"mwanza_tourist_facilities.42","ogc_fid":42,"fid":42,"addr:street":null,"amenity":null,"man_made":"yes","addr:subward":"Mji Mwema","name":null,"operator":null,"contact:phone":null,"addr:city":"Mwanza","addr:municipality":"Ilemela","tourism":"guest_house","opening_hours":null,"addr:ward":"Nyamanoro"},"geometry":{"type":"Point","coordinates":[32.9090107,-2.4969928]}},{"id":"42","type":"Feature","properties":{"id":"mwanza_tourist_facilities.43","ogc_fid":43,"fid":43,"addr:street":"Nyamanoro Mashariki","amenity":"fast_food","man_made":"yes","addr:subward":"Nyamanoro Mashariki","name":"Mama Hulka Food","operator":null,"contact:phone":null,"addr:city":"Mwanza","addr:municipality":"Ilemela","tourism":"hotel","opening_hours":null,"addr:ward":"Nyamanoro"},"geometry":{"type":"Point","coordinates":[32.905941,-2.4958105]}},{"id":"43","type":"Feature","properties":{"id":"mwanza_tourist_facilities.44","ogc_fid":44,"fid":44,"addr:street":null,"amenity":"bar","man_made":null,"addr:subward":"Nyamanoro A","name":"Batholomeo","operator":"Batholomeo","contact:phone":null,"addr:city":"Mwanza","addr:municipality":"Ilemela","tourism":"guest_house","opening_hours":null,"addr:ward":"Nyamanoro"},"geometry":{"type":"Point","coordinates":[32.903768,-2.4956147]}},{"id":"44","type":"Feature","properties":{"id":"mwanza_tourist_facilities.45","ogc_fid":45,"fid":45,"addr:street":null,"amenity":"bar","man_made":null,"addr:subward":"Nyamanoro A","name":"Wilanya's Bar and Guest House","operator":null,"contact:phone":null,"addr:city":"Mwanza","addr:municipality":"Ilemela","tourism":"guest_house","opening_hours":null,"addr:ward":"Nyamanoro"},"geometry":{"type":"Point","coordinates":[32.9046264,-2.4953452]}},{"id":"45","type":"Feature","properties":{"id":"mwanza_tourist_facilities.46","ogc_fid":46,"fid":46,"addr:street":null,"amenity":null,"man_made":null,"addr:subward":"Nyamanoro A","name":null,"operator":null,"contact:phone":null,"addr:city":"Mwanza","addr:municipality":"Ilemela","tourism":"hotel","opening_hours":null,"addr:ward":"Nyamanoro"},"geometry":{"type":"Point","coordinates":[32.9050398,-2.4951245]}},{"id":"46","type":"Feature","properties":{"id":"mwanza_tourist_facilities.47","ogc_fid":47,"fid":47,"addr:street":null,"amenity":"guest_house","man_made":null,"addr:subward":"Nyamanoro A","name":"Elizabeth lodge","operator":null,"contact:phone":"0753626150","addr:city":"Mwanza","addr:municipality":"Ilemela","tourism":"guest_house","opening_hours":null,"addr:ward":"Nyamanoro"},"geometry":{"type":"Point","coordinates":[32.9060293,-2.4949505]}},{"id":"47","type":"Feature","properties":{"id":"mwanza_tourist_facilities.48","ogc_fid":48,"fid":48,"addr:street":null,"amenity":"guest_house","man_made":null,"addr:subward":"Nyamanoro A","name":"Pimaz Lodge","operator":null,"contact:phone":null,"addr:city":"Mwanza","addr:municipality":"Ilemela","tourism":"guest_house","opening_hours":null,"addr:ward":"Nyamanoro"},"geometry":{"type":"Point","coordinates":[32.9057264,-2.4948672]}},{"id":"48","type":"Feature","properties":{"id":"mwanza_tourist_facilities.49","ogc_fid":49,"fid":49,"addr:street":null,"amenity":"bar","man_made":null,"addr:subward":"Ghana","name":"Mlende's","operator":null,"contact:phone":null,"addr:city":"Mwanza","addr:municipality":"Ilemela","tourism":"guest_house","opening_hours":null,"addr:ward":"Nyamanoro"},"geometry":{"type":"Point","coordinates":[32.9037094,-2.4946957]}},{"id":"49","type":"Feature","properties":{"id":"mwanza_tourist_facilities.50","ogc_fid":50,"fid":50,"addr:street":null,"amenity":"guest_house","man_made":null,"addr:subward":"Nyamanoro A","name":"Savanna Lodge","operator":null,"contact:phone":"0786956498","addr:city":"Mwanza","addr:municipality":"Ilemela","tourism":"guest_house","opening_hours":null,"addr:ward":"Nyamanoro"},"geometry":{"type":"Point","coordinates":[32.9055548,-2.4942884]}},{"id":"50","type":"Feature","properties":{"id":"mwanza_tourist_facilities.51","ogc_fid":51,"fid":51,"addr:street":null,"amenity":null,"man_made":null,"addr:subward":"Ghana","name":"Queens Park Guest House","operator":null,"contact:phone":null,"addr:city":"Mwanza","addr:municipality":"Ilemela","tourism":"guest_house","opening_hours":null,"addr:ward":"Nyamanoro"},"geometry":{"type":"Point","coordinates":[32.9032588,-2.4937525]}},{"id":"51","type":"Feature","properties":{"id":"mwanza_tourist_facilities.52","ogc_fid":52,"fid":52,"addr:street":null,"amenity":"guest_house","man_made":null,"addr:subward":"Ghana","name":"Double M Lodge","operator":null,"contact:phone":null,"addr:city":"Mwanza","addr:municipality":"Ilemela","tourism":"guest_house","opening_hours":null,"addr:ward":"Nyamanoro"},"geometry":{"type":"Point","coordinates":[32.9032159,-2.4935167]}},{"id":"52","type":"Feature","properties":{"id":"mwanza_tourist_facilities.53","ogc_fid":53,"fid":53,"addr:street":null,"amenity":"guest_house","man_made":null,"addr:subward":"Ghana","name":"Double M Lodge","operator":null,"contact:phone":null,"addr:city":"Mwanza","addr:municipality":"Ilemela","tourism":"guest_house","opening_hours":null,"addr:ward":"Nyamanoro"},"geometry":{"type":"Point","coordinates":[32.9031944,-2.4933881]}},{"id":"53","type":"Feature","properties":{"id":"mwanza_tourist_facilities.54","ogc_fid":54,"fid":54,"addr:street":null,"amenity":null,"man_made":null,"addr:subward":"Nyamanoro","name":null,"operator":null,"contact:phone":null,"addr:city":"Mwanza","addr:municipality":"Ilemela","tourism":"guest_house","opening_hours":null,"addr:ward":"Nyamanoro"},"geometry":{"type":"Point","coordinates":[32.9052114,-2.4933238]}},{"id":"54","type":"Feature","properties":{"id":"mwanza_tourist_facilities.55","ogc_fid":55,"fid":55,"addr:street":null,"amenity":"bar","man_made":"yes","addr:subward":"Nyamonoro A","name":"New Sun Light","operator":null,"contact:phone":null,"addr:city":"Mwanza","addr:municipality":"Ilemela","tourism":"guest_house","opening_hours":null,"addr:ward":"Nyamanoro"},"geometry":{"type":"Point","coordinates":[32.9058981,-2.493238]}},{"id":"55","type":"Feature","properties":{"id":"mwanza_tourist_facilities.56","ogc_fid":56,"fid":56,"addr:street":"Kona ya Bwiru","amenity":"bar","man_made":"yes","addr:subward":"Nyamanoro A","name":"MS Hotel","operator":null,"contact:phone":null,"addr:city":"Mwanza","addr:municipality":"Ilemela","tourism":"hotel","opening_hours":null,"addr:ward":"Nyamanoro"},"geometry":{"type":"Point","coordinates":[32.9045996,-2.4929145]}},{"id":"56","type":"Feature","properties":{"id":"mwanza_tourist_facilities.57","ogc_fid":57,"fid":57,"addr:street":"Mnyampala","amenity":null,"man_made":null,"addr:subward":null,"name":null,"operator":"Rombo","contact:phone":null,"addr:city":"Mwanza","addr:municipality":"Ilemela","tourism":"guest_house","opening_hours":null,"addr:ward":"Nyamanoro"},"geometry":{"type":"Point","coordinates":[32.90921,-2.4927277]}},{"id":"57","type":"Feature","properties":{"id":"mwanza_tourist_facilities.58","ogc_fid":58,"fid":58,"addr:street":"Karume B","amenity":"guest_house","man_made":null,"addr:subward":"Nyamanoro A","name":"Dhahabu Lodge","operator":null,"contact:phone":null,"addr:city":"Mwanza","addr:municipality":"Ilemela","tourism":"guest_house","opening_hours":null,"addr:ward":"Nyamanoro"},"geometry":{"type":"Point","coordinates":[32.9058981,-2.4924448]}},{"id":"58","type":"Feature","properties":{"id":"mwanza_tourist_facilities.59","ogc_fid":59,"fid":59,"addr:street":null,"amenity":null,"man_made":null,"addr:subward":null,"name":"Kimland Lodge","operator":null,"contact:phone":null,"addr:city":"Mwanza","addr:municipality":"Ilemela","tourism":"guest_house","opening_hours":null,"addr:ward":"Nyamanoro"},"geometry":{"type":"Point","coordinates":[32.9034919,-2.492052]}},{"id":"59","type":"Feature","properties":{"id":"mwanza_tourist_facilities.60","ogc_fid":60,"fid":60,"addr:street":"Mnyampala","amenity":"bar","man_made":"yes","addr:subward":"Kilimahewa","name":"Fimbo Lodge","operator":null,"contact:phone":null,"addr:city":"Mwanza","addr:municipality":"Ilemela","tourism":"guest_house","opening_hours":null,"addr:ward":"Nyamanoro"},"geometry":{"type":"Point","coordinates":[32.9081323,-2.4920445]}},{"id":"60","type":"Feature","properties":{"id":"mwanza_tourist_facilities.61","ogc_fid":61,"fid":61,"addr:street":"Kona ya Bwiru","amenity":null,"man_made":"yes","addr:subward":"Nyamanoro A","name":"Kimland Lodge","operator":null,"contact:phone":null,"addr:city":"Mwanza","addr:municipality":"Ilemela","tourism":"guest_house","opening_hours":null,"addr:ward":"Nyamanoro"},"geometry":{"type":"Point","coordinates":[32.9035926,-2.4918912]}},{"id":"61","type":"Feature","properties":{"id":"mwanza_tourist_facilities.62","ogc_fid":62,"fid":62,"addr:street":"Kona ya Bwiru","amenity":null,"man_made":"yes","addr:subward":"Nyamanoro A","name":"Kimland Lodge","operator":null,"contact:phone":null,"addr:city":"Mwanza","addr:municipality":"Ilemela","tourism":"guest_house","opening_hours":null,"addr:ward":"Nyamanoro"},"geometry":{"type":"Point","coordinates":[32.9036591,-2.4917474]}},{"id":"62","type":"Feature","properties":{"id":"mwanza_tourist_facilities.63","ogc_fid":63,"fid":63,"addr:street":null,"amenity":"guest_house","man_made":null,"addr:subward":"Nyamanoro A","name":"Uwanjani Guest House","operator":null,"contact:phone":null,"addr:city":"Mwanza","addr:municipality":"Ilemela","tourism":"guest_house","opening_hours":null,"addr:ward":"Nyamanoro"},"geometry":{"type":"Point","coordinates":[32.9009176,-2.5007453]}},{"id":"63","type":"Feature","properties":{"id":"mwanza_tourist_facilities.64","ogc_fid":64,"fid":64,"addr:street":null,"amenity":null,"man_made":null,"addr:subward":"Nyamanoro A","name":null,"operator":null,"contact:phone":null,"addr:city":"Mwanza","addr:municipality":"Ilemela","tourism":"guest_house","opening_hours":null,"addr:ward":"Nyamanoro"},"geometry":{"type":"Point","coordinates":[32.9010057,-2.5002051]}},{"id":"64","type":"Feature","properties":{"id":"mwanza_tourist_facilities.65","ogc_fid":65,"fid":65,"addr:street":null,"amenity":null,"man_made":null,"addr:subward":"Nyamanoro A","name":"GSM Hotel","operator":"GSM Hotel","contact:phone":"0682273023","addr:city":"Mwanza","addr:municipality":"Ilemela","tourism":"hotel","opening_hours":null,"addr:ward":"Nyamanoro"},"geometry":{"type":"Point","coordinates":[32.9015422,-2.4997549]}},{"id":"65","type":"Feature","properties":{"id":"mwanza_tourist_facilities.66","ogc_fid":66,"fid":66,"addr:street":null,"amenity":"bar","man_made":null,"addr:subward":"Nyamanoro A","name":null,"operator":null,"contact:phone":null,"addr:city":"Mwanza","addr:municipality":"Ilemela","tourism":"hotel","opening_hours":null,"addr:ward":"Nyamanoro"},"geometry":{"type":"Point","coordinates":[32.9018641,-2.4978899]}},{"id":"66","type":"Feature","properties":{"id":"mwanza_tourist_facilities.67","ogc_fid":67,"fid":67,"addr:street":"Furahisha","amenity":"restaurant","man_made":null,"addr:subward":"Kirumba Kati","name":"Tasty Restaurant","operator":"Tasty Restaurant","contact:phone":null,"addr:city":"Mwanza","addr:municipality":"Ilemela","tourism":"motel","opening_hours":null,"addr:ward":"Nyamanoro"},"geometry":{"type":"Point","coordinates":[32.9019462,-2.5025742]}},{"id":"67","type":"Feature","properties":{"id":"mwanza_tourist_facilities.68","ogc_fid":68,"fid":68,"addr:street":"Ibanda Juu","amenity":"restaurant","man_made":"yes","addr:subward":"Ibanda Juu","name":"Femoral","operator":"Femoral","contact:phone":null,"addr:city":"Mwanza","addr:municipality":"Ilemela","tourism":"hotel","opening_hours":null,"addr:ward":"Kirumba"},"geometry":{"type":"Point","coordinates":[32.8883028,-2.4952102]}},{"id":"68","type":"Feature","properties":{"id":"mwanza_tourist_facilities.69","ogc_fid":69,"fid":69,"addr:street":"Ibanda","amenity":"community_centre","man_made":"yes","addr:subward":"Ibanda","name":"Martini Facility Centre","operator":"Martini Place","contact:phone":null,"addr:city":"Mwanza","addr:municipality":"Ilemela","tourism":"attraction","opening_hours":null,"addr:ward":"Kirumba"},"geometry":{"type":"Point","coordinates":[32.8843546,-2.4950816]}},{"id":"69","type":"Feature","properties":{"id":"mwanza_tourist_facilities.70","ogc_fid":70,"fid":70,"addr:street":null,"amenity":null,"man_made":null,"addr:subward":null,"name":null,"operator":null,"contact:phone":null,"addr:city":"Mwanza","addr:municipality":"Ilemela","tourism":"hotel","opening_hours":null,"addr:ward":"Kirumba"},"geometry":{"type":"Point","coordinates":[32.8873741,-2.4901475]}},{"id":"70","type":"Feature","properties":{"id":"mwanza_tourist_facilities.71","ogc_fid":71,"fid":71,"addr:street":"mlimani","amenity":"pub","man_made":null,"addr:subward":"Mlimani","name":"Maguha' Pub and Guest House","operator":null,"contact:phone":null,"addr:city":"Mwanza","addr:municipality":"Ilemela","tourism":"guest_house","opening_hours":null,"addr:ward":"Kirumba"},"geometry":{"type":"Point","coordinates":[32.8921223,-2.5029062]}},{"id":"71","type":"Feature","properties":{"id":"mwanza_tourist_facilities.72","ogc_fid":72,"fid":72,"addr:street":"Mlimani","amenity":null,"man_made":null,"addr:subward":"Mlimani","name":"Lweru","operator":null,"contact:phone":null,"addr:city":"Mwanza","addr:municipality":"Ilemela","tourism":"guest_house","opening_hours":null,"addr:ward":"Kirumba"},"geometry":{"type":"Point","coordinates":[32.892487,-2.5023274]}},{"id":"72","type":"Feature","properties":{"id":"mwanza_tourist_facilities.73","ogc_fid":73,"fid":73,"addr:street":"Mlimani","amenity":"guest_house","man_made":null,"addr:subward":"Mlimani","name":null,"operator":null,"contact:phone":null,"addr:city":"Mwanza","addr:municipality":"Ilemela","tourism":"hotel","opening_hours":null,"addr:ward":"Kirumba"},"geometry":{"type":"Point","coordinates":[32.8937531,-2.5059932]}},{"id":"73","type":"Feature","properties":{"id":"mwanza_tourist_facilities.74","ogc_fid":74,"fid":74,"addr:street":"Mlimani","amenity":"bar","man_made":null,"addr:subward":"Mlimani","name":null,"operator":null,"contact:phone":null,"addr:city":"Mwanza","addr:municipality":"Ilemela","tourism":"guest_house","opening_hours":null,"addr:ward":"Kirumba"},"geometry":{"type":"Point","coordinates":[32.8941822,-2.5059289]}},{"id":"74","type":"Feature","properties":{"id":"mwanza_tourist_facilities.75","ogc_fid":75,"fid":75,"addr:street":"Mlimani","amenity":"bar","man_made":null,"addr:subward":"Mlimani","name":null,"operator":null,"contact:phone":null,"addr:city":"Mwanza","addr:municipality":"Ilemela","tourism":"hotel","opening_hours":null,"addr:ward":"Kirumba"},"geometry":{"type":"Point","coordinates":[32.894268,-2.5061218]}},{"id":"75","type":"Feature","properties":{"id":"mwanza_tourist_facilities.76","ogc_fid":76,"fid":76,"addr:street":"Mlimani","amenity":null,"man_made":null,"addr:subward":"Mlimani","name":null,"operator":null,"contact:phone":null,"addr:city":"Mwanza","addr:municipality":"Ilemela","tourism":"guest_house","opening_hours":null,"addr:ward":"Kirumba"},"geometry":{"type":"Point","coordinates":[32.8945255,-2.5059717]}},{"id":"76","type":"Feature","properties":{"id":"mwanza_tourist_facilities.77","ogc_fid":77,"fid":77,"addr:street":null,"amenity":"car_wash","man_made":"yes","addr:subward":"Magomeni","name":null,"operator":null,"contact:phone":null,"addr:city":"Mwanza","addr:municipality":"Ilemela","tourism":"viewpoint","opening_hours":null,"addr:ward":"Kirumba"},"geometry":{"type":"Point","coordinates":[32.894545,-2.5026893]}},{"id":"77","type":"Feature","properties":{"id":"mwanza_tourist_facilities.78","ogc_fid":78,"fid":78,"addr:street":null,"amenity":"bar","man_made":"yes","addr:subward":"Magomeni","name":null,"operator":null,"contact:phone":null,"addr:city":"Mwanza","addr:municipality":"Ilemela","tourism":"guest_house","opening_hours":null,"addr:ward":"Kirumba"},"geometry":{"type":"Point","coordinates":[32.894858,-2.5028607]}},{"id":"78","type":"Feature","properties":{"id":"mwanza_tourist_facilities.79","ogc_fid":79,"fid":79,"addr:street":null,"amenity":"guest_house","man_made":"yes","addr:subward":"Magomeni","name":"Ngika Lodge","operator":"Ngika","contact:phone":"0767495704","addr:city":"Mwanza","addr:municipality":"Ilemela","tourism":"guest_house","opening_hours":null,"addr:ward":"Kirumba"},"geometry":{"type":"Point","coordinates":[32.8949091,-2.5025287]}},{"id":"79","type":"Feature","properties":{"id":"mwanza_tourist_facilities.80","ogc_fid":80,"fid":80,"addr:street":null,"amenity":null,"man_made":"yes","addr:subward":"Magomeni","name":"Zurich Hotel","operator":null,"contact:phone":null,"addr:city":"Mwanza","addr:municipality":"Ilemela","tourism":"hotel","opening_hours":null,"addr:ward":"Kirumba"},"geometry":{"type":"Point","coordinates":[32.8958642,-2.5049249]}},{"id":"80","type":"Feature","properties":{"id":"mwanza_tourist_facilities.81","ogc_fid":81,"fid":81,"addr:street":null,"amenity":"parking","man_made":"yes","addr:subward":"Magomeni","name":"Silver Angle lodge","operator":null,"contact:phone":null,"addr:city":"Mwanza","addr:municipality":"Ilemela","tourism":"guest_house","opening_hours":null,"addr:ward":"Kirumba"},"geometry":{"type":"Point","coordinates":[32.8959897,-2.5055544]}},{"id":"81","type":"Feature","properties":{"id":"mwanza_tourist_facilities.82","ogc_fid":82,"fid":82,"addr:street":null,"amenity":"guest_house","man_made":null,"addr:subward":"Magomeni","name":"Saraphina Executive Lodge","operator":"Saraphina Executive Lodge","contact:phone":null,"addr:city":"Mwanza","addr:municipality":"Ilemela","tourism":"guest_house","opening_hours":null,"addr:ward":"Kirumba"},"geometry":{"type":"Point","coordinates":[32.8963114,-2.5020197]}},{"id":"82","type":"Feature","properties":{"id":"mwanza_tourist_facilities.83","ogc_fid":83,"fid":83,"addr:street":"Kirumba Kati","amenity":null,"man_made":null,"addr:subward":"Kirumba","name":"Emati Hotel","operator":null,"contact:phone":"0754491378","addr:city":"Mwanza","addr:municipality":"Ilemela","tourism":"hotel","opening_hours":null,"addr:ward":"Kirumba"},"geometry":{"type":"Point","coordinates":[32.8969228,-2.5022135]}},{"id":"83","type":"Feature","properties":{"id":"mwanza_tourist_facilities.84","ogc_fid":84,"fid":84,"addr:street":null,"amenity":"guest_house","man_made":null,"addr:subward":"Kirumba Kati","name":"Africana Lodge","operator":"Africana Lodge","contact:phone":null,"addr:city":"Mwanza","addr:municipality":"Ilemela","tourism":"guest_house","opening_hours":null,"addr:ward":"Kirumba"},"geometry":{"type":"Point","coordinates":[32.897079,-2.5018344]}},{"id":"84","type":"Feature","properties":{"id":"mwanza_tourist_facilities.85","ogc_fid":85,"fid":85,"addr:street":"Vijana","amenity":null,"man_made":"yes","addr:subward":"Kirumba Kati","name":"Kim Land Guest House","operator":"Kim Land","contact:phone":null,"addr:city":"Mwanza","addr:municipality":"Ilemela","tourism":"guest_house","opening_hours":null,"addr:ward":"Kirumba"},"geometry":{"type":"Point","coordinates":[32.8971018,-2.5012421]}},{"id":"85","type":"Feature","properties":{"id":"mwanza_tourist_facilities.86","ogc_fid":86,"fid":86,"addr:street":"Vijana","amenity":"bar","man_made":"yes","addr:subward":"Kirumba Kati","name":null,"operator":"City Hotel","contact:phone":null,"addr:city":"Mwanza","addr:municipality":"Ilemela","tourism":"hotel","opening_hours":null,"addr:ward":"Kirumba"},"geometry":{"type":"Point","coordinates":[32.8973525,-2.5031687]}},{"id":"86","type":"Feature","properties":{"id":"mwanza_tourist_facilities.87","ogc_fid":87,"fid":87,"addr:street":null,"amenity":"bar","man_made":null,"addr:subward":"Kirumba Kati","name":"Nyasaka Lodge","operator":null,"contact:phone":null,"addr:city":"Mwanza","addr:municipality":"Ilemela","tourism":"guest_house","opening_hours":null,"addr:ward":"Kirumba"},"geometry":{"type":"Point","coordinates":[32.8975185,-2.504607]}},{"id":"87","type":"Feature","properties":{"id":"mwanza_tourist_facilities.88","ogc_fid":88,"fid":88,"addr:street":null,"amenity":null,"man_made":null,"addr:subward":"kirumba Kati","name":null,"operator":null,"contact:phone":null,"addr:city":"Mwanza","addr:municipality":"Ilemela","tourism":"hotel","opening_hours":null,"addr:ward":"Kirumba"},"geometry":{"type":"Point","coordinates":[32.8977013,-2.5039352]}},{"id":"88","type":"Feature","properties":{"id":"mwanza_tourist_facilities.89","ogc_fid":89,"fid":89,"addr:street":"sokoni","amenity":null,"man_made":null,"addr:subward":"kirumba kati","name":"Lakairo","operator":null,"contact:phone":null,"addr:city":"Mwanza","addr:municipality":"Ilemela","tourism":"hotel","opening_hours":null,"addr:ward":"Kirumba"},"geometry":{"type":"Point","coordinates":[32.8979373,-2.5028848]}},{"id":"89","type":"Feature","properties":{"id":"mwanza_tourist_facilities.90","ogc_fid":90,"fid":90,"addr:street":null,"amenity":null,"man_made":null,"addr:subward":"Kirumba Kati","name":null,"operator":null,"contact:phone":null,"addr:city":"Mwanza","addr:municipality":"Ilemela","tourism":"guest_house","opening_hours":null,"addr:ward":"Kirumba"},"geometry":{"type":"Point","coordinates":[32.8979373,-2.5048141]}},{"id":"90","type":"Feature","properties":{"id":"mwanza_tourist_facilities.91","ogc_fid":91,"fid":91,"addr:street":"sokoni","amenity":"guest_house","man_made":null,"addr:subward":"kirumba","name":"City Lodge","operator":null,"contact:phone":null,"addr:city":"Mwanza","addr:municipality":"Ilemela","tourism":"guest_house","opening_hours":null,"addr:ward":"Kirumba"},"geometry":{"type":"Point","coordinates":[32.8980761,-2.5027374]}},{"id":"91","type":"Feature","properties":{"id":"mwanza_tourist_facilities.92","ogc_fid":92,"fid":92,"addr:street":"Bismarck","amenity":null,"man_made":null,"addr:subward":"Kirumba Kati","name":"Muleba","operator":null,"contact:phone":null,"addr:city":"Mwanza","addr:municipality":"Ilemela","tourism":"guest_house","opening_hours":null,"addr:ward":"Kirumba"},"geometry":{"type":"Point","coordinates":[32.898109,-2.5044926]}},{"id":"92","type":"Feature","properties":{"id":"mwanza_tourist_facilities.93","ogc_fid":93,"fid":93,"addr:street":null,"amenity":null,"man_made":null,"addr:subward":"Kirumba Kati","name":"Kilimanjaro Lodge","operator":null,"contact:phone":"0755817789","addr:city":"Mwanza","addr:municipality":"Ilemela","tourism":"guest_house","opening_hours":null,"addr:ward":"Kirumba"},"geometry":{"type":"Point","coordinates":[32.8981519,-2.5052214]}},{"id":"93","type":"Feature","properties":{"id":"mwanza_tourist_facilities.94","ogc_fid":94,"fid":94,"addr:street":null,"amenity":null,"man_made":null,"addr:subward":null,"name":"PK Hotel","operator":null,"contact:phone":null,"addr:city":"Mwanza","addr:municipality":"Ilemela","tourism":"hostel","opening_hours":null,"addr:ward":"Kirumba"},"geometry":{"type":"Point","coordinates":[32.8981608,-2.5033033]}},{"id":"94","type":"Feature","properties":{"id":"mwanza_tourist_facilities.95","ogc_fid":95,"fid":95,"addr:street":null,"amenity":"bar","man_made":null,"addr:subward":"Kirumba Kati","name":"New Penda Classic Lodge","operator":null,"contact:phone":null,"addr:city":"Mwanza","addr:municipality":"Ilemela","tourism":"guest_house","opening_hours":null,"addr:ward":"Kirumba"},"geometry":{"type":"Point","coordinates":[32.8983021,-2.5042139]}},{"id":"95","type":"Feature","properties":{"id":"mwanza_tourist_facilities.96","ogc_fid":96,"fid":96,"addr:street":"Bomba","amenity":null,"man_made":null,"addr:subward":"Kirumba Kati","name":"Imperial Guest House","operator":null,"contact:phone":null,"addr:city":"Mwanza","addr:municipality":"Ilemela","tourism":"guest_house","opening_hours":null,"addr:ward":"Kirumba"},"geometry":{"type":"Point","coordinates":[32.8987005,-2.5022346]}},{"id":"96","type":"Feature","properties":{"id":"mwanza_tourist_facilities.97","ogc_fid":97,"fid":97,"addr:street":"Mwaloni","amenity":null,"man_made":null,"addr:subward":"Kirumba Kati","name":"Mwoleka's Hotel","operator":"Mwoleka's Hotel","contact:phone":null,"addr:city":"Mwanza","addr:municipality":"Ilemela","tourism":"hotel","opening_hours":null,"addr:ward":"Kirumba"},"geometry":{"type":"Point","coordinates":[32.8989887,-2.5049213]}},{"id":"97","type":"Feature","properties":{"id":"mwanza_tourist_facilities.98","ogc_fid":98,"fid":98,"addr:street":null,"amenity":"guest_house","man_made":null,"addr:subward":"Kirumba Kati","name":"Seki Lodge","operator":null,"contact:phone":null,"addr:city":"Mwanza","addr:municipality":"Ilemela","tourism":"guest_house","opening_hours":null,"addr:ward":"Kirumba"},"geometry":{"type":"Point","coordinates":[32.8990746,-2.5044926]}},{"id":"98","type":"Feature","properties":{"id":"mwanza_tourist_facilities.99","ogc_fid":99,"fid":99,"addr:street":"Vuka","amenity":"bar","man_made":null,"addr:subward":"Kirumba Kati","name":"Parachichi Lodge","operator":"Parachichi Lodge","contact:phone":null,"addr:city":"Mwanza","addr:municipality":"Ilemela","tourism":"guest_house","opening_hours":null,"addr:ward":"Kirumba"},"geometry":{"type":"Point","coordinates":[32.899375,-2.5041281]}},{"id":"99","type":"Feature","properties":{"id":"mwanza_tourist_facilities.100","ogc_fid":100,"fid":100,"addr:street":null,"amenity":null,"man_made":null,"addr:subward":"Kirumba Kati","name":"Zenze","operator":null,"contact:phone":null,"addr:city":"Mwanza","addr:municipality":"Ilemela","tourism":"guest_house","opening_hours":null,"addr:ward":"Kirumba"},"geometry":{"type":"Point","coordinates":[32.8995895,-2.5049642]}},{"id":"100","type":"Feature","properties":{"id":"mwanza_tourist_facilities.101","ogc_fid":101,"fid":101,"addr:street":null,"amenity":null,"man_made":null,"addr:subward":"Kirumba Kati","name":"PK Hotel","operator":null,"contact:phone":null,"addr:city":"Mwanza","addr:municipality":"Ilemela","tourism":"hotel","opening_hours":null,"addr:ward":"Kirumba"},"geometry":{"type":"Point","coordinates":[32.9000138,-2.5061173]}},{"id":"101","type":"Feature","properties":{"id":"mwanza_tourist_facilities.102","ogc_fid":102,"fid":102,"addr:street":null,"amenity":null,"man_made":"yes","addr:subward":"Magomeni","name":"Wema Executive Lodge","operator":null,"contact:phone":null,"addr:city":"Mwanza","addr:municipality":"Ilemela","tourism":"guest_house","opening_hours":null,"addr:ward":"Kirumba"},"geometry":{"type":"Point","coordinates":[32.896172,-2.5054292]}},{"id":"102","type":"Feature","properties":{"id":"mwanza_tourist_facilities.103","ogc_fid":103,"fid":103,"addr:street":null,"amenity":"guest_house","man_made":"yes","addr:subward":"Magomeni","name":"Nyaishozi Guest House","operator":null,"contact:phone":null,"addr:city":"Mwanza","addr:municipality":"Ilemela","tourism":"guest_house","opening_hours":null,"addr:ward":"Kirumba"},"geometry":{"type":"Point","coordinates":[32.8958448,-2.5044774]}},{"id":"103","type":"Feature","properties":{"id":"mwanza_tourist_facilities.104","ogc_fid":104,"fid":104,"addr:street":null,"amenity":"guest_house","man_made":"yes","addr:subward":"Magomeni","name":"Mango Lodge","operator":null,"contact:phone":null,"addr:city":"Mwanza","addr:municipality":"Ilemela","tourism":"guest_house","opening_hours":null,"addr:ward":"Kirumba"},"geometry":{"type":"Point","coordinates":[32.8945351,-2.5034742]}},{"id":"104","type":"Feature","properties":{"id":"mwanza_tourist_facilities.105","ogc_fid":105,"fid":105,"addr:street":"Magomeni","amenity":null,"man_made":"yes","addr:subward":"Magomeni","name":"Fimbo Hotel","operator":null,"contact:phone":"0768957469","addr:city":"Mwanza","addr:municipality":"Ilemela","tourism":"hotel","opening_hours":null,"addr:ward":"Kirumba"},"geometry":{"type":"Point","coordinates":[32.8946543,-2.5038495]}},{"id":"105","type":"Feature","properties":{"id":"mwanza_tourist_facilities.106","ogc_fid":106,"fid":106,"addr:street":"Swahili B","amenity":null,"man_made":"yes","addr:subward":"Kirumba Kati","name":"Fems Hotel","operator":null,"contact:phone":"0753454855","addr:city":"Mwanza","addr:municipality":"Ilemela","tourism":"hotel","opening_hours":null,"addr:ward":"Kirumba"},"geometry":{"type":"Point","coordinates":[32.8994309,-2.5032951]}},{"id":"106","type":"Feature","properties":{"id":"mwanza_tourist_facilities.107","ogc_fid":107,"fid":107,"addr:street":null,"amenity":null,"man_made":null,"addr:subward":"Kirumba Kati","name":"Kitinga Senior \"A\".S.(Jembe)","operator":null,"contact:phone":null,"addr:city":"Mwanza","addr:municipality":"Ilemela","tourism":"guest_house","opening_hours":null,"addr:ward":"Kirumba"},"geometry":{"type":"Point","coordinates":[32.8983021,-2.5041281]}},{"id":"107","type":"Feature","properties":{"id":"mwanza_tourist_facilities.108","ogc_fid":108,"fid":108,"addr:street":null,"amenity":"guest_house","man_made":null,"addr:subward":"Kirumba Kati","name":"Seki Lodge","operator":null,"contact:phone":null,"addr:city":"Mwanza","addr:municipality":"Ilemela","tourism":"guest_house","opening_hours":null,"addr:ward":"Kirumba"},"geometry":{"type":"Point","coordinates":[32.8992248,-2.5045569]}},{"id":"108","type":"Feature","properties":{"id":"mwanza_tourist_facilities.109","ogc_fid":109,"fid":109,"addr:street":"Mwaloni","amenity":"guest_house","man_made":null,"addr:subward":"Kirumba Kati","name":"Garden Square Guest house","operator":null,"contact:phone":null,"addr:city":"Mwanza","addr:municipality":"Ilemela","tourism":"guest_house","opening_hours":null,"addr:ward":"Kirumba"},"geometry":{"type":"Point","coordinates":[32.8986669,-2.5056287]}},{"id":"109","type":"Feature","properties":{"id":"mwanza_tourist_facilities.110","ogc_fid":110,"fid":110,"addr:street":"Bomba","amenity":"restaurant","man_made":null,"addr:subward":"Kirumba Kati","name":null,"operator":"Wendele","contact:phone":null,"addr:city":"Mwanza","addr:municipality":"Ilemela","tourism":"hostel","opening_hours":null,"addr:ward":"Kirumba"},"geometry":{"type":"Point","coordinates":[32.8999758,-2.5018129]}},{"id":"110","type":"Feature","properties":{"id":"mwanza_tourist_facilities.111","ogc_fid":111,"fid":111,"addr:street":"Vijana","amenity":"guest_house","man_made":"yes","addr:subward":"Kirumba Kati","name":"Gingiliani","operator":"Gingilian","contact:phone":null,"addr:city":"Mwanza","addr:municipality":"Ilemela","tourism":"guest_house","opening_hours":null,"addr:ward":"Kirumba"},"geometry":{"type":"Point","coordinates":[32.8977047,-2.5026904]}},{"id":"111","type":"Feature","properties":{"id":"mwanza_tourist_facilities.112","ogc_fid":112,"fid":112,"addr:street":null,"amenity":"guest_house","man_made":null,"addr:subward":"Kirumba Kati","name":"Mission Lodge","operator":null,"contact:phone":null,"addr:city":"Mwanza","addr:municipality":"Ilemela","tourism":"guest_house","opening_hours":null,"addr:ward":"Kirumba"},"geometry":{"type":"Point","coordinates":[32.9002118,-2.5048141]}},{"id":"112","type":"Feature","properties":{"id":"mwanza_tourist_facilities.113","ogc_fid":113,"fid":113,"addr:street":"Furahisha","amenity":null,"man_made":null,"addr:subward":"Kirumba Kati","name":"Annox Hotel","operator":null,"contact:phone":null,"addr:city":"Mwanza","addr:municipality":"Ilemela","tourism":"hotel","opening_hours":null,"addr:ward":"Kirumba"},"geometry":{"type":"Point","coordinates":[32.9007912,-2.503678]}},{"id":"113","type":"Feature","properties":{"id":"mwanza_tourist_facilities.114","ogc_fid":114,"fid":114,"addr:street":"Furahisha","amenity":"bar","man_made":null,"addr:subward":"Kirumba Kati","name":null,"operator":null,"contact:phone":null,"addr:city":"Mwanza","addr:municipality":"Ilemela","tourism":"hotel","opening_hours":null,"addr:ward":"Kirumba"},"geometry":{"type":"Point","coordinates":[32.900877,-2.5035065]}},{"id":"114","type":"Feature","properties":{"id":"mwanza_tourist_facilities.115","ogc_fid":115,"fid":115,"addr:street":null,"amenity":"bar","man_made":null,"addr:subward":"Kirumba Kati","name":null,"operator":null,"contact:phone":null,"addr:city":"Mwanza","addr:municipality":"Ilemela","tourism":"guest_house","opening_hours":null,"addr:ward":"Kirumba"},"geometry":{"type":"Point","coordinates":[32.9012203,-2.5032492]}},{"id":"115","type":"Feature","properties":{"id":"mwanza_tourist_facilities.116","ogc_fid":116,"fid":116,"addr:street":"Kenyatta","amenity":null,"man_made":null,"addr:subward":"Nela","name":null,"operator":"City Lodge","contact:phone":"0754093048","addr:city":"Mwanza","addr:municipality":"Ilemela","tourism":"hotel","opening_hours":null,"addr:ward":"Kirumba"},"geometry":{"type":"Point","coordinates":[32.9004049,-2.5079225]}},{"id":"116","type":"Feature","properties":{"id":"mwanza_tourist_facilities.117","ogc_fid":117,"fid":117,"addr:street":null,"amenity":null,"man_made":null,"addr:subward":null,"name":"PK Hotel","operator":null,"contact:phone":null,"addr:city":"Mwanza","addr:municipality":"Ilemela","tourism":"hotel","opening_hours":null,"addr:ward":"Kirumba"},"geometry":{"type":"Point","coordinates":[32.9001937,-2.506792]}},{"id":"117","type":"Feature","properties":{"id":"mwanza_tourist_facilities.118","ogc_fid":118,"fid":118,"addr:street":null,"amenity":"bar","man_made":null,"addr:subward":"Kitangiri B","name":"Mrimbo Guest House","operator":null,"contact:phone":null,"addr:city":"Mwanza","addr:municipality":"Ilemela","tourism":"guest_house","opening_hours":null,"addr:ward":"Kitangiri"},"geometry":{"type":"Point","coordinates":[32.9006624,-2.4953817]}},{"id":"118","type":"Feature","properties":{"id":"mwanza_tourist_facilities.119","ogc_fid":119,"fid":119,"addr:street":"Kitangiri B","amenity":"guest_house","man_made":"yes","addr:subward":"Kitangiri B","name":"Kirumba Valley Lodge","operator":"Kirumba Valley","contact:phone":"0763198865","addr:city":"Mwanza","addr:municipality":"Ilemela","tourism":"guest_house","opening_hours":null,"addr:ward":"Kitangiri"},"geometry":{"type":"Point","coordinates":[32.901113,-2.4949316]}},{"id":"119","type":"Feature","properties":{"id":"mwanza_tourist_facilities.120","ogc_fid":120,"fid":120,"addr:street":"Kitangiri B","amenity":"guest_house","man_made":"yes","addr:subward":"Kitangiri B","name":"Kirumba Valley Lodge","operator":"Kirumba Valley","contact:phone":"0763198865","addr:city":"Mwanza","addr:municipality":"Ilemela","tourism":"guest_house","opening_hours":null,"addr:ward":"Kitangiri"},"geometry":{"type":"Point","coordinates":[32.9011774,-2.4947601]}},{"id":"120","type":"Feature","properties":{"id":"mwanza_tourist_facilities.121","ogc_fid":121,"fid":121,"addr:street":"Kitangiri B","amenity":null,"man_made":"yes","addr:subward":"Kitangiri B","name":"Sua Risingi Hotel","operator":"Sua","contact:phone":null,"addr:city":"Mwanza","addr:municipality":"Ilemela","tourism":"hotel","opening_hours":null,"addr:ward":"Kitangiri"},"geometry":{"type":"Point","coordinates":[32.900873,-2.4942702]}},{"id":"121","type":"Feature","properties":{"id":"mwanza_tourist_facilities.122","ogc_fid":122,"fid":122,"addr:street":null,"amenity":"cafe","man_made":null,"addr:subward":"Kileleni","name":null,"operator":null,"contact:phone":null,"addr:city":"Mwanza","addr:municipality":"Ilemela","tourism":"hotel","opening_hours":null,"addr:ward":"Kitangiri"},"geometry":{"type":"Point","coordinates":[32.8981304,-2.4891435]}},{"id":"122","type":"Feature","properties":{"id":"mwanza_tourist_facilities.123","ogc_fid":123,"fid":123,"addr:street":null,"amenity":null,"man_made":null,"addr:subward":"Jiwe Kuu","name":"Jiwe Kuu/Dancing Rocks","operator":null,"contact:phone":null,"addr:city":"Mwanza","addr:municipality":"Ilemela","tourism":"viewpoint","opening_hours":null,"addr:ward":"Kitangiri"},"geometry":{"type":"Point","coordinates":[32.886862,-2.4809352]}},{"id":"123","type":"Feature","properties":{"id":"mwanza_tourist_facilities.124","ogc_fid":124,"fid":124,"addr:street":null,"amenity":null,"man_made":null,"addr:subward":"Mihama","name":"Machaga","operator":null,"contact:phone":null,"addr:city":"Mwanza","addr:municipality":"Ilemela","tourism":"guest_house","opening_hours":null,"addr:ward":"Kitangiri"},"geometry":{"type":"Point","coordinates":[32.8800702,-2.4795724]}},{"id":"124","type":"Feature","properties":{"id":"mwanza_tourist_facilities.125","ogc_fid":125,"fid":125,"addr:street":null,"amenity":null,"man_made":null,"addr:subward":"Kitangiri B","name":"Monarch Hotel","operator":null,"contact:phone":null,"addr:city":"Mwanza","addr:municipality":"Ilemela","tourism":"hotel","opening_hours":null,"addr:ward":"Kitangiri"},"geometry":{"type":"Point","coordinates":[32.9002118,-2.4955747]}},{"id":"125","type":"Feature","properties":{"id":"mwanza_tourist_facilities.126","ogc_fid":126,"fid":126,"addr:street":null,"amenity":"bar","man_made":"yes","addr:subward":"Medical","name":"Alisail Guest House","operator":"Alisaili Guest House","contact:phone":null,"addr:city":"Mwanza","addr:municipality":"Ilemela","tourism":"guest_house","opening_hours":null,"addr:ward":"Kitangiri"},"geometry":{"type":"Point","coordinates":[32.8973794,-2.4905798]}},{"id":"126","type":"Feature","properties":{"id":"mwanza_tourist_facilities.127","ogc_fid":127,"fid":127,"addr:street":null,"amenity":null,"man_made":null,"addr:subward":"Medical","name":"Kagina","operator":"Kagina","contact:phone":null,"addr:city":"Mwanza","addr:municipality":"Ilemela","tourism":"guest_house","opening_hours":null,"addr:ward":"Kitangiri"},"geometry":{"type":"Point","coordinates":[32.8984308,-2.4913301]}},{"id":"127","type":"Feature","properties":{"id":"mwanza_tourist_facilities.128","ogc_fid":128,"fid":128,"addr:street":null,"amenity":"guest_house","man_made":null,"addr:subward":"Kitangiri B","name":"Thomson Lodge","operator":null,"contact:phone":"0765966545","addr:city":"Mwanza","addr:municipality":"Ilemela","tourism":"hotel","opening_hours":null,"addr:ward":"Kitangiri"},"geometry":{"type":"Point","coordinates":[32.9013705,-2.4919732]}},{"id":"128","type":"Feature","properties":{"id":"mwanza_tourist_facilities.129","ogc_fid":129,"fid":129,"addr:street":null,"amenity":"bar","man_made":null,"addr:subward":"Kitangiri B","name":"Monarch Hotel","operator":null,"contact:phone":null,"addr:city":"Mwanza","addr:municipality":"Ilemela","tourism":"hotel","opening_hours":null,"addr:ward":"Kitangiri"},"geometry":{"type":"Point","coordinates":[32.9006195,-2.4954675]}},{"id":"129","type":"Feature","properties":{"id":"mwanza_tourist_facilities.130","ogc_fid":130,"fid":130,"addr:street":null,"amenity":null,"man_made":null,"addr:subward":"Kitangiri B","name":"Royal Guest House","operator":"Royal","contact:phone":null,"addr:city":"Mwanza","addr:municipality":"Ilemela","tourism":"guest_house","opening_hours":null,"addr:ward":"Kitangiri"},"geometry":{"type":"Point","coordinates":[32.8979588,-2.4919946]}},{"id":"130","type":"Feature","properties":{"id":"mwanza_tourist_facilities.131","ogc_fid":131,"fid":131,"addr:street":null,"amenity":"marketplace","man_made":null,"addr:subward":"Kitangiri B","name":"Market","operator":"Market","contact:phone":null,"addr:city":"Mwanza","addr:municipality":"Ilemela","tourism":"guest_house","opening_hours":null,"addr:ward":"Kitangiri"},"geometry":{"type":"Point","coordinates":[32.8982592,-2.4914801]}},{"id":"131","type":"Feature","properties":{"id":"mwanza_tourist_facilities.132","ogc_fid":132,"fid":132,"addr:street":null,"amenity":null,"man_made":null,"addr:subward":"Kitangiri B","name":"Monarch Hotel","operator":null,"contact:phone":"0742250121","addr:city":"Mwanza","addr:municipality":"Ilemela","tourism":"hotel","opening_hours":null,"addr:ward":"Kitangiri"},"geometry":{"type":"Point","coordinates":[32.9004693,-2.4955747]}},{"id":"132","type":"Feature","properties":{"id":"mwanza_tourist_facilities.133","ogc_fid":133,"fid":133,"addr:street":null,"amenity":"guest_house","man_made":null,"addr:subward":"Kitangiri B","name":"Melick Lodge","operator":null,"contact:phone":null,"addr:city":"Mwanza","addr:municipality":"Ilemela","tourism":"guest_house","opening_hours":null,"addr:ward":"Kitangiri"},"geometry":{"type":"Point","coordinates":[32.9006839,-2.4919946]}},{"id":"133","type":"Feature","properties":{"id":"mwanza_tourist_facilities.134","ogc_fid":134,"fid":134,"addr:street":"Kitangiri B","amenity":"bar","man_made":"yes","addr:subward":"Kitangiri B","name":"Akimi Sports Bar and Grill","operator":"Akimi","contact:phone":"0657555222","addr:city":"Mwanza","addr:municipality":"Ilemela","tourism":"museum","opening_hours":null,"addr:ward":"Kitangiri"},"geometry":{"type":"Point","coordinates":[32.90127,-2.494334]}},{"id":"134","type":"Feature","properties":{"id":"mwanza_tourist_facilities.135","ogc_fid":135,"fid":135,"addr:street":"Kitangiri B","amenity":null,"man_made":"yes","addr:subward":"Kitangiri B","name":"Peace Hotel","operator":"Peace","contact:phone":null,"addr:city":"Mwanza","addr:municipality":"Ilemela","tourism":"hotel","opening_hours":null,"addr:ward":"Kitangiri"},"geometry":{"type":"Point","coordinates":[32.9007461,-2.4947312]}},{"id":"135","type":"Feature","properties":{"id":"mwanza_tourist_facilities.136","ogc_fid":136,"fid":136,"addr:street":null,"amenity":"guest_house","man_made":null,"addr:subward":"Kitangiri B","name":"Green Land Lodge","operator":null,"contact:phone":"0765352633","addr:city":"Mwanza","addr:municipality":"Ilemela","tourism":"hotel","opening_hours":null,"addr:ward":"Kitangiri"},"geometry":{"type":"Point","coordinates":[32.9011345,-2.4922733]}},{"id":"136","type":"Feature","properties":{"id":"mwanza_tourist_facilities.137","ogc_fid":137,"fid":137,"addr:street":"Kitangiri Sokoni","amenity":"guest_house","man_made":null,"addr:subward":"Kitangiri B","name":"Matabu Guest House","operator":null,"contact:phone":"0755678588","addr:city":"Mwanza","addr:municipality":"Ilemela","tourism":"guest_house","opening_hours":null,"addr:ward":"Kitangiri"},"geometry":{"type":"Point","coordinates":[32.8975296,-2.4916516]}},{"id":"137","type":"Feature","properties":{"id":"mwanza_tourist_facilities.138","ogc_fid":138,"fid":138,"addr:street":null,"amenity":null,"man_made":null,"addr:subward":"kitangiri 1","name":"Victoria Prince Hotel","operator":"Victoria Prince Hotel","contact:phone":null,"addr:city":"Mwanza","addr:municipality":"Ilemela","tourism":"hotel","opening_hours":null,"addr:ward":"Kitangiri"},"geometry":{"type":"Point","coordinates":[32.8974009,-2.5006124]}},{"id":"138","type":"Feature","properties":{"id":"mwanza_tourist_facilities.139","ogc_fid":139,"fid":139,"addr:street":null,"amenity":null,"man_made":null,"addr:subward":"kitangiri 1","name":null,"operator":null,"contact:phone":null,"addr:city":"Mwanza","addr:municipality":"Ilemela","tourism":"hotel","opening_hours":null,"addr:ward":"Kitangiri"},"geometry":{"type":"Point","coordinates":[32.8975511,-2.4998836]}},{"id":"139","type":"Feature","properties":{"id":"mwanza_tourist_facilities.140","ogc_fid":140,"fid":140,"addr:street":null,"amenity":null,"man_made":null,"addr:subward":"kitangiri 1","name":null,"operator":"villa park hotel","contact:phone":null,"addr:city":"Mwanza","addr:municipality":"Ilemela","tourism":"hotel","opening_hours":null,"addr:ward":"Kitangiri"},"geometry":{"type":"Point","coordinates":[32.8998256,-2.5012127]}},{"id":"140","type":"Feature","properties":{"id":"mwanza_tourist_facilities.141","ogc_fid":141,"fid":141,"addr:street":null,"amenity":null,"man_made":null,"addr:subward":"kitangiri 1","name":"Villa Park Hotel","operator":"villa Park Hotel","contact:phone":null,"addr:city":"Mwanza","addr:municipality":"Ilemela","tourism":"hotel","opening_hours":null,"addr:ward":"Kitangiri"},"geometry":{"type":"Point","coordinates":[32.9000844,-2.5012137]}},{"id":"141","type":"Feature","properties":{"id":"mwanza_tourist_facilities.142","ogc_fid":142,"fid":142,"addr:street":null,"amenity":null,"man_made":null,"addr:subward":"kitangiri 1","name":null,"operator":"villa park hotel","contact:phone":null,"addr:city":"Mwanza","addr:municipality":"Ilemela","tourism":"hotel","opening_hours":null,"addr:ward":"Kitangiri"},"geometry":{"type":"Point","coordinates":[32.9002976,-2.5011269]}},{"id":"142","type":"Feature","properties":{"id":"mwanza_tourist_facilities.143","ogc_fid":143,"fid":143,"addr:street":null,"amenity":null,"man_made":null,"addr:subward":"Kitangiri B","name":"Safari Hotel and Logging","operator":null,"contact:phone":null,"addr:city":"Mwanza","addr:municipality":"Ilemela","tourism":"hotel","opening_hours":null,"addr:ward":"Kitangiri"},"geometry":{"type":"Point","coordinates":[32.9002976,-2.4980185]}},{"id":"143","type":"Feature","properties":{"id":"mwanza_tourist_facilities.144","ogc_fid":144,"fid":144,"addr:street":null,"amenity":"guest_house","man_made":null,"addr:subward":"Kitangiri B","name":"Antonio Lodge","operator":null,"contact:phone":"075625995","addr:city":"Mwanza","addr:municipality":"Ilemela","tourism":"guest_house","opening_hours":null,"addr:ward":"Kitangiri"},"geometry":{"type":"Point","coordinates":[32.9003191,-2.4978685]}},{"id":"144","type":"Feature","properties":{"id":"mwanza_tourist_facilities.145","ogc_fid":145,"fid":145,"addr:street":null,"amenity":"bar","man_made":null,"addr:subward":"Kitangiri B","name":"Stadium Side Lodge","operator":null,"contact:phone":"0756966190","addr:city":"Mwanza","addr:municipality":"Ilemela","tourism":"hotel","opening_hours":null,"addr:ward":"Kitangiri"},"geometry":{"type":"Point","coordinates":[32.900362,-2.4975898]}},{"id":"145","type":"Feature","properties":{"id":"mwanza_tourist_facilities.146","ogc_fid":146,"fid":146,"addr:street":null,"amenity":"bar","man_made":null,"addr:subward":"Kitangiri B","name":"Safari Bar","operator":null,"contact:phone":null,"addr:city":"Mwanza","addr:municipality":"Ilemela","tourism":"hotel","opening_hours":null,"addr:ward":"Kitangiri"},"geometry":{"type":"Point","coordinates":[32.9003676,-2.4981833]}},{"id":"146","type":"Feature","properties":{"id":"mwanza_tourist_facilities.147","ogc_fid":147,"fid":147,"addr:street":null,"amenity":"bar","man_made":null,"addr:subward":"Kitangiri B","name":"Stadium Side Lodge","operator":null,"contact:phone":null,"addr:city":"Mwanza","addr:municipality":"Ilemela","tourism":"hotel","opening_hours":null,"addr:ward":"Kitangiri"},"geometry":{"type":"Point","coordinates":[32.9005122,-2.4973111]}},{"id":"147","type":"Feature","properties":{"id":"mwanza_tourist_facilities.148","ogc_fid":148,"fid":148,"addr:street":null,"amenity":null,"man_made":null,"addr:subward":null,"name":"Audux","operator":null,"contact:phone":null,"addr:city":"Mwanza","addr:municipality":"Ilemela","tourism":"hotel","opening_hours":null,"addr:ward":"Pasiansi"},"geometry":{"type":"Point","coordinates":[32.9017301,-2.4832537]}},{"id":"148","type":"Feature","properties":{"id":"mwanza_tourist_facilities.149","ogc_fid":149,"fid":149,"addr:street":null,"amenity":null,"man_made":null,"addr:subward":null,"name":"buildings","operator":null,"contact:phone":null,"addr:city":"Mwanza","addr:municipality":"Ilemela","tourism":"information","opening_hours":null,"addr:ward":"Pasiansi"},"geometry":{"type":"Point","coordinates":[32.8959937,-2.4826267]}},{"id":"149","type":"Feature","properties":{"id":"mwanza_tourist_facilities.150","ogc_fid":150,"fid":150,"addr:street":"Bruno","amenity":null,"man_made":null,"addr:subward":"Bwiru Mchangani","name":null,"operator":null,"contact:phone":null,"addr:city":"Mwanza","addr:municipality":"Ilemela","tourism":"hostel","opening_hours":null,"addr:ward":"Pasiansi"},"geometry":{"type":"Point","coordinates":[32.8979373,-2.4806328]}},{"id":"150","type":"Feature","properties":{"id":"mwanza_tourist_facilities.151","ogc_fid":151,"fid":151,"addr:street":null,"amenity":"bar","man_made":null,"addr:subward":"Bwiru Press","name":null,"operator":null,"contact:phone":null,"addr:city":"Mwanza","addr:municipality":"Ilemela","tourism":"guest_house","opening_hours":null,"addr:ward":"Pasiansi"},"geometry":{"type":"Point","coordinates":[32.8941393,-2.4772028]}},{"id":"151","type":"Feature","properties":{"id":"mwanza_tourist_facilities.152","ogc_fid":152,"fid":152,"addr:street":null,"amenity":null,"man_made":null,"addr:subward":"Bwiru Press","name":"Green Palm Hotel","operator":null,"contact:phone":null,"addr:city":"Mwanza","addr:municipality":"Ilemela","tourism":"hotel","opening_hours":null,"addr:ward":"Pasiansi"},"geometry":{"type":"Point","coordinates":[32.8951693,-2.4758736]}},{"id":"152","type":"Feature","properties":{"id":"mwanza_tourist_facilities.153","ogc_fid":153,"fid":153,"addr:street":"Bwiru","amenity":null,"man_made":"yes","addr:subward":"Bwiru Press","name":"Hostel","operator":"Government","contact:phone":null,"addr:city":"Mwanza","addr:municipality":"Ilemela","tourism":"hostel","opening_hours":null,"addr:ward":"Pasiansi"},"geometry":{"type":"Point","coordinates":[32.8952589,-2.4756346]}},{"id":"153","type":"Feature","properties":{"id":"mwanza_tourist_facilities.154","ogc_fid":154,"fid":154,"addr:street":null,"amenity":null,"man_made":null,"addr:subward":"Bwiru Press","name":"Hostel No 3","operator":null,"contact:phone":null,"addr:city":"Mwanza","addr:municipality":"Ilemela","tourism":"hostel","opening_hours":null,"addr:ward":"Pasiansi"},"geometry":{"type":"Point","coordinates":[32.8986883,-2.4729152]}},{"id":"154","type":"Feature","properties":{"id":"mwanza_tourist_facilities.155","ogc_fid":155,"fid":155,"addr:street":null,"amenity":null,"man_made":null,"addr:subward":"Bwiru Press","name":"Hostel No 2","operator":"Institute Of Rural Development Planning","contact:phone":null,"addr:city":"Mwanza","addr:municipality":"Ilemela","tourism":"hostel","opening_hours":null,"addr:ward":"Pasiansi"},"geometry":{"type":"Point","coordinates":[32.89886,-2.4727652]}},{"id":"155","type":"Feature","properties":{"id":"mwanza_tourist_facilities.156","ogc_fid":156,"fid":156,"addr:street":null,"amenity":null,"man_made":"yes","addr:subward":"Bwiru Ziwani","name":"Hostel No 6","operator":"IRDP LZC","contact:phone":null,"addr:city":"Mwanza","addr:municipality":"Ilemela","tourism":"hostel","opening_hours":null,"addr:ward":"Pasiansi"},"geometry":{"type":"Point","coordinates":[32.8934012,-2.4722009]}},{"id":"156","type":"Feature","properties":{"id":"mwanza_tourist_facilities.157","ogc_fid":157,"fid":157,"addr:street":null,"amenity":null,"man_made":"yes","addr:subward":"Bwiru Ziwani","name":"Hostel No 8","operator":"IRDP LZC","contact:phone":null,"addr:city":"Mwanza","addr:municipality":"Ilemela","tourism":"hostel","opening_hours":null,"addr:ward":"Pasiansi"},"geometry":{"type":"Point","coordinates":[32.8933883,-2.4709644]}},{"id":"157","type":"Feature","properties":{"id":"mwanza_tourist_facilities.158","ogc_fid":158,"fid":158,"addr:street":"Makongoro Road","amenity":null,"man_made":null,"addr:subward":null,"name":"Vanilla Lodge","operator":null,"contact:phone":null,"addr:city":"Mwanza","addr:municipality":"Ilemela","tourism":"guest_house","opening_hours":null,"addr:ward":"Pasiansi"},"geometry":{"type":"Point","coordinates":[32.8984169,-2.4727502]}},{"id":"158","type":"Feature","properties":{"id":"mwanza_tourist_facilities.159","ogc_fid":159,"fid":159,"addr:street":"Makongoro Avenue","amenity":"bar","man_made":null,"addr:subward":"Pasiansi Juu","name":"Zuka Guest House and Bar","operator":null,"contact:phone":null,"addr:city":"Mwanza","addr:municipality":"Ilemela","tourism":"guest_house","opening_hours":null,"addr:ward":"Pasiansi"},"geometry":{"type":"Point","coordinates":[32.907958,-2.4823907]}},{"id":"159","type":"Feature","properties":{"id":"mwanza_tourist_facilities.160","ogc_fid":160,"fid":160,"addr:street":"Makongoro Avenue","amenity":null,"man_made":null,"addr:subward":"Pasiansi Juu","name":"Zoka Guest House","operator":null,"contact:phone":null,"addr:city":"Mwanza","addr:municipality":"Ilemela","tourism":"guest_house","opening_hours":null,"addr:ward":"Pasiansi"},"geometry":{"type":"Point","coordinates":[32.9080439,-2.4822192]}},{"id":"160","type":"Feature","properties":{"id":"mwanza_tourist_facilities.161","ogc_fid":161,"fid":161,"addr:street":null,"amenity":null,"man_made":null,"addr:subward":null,"name":"Forever Angel Baby Home","operator":null,"contact:phone":null,"addr:city":"Mwanza","addr:municipality":"Ilemela","tourism":"apartment","opening_hours":null,"addr:ward":"Pasiansi"},"geometry":{"type":"Point","coordinates":[32.9022171,-2.4781738]}},{"id":"161","type":"Feature","properties":{"id":"mwanza_tourist_facilities.162","ogc_fid":162,"fid":162,"addr:street":null,"amenity":null,"man_made":null,"addr:subward":null,"name":"Maendeleo Hotel","operator":null,"contact:phone":null,"addr:city":"Mwanza","addr:municipality":"Ilemela","tourism":"apartment","opening_hours":null,"addr:ward":"Pasiansi"},"geometry":{"type":"Point","coordinates":[32.9089699,-2.4726023]}},{"id":"162","type":"Feature","properties":{"id":"mwanza_tourist_facilities.163","ogc_fid":163,"fid":163,"addr:street":"Isela","amenity":null,"man_made":null,"addr:subward":null,"name":"Isela","operator":null,"contact:phone":null,"addr:city":"Mwanza","addr:municipality":"Ilemela","tourism":"apartment","opening_hours":null,"addr:ward":"Kiseke"},"geometry":{"type":"Point","coordinates":[33.0090283,-2.4872324]}},{"id":"163","type":"Feature","properties":{"id":"mwanza_tourist_facilities.164","ogc_fid":164,"fid":164,"addr:street":null,"amenity":null,"man_made":null,"addr:subward":null,"name":"Macintosh Beach","operator":null,"contact:phone":null,"addr:city":"Mwanza","addr:municipality":"Ilemela","tourism":"camp_site","opening_hours":null,"addr:ward":"Sangabuye"},"geometry":{"type":"Point","coordinates":[33.0603213,-2.3760351]}},{"id":"164","type":"Feature","properties":{"id":"mwanza_tourist_facilities.165","ogc_fid":165,"fid":165,"addr:street":null,"amenity":"bar","man_made":null,"addr:subward":"Pasiansi Mashariki","name":null,"operator":null,"contact:phone":null,"addr:city":"Mwanza","addr:municipality":"Ilemela","tourism":"guest_house","opening_hours":null,"addr:ward":"Kawekamo"},"geometry":{"type":"Point","coordinates":[32.9111767,-2.4799896]}},{"id":"165","type":"Feature","properties":{"id":"mwanza_tourist_facilities.166","ogc_fid":166,"fid":166,"addr:street":"pasiansi A mashariki","amenity":null,"man_made":"yes","addr:subward":"pasiansi A mashariki","name":null,"operator":"Adden palace hotel","contact:phone":null,"addr:city":"Mwanza","addr:municipality":"Ilemela","tourism":"hotel","opening_hours":null,"addr:ward":"Kawekamo"},"geometry":{"type":"Point","coordinates":[32.9114771,-2.4739228]}},{"id":"166","type":"Feature","properties":{"id":"mwanza_tourist_facilities.167","ogc_fid":167,"fid":167,"addr:street":null,"amenity":null,"man_made":null,"addr:subward":null,"name":"Fly Hotel","operator":null,"contact:phone":null,"addr:city":"Mwanza","addr:municipality":"Ilemela","tourism":"apartment","opening_hours":null,"addr:ward":"Kawekamo"},"geometry":{"type":"Point","coordinates":[32.9120865,-2.472816]}},{"id":"167","type":"Feature","properties":{"id":"mwanza_tourist_facilities.168","ogc_fid":168,"fid":168,"addr:street":null,"amenity":null,"man_made":null,"addr:subward":"Pasiansi Mashariki B","name":"Mileba Lodge","operator":null,"contact:phone":null,"addr:city":"Mwanza","addr:municipality":"Ilemela","tourism":"guest_house","opening_hours":null,"addr:ward":"Kawekamo"},"geometry":{"type":"Point","coordinates":[32.914331,-2.4775886]}},{"id":"168","type":"Feature","properties":{"id":"mwanza_tourist_facilities.169","ogc_fid":169,"fid":169,"addr:street":null,"amenity":null,"man_made":null,"addr:subward":"Pasiansi Mashariki B","name":null,"operator":null,"contact:phone":null,"addr:city":"Mwanza","addr:municipality":"Ilemela","tourism":"guest_house","opening_hours":null,"addr:ward":"Kawekamo"},"geometry":{"type":"Point","coordinates":[32.9148459,-2.4778459]}},{"id":"169","type":"Feature","properties":{"id":"mwanza_tourist_facilities.170","ogc_fid":170,"fid":170,"addr:street":"pasiansi A mashariki","amenity":null,"man_made":"yes","addr:subward":"pasiansi A mashariki","name":"Lenana Hotel","operator":"Lenana hotel","contact:phone":null,"addr:city":"Mwanza","addr:municipality":"Ilemela","tourism":"hotel","opening_hours":null,"addr:ward":"Kawekamo"},"geometry":{"type":"Point","coordinates":[32.9090309,-2.4820477]}},{"id":"170","type":"Feature","properties":{"id":"mwanza_tourist_facilities.171","ogc_fid":171,"fid":171,"addr:street":"Bigbait","amenity":"bar","man_made":null,"addr:subward":"Kilimahewa","name":null,"operator":null,"contact:phone":null,"addr:city":"Mwanza","addr:municipality":"Ilemela","tourism":"hotel","opening_hours":null,"addr:ward":"Ibungilo"},"geometry":{"type":"Point","coordinates":[32.9135023,-2.4936859]}},{"id":"171","type":"Feature","properties":{"id":"mwanza_tourist_facilities.172","ogc_fid":172,"fid":172,"addr:street":null,"amenity":null,"man_made":null,"addr:subward":"Butuja","name":null,"operator":null,"contact:phone":null,"addr:city":"Mwanza","addr:municipality":"Ilemela","tourism":"hostel","opening_hours":null,"addr:ward":"Ilemela"},"geometry":{"type":"Point","coordinates":[32.9105759,-2.4627966]}},{"id":"172","type":"Feature","properties":{"id":"mwanza_tourist_facilities.173","ogc_fid":173,"fid":173,"addr:street":null,"amenity":null,"man_made":null,"addr:subward":"Butuja","name":null,"operator":null,"contact:phone":null,"addr:city":"Mwanza","addr:municipality":"Ilemela","tourism":"hostel","opening_hours":null,"addr:ward":"Ilemela"},"geometry":{"type":"Point","coordinates":[32.9106188,-2.4625608]}},{"id":"173","type":"Feature","properties":{"id":"mwanza_tourist_facilities.174","ogc_fid":174,"fid":174,"addr:street":null,"amenity":null,"man_made":null,"addr:subward":"Mwambani","name":"Golden Rock Lodge","operator":null,"contact:phone":null,"addr:city":"Mwanza","addr:municipality":"Ilemela","tourism":"guest_house","opening_hours":null,"addr:ward":"Ilemela"},"geometry":{"type":"Point","coordinates":[32.9110761,-2.4507907]}},{"id":"174","type":"Feature","properties":{"id":"mwanza_tourist_facilities.175","ogc_fid":175,"fid":175,"addr:street":"pasiansi mashariki A","amenity":"bar","man_made":null,"addr:subward":"Pasiansi Mashariki A","name":null,"operator":"Njia panda","contact:phone":null,"addr:city":"Mwanza","addr:municipality":"Ilemela","tourism":"guest_house","opening_hours":null,"addr:ward":"Ilemela"},"geometry":{"type":"Point","coordinates":[32.9117714,-2.4720449]}},{"id":"175","type":"Feature","properties":{"id":"mwanza_tourist_facilities.176","ogc_fid":176,"fid":176,"addr:street":null,"amenity":null,"man_made":"yes","addr:subward":"Balyehele","name":null,"operator":null,"contact:phone":null,"addr:city":"Mwanza","addr:municipality":"Ilemela","tourism":"hotel","opening_hours":null,"addr:ward":"Ilemela"},"geometry":{"type":"Point","coordinates":[32.9117775,-2.45748]}},{"id":"176","type":"Feature","properties":{"id":"mwanza_tourist_facilities.177","ogc_fid":177,"fid":177,"addr:street":null,"amenity":null,"man_made":"yes","addr:subward":"Balyehele","name":null,"operator":null,"contact:phone":null,"addr:city":"Mwanza","addr:municipality":"Ilemela","tourism":"hotel","opening_hours":null,"addr:ward":"Ilemela"},"geometry":{"type":"Point","coordinates":[32.9118419,-2.4576515]}},{"id":"177","type":"Feature","properties":{"id":"mwanza_tourist_facilities.178","ogc_fid":178,"fid":178,"addr:street":null,"amenity":null,"man_made":"yes","addr:subward":"Balyehele","name":"Jane's Lodge","operator":null,"contact:phone":null,"addr:city":"Mwanza","addr:municipality":"Ilemela","tourism":"guest_house","opening_hours":null,"addr:ward":"Ilemela"},"geometry":{"type":"Point","coordinates":[32.9119706,-2.4577158]}},{"id":"178","type":"Feature","properties":{"id":"mwanza_tourist_facilities.179","ogc_fid":179,"fid":179,"addr:street":null,"amenity":null,"man_made":"yes","addr:subward":"Balyehele","name":"City Style House","operator":null,"contact:phone":null,"addr:city":"Mwanza","addr:municipality":"Ilemela","tourism":"guest_house","opening_hours":null,"addr:ward":"Ilemela"},"geometry":{"type":"Point","coordinates":[32.9124824,-2.4583652]}},{"id":"179","type":"Feature","properties":{"id":"mwanza_tourist_facilities.180","ogc_fid":180,"fid":180,"addr:street":null,"amenity":null,"man_made":null,"addr:subward":"Mwambani","name":"Antelope Hotel","operator":"Antelope","contact:phone":null,"addr:city":"Mwanza","addr:municipality":"Ilemela","tourism":"hotel","opening_hours":null,"addr:ward":"Ilemela"},"geometry":{"type":"Point","coordinates":[32.9137301,-2.4526993]}},{"id":"180","type":"Feature","properties":{"id":"mwanza_tourist_facilities.181","ogc_fid":181,"fid":181,"addr:street":null,"amenity":"Lodge","man_made":"yes","addr:subward":"Kahasa","name":null,"operator":"Private","contact:phone":null,"addr:city":"Mwanza","addr:municipality":"Ilemela","tourism":"guest_house","opening_hours":null,"addr:ward":"Ilemela"},"geometry":{"type":"Point","coordinates":[32.9139876,-2.4583375]}},{"id":"181","type":"Feature","properties":{"id":"mwanza_tourist_facilities.182","ogc_fid":182,"fid":182,"addr:street":null,"amenity":null,"man_made":null,"addr:subward":"Kahasa","name":"PP Hotel","operator":"Private","contact:phone":null,"addr:city":"Mwanza","addr:municipality":"Ilemela","tourism":"hotel","opening_hours":null,"addr:ward":"Ilemela"},"geometry":{"type":"Point","coordinates":[32.9143095,-2.4580374]}},{"id":"182","type":"Feature","properties":{"id":"mwanza_tourist_facilities.183","ogc_fid":183,"fid":183,"addr:street":null,"amenity":null,"man_made":null,"addr:subward":"Bukengwa","name":"Sea Breez Hotel","operator":null,"contact:phone":null,"addr:city":"Mwanza","addr:municipality":"Ilemela","tourism":"hotel","opening_hours":null,"addr:ward":"Ilemela"},"geometry":{"type":"Point","coordinates":[32.9187199,-2.4606834]}},{"id":"183","type":"Feature","properties":{"id":"mwanza_tourist_facilities.184","ogc_fid":184,"fid":184,"addr:street":null,"amenity":"bar","man_made":"yes","addr:subward":"Lumala Mashariki","name":null,"operator":"Haveon Hotel","contact:phone":null,"addr:city":"Mwanza","addr:municipality":"Ilemela","tourism":"hotel","opening_hours":null,"addr:ward":"Ilemela"},"geometry":{"type":"Point","coordinates":[32.9206395,-2.4681775]}},{"id":"184","type":"Feature","properties":{"id":"mwanza_tourist_facilities.185","ogc_fid":185,"fid":185,"addr:street":null,"amenity":null,"man_made":null,"addr:subward":null,"name":"Bridge","operator":null,"contact:phone":null,"addr:city":"Mwanza","addr:municipality":"Ilemela","tourism":"viewpoint","opening_hours":null,"addr:ward":"Ilemela"},"geometry":{"type":"Point","coordinates":[32.9535991,-2.4884177]}},{"id":"185","type":"Feature","properties":{"id":"mwanza_tourist_facilities.186","ogc_fid":186,"fid":186,"addr:street":null,"amenity":null,"man_made":null,"addr:subward":null,"name":"Lagos Hotel","operator":null,"contact:phone":null,"addr:city":"Mwanza","addr:municipality":"Ilemela","tourism":"hotel","opening_hours":null,"addr:ward":"Ilemela"},"geometry":{"type":"Point","coordinates":[32.963351,-2.4903815]}},{"id":"186","type":"Feature","properties":{"id":"mwanza_tourist_facilities.187","ogc_fid":187,"fid":187,"addr:street":null,"amenity":null,"man_made":null,"addr:subward":null,"name":"Laverny Hotel","operator":null,"contact:phone":null,"addr:city":"Mwanza","addr:municipality":"Ilemela","tourism":"hotel","opening_hours":null,"addr:ward":"Ilemela"},"geometry":{"type":"Point","coordinates":[32.9119809,-2.4580288]}},{"id":"187","type":"Feature","properties":{"id":"mwanza_tourist_facilities.188","ogc_fid":188,"fid":188,"addr:street":null,"amenity":null,"man_made":null,"addr:subward":"Balyehele","name":"Pack Land Hotel","operator":null,"contact:phone":null,"addr:city":"Mwanza","addr:municipality":"Ilemela","tourism":"hotel","opening_hours":null,"addr:ward":"Ilemela"},"geometry":{"type":"Point","coordinates":[32.9093742,-2.4558936]}},{"id":"188","type":"Feature","properties":{"id":"mwanza_tourist_facilities.189","ogc_fid":189,"fid":189,"addr:street":null,"amenity":null,"man_made":null,"addr:subward":null,"name":"Tunza lodge","operator":null,"contact:phone":null,"addr:city":"Mwanza","addr:municipality":"Ilemela","tourism":"guest_house","opening_hours":null,"addr:ward":"Ilemela"},"geometry":{"type":"Point","coordinates":[32.9024363,-2.4510843]}},{"id":"189","type":"Feature","properties":{"id":"mwanza_tourist_facilities.190","ogc_fid":190,"fid":190,"addr:street":null,"amenity":null,"man_made":null,"addr:subward":null,"name":"Tunza Beach","operator":null,"contact:phone":null,"addr:city":"Mwanza","addr:municipality":"Ilemela","tourism":"camp_site","opening_hours":null,"addr:ward":"Ilemela"},"geometry":{"type":"Point","coordinates":[32.9020044,-2.4507568]}},{"id":"190","type":"Feature","properties":{"id":"mwanza_tourist_facilities.191","ogc_fid":191,"fid":191,"addr:street":null,"amenity":null,"man_made":null,"addr:subward":null,"name":"Malaika beach resort","operator":null,"contact:phone":null,"addr:city":"Mwanza","addr:municipality":"Ilemela","tourism":"guest_house","opening_hours":null,"addr:ward":"Ilemela"},"geometry":{"type":"Point","coordinates":[32.905201,-2.4427707]}},{"id":"191","type":"Feature","properties":{"id":"mwanza_tourist_facilities.192","ogc_fid":192,"fid":192,"addr:street":null,"amenity":null,"man_made":"yes","addr:subward":"Nyagunguru","name":"Malaika Beach Resort","operator":null,"contact:phone":null,"addr:city":"Mwanza","addr:municipality":"Ilemela","tourism":"hotel","opening_hours":null,"addr:ward":"Ilemela"},"geometry":{"type":"Point","coordinates":[32.9053764,-2.4425364]}},{"id":"192","type":"Feature","properties":{"id":"mwanza_tourist_facilities.193","ogc_fid":193,"fid":193,"addr:street":null,"amenity":"parking","man_made":"yes","addr:subward":"Nyagunguru","name":"Malaika Beach Resort","operator":null,"contact:phone":null,"addr:city":"Mwanza","addr:municipality":"Ilemela","tourism":"hotel","opening_hours":null,"addr:ward":"Ilemela"},"geometry":{"type":"Point","coordinates":[32.9044651,-2.442365]}},{"id":"193","type":"Feature","properties":{"id":"mwanza_tourist_facilities.194","ogc_fid":194,"fid":194,"addr:street":null,"amenity":null,"man_made":"yes","addr:subward":"Nyagunguru","name":"Malaika Beach Resort","operator":null,"contact:phone":null,"addr:city":"Mwanza","addr:municipality":"Ilemela","tourism":"hotel","opening_hours":null,"addr:ward":"Ilemela"},"geometry":{"type":"Point","coordinates":[32.90416,-2.4422804]}},{"id":"194","type":"Feature","properties":{"id":"mwanza_tourist_facilities.195","ogc_fid":195,"fid":195,"addr:street":null,"amenity":null,"man_made":"yes","addr:subward":"Nyagunguru","name":"Malaika Beach Resort","operator":null,"contact:phone":null,"addr:city":"Mwanza","addr:municipality":"Ilemela","tourism":"hotel","opening_hours":null,"addr:ward":"Ilemela"},"geometry":{"type":"Point","coordinates":[32.9045892,-2.4420232]}},{"id":"195","type":"Feature","properties":{"id":"mwanza_tourist_facilities.196","ogc_fid":196,"fid":196,"addr:street":"Petrol station","amenity":null,"man_made":null,"addr:subward":null,"name":"Buzuruga","operator":null,"contact:phone":null,"addr:city":"Mwanza","addr:municipality":"Ilemela","tourism":"apartment","opening_hours":null,"addr:ward":"Mecco"},"geometry":{"type":"Point","coordinates":[32.9396289,-2.5355104]}},{"id":"196","type":"Feature","properties":{"id":"mwanza_tourist_facilities.197","ogc_fid":197,"fid":197,"addr:street":null,"amenity":"pub","man_made":"yes","addr:subward":"Buzuruga Mashariki","name":"New Golden Rock Pub","operator":null,"contact:phone":null,"addr:city":"Mwanza","addr:municipality":"Ilemela","tourism":"guest_house","opening_hours":null,"addr:ward":"Mecco"},"geometry":{"type":"Point","coordinates":[32.9409373,-2.5319137]}},{"id":"197","type":"Feature","properties":{"id":"mwanza_tourist_facilities.198","ogc_fid":198,"fid":198,"addr:street":null,"amenity":"guest_house","man_made":"yes","addr:subward":"Buzuruga Mashariki","name":"Junior Guest House","operator":"Junior Guest House","contact:phone":null,"addr:city":"Mwanza","addr:municipality":"Ilemela","tourism":"guest_house","opening_hours":null,"addr:ward":"Mecco"},"geometry":{"type":"Point","coordinates":[32.9409385,-2.5346758]}},{"id":"198","type":"Feature","properties":{"id":"mwanza_tourist_facilities.199","ogc_fid":199,"fid":199,"addr:street":null,"amenity":"car_wash","man_made":"yes","addr:subward":"Buzuruga Mashariki","name":null,"operator":"King","contact:phone":null,"addr:city":"Mwanza","addr:municipality":"Ilemela","tourism":"camp_site","opening_hours":null,"addr:ward":"Mecco"},"geometry":{"type":"Point","coordinates":[32.9414749,-2.5300669]}},{"id":"199","type":"Feature","properties":{"id":"mwanza_tourist_facilities.200","ogc_fid":200,"fid":200,"addr:street":null,"amenity":"pub","man_made":"yes","addr:subward":"Mecco Kusini","name":"Liquid pub","operator":null,"contact:phone":null,"addr:city":"Mwanza","addr:municipality":"Ilemela","tourism":"guest_house","opening_hours":null,"addr:ward":"Mecco"},"geometry":{"type":"Point","coordinates":[32.9416498,-2.53431]}},{"id":"200","type":"Feature","properties":{"id":"mwanza_tourist_facilities.201","ogc_fid":201,"fid":201,"addr:street":"Nyasaka Road","amenity":"car_wash","man_made":"yes","addr:subward":"Buzuruga Mashariki","name":null,"operator":"Sky Car wash","contact:phone":null,"addr:city":"Mwanza","addr:municipality":"Ilemela","tourism":"camp_site","opening_hours":null,"addr:ward":"Mecco"},"geometry":{"type":"Point","coordinates":[32.9417831,-2.529672]}},{"id":"201","type":"Feature","properties":{"id":"mwanza_tourist_facilities.202","ogc_fid":202,"fid":202,"addr:street":null,"amenity":"restaurant","man_made":"yes","addr:subward":"Mecco Kusini","name":"Onesmo","operator":null,"contact:phone":null,"addr:city":"Mwanza","addr:municipality":"Ilemela","tourism":"guest_house","opening_hours":null,"addr:ward":"Mecco"},"geometry":{"type":"Point","coordinates":[32.9420837,-2.5344636]}},{"id":"202","type":"Feature","properties":{"id":"mwanza_tourist_facilities.203","ogc_fid":203,"fid":203,"addr:street":null,"amenity":null,"man_made":"yes","addr:subward":"Mecco Kusini","name":"Eyembe guest house","operator":null,"contact:phone":null,"addr:city":"Mwanza","addr:municipality":"Ilemela","tourism":"guest_house","opening_hours":null,"addr:ward":"Mecco"},"geometry":{"type":"Point","coordinates":[32.9421318,-2.5343314]}},{"id":"203","type":"Feature","properties":{"id":"mwanza_tourist_facilities.204","ogc_fid":204,"fid":204,"addr:street":null,"amenity":"pub","man_made":"yes","addr:subward":"Buzuruga Mashariki","name":"The golden Rock pub","operator":null,"contact:phone":null,"addr:city":"Mwanza","addr:municipality":"Ilemela","tourism":"guest_house","opening_hours":null,"addr:ward":"Mecco"},"geometry":{"type":"Point","coordinates":[32.9408956,-2.5319104]}},{"id":"204","type":"Feature","properties":{"id":"mwanza_tourist_facilities.205","ogc_fid":205,"fid":205,"addr:street":null,"amenity":"fast_food","man_made":"yes","addr:subward":"Buzuruga Mashariki","name":null,"operator":"Mlimani Hotel","contact:phone":null,"addr:city":"Mwanza","addr:municipality":"Ilemela","tourism":"hotel","opening_hours":null,"addr:ward":"Mecco"},"geometry":{"type":"Point","coordinates":[32.9414749,-2.5303455]}},{"id":"205","type":"Feature","properties":{"id":"mwanza_tourist_facilities.206","ogc_fid":206,"fid":206,"addr:street":null,"amenity":"cafe","man_made":"yes","addr:subward":"Buzuruga Mashariki","name":"Jomba Cafe","operator":"Jomba Cafe","contact:phone":null,"addr:city":"Mwanza","addr:municipality":"Ilemela","tourism":"camp_site","opening_hours":null,"addr:ward":"Mecco"},"geometry":{"type":"Point","coordinates":[32.9411745,-2.5308172]}},{"id":"206","type":"Feature","properties":{"id":"mwanza_tourist_facilities.207","ogc_fid":207,"fid":207,"addr:street":null,"amenity":null,"man_made":null,"addr:subward":null,"name":"White Inn Hotel","operator":null,"contact:phone":null,"addr:city":"Mwanza","addr:municipality":"Ilemela","tourism":"hotel","opening_hours":null,"addr:ward":"Mecco"},"geometry":{"type":"Point","coordinates":[32.9412684,-2.5306506]}},{"id":"207","type":"Feature","properties":{"id":"mwanza_tourist_facilities.208","ogc_fid":208,"fid":208,"addr:street":null,"amenity":null,"man_made":"yes","addr:subward":"Mecco Kusini","name":"Mwanga Executive","operator":null,"contact:phone":null,"addr:city":"Mwanza","addr:municipality":"Ilemela","tourism":"guest_house","opening_hours":null,"addr:ward":"Mecco"},"geometry":{"type":"Point","coordinates":[32.9430616,-2.5343733]}},{"id":"208","type":"Feature","properties":{"id":"mwanza_tourist_facilities.209","ogc_fid":209,"fid":209,"addr:street":null,"amenity":null,"man_made":null,"addr:subward":"Nundu","name":"Sunrise Guest House","operator":null,"contact:phone":null,"addr:city":"Mwanza","addr:municipality":"Ilemela","tourism":"guest_house","opening_hours":null,"addr:ward":"Mecco"},"geometry":{"type":"Point","coordinates":[32.943332,-2.5317282]}},{"id":"209","type":"Feature","properties":{"id":"mwanza_tourist_facilities.210","ogc_fid":210,"fid":210,"addr:street":null,"amenity":"bar","man_made":"yes","addr:subward":"Nundu","name":"DV8 bar","operator":null,"contact:phone":null,"addr:city":"Mwanza","addr:municipality":"Ilemela","tourism":"guest_house","opening_hours":null,"addr:ward":"Mecco"},"geometry":{"type":"Point","coordinates":[32.9435713,-2.5313741]}},{"id":"210","type":"Feature","properties":{"id":"mwanza_tourist_facilities.211","ogc_fid":211,"fid":211,"addr:street":null,"amenity":"restaurant","man_made":"yes","addr:subward":"Nundu","name":"Amani Guest House","operator":null,"contact:phone":null,"addr:city":"Mwanza","addr:municipality":"Ilemela","tourism":"guest_house","opening_hours":null,"addr:ward":"Mecco"},"geometry":{"type":"Point","coordinates":[32.9437629,-2.5314288]}},{"id":"211","type":"Feature","properties":{"id":"mwanza_tourist_facilities.212","ogc_fid":212,"fid":212,"addr:street":null,"amenity":"bar","man_made":"yes","addr:subward":"Nundu","name":null,"operator":null,"contact:phone":null,"addr:city":"Mwanza","addr:municipality":"Ilemela","tourism":"guest_house","opening_hours":null,"addr:ward":"Mecco"},"geometry":{"type":"Point","coordinates":[32.9443581,-2.5304143]}},{"id":"212","type":"Feature","properties":{"id":"mwanza_tourist_facilities.213","ogc_fid":213,"fid":213,"addr:street":null,"amenity":null,"man_made":null,"addr:subward":"Nundu","name":"Damesk Lodge","operator":null,"contact:phone":null,"addr:city":"Mwanza","addr:municipality":"Ilemela","tourism":"guest_house","opening_hours":null,"addr:ward":"Mecco"},"geometry":{"type":"Point","coordinates":[32.9443932,-2.5317175]}},{"id":"213","type":"Feature","properties":{"id":"mwanza_tourist_facilities.214","ogc_fid":214,"fid":214,"addr:street":null,"amenity":null,"man_made":"yes","addr:subward":"Nundu","name":"Idama Lodge","operator":null,"contact:phone":null,"addr:city":"Mwanza","addr:municipality":"Ilemela","tourism":"guest_house","opening_hours":null,"addr:ward":"Mecco"},"geometry":{"type":"Point","coordinates":[32.9448009,-2.5333681]}},{"id":"214","type":"Feature","properties":{"id":"mwanza_tourist_facilities.215","ogc_fid":215,"fid":215,"addr:street":null,"amenity":null,"man_made":"yes","addr:subward":"Nundu","name":"Idama Executive Lodge","operator":null,"contact:phone":null,"addr:city":"Mwanza","addr:municipality":"Ilemela","tourism":"guest_house","opening_hours":null,"addr:ward":"Mecco"},"geometry":{"type":"Point","coordinates":[32.9448652,-2.5336254]}},{"id":"215","type":"Feature","properties":{"id":"mwanza_tourist_facilities.216","ogc_fid":216,"fid":216,"addr:street":null,"amenity":"bar","man_made":"yes","addr:subward":"Nundu","name":"Fahari Moja Guest","operator":"Fahari Moja Guest","contact:phone":null,"addr:city":"Mwanza","addr:municipality":"Ilemela","tourism":"guest_house","opening_hours":null,"addr:ward":"Mecco"},"geometry":{"type":"Point","coordinates":[32.9451227,-2.5293595]}},{"id":"216","type":"Feature","properties":{"id":"mwanza_tourist_facilities.217","ogc_fid":217,"fid":217,"addr:street":null,"amenity":"bar","man_made":"yes","addr:subward":"Nundu","name":"Bakari Executive Lodge","operator":null,"contact:phone":null,"addr:city":"Mwanza","addr:municipality":"Ilemela","tourism":"guest_house","opening_hours":null,"addr:ward":"Mecco"},"geometry":{"type":"Point","coordinates":[32.947011,-2.5300883]}},{"id":"217","type":"Feature","properties":{"id":"mwanza_tourist_facilities.218","ogc_fid":218,"fid":218,"addr:street":null,"amenity":"restaurant","man_made":"yes","addr:subward":"Mecco","name":"Vanilla","operator":null,"contact:phone":null,"addr:city":"Mwanza","addr:municipality":"Ilemela","tourism":"viewpoint","opening_hours":null,"addr:ward":"Mecco"},"geometry":{"type":"Point","coordinates":[32.94778,-2.5314774]}},{"id":"218","type":"Feature","properties":{"id":"mwanza_tourist_facilities.219","ogc_fid":219,"fid":219,"addr:street":null,"amenity":null,"man_made":null,"addr:subward":"Majanini","name":"Awadhi Lodge","operator":null,"contact:phone":null,"addr:city":"Mwanza","addr:municipality":"Ilemela","tourism":"guest_house","opening_hours":null,"addr:ward":"Mecco"},"geometry":{"type":"Point","coordinates":[32.9477835,-2.5334753]}},{"id":"219","type":"Feature","properties":{"id":"mwanza_tourist_facilities.220","ogc_fid":220,"fid":220,"addr:street":null,"amenity":null,"man_made":null,"addr:subward":"Majanini","name":null,"operator":null,"contact:phone":null,"addr:city":"Mwanza","addr:municipality":"Ilemela","tourism":"guest_house","opening_hours":null,"addr:ward":"Mecco"},"geometry":{"type":"Point","coordinates":[32.9486803,-2.5318956]}},{"id":"220","type":"Feature","properties":{"id":"mwanza_tourist_facilities.221","ogc_fid":221,"fid":221,"addr:street":null,"amenity":null,"man_made":null,"addr:subward":null,"name":"Kangaye","operator":null,"contact:phone":null,"addr:city":"Mwanza","addr:municipality":"Ilemela","tourism":"attraction","opening_hours":null,"addr:ward":"Mecco"},"geometry":{"type":"Point","coordinates":[32.9522682,-2.5255628]}},{"id":"221","type":"Feature","properties":{"id":"mwanza_tourist_facilities.222","ogc_fid":222,"fid":222,"addr:street":null,"amenity":"bbq","man_made":"yes","addr:subward":"Degeli Kivukoni","name":null,"operator":"G Saloon","contact:phone":null,"addr:city":"Mwanza","addr:municipality":"Ilemela","tourism":"attraction","opening_hours":null,"addr:ward":"Mecco"},"geometry":{"type":"Point","coordinates":[32.9538973,-2.5318392]}},{"id":"222","type":"Feature","properties":{"id":"mwanza_tourist_facilities.223","ogc_fid":223,"fid":223,"addr:street":null,"amenity":null,"man_made":null,"addr:subward":null,"name":"Comfort Hotel","operator":null,"contact:phone":null,"addr:city":"Mwanza","addr:municipality":"Ilemela","tourism":"hotel","opening_hours":null,"addr:ward":"Mecco"},"geometry":{"type":"Point","coordinates":[32.9549681,-2.5391746]}},{"id":"223","type":"Feature","properties":{"id":"mwanza_tourist_facilities.224","ogc_fid":224,"fid":224,"addr:street":null,"amenity":null,"man_made":null,"addr:subward":null,"name":"SIDO Mwanza","operator":null,"contact:phone":null,"addr:city":"Mwanza","addr:municipality":"Ilemela","tourism":"artwork","opening_hours":null,"addr:ward":"Mecco"},"geometry":{"type":"Point","coordinates":[32.9682405,-2.5391451]}},{"id":"224","type":"Feature","properties":{"id":"mwanza_tourist_facilities.225","ogc_fid":225,"fid":225,"addr:street":null,"amenity":"bar","man_made":"yes","addr:subward":"Nundu","name":null,"operator":null,"contact:phone":null,"addr:city":"Mwanza","addr:municipality":"Ilemela","tourism":"guest_house","opening_hours":null,"addr:ward":"Mecco"},"geometry":{"type":"Point","coordinates":[32.9446077,-2.5294881]}},{"id":"225","type":"Feature","properties":{"id":"mwanza_tourist_facilities.226","ogc_fid":226,"fid":226,"addr:street":null,"amenity":null,"man_made":null,"addr:subward":"Majanini","name":null,"operator":null,"contact:phone":null,"addr:city":"Mwanza","addr:municipality":"Ilemela","tourism":"guest_house","opening_hours":null,"addr:ward":"Mecco"},"geometry":{"type":"Point","coordinates":[32.9477406,-2.5332395]}},{"id":"226","type":"Feature","properties":{"id":"mwanza_tourist_facilities.227","ogc_fid":227,"fid":227,"addr:street":null,"amenity":"restaurant","man_made":"yes","addr:subward":"Nundu","name":"Appex","operator":"Appex","contact:phone":null,"addr:city":"Mwanza","addr:municipality":"Ilemela","tourism":"guest_house","opening_hours":null,"addr:ward":"Mecco"},"geometry":{"type":"Point","coordinates":[32.9441993,-2.5303233]}},{"id":"227","type":"Feature","properties":{"id":"mwanza_tourist_facilities.228","ogc_fid":228,"fid":228,"addr:street":"Nundu","amenity":"restaurant","man_made":"yes","addr:subward":"Mecco","name":null,"operator":null,"contact:phone":null,"addr:city":"Mwanza","addr:municipality":"Ilemela","tourism":"hotel","opening_hours":null,"addr:ward":"Mecco"},"geometry":{"type":"Point","coordinates":[32.9468179,-2.5331538]}},{"id":"228","type":"Feature","properties":{"id":"mwanza_tourist_facilities.229","ogc_fid":229,"fid":229,"addr:street":null,"amenity":null,"man_made":null,"addr:subward":null,"name":"Bayachamo Hotel","operator":null,"contact:phone":null,"addr:city":"Mwanza","addr:municipality":"Ilemela","tourism":"hotel","opening_hours":null,"addr:ward":"Mecco"},"geometry":{"type":"Point","coordinates":[32.9480772,-2.53242]}},{"id":"229","type":"Feature","properties":{"id":"mwanza_tourist_facilities.230","ogc_fid":230,"fid":230,"addr:street":null,"amenity":null,"man_made":null,"addr:subward":"Nundu","name":"Kapama Lodge","operator":null,"contact:phone":null,"addr:city":"Mwanza","addr:municipality":"Ilemela","tourism":"guest_house","opening_hours":null,"addr:ward":"Mecco"},"geometry":{"type":"Point","coordinates":[32.9444361,-2.5319104]}},{"id":"230","type":"Feature","properties":{"id":"mwanza_tourist_facilities.231","ogc_fid":231,"fid":231,"addr:street":null,"amenity":null,"man_made":null,"addr:subward":"Nundu","name":"Nundu Guest House","operator":null,"contact:phone":null,"addr:city":"Mwanza","addr:municipality":"Ilemela","tourism":"guest_house","opening_hours":null,"addr:ward":"Mecco"},"geometry":{"type":"Point","coordinates":[32.9437957,-2.5317134]}},{"id":"231","type":"Feature","properties":{"id":"mwanza_tourist_facilities.232","ogc_fid":232,"fid":232,"addr:street":null,"amenity":null,"man_made":null,"addr:subward":null,"name":"ACTT","operator":null,"contact:phone":null,"addr:city":"Mwanza","addr:municipality":"Nyamagana","tourism":"apartment","opening_hours":null,"addr:ward":"Isamilo"},"geometry":{"type":"Point","coordinates":[32.9001272,-2.51356]}},{"id":"232","type":"Feature","properties":{"id":"mwanza_tourist_facilities.233","ogc_fid":233,"fid":233,"addr:street":null,"amenity":"theatre","man_made":null,"addr:subward":"Nela","name":null,"operator":null,"contact:phone":null,"addr:city":"Mwanza","addr:municipality":"Nyamagana","tourism":"guest_house","opening_hours":null,"addr:ward":"Isamilo"},"geometry":{"type":"Point","coordinates":[32.9000598,-2.5135824]}},{"id":"233","type":"Feature","properties":{"id":"mwanza_tourist_facilities.234","ogc_fid":234,"fid":234,"addr:street":null,"amenity":"cafe","man_made":"yes","addr:subward":"Lake","name":null,"operator":"The Joint Isamilo Fast Food","contact:phone":null,"addr:city":"Mwanza","addr:municipality":"Nyamagana","tourism":"hotel","opening_hours":null,"addr:ward":"Isamilo"},"geometry":{"type":"Point","coordinates":[32.908145,-2.5134756]}},{"id":"234","type":"Feature","properties":{"id":"mwanza_tourist_facilities.235","ogc_fid":235,"fid":235,"addr:street":null,"amenity":"cafe","man_made":"yes","addr:subward":"Lake","name":null,"operator":null,"contact:phone":null,"addr:city":"Mwanza","addr:municipality":"Nyamagana","tourism":"hotel","opening_hours":null,"addr:ward":"Isamilo"},"geometry":{"type":"Point","coordinates":[32.9079173,-2.5135214]}},{"id":"235","type":"Feature","properties":{"id":"mwanza_tourist_facilities.236","ogc_fid":236,"fid":236,"addr:street":null,"amenity":"bar","man_made":"yes","addr:subward":"Nela","name":null,"operator":null,"contact:phone":null,"addr:city":"Mwanza","addr:municipality":"Nyamagana","tourism":"guest_house","opening_hours":null,"addr:ward":"Isamilo"},"geometry":{"type":"Point","coordinates":[32.9033446,-2.5080297]}},{"id":"236","type":"Feature","properties":{"id":"mwanza_tourist_facilities.237","ogc_fid":237,"fid":237,"addr:street":null,"amenity":null,"man_made":null,"addr:subward":null,"name":"Isamilo Lodge","operator":null,"contact:phone":null,"addr:city":"Mwanza","addr:municipality":"Nyamagana","tourism":"hotel","opening_hours":null,"addr:ward":"Isamilo"},"geometry":{"type":"Point","coordinates":[32.9125162,-2.5073808]}},{"id":"237","type":"Feature","properties":{"id":"mwanza_tourist_facilities.238","ogc_fid":238,"fid":238,"addr:street":null,"amenity":null,"man_made":null,"addr:subward":null,"name":"Oliver Hotel","operator":null,"contact:phone":null,"addr:city":"Mwanza","addr:municipality":"Nyamagana","tourism":"hotel","opening_hours":null,"addr:ward":"Isamilo"},"geometry":{"type":"Point","coordinates":[32.9006852,-2.5080195]}},{"id":"238","type":"Feature","properties":{"id":"mwanza_tourist_facilities.239","ogc_fid":239,"fid":239,"addr:street":"Makongoro","amenity":"bar","man_made":null,"addr:subward":"Nela","name":null,"operator":null,"contact:phone":null,"addr:city":"Mwanza","addr:municipality":"Nyamagana","tourism":"hotel","opening_hours":null,"addr:ward":"Isamilo"},"geometry":{"type":"Point","coordinates":[32.900598,-2.5079868]}},{"id":"239","type":"Feature","properties":{"id":"mwanza_tourist_facilities.240","ogc_fid":240,"fid":240,"addr:street":"Makongoro","amenity":"restaurant","man_made":null,"addr:subward":"Nela","name":null,"operator":null,"contact:phone":null,"addr:city":"Mwanza","addr:municipality":"Nyamagana","tourism":"hotel","opening_hours":null,"addr:ward":"Isamilo"},"geometry":{"type":"Point","coordinates":[32.9013491,-2.5072794]}},{"id":"240","type":"Feature","properties":{"id":"mwanza_tourist_facilities.241","ogc_fid":241,"fid":241,"addr:street":"Makongoro","amenity":null,"man_made":null,"addr:subward":"Nela","name":null,"operator":null,"contact:phone":null,"addr:city":"Mwanza","addr:municipality":"Nyamagana","tourism":"hotel","opening_hours":null,"addr:ward":"Isamilo"},"geometry":{"type":"Point","coordinates":[32.9012203,-2.5081798]}},{"id":"241","type":"Feature","properties":{"id":"mwanza_tourist_facilities.242","ogc_fid":242,"fid":242,"addr:street":null,"amenity":"guest_house","man_made":"yes","addr:subward":"Nela","name":"Mapunda Guest House","operator":null,"contact:phone":null,"addr:city":"Mwanza","addr:municipality":"Nyamagana","tourism":"guest_house","opening_hours":null,"addr:ward":"Isamilo"},"geometry":{"type":"Point","coordinates":[32.901113,-2.5088229]}},{"id":"242","type":"Feature","properties":{"id":"mwanza_tourist_facilities.243","ogc_fid":243,"fid":243,"addr:street":"Makongoro","amenity":null,"man_made":"yes","addr:subward":"Nela","name":null,"operator":null,"contact:phone":null,"addr:city":"Mwanza","addr:municipality":"Nyamagana","tourism":"hotel","opening_hours":null,"addr:ward":"Isamilo"},"geometry":{"type":"Point","coordinates":[32.9006839,-2.5079868]}},{"id":"243","type":"Feature","properties":{"id":"mwanza_tourist_facilities.244","ogc_fid":244,"fid":244,"addr:street":"Pagoniz","amenity":null,"man_made":null,"addr:subward":"Nela","name":null,"operator":null,"contact:phone":null,"addr:city":"Mwanza","addr:municipality":"Nyamagana","tourism":"hotel","opening_hours":null,"addr:ward":"Isamilo"},"geometry":{"type":"Point","coordinates":[32.9004693,-2.5083513]}},{"id":"244","type":"Feature","properties":{"id":"mwanza_tourist_facilities.245","ogc_fid":245,"fid":245,"addr:street":null,"amenity":"bar","man_made":"yes","addr:subward":"Nela","name":"Ndibalema Bar & Guest House","operator":null,"contact:phone":null,"addr:city":"Mwanza","addr:municipality":"Nyamagana","tourism":"guest_house","opening_hours":null,"addr:ward":"Isamilo"},"geometry":{"type":"Point","coordinates":[32.9011774,-2.5083298]}},{"id":"245","type":"Feature","properties":{"id":"mwanza_tourist_facilities.246","ogc_fid":246,"fid":246,"addr:street":"Makongoro","amenity":null,"man_made":null,"addr:subward":"Nela","name":null,"operator":null,"contact:phone":null,"addr:city":"Mwanza","addr:municipality":"Nyamagana","tourism":"hotel","opening_hours":null,"addr:ward":"Isamilo"},"geometry":{"type":"Point","coordinates":[32.900877,-2.5080297]}},{"id":"246","type":"Feature","properties":{"id":"mwanza_tourist_facilities.247","ogc_fid":247,"fid":247,"addr:street":null,"amenity":null,"man_made":null,"addr:subward":null,"name":"","operator":null,"contact:phone":null,"addr:city":"Mwanza","addr:municipality":"Nyamagana","tourism":"hostel","opening_hours":null,"addr:ward":"Isamilo"},"geometry":{"type":"Point","coordinates":[32.9016822,-2.5107593]}},{"id":"247","type":"Feature","properties":{"id":"mwanza_tourist_facilities.248","ogc_fid":248,"fid":248,"addr:street":null,"amenity":null,"man_made":null,"addr:subward":null,"name":"Anglikana Church","operator":null,"contact:phone":null,"addr:city":"Mwanza","addr:municipality":"Nyamagana","tourism":"artwork","opening_hours":null,"addr:ward":"Nyamagana"},"geometry":{"type":"Point","coordinates":[32.8965937,-2.5193788]}},{"id":"248","type":"Feature","properties":{"id":"mwanza_tourist_facilities.249","ogc_fid":249,"fid":249,"addr:street":null,"amenity":null,"man_made":null,"addr:subward":null,"name":"Gold Crest Hotel","operator":null,"contact:phone":null,"addr:city":"Mwanza","addr:municipality":"Nyamagana","tourism":"hotel","opening_hours":null,"addr:ward":"Nyamagana"},"geometry":{"type":"Point","coordinates":[32.8990529,-2.5193479]}},{"id":"249","type":"Feature","properties":{"id":"mwanza_tourist_facilities.250","ogc_fid":250,"fid":250,"addr:street":null,"amenity":null,"man_made":null,"addr:subward":null,"name":"Mwanza Hotel","operator":null,"contact:phone":null,"addr:city":"Mwanza","addr:municipality":"Nyamagana","tourism":"apartment","opening_hours":null,"addr:ward":"Nyamagana"},"geometry":{"type":"Point","coordinates":[32.899004,-2.5191488]}},{"id":"250","type":"Feature","properties":{"id":"mwanza_tourist_facilities.251","ogc_fid":251,"fid":251,"addr:street":null,"amenity":"restaurant","man_made":"yes","addr:subward":"Nyamagana magharibi","name":"Richtable","operator":"Richtable","contact:phone":"0766215301","addr:city":"Mwanza","addr:municipality":"Nyamagana","tourism":"hotel","opening_hours":null,"addr:ward":"Nyamagana"},"geometry":{"type":"Point","coordinates":[32.9000273,-2.5190805]}},{"id":"251","type":"Feature","properties":{"id":"mwanza_tourist_facilities.252","ogc_fid":252,"fid":252,"addr:street":null,"amenity":"community_centre","man_made":"yes","addr:subward":"Nyamagana magharibi","name":null,"operator":null,"contact:phone":null,"addr:city":"Mwanza","addr:municipality":"Nyamagana","tourism":"hotel","opening_hours":null,"addr:ward":"Nyamagana"},"geometry":{"type":"Point","coordinates":[32.900061,-2.5190131]}},{"id":"252","type":"Feature","properties":{"id":"mwanza_tourist_facilities.253","ogc_fid":253,"fid":253,"addr:street":null,"amenity":null,"man_made":null,"addr:subward":null,"name":"New Mwanza Hotel","operator":null,"contact:phone":null,"addr:city":"Mwanza","addr:municipality":"Nyamagana","tourism":"hotel","opening_hours":null,"addr:ward":"Nyamagana"},"geometry":{"type":"Point","coordinates":[32.8989385,-2.5189225]}},{"id":"253","type":"Feature","properties":{"id":"mwanza_tourist_facilities.254","ogc_fid":254,"fid":254,"addr:street":null,"amenity":"restaurant","man_made":"yes","addr:subward":"Nyamagana magharibi","name":"Mghana","operator":null,"contact:phone":null,"addr:city":"Mwanza","addr:municipality":"Nyamagana","tourism":"hotel","opening_hours":null,"addr:ward":"Nyamagana"},"geometry":{"type":"Point","coordinates":[32.8998002,-2.5189001]}},{"id":"254","type":"Feature","properties":{"id":"mwanza_tourist_facilities.255","ogc_fid":255,"fid":255,"addr:street":null,"amenity":"pub","man_made":"yes","addr:subward":"Nyamagana magharibi","name":null,"operator":null,"contact:phone":null,"addr:city":"Mwanza","addr:municipality":"Nyamagana","tourism":"hotel","opening_hours":null,"addr:ward":"Nyamagana"},"geometry":{"type":"Point","coordinates":[32.8988814,-2.518491]}},{"id":"255","type":"Feature","properties":{"id":"mwanza_tourist_facilities.256","ogc_fid":256,"fid":256,"addr:street":null,"amenity":"fast_food","man_made":"yes","addr:subward":null,"name":null,"operator":null,"contact:phone":null,"addr:city":"Mwanza","addr:municipality":"Nyamagana","tourism":"hotel","opening_hours":null,"addr:ward":"Nyamagana"},"geometry":{"type":"Point","coordinates":[32.901907,-2.5184052]}},{"id":"256","type":"Feature","properties":{"id":"mwanza_tourist_facilities.257","ogc_fid":257,"fid":257,"addr:street":null,"amenity":"restaurant","man_made":"yes","addr:subward":"Nyamagana Mashariki","name":null,"operator":"Barbeque For Dinner","contact:phone":null,"addr:city":"Mwanza","addr:municipality":"Nyamagana","tourism":"hotel","opening_hours":null,"addr:ward":"Nyamagana"},"geometry":{"type":"Point","coordinates":[32.9001689,-2.5179765]}},{"id":"257","type":"Feature","properties":{"id":"mwanza_tourist_facilities.258","ogc_fid":258,"fid":258,"addr:street":null,"amenity":"cafe","man_made":"yes","addr:subward":"Nyamagana Mashariki","name":null,"operator":null,"contact:phone":null,"addr:city":"Mwanza","addr:municipality":"Nyamagana","tourism":"hotel","opening_hours":null,"addr:ward":"Nyamagana"},"geometry":{"type":"Point","coordinates":[32.9004908,-2.5178693]}},{"id":"258","type":"Feature","properties":{"id":"mwanza_tourist_facilities.259","ogc_fid":259,"fid":259,"addr:street":null,"amenity":"fuel","man_made":"yes","addr:subward":"Nyamagana Mashariki","name":null,"operator":"Total","contact:phone":null,"addr:city":"Mwanza","addr:municipality":"Nyamagana","tourism":"gallery","opening_hours":null,"addr:ward":"Nyamagana"},"geometry":{"type":"Point","coordinates":[32.8991818,-2.5176764]}},{"id":"259","type":"Feature","properties":{"id":"mwanza_tourist_facilities.260","ogc_fid":260,"fid":260,"addr:street":null,"amenity":"pub","man_made":"yes","addr:subward":"Nyamagana Mashariki","name":null,"operator":"Kataramas Lodge","contact:phone":null,"addr:city":"Mwanza","addr:municipality":"Nyamagana","tourism":"guest_house","opening_hours":null,"addr:ward":"Nyamagana"},"geometry":{"type":"Point","coordinates":[32.9000187,-2.5176764]}},{"id":"260","type":"Feature","properties":{"id":"mwanza_tourist_facilities.261","ogc_fid":261,"fid":261,"addr:street":null,"amenity":"cafe","man_made":"yes","addr:subward":"Nyamagana Mashariki","name":null,"operator":null,"contact:phone":null,"addr:city":"Mwanza","addr:municipality":"Nyamagana","tourism":"hostel","opening_hours":null,"addr:ward":"Nyamagana"},"geometry":{"type":"Point","coordinates":[32.8999329,-2.5176335]}},{"id":"261","type":"Feature","properties":{"id":"mwanza_tourist_facilities.262","ogc_fid":262,"fid":262,"addr:street":null,"amenity":null,"man_made":null,"addr:subward":null,"name":"Kishamapanda","operator":null,"contact:phone":null,"addr:city":"Mwanza","addr:municipality":"Nyamagana","tourism":"hotel","opening_hours":null,"addr:ward":"Nyamagana"},"geometry":{"type":"Point","coordinates":[32.9003753,-2.5174574]}},{"id":"262","type":"Feature","properties":{"id":"mwanza_tourist_facilities.263","ogc_fid":263,"fid":263,"addr:street":null,"amenity":"lodge","man_made":"yes","addr:subward":"Nyamagana Mashariki","name":"Geita Lodge","operator":null,"contact:phone":null,"addr:city":"Mwanza","addr:municipality":"Nyamagana","tourism":"guest_house","opening_hours":null,"addr:ward":"Nyamagana"},"geometry":{"type":"Point","coordinates":[32.9003507,-2.5173666]}},{"id":"263","type":"Feature","properties":{"id":"mwanza_tourist_facilities.264","ogc_fid":264,"fid":264,"addr:street":null,"amenity":"cafe","man_made":"yes","addr:subward":"Nyamagana Mashariki","name":null,"operator":"Hasfu Food Empire","contact:phone":null,"addr:city":"Mwanza","addr:municipality":"Nyamagana","tourism":"hotel","opening_hours":null,"addr:ward":"Nyamagana"},"geometry":{"type":"Point","coordinates":[32.8995466,-2.5172048]}},{"id":"264","type":"Feature","properties":{"id":"mwanza_tourist_facilities.265","ogc_fid":265,"fid":265,"addr:street":null,"amenity":"cafe","man_made":"yes","addr:subward":"Nyamagana Mashariki","name":null,"operator":null,"contact:phone":null,"addr:city":"Mwanza","addr:municipality":"Nyamagana","tourism":"hotel","opening_hours":null,"addr:ward":"Nyamagana"},"geometry":{"type":"Point","coordinates":[32.8993106,-2.5170976]}},{"id":"265","type":"Feature","properties":{"id":"mwanza_tourist_facilities.266","ogc_fid":266,"fid":266,"addr:street":"Nkuruma","amenity":null,"man_made":"yes","addr:subward":"Nyamagana Mashariki","name":null,"operator":null,"contact:phone":null,"addr:city":"Mwanza","addr:municipality":"Nyamagana","tourism":"hotel","opening_hours":null,"addr:ward":"Nyamagana"},"geometry":{"type":"Point","coordinates":[32.9011051,-2.5164389]}},{"id":"266","type":"Feature","properties":{"id":"mwanza_tourist_facilities.267","ogc_fid":267,"fid":267,"addr:street":null,"amenity":null,"man_made":null,"addr:subward":null,"name":"Deluxe Shop","operator":null,"contact:phone":null,"addr:city":"Mwanza","addr:municipality":"Nyamagana","tourism":"artwork","opening_hours":null,"addr:ward":"Nyamagana"},"geometry":{"type":"Point","coordinates":[32.9005618,-2.5173826]}},{"id":"267","type":"Feature","properties":{"id":"mwanza_tourist_facilities.268","ogc_fid":268,"fid":268,"addr:street":null,"amenity":null,"man_made":null,"addr:subward":null,"name":"","operator":null,"contact:phone":null,"addr:city":"Mwanza","addr:municipality":"Nyamagana","tourism":"artwork","opening_hours":null,"addr:ward":"Nyamagana"},"geometry":{"type":"Point","coordinates":[32.9011892,-2.5172052]}},{"id":"268","type":"Feature","properties":{"id":"mwanza_tourist_facilities.269","ogc_fid":269,"fid":269,"addr:street":null,"amenity":null,"man_made":null,"addr:subward":"Capri Point","name":null,"operator":null,"contact:phone":null,"addr:city":"Mwanza","addr:municipality":"Nyamagana","tourism":"hotel","opening_hours":null,"addr:ward":"Nyamagana"},"geometry":{"type":"Point","coordinates":[32.8935443,-2.5286272]}},{"id":"269","type":"Feature","properties":{"id":"mwanza_tourist_facilities.270","ogc_fid":270,"fid":270,"addr:street":null,"amenity":null,"man_made":null,"addr:subward":null,"name":"Mwanza Yacht Club","operator":null,"contact:phone":null,"addr:city":"Mwanza","addr:municipality":"Nyamagana","tourism":"camp_site","opening_hours":null,"addr:ward":"Nyamagana"},"geometry":{"type":"Point","coordinates":[32.8946781,-2.5288141]}},{"id":"270","type":"Feature","properties":{"id":"mwanza_tourist_facilities.271","ogc_fid":271,"fid":271,"addr:street":null,"amenity":null,"man_made":"yes","addr:subward":"Capri Point","name":"Safari Tourist Hotel","operator":null,"contact:phone":null,"addr:city":"Mwanza","addr:municipality":"Nyamagana","tourism":"hotel","opening_hours":null,"addr:ward":"Nyamagana"},"geometry":{"type":"Point","coordinates":[32.8950815,-2.5253201]}},{"id":"271","type":"Feature","properties":{"id":"mwanza_tourist_facilities.272","ogc_fid":272,"fid":272,"addr:street":"Station Road","amenity":null,"man_made":null,"addr:subward":"Capri Point","name":"Hotel Tilapia Ltd","operator":null,"contact:phone":null,"addr:city":"Mwanza","addr:municipality":"Nyamagana","tourism":"hotel","opening_hours":null,"addr:ward":"Nyamagana"},"geometry":{"type":"Point","coordinates":[32.8952336,-2.5280947]}},{"id":"272","type":"Feature","properties":{"id":"mwanza_tourist_facilities.273","ogc_fid":273,"fid":273,"addr:street":null,"amenity":null,"man_made":null,"addr:subward":"Kamanga","name":null,"operator":null,"contact:phone":null,"addr:city":"Mwanza","addr:municipality":"Nyamagana","tourism":"guest_house","opening_hours":null,"addr:ward":"Nyamagana"},"geometry":{"type":"Point","coordinates":[32.8956842,-2.520506]}},{"id":"273","type":"Feature","properties":{"id":"mwanza_tourist_facilities.274","ogc_fid":274,"fid":274,"addr:street":null,"amenity":"bar","man_made":"yes","addr:subward":"Capri Point","name":"Jackie's Bar and Grill","operator":"Jackie's Bar and Grill","contact:phone":null,"addr:city":"Mwanza","addr:municipality":"Nyamagana","tourism":"hotel","opening_hours":null,"addr:ward":"Nyamagana"},"geometry":{"type":"Point","coordinates":[32.8960681,-2.5250873]}},{"id":"274","type":"Feature","properties":{"id":"mwanza_tourist_facilities.275","ogc_fid":275,"fid":275,"addr:street":null,"amenity":null,"man_made":null,"addr:subward":null,"name":"African Paintings","operator":null,"contact:phone":null,"addr:city":"Mwanza","addr:municipality":"Nyamagana","tourism":"artwork","opening_hours":null,"addr:ward":"Nyamagana"},"geometry":{"type":"Point","coordinates":[32.8964228,-2.5241453]}},{"id":"275","type":"Feature","properties":{"id":"mwanza_tourist_facilities.276","ogc_fid":276,"fid":276,"addr:street":null,"amenity":null,"man_made":null,"addr:subward":null,"name":null,"operator":null,"contact:phone":null,"addr:city":"Mwanza","addr:municipality":"Nyamagana","tourism":"artwork","opening_hours":null,"addr:ward":"Nyamagana"},"geometry":{"type":"Point","coordinates":[32.8973468,-2.5234234]}},{"id":"276","type":"Feature","properties":{"id":"mwanza_tourist_facilities.277","ogc_fid":277,"fid":277,"addr:street":null,"amenity":"cafe","man_made":"yes","addr:subward":"Capri Point","name":"Ryan's Bay Hotel","operator":null,"contact:phone":null,"addr:city":"Mwanza","addr:municipality":"Nyamagana","tourism":"hotel","opening_hours":null,"addr:ward":"Nyamagana"},"geometry":{"type":"Point","coordinates":[32.898075,-2.5242534]}},{"id":"277","type":"Feature","properties":{"id":"mwanza_tourist_facilities.278","ogc_fid":278,"fid":278,"addr:street":null,"amenity":"cafe","man_made":"yes","addr:subward":"Capri Point","name":"Lake Hotel","operator":"Lake","contact:phone":null,"addr:city":"Mwanza","addr:municipality":"Nyamagana","tourism":"hotel","opening_hours":null,"addr:ward":"Nyamagana"},"geometry":{"type":"Point","coordinates":[32.8989445,-2.5211878]}},{"id":"278","type":"Feature","properties":{"id":"mwanza_tourist_facilities.279","ogc_fid":279,"fid":279,"addr:street":"Kenyatta Road","amenity":null,"man_made":"tower","addr:subward":"Makoroboi","name":null,"operator":null,"contact:phone":null,"addr:city":"Mwanza","addr:municipality":"Nyamagana","tourism":"hotel","opening_hours":null,"addr:ward":"Nyamagana"},"geometry":{"type":"Point","coordinates":[32.8998899,-2.5214278]}},{"id":"279","type":"Feature","properties":{"id":"mwanza_tourist_facilities.280","ogc_fid":280,"fid":280,"addr:street":"Rumumba Road","amenity":null,"man_made":"yes","addr:subward":"Makoroboi","name":"Holmand Hotel","operator":"Holmand Hotel And Tour","contact:phone":null,"addr:city":"Mwanza","addr:municipality":"Nyamagana","tourism":"hotel","opening_hours":null,"addr:ward":"Nyamagana"},"geometry":{"type":"Point","coordinates":[32.9004478,-2.5219852]}},{"id":"280","type":"Feature","properties":{"id":"mwanza_tourist_facilities.281","ogc_fid":281,"fid":281,"addr:street":"Rumumba Road","amenity":null,"man_made":"yes","addr:subward":"Makoroboi","name":"New Kahungwa & Guest House","operator":null,"contact:phone":null,"addr:city":"Mwanza","addr:municipality":"Nyamagana","tourism":"hotel","opening_hours":null,"addr:ward":"Nyamagana"},"geometry":{"type":"Point","coordinates":[32.9009856,-2.5220012]}},{"id":"281","type":"Feature","properties":{"id":"mwanza_tourist_facilities.282","ogc_fid":282,"fid":282,"addr:street":null,"amenity":"bar","man_made":null,"addr:subward":"Kamanga","name":null,"operator":null,"contact:phone":null,"addr:city":"Mwanza","addr:municipality":"Nyamagana","tourism":"hotel","opening_hours":null,"addr:ward":"Nyamagana"},"geometry":{"type":"Point","coordinates":[32.895534,-2.5207204]}},{"id":"282","type":"Feature","properties":{"id":"mwanza_tourist_facilities.283","ogc_fid":283,"fid":283,"addr:street":null,"amenity":null,"man_made":null,"addr:subward":"Capri Point","name":null,"operator":null,"contact:phone":null,"addr:city":"Mwanza","addr:municipality":"Nyamagana","tourism":"hotel","opening_hours":null,"addr:ward":"Nyamagana"},"geometry":{"type":"Point","coordinates":[32.8944612,-2.5282019]}},{"id":"283","type":"Feature","properties":{"id":"mwanza_tourist_facilities.284","ogc_fid":284,"fid":284,"addr:street":"Karama Close Street","amenity":null,"man_made":null,"addr:subward":"Capri Point","name":"Victoria Palace Hotel","operator":null,"contact:phone":null,"addr:city":"Mwanza","addr:municipality":"Nyamagana","tourism":"hotel","opening_hours":null,"addr:ward":"Nyamagana"},"geometry":{"type":"Point","coordinates":[32.8925082,-2.5253129]}},{"id":"284","type":"Feature","properties":{"id":"mwanza_tourist_facilities.285","ogc_fid":285,"fid":285,"addr:street":null,"amenity":"restaurant","man_made":null,"addr:subward":"Kamanga","name":null,"operator":null,"contact:phone":null,"addr:city":"Mwanza","addr:municipality":"Nyamagana","tourism":"hotel","opening_hours":null,"addr:ward":"Nyamagana"},"geometry":{"type":"Point","coordinates":[32.8955984,-2.5205918]}},{"id":"285","type":"Feature","properties":{"id":"mwanza_tourist_facilities.286","ogc_fid":286,"fid":286,"addr:street":null,"amenity":null,"man_made":null,"addr:subward":"Capri Point","name":"Saanane Island National Park Office","operator":null,"contact:phone":null,"addr:city":"Mwanza","addr:municipality":"Nyamagana","tourism":"information","opening_hours":"Mo-Fr 07:00-17:00","addr:ward":"Nyamagana"},"geometry":{"type":"Point","coordinates":[32.8948807,-2.5273575]}},{"id":"286","type":"Feature","properties":{"id":"mwanza_tourist_facilities.287","ogc_fid":287,"fid":287,"addr:street":null,"amenity":"cafe","man_made":"yes","addr:subward":"Capri Point","name":"Philo Catering Services","operator":"Philo Catering Services","contact:phone":null,"addr:city":"Mwanza","addr:municipality":"Nyamagana","tourism":"hotel","opening_hours":null,"addr:ward":"Nyamagana"},"geometry":{"type":"Point","coordinates":[32.897594,-2.5225854]}},{"id":"287","type":"Feature","properties":{"id":"mwanza_tourist_facilities.288","ogc_fid":288,"fid":288,"addr:street":null,"amenity":null,"man_made":null,"addr:subward":null,"name":"Nyanza Feeling Station","operator":null,"contact:phone":null,"addr:city":"Mwanza","addr:municipality":"Nyamagana","tourism":"artwork","opening_hours":null,"addr:ward":"Nyamagana"},"geometry":{"type":"Point","coordinates":[32.9000417,-2.52298]}},{"id":"288","type":"Feature","properties":{"id":"mwanza_tourist_facilities.289","ogc_fid":289,"fid":289,"addr:street":null,"amenity":null,"man_made":null,"addr:subward":"Viringo","name":"Temm Hotel","operator":"Remm Hotel Company Ltd","contact:phone":null,"addr:city":"Mwanza","addr:municipality":"Nyamagana","tourism":"hotel","opening_hours":null,"addr:ward":"Mirongo"},"geometry":{"type":"Point","coordinates":[32.902379,-2.5154684]}},{"id":"289","type":"Feature","properties":{"id":"mwanza_tourist_facilities.290","ogc_fid":290,"fid":290,"addr:street":"Rufiji Road","amenity":null,"man_made":"yes","addr:subward":"Rufiji","name":null,"operator":null,"contact:phone":null,"addr:city":"Mwanza","addr:municipality":"Nyamagana","tourism":"hotel","opening_hours":null,"addr:ward":"Mirongo"},"geometry":{"type":"Point","coordinates":[32.9072714,-2.5184052]}},{"id":"290","type":"Feature","properties":{"id":"mwanza_tourist_facilities.291","ogc_fid":291,"fid":291,"addr:street":null,"amenity":null,"man_made":null,"addr:subward":"Ngokozi","name":null,"operator":null,"contact:phone":null,"addr:city":"Mwanza","addr:municipality":"Nyamagana","tourism":"hotel","opening_hours":null,"addr:ward":"Mirongo"},"geometry":{"type":"Point","coordinates":[32.904439,-2.5182552]}},{"id":"291","type":"Feature","properties":{"id":"mwanza_tourist_facilities.292","ogc_fid":292,"fid":292,"addr:street":null,"amenity":null,"man_made":null,"addr:subward":null,"name":"Vivano Hotel","operator":null,"contact:phone":null,"addr:city":"Mwanza","addr:municipality":"Nyamagana","tourism":"hotel","opening_hours":null,"addr:ward":"Mirongo"},"geometry":{"type":"Point","coordinates":[32.9042084,-2.518235]}},{"id":"292","type":"Feature","properties":{"id":"mwanza_tourist_facilities.293","ogc_fid":293,"fid":293,"addr:street":"Dampo","amenity":null,"man_made":"yes","addr:subward":"Dampo","name":null,"operator":null,"contact:phone":null,"addr:city":"Mwanza","addr:municipality":"Nyamagana","tourism":"guest_house","opening_hours":null,"addr:ward":"Mirongo"},"geometry":{"type":"Point","coordinates":[32.9053356,-2.5181562]}},{"id":"293","type":"Feature","properties":{"id":"mwanza_tourist_facilities.294","ogc_fid":294,"fid":294,"addr:street":"Dampo","amenity":null,"man_made":"yes","addr:subward":"Dampo","name":null,"operator":null,"contact:phone":null,"addr:city":"Mwanza","addr:municipality":"Nyamagana","tourism":"hotel","opening_hours":null,"addr:ward":"Mirongo"},"geometry":{"type":"Point","coordinates":[32.9054724,-2.5180897]}},{"id":"294","type":"Feature","properties":{"id":"mwanza_tourist_facilities.295","ogc_fid":295,"fid":295,"addr:street":null,"amenity":null,"man_made":null,"addr:subward":"Ngokozi","name":"Diplomatic Lodge","operator":null,"contact:phone":"0754617803","addr:city":"Mwanza","addr:municipality":"Nyamagana","tourism":"guest_house","opening_hours":null,"addr:ward":"Mirongo"},"geometry":{"type":"Point","coordinates":[32.9044604,-2.5180408]}},{"id":"295","type":"Feature","properties":{"id":"mwanza_tourist_facilities.296","ogc_fid":296,"fid":296,"addr:street":"Dampo","amenity":null,"man_made":null,"addr:subward":"Dampo","name":"New Kitwimba","operator":null,"contact:phone":null,"addr:city":"Mwanza","addr:municipality":"Nyamagana","tourism":"hotel","opening_hours":null,"addr:ward":"Mirongo"},"geometry":{"type":"Point","coordinates":[32.9046281,-2.5178785]}},{"id":"296","type":"Feature","properties":{"id":"mwanza_tourist_facilities.297","ogc_fid":297,"fid":297,"addr:street":"Dampo Road","amenity":null,"man_made":null,"addr:subward":"Ngokozi","name":"Guest House","operator":"Afrika Guest House","contact:phone":null,"addr:city":"Mwanza","addr:municipality":"Nyamagana","tourism":"guest_house","opening_hours":null,"addr:ward":"Mirongo"},"geometry":{"type":"Point","coordinates":[32.9038167,-2.5177192]}},{"id":"297","type":"Feature","properties":{"id":"mwanza_tourist_facilities.298","ogc_fid":298,"fid":298,"addr:street":"Mirongo","amenity":"pub","man_made":null,"addr:subward":"Mirongo","name":null,"operator":null,"contact:phone":null,"addr:city":"Mwanza","addr:municipality":"Nyamagana","tourism":"hotel","opening_hours":null,"addr:ward":"Mirongo"},"geometry":{"type":"Point","coordinates":[32.90548,-2.51687]}},{"id":"298","type":"Feature","properties":{"id":"mwanza_tourist_facilities.299","ogc_fid":299,"fid":299,"addr:street":null,"amenity":null,"man_made":null,"addr:subward":null,"name":"J.A Hotel","operator":null,"contact:phone":null,"addr:city":"Mwanza","addr:municipality":"Nyamagana","tourism":"hotel","opening_hours":null,"addr:ward":"Mirongo"},"geometry":{"type":"Point","coordinates":[32.9037927,-2.5167856]}},{"id":"299","type":"Feature","properties":{"id":"mwanza_tourist_facilities.300","ogc_fid":300,"fid":300,"addr:street":"Banda","amenity":null,"man_made":"yes","addr:subward":"Rufiji","name":null,"operator":null,"contact:phone":null,"addr:city":"Mwanza","addr:municipality":"Nyamagana","tourism":"hotel","opening_hours":null,"addr:ward":"Mirongo"},"geometry":{"type":"Point","coordinates":[32.9038285,-2.5167325]}},{"id":"300","type":"Feature","properties":{"id":"mwanza_tourist_facilities.301","ogc_fid":301,"fid":301,"addr:street":null,"amenity":null,"man_made":null,"addr:subward":null,"name":"Lavena Hotel","operator":null,"contact:phone":null,"addr:city":"Mwanza","addr:municipality":"Nyamagana","tourism":"hotel","opening_hours":null,"addr:ward":"Mirongo"},"geometry":{"type":"Point","coordinates":[32.904789,-2.5184039]}},{"id":"301","type":"Feature","properties":{"id":"mwanza_tourist_facilities.302","ogc_fid":302,"fid":302,"addr:street":null,"amenity":null,"man_made":null,"addr:subward":null,"name":"Kembice Hotel","operator":null,"contact:phone":null,"addr:city":"Mwanza","addr:municipality":"Nyamagana","tourism":"hotel","opening_hours":null,"addr:ward":"Mirongo"},"geometry":{"type":"Point","coordinates":[32.9073787,-2.5198659]}},{"id":"302","type":"Feature","properties":{"id":"mwanza_tourist_facilities.303","ogc_fid":303,"fid":303,"addr:street":"Uhuru","amenity":"bar","man_made":"yes","addr:subward":"Uhuru","name":"Golden City Lodge","operator":null,"contact:phone":null,"addr:city":"Mwanza","addr:municipality":"Nyamagana","tourism":"guest_house","opening_hours":null,"addr:ward":"Mirongo"},"geometry":{"type":"Point","coordinates":[32.9069417,-2.5194333]}},{"id":"303","type":"Feature","properties":{"id":"mwanza_tourist_facilities.304","ogc_fid":304,"fid":304,"addr:street":"Majukano","amenity":"lodge","man_made":"yes","addr:subward":null,"name":"Majukano Lodge","operator":null,"contact:phone":null,"addr:city":"Mwanza","addr:municipality":"Nyamagana","tourism":"guest_house","opening_hours":null,"addr:ward":"Mirongo"},"geometry":{"type":"Point","coordinates":[32.9036113,-2.5187636]}},{"id":"304","type":"Feature","properties":{"id":"mwanza_tourist_facilities.305","ogc_fid":305,"fid":305,"addr:street":"Mission","amenity":"restaurant","man_made":"yes","addr:subward":"Mission","name":"Jawita Hotel","operator":null,"contact:phone":null,"addr:city":"Mwanza","addr:municipality":"Nyamagana","tourism":"motel","opening_hours":null,"addr:ward":"Mirongo"},"geometry":{"type":"Point","coordinates":[32.9066009,-2.518532]}},{"id":"305","type":"Feature","properties":{"id":"mwanza_tourist_facilities.306","ogc_fid":306,"fid":306,"addr:street":"Banda","amenity":null,"man_made":null,"addr:subward":"Rufiji","name":"Safina Guest House","operator":null,"contact:phone":null,"addr:city":"Mwanza","addr:municipality":"Nyamagana","tourism":"guest_house","opening_hours":null,"addr:ward":"Mirongo"},"geometry":{"type":"Point","coordinates":[32.9082247,-2.5186287]}},{"id":"306","type":"Feature","properties":{"id":"mwanza_tourist_facilities.307","ogc_fid":307,"fid":307,"addr:street":"Uhuru","amenity":"cafe","man_made":"yes","addr:subward":null,"name":null,"operator":null,"contact:phone":null,"addr:city":"Mwanza","addr:municipality":"Nyamagana","tourism":"hotel","opening_hours":null,"addr:ward":"Mirongo"},"geometry":{"type":"Point","coordinates":[32.9053915,-2.519002]}},{"id":"307","type":"Feature","properties":{"id":"mwanza_tourist_facilities.308","ogc_fid":308,"fid":308,"addr:street":null,"amenity":null,"man_made":null,"addr:subward":null,"name":"Vizano Hotel","operator":null,"contact:phone":null,"addr:city":"Mwanza","addr:municipality":"Nyamagana","tourism":"hotel","opening_hours":null,"addr:ward":"Mirongo"},"geometry":{"type":"Point","coordinates":[32.9042361,-2.5184347]}},{"id":"308","type":"Feature","properties":{"id":"mwanza_tourist_facilities.309","ogc_fid":309,"fid":309,"addr:street":"Nyerere Road","amenity":null,"man_made":null,"addr:subward":"Sinai","name":"Nyumba ya Dhahabu","operator":null,"contact:phone":null,"addr:city":"Mwanza","addr:municipality":"Nyamagana","tourism":"hotel","opening_hours":null,"addr:ward":"Mbugani"},"geometry":{"type":"Point","coordinates":[32.9243898,-2.530311]}},{"id":"309","type":"Feature","properties":{"id":"mwanza_tourist_facilities.310","ogc_fid":310,"fid":310,"addr:street":null,"amenity":null,"man_made":null,"addr:subward":null,"name":"Kantima","operator":null,"contact:phone":null,"addr:city":"Mwanza","addr:municipality":"Nyamagana","tourism":"hotel","opening_hours":null,"addr:ward":"Pamba"},"geometry":{"type":"Point","coordinates":[32.900528,-2.5238244]}},{"id":"310","type":"Feature","properties":{"id":"mwanza_tourist_facilities.311","ogc_fid":311,"fid":311,"addr:street":null,"amenity":null,"man_made":null,"addr:subward":null,"name":"MS Hotel","operator":null,"contact:phone":null,"addr:city":"Mwanza","addr:municipality":"Nyamagana","tourism":"hotel","opening_hours":null,"addr:ward":"Pamba"},"geometry":{"type":"Point","coordinates":[32.9007026,-2.5233374]}},{"id":"311","type":"Feature","properties":{"id":"mwanza_tourist_facilities.312","ogc_fid":312,"fid":312,"addr:street":null,"amenity":null,"man_made":null,"addr:subward":"Rumumba","name":"Royal Hotel","operator":null,"contact:phone":null,"addr:city":"Mwanza","addr:municipality":"Nyamagana","tourism":"hotel","opening_hours":null,"addr:ward":"Pamba"},"geometry":{"type":"Point","coordinates":[32.9009414,-2.5226712]}},{"id":"312","type":"Feature","properties":{"id":"mwanza_tourist_facilities.313","ogc_fid":313,"fid":313,"addr:street":null,"amenity":null,"man_made":null,"addr:subward":"Rumumba","name":"Mayi Hotel","operator":null,"contact:phone":null,"addr:city":"Mwanza","addr:municipality":"Nyamagana","tourism":"hotel","opening_hours":null,"addr:ward":"Pamba"},"geometry":{"type":"Point","coordinates":[32.9010701,-2.523743]}},{"id":"313","type":"Feature","properties":{"id":"mwanza_tourist_facilities.314","ogc_fid":314,"fid":314,"addr:street":null,"amenity":null,"man_made":null,"addr:subward":"Rumumba","name":"Midland Hotel","operator":null,"contact:phone":null,"addr:city":"Mwanza","addr:municipality":"Nyamagana","tourism":"hotel","opening_hours":null,"addr:ward":"Pamba"},"geometry":{"type":"Point","coordinates":[32.9011989,-2.5245121]}},{"id":"314","type":"Feature","properties":{"id":"mwanza_tourist_facilities.315","ogc_fid":315,"fid":315,"addr:street":"Rwegasore","amenity":null,"man_made":null,"addr:subward":null,"name":"isamo hotel","operator":null,"contact:phone":null,"addr:city":"Mwanza","addr:municipality":"Nyamagana","tourism":"hotel","opening_hours":"24/7","addr:ward":"Pamba"},"geometry":{"type":"Point","coordinates":[32.9013246,-2.5253025]}},{"id":"315","type":"Feature","properties":{"id":"mwanza_tourist_facilities.316","ogc_fid":316,"fid":316,"addr:street":null,"amenity":null,"man_made":null,"addr:subward":"Rumumba","name":"New Pentagon Annex Hotel","operator":null,"contact:phone":null,"addr:city":"Mwanza","addr:municipality":"Nyamagana","tourism":"hotel","opening_hours":null,"addr:ward":"Pamba"},"geometry":{"type":"Point","coordinates":[32.901392,-2.5242575]}},{"id":"316","type":"Feature","properties":{"id":"mwanza_tourist_facilities.317","ogc_fid":317,"fid":317,"addr:street":null,"amenity":null,"man_made":null,"addr:subward":"Rumumba","name":"GJ Hotel","operator":null,"contact:phone":null,"addr:city":"Mwanza","addr:municipality":"Nyamagana","tourism":"hotel","opening_hours":null,"addr:ward":"Pamba"},"geometry":{"type":"Point","coordinates":[32.9018386,-2.5231012]}},{"id":"317","type":"Feature","properties":{"id":"mwanza_tourist_facilities.318","ogc_fid":318,"fid":318,"addr:street":null,"amenity":null,"man_made":null,"addr:subward":"Lumumba","name":null,"operator":null,"contact:phone":null,"addr:city":"Mwanza","addr:municipality":"Nyamagana","tourism":"guest_house","opening_hours":null,"addr:ward":"Pamba"},"geometry":{"type":"Point","coordinates":[32.90216,-2.5211604]}},{"id":"318","type":"Feature","properties":{"id":"mwanza_tourist_facilities.319","ogc_fid":319,"fid":319,"addr:street":null,"amenity":null,"man_made":"yes","addr:subward":"Lumumba","name":null,"operator":"White lodge","contact:phone":null,"addr:city":"Mwanza","addr:municipality":"Nyamagana","tourism":"guest_house","opening_hours":null,"addr:ward":"Pamba"},"geometry":{"type":"Point","coordinates":[32.9022076,-2.5211392]}},{"id":"319","type":"Feature","properties":{"id":"mwanza_tourist_facilities.320","ogc_fid":320,"fid":320,"addr:street":null,"amenity":null,"man_made":null,"addr:subward":null,"name":"Samanga Lodge","operator":null,"contact:phone":null,"addr:city":"Mwanza","addr:municipality":"Nyamagana","tourism":"guest_house","opening_hours":null,"addr:ward":"Pamba"},"geometry":{"type":"Point","coordinates":[32.9022309,-2.5224388]}},{"id":"320","type":"Feature","properties":{"id":"mwanza_tourist_facilities.321","ogc_fid":321,"fid":321,"addr:street":null,"amenity":null,"man_made":"yes","addr:subward":"Rwegasore","name":null,"operator":null,"contact:phone":null,"addr:city":"Mwanza","addr:municipality":"Nyamagana","tourism":"hotel","opening_hours":null,"addr:ward":"Pamba"},"geometry":{"type":"Point","coordinates":[32.902422,-2.5226926]}},{"id":"321","type":"Feature","properties":{"id":"mwanza_tourist_facilities.322","ogc_fid":322,"fid":322,"addr:street":null,"amenity":"cafe","man_made":"yes","addr:subward":"Bugarika kaskazini","name":null,"operator":null,"contact:phone":null,"addr:city":"Mwanza","addr:municipality":"Nyamagana","tourism":"hotel","opening_hours":null,"addr:ward":"Pamba"},"geometry":{"type":"Point","coordinates":[32.9152536,-2.5305599]}},{"id":"322","type":"Feature","properties":{"id":"mwanza_tourist_facilities.323","ogc_fid":323,"fid":323,"addr:street":null,"amenity":"bar","man_made":null,"addr:subward":"Zahanati","name":"Bukenye Guest House","operator":"Bukenye Guest House","contact:phone":null,"addr:city":"Mwanza","addr:municipality":"Nyamagana","tourism":"guest_house","opening_hours":null,"addr:ward":"Pamba"},"geometry":{"type":"Point","coordinates":[32.9153395,-2.5324463]}},{"id":"323","type":"Feature","properties":{"id":"mwanza_tourist_facilities.324","ogc_fid":324,"fid":324,"addr:street":null,"amenity":null,"man_made":null,"addr:subward":null,"name":"MUVIKI Mahina","operator":null,"contact:phone":null,"addr:city":"Mwanza","addr:municipality":"Nyamagana","tourism":"attraction","opening_hours":null,"addr:ward":"Pamba"},"geometry":{"type":"Point","coordinates":[32.9194232,-2.5396561]}},{"id":"324","type":"Feature","properties":{"id":"mwanza_tourist_facilities.325","ogc_fid":325,"fid":325,"addr:street":null,"amenity":null,"man_made":null,"addr:subward":null,"name":"Butiama Salon","operator":null,"contact:phone":null,"addr:city":"Mwanza","addr:municipality":"Nyamagana","tourism":"artwork","opening_hours":null,"addr:ward":"Pamba"},"geometry":{"type":"Point","coordinates":[32.9188543,-2.5381231]}},{"id":"325","type":"Feature","properties":{"id":"mwanza_tourist_facilities.326","ogc_fid":326,"fid":326,"addr:street":null,"amenity":null,"man_made":null,"addr:subward":"Miti Mirefu","name":"Annex Victoria","operator":null,"contact:phone":null,"addr:city":"Mwanza","addr:municipality":"Nyamagana","tourism":"hotel","opening_hours":null,"addr:ward":"Pamba"},"geometry":{"type":"Point","coordinates":[32.9041987,-2.5227411]}},{"id":"326","type":"Feature","properties":{"id":"mwanza_tourist_facilities.327","ogc_fid":327,"fid":327,"addr:street":null,"amenity":null,"man_made":"yes","addr:subward":"Miti Mirefu","name":"Annex Victory Hotel","operator":null,"contact:phone":null,"addr:city":"Mwanza","addr:municipality":"Nyamagana","tourism":"hotel","opening_hours":null,"addr:ward":"Pamba"},"geometry":{"type":"Point","coordinates":[32.9042244,-2.5228212]}},{"id":"327","type":"Feature","properties":{"id":"mwanza_tourist_facilities.328","ogc_fid":328,"fid":328,"addr:street":null,"amenity":null,"man_made":null,"addr:subward":null,"name":"Victoria annex lodge","operator":null,"contact:phone":null,"addr:city":"Mwanza","addr:municipality":"Nyamagana","tourism":"guest_house","opening_hours":null,"addr:ward":"Pamba"},"geometry":{"type":"Point","coordinates":[32.9042883,-2.523014]}},{"id":"328","type":"Feature","properties":{"id":"mwanza_tourist_facilities.329","ogc_fid":329,"fid":329,"addr:street":null,"amenity":null,"man_made":null,"addr:subward":"Miti Mirefu","name":"Nsimbo Hotel","operator":null,"contact:phone":null,"addr:city":"Mwanza","addr:municipality":"Nyamagana","tourism":"hotel","opening_hours":null,"addr:ward":"Pamba"},"geometry":{"type":"Point","coordinates":[32.9046587,-2.5224288]}},{"id":"329","type":"Feature","properties":{"id":"mwanza_tourist_facilities.330","ogc_fid":330,"fid":330,"addr:street":null,"amenity":"bar","man_made":null,"addr:subward":"Miti Mirefu","name":"G And G Hotel","operator":null,"contact:phone":null,"addr:city":"Mwanza","addr:municipality":"Nyamagana","tourism":"hotel","opening_hours":null,"addr:ward":"Pamba"},"geometry":{"type":"Point","coordinates":[32.9047786,-2.522747]}},{"id":"330","type":"Feature","properties":{"id":"mwanza_tourist_facilities.331","ogc_fid":331,"fid":331,"addr:street":"Miti Mirefu Road","amenity":null,"man_made":null,"addr:subward":"Miti Mirefu","name":"G & G Hotel","operator":null,"contact:phone":null,"addr:city":"Mwanza","addr:municipality":"Nyamagana","tourism":"hotel","opening_hours":null,"addr:ward":"Pamba"},"geometry":{"type":"Point","coordinates":[32.9048043,-2.522836]}},{"id":"331","type":"Feature","properties":{"id":"mwanza_tourist_facilities.332","ogc_fid":332,"fid":332,"addr:street":"Miti Mirefu Road","amenity":null,"man_made":null,"addr:subward":"Miti Mirefu","name":"G&G Hotel","operator":null,"contact:phone":null,"addr:city":"Mwanza","addr:municipality":"Nyamagana","tourism":"hotel","opening_hours":null,"addr:ward":"Pamba"},"geometry":{"type":"Point","coordinates":[32.9048667,-2.5223551]}},{"id":"332","type":"Feature","properties":{"id":"mwanza_tourist_facilities.333","ogc_fid":333,"fid":333,"addr:street":"Miti Mirefu Road","amenity":null,"man_made":null,"addr:subward":"Miti Mirefu","name":"Annex Victoria Hotel","operator":null,"contact:phone":null,"addr:city":"Mwanza","addr:municipality":"Nyamagana","tourism":"hotel","opening_hours":"24/7","addr:ward":"Pamba"},"geometry":{"type":"Point","coordinates":[32.9050936,-2.5223631]}},{"id":"333","type":"Feature","properties":{"id":"mwanza_tourist_facilities.334","ogc_fid":334,"fid":334,"addr:street":"Liberty","amenity":"bar","man_made":"yes","addr:subward":"Liberty","name":"Coconut Hotel","operator":"Coconut Hotel","contact:phone":null,"addr:city":"Mwanza","addr:municipality":"Nyamagana","tourism":"hotel","opening_hours":null,"addr:ward":"Pamba"},"geometry":{"type":"Point","coordinates":[32.9062843,-2.5206561]}},{"id":"334","type":"Feature","properties":{"id":"mwanza_tourist_facilities.335","ogc_fid":335,"fid":335,"addr:street":null,"amenity":"pub","man_made":"yes","addr:subward":"Mlimani","name":"Mlimani Pub","operator":null,"contact:phone":null,"addr:city":"Mwanza","addr:municipality":"Nyamagana","tourism":"camp_site","opening_hours":null,"addr:ward":"Pamba"},"geometry":{"type":"Point","coordinates":[32.9104471,-2.5289522]}},{"id":"335","type":"Feature","properties":{"id":"mwanza_tourist_facilities.336","ogc_fid":336,"fid":336,"addr:street":null,"amenity":"cafe","man_made":"yes","addr:subward":"Bugarika Kusini","name":null,"operator":null,"contact:phone":null,"addr:city":"Mwanza","addr:municipality":"Nyamagana","tourism":"hotel","opening_hours":null,"addr:ward":"Pamba"},"geometry":{"type":"Point","coordinates":[32.9129577,-2.5319319]}},{"id":"336","type":"Feature","properties":{"id":"mwanza_tourist_facilities.337","ogc_fid":337,"fid":337,"addr:street":null,"amenity":"cafe","man_made":"yes","addr:subward":"Bugarika Kusini","name":null,"operator":null,"contact:phone":null,"addr:city":"Mwanza","addr:municipality":"Nyamagana","tourism":"hotel","opening_hours":null,"addr:ward":"Pamba"},"geometry":{"type":"Point","coordinates":[32.9131508,-2.5316532]}},{"id":"337","type":"Feature","properties":{"id":"mwanza_tourist_facilities.338","ogc_fid":338,"fid":338,"addr:street":"Liberty","amenity":"community_centre","man_made":"yes","addr:subward":"Liberty","name":"Coconut Hotel","operator":"Coconut Hotel","contact:phone":null,"addr:city":"Mwanza","addr:municipality":"Nyamagana","tourism":"hotel","opening_hours":null,"addr:ward":"Pamba"},"geometry":{"type":"Point","coordinates":[32.9064131,-2.5206347]}},{"id":"338","type":"Feature","properties":{"id":"mwanza_tourist_facilities.339","ogc_fid":339,"fid":339,"addr:street":null,"amenity":"parking","man_made":null,"addr:subward":"Voil","name":"Boat Parking","operator":null,"contact:phone":null,"addr:city":"Mwanza","addr:municipality":"Nyamagana","tourism":"camp_site","opening_hours":null,"addr:ward":"Igogo"},"geometry":{"type":"Point","coordinates":[32.9015851,-2.5381271]}},{"id":"339","type":"Feature","properties":{"id":"mwanza_tourist_facilities.340","ogc_fid":340,"fid":340,"addr:street":null,"amenity":null,"man_made":null,"addr:subward":null,"name":"Mwanza South Port","operator":null,"contact:phone":null,"addr:city":"Mwanza","addr:municipality":"Nyamagana","tourism":"artwork","opening_hours":null,"addr:ward":"Igogo"},"geometry":{"type":"Point","coordinates":[32.9010554,-2.5347134]}},{"id":"340","type":"Feature","properties":{"id":"mwanza_tourist_facilities.341","ogc_fid":341,"fid":341,"addr:street":null,"amenity":null,"man_made":null,"addr:subward":"Jiwe","name":null,"operator":null,"contact:phone":null,"addr:city":"Mwanza","addr:municipality":"Nyamagana","tourism":"guest_house","opening_hours":null,"addr:ward":"Igogo"},"geometry":{"type":"Point","coordinates":[32.9151411,-2.5360059]}},{"id":"341","type":"Feature","properties":{"id":"mwanza_tourist_facilities.342","ogc_fid":342,"fid":342,"addr:street":null,"amenity":null,"man_made":null,"addr:subward":null,"name":"Regamwe Garments","operator":null,"contact:phone":null,"addr:city":"Mwanza","addr:municipality":"Nyamagana","tourism":"artwork","opening_hours":null,"addr:ward":"Igogo"},"geometry":{"type":"Point","coordinates":[32.9190326,-2.5388495]}},{"id":"342","type":"Feature","properties":{"id":"mwanza_tourist_facilities.343","ogc_fid":343,"fid":343,"addr:street":null,"amenity":"cafe","man_made":null,"addr:subward":"Mlungushi","name":null,"operator":null,"contact:phone":null,"addr:city":"Mwanza","addr:municipality":"Nyamagana","tourism":"hotel","opening_hours":null,"addr:ward":"Igogo"},"geometry":{"type":"Point","coordinates":[32.9041882,-2.5324204]}},{"id":"343","type":"Feature","properties":{"id":"mwanza_tourist_facilities.344","ogc_fid":344,"fid":344,"addr:street":"Mlungushi","amenity":"bar","man_made":"yes","addr:subward":"Mlungushi","name":"Millennium White Lodge and Bar","operator":"Millennium White Lodge and Bar","contact:phone":null,"addr:city":"Mwanza","addr:municipality":"Nyamagana","tourism":"motel","opening_hours":null,"addr:ward":"Igogo"},"geometry":{"type":"Point","coordinates":[32.9047133,-2.5326674]}},{"id":"344","type":"Feature","properties":{"id":"mwanza_tourist_facilities.345","ogc_fid":345,"fid":345,"addr:street":null,"amenity":null,"man_made":null,"addr:subward":"Mulungushi","name":"Vanish Guest House","operator":null,"contact:phone":null,"addr:city":"Mwanza","addr:municipality":"Nyamagana","tourism":"guest_house","opening_hours":null,"addr:ward":"Igogo"},"geometry":{"type":"Point","coordinates":[32.9055471,-2.5333991]}},{"id":"345","type":"Feature","properties":{"id":"mwanza_tourist_facilities.346","ogc_fid":346,"fid":346,"addr:street":"Sokoni","amenity":"bar","man_made":"yes","addr:subward":"Sokoni","name":"Raha Leo Bar","operator":"Raha Leo Bar","contact:phone":null,"addr:city":"Mwanza","addr:municipality":"Nyamagana","tourism":"guest_house","opening_hours":null,"addr:ward":"Mkuyuni"},"geometry":{"type":"Point","coordinates":[32.9128289,-2.5607425]}},{"id":"346","type":"Feature","properties":{"id":"mwanza_tourist_facilities.347","ogc_fid":347,"fid":347,"addr:street":"sokoni","amenity":"bar","man_made":"yes","addr:subward":"sokoni","name":"Raha Leo Bar","operator":"Raha Leo Bar","contact:phone":null,"addr:city":"Mwanza","addr:municipality":"Nyamagana","tourism":"guest_house","opening_hours":null,"addr:ward":"Mkuyuni"},"geometry":{"type":"Point","coordinates":[32.9131572,-2.5606504]}},{"id":"347","type":"Feature","properties":{"id":"mwanza_tourist_facilities.348","ogc_fid":348,"fid":348,"addr:street":"Saranda","amenity":null,"man_made":null,"addr:subward":"Mahakama","name":"New Sun City","operator":null,"contact:phone":null,"addr:city":"Mwanza","addr:municipality":"Nyamagana","tourism":"guest_house","opening_hours":null,"addr:ward":"Mkuyuni"},"geometry":{"type":"Point","coordinates":[32.9179573,-2.5603566]}},{"id":"348","type":"Feature","properties":{"id":"mwanza_tourist_facilities.349","ogc_fid":349,"fid":349,"addr:street":"sokoni","amenity":"bar","man_made":"yes","addr:subward":"Sokoni","name":"Kampala Lodge and Bar","operator":"Kampala company","contact:phone":null,"addr:city":"Mwanza","addr:municipality":"Nyamagana","tourism":"guest_house","opening_hours":null,"addr:ward":"Mkuyuni"},"geometry":{"type":"Point","coordinates":[32.9140091,-2.5601208]}},{"id":"349","type":"Feature","properties":{"id":"mwanza_tourist_facilities.350","ogc_fid":350,"fid":350,"addr:street":null,"amenity":"bar","man_made":null,"addr:subward":"Sokoni","name":null,"operator":"Annex Hotel","contact:phone":null,"addr:city":"Mwanza","addr:municipality":"Nyamagana","tourism":"hotel","opening_hours":null,"addr:ward":"Mkuyuni"},"geometry":{"type":"Point","coordinates":[32.913783,-2.5592317]}},{"id":"350","type":"Feature","properties":{"id":"mwanza_tourist_facilities.351","ogc_fid":351,"fid":351,"addr:street":null,"amenity":null,"man_made":null,"addr:subward":"Mahakama","name":"Ngoreme Executive Lodge","operator":null,"contact:phone":null,"addr:city":"Mwanza","addr:municipality":"Nyamagana","tourism":"guest_house","opening_hours":null,"addr:ward":"Mkuyuni"},"geometry":{"type":"Point","coordinates":[32.917708,-2.5590429]}},{"id":"351","type":"Feature","properties":{"id":"mwanza_tourist_facilities.352","ogc_fid":352,"fid":352,"addr:street":null,"amenity":null,"man_made":null,"addr:subward":"Mahakama","name":"Kabale Guest House","operator":null,"contact:phone":null,"addr:city":"Mwanza","addr:municipality":"Nyamagana","tourism":"guest_house","opening_hours":null,"addr:ward":"Mkuyuni"},"geometry":{"type":"Point","coordinates":[32.917614,-2.5590276]}},{"id":"352","type":"Feature","properties":{"id":"mwanza_tourist_facilities.353","ogc_fid":353,"fid":353,"addr:street":null,"amenity":"bar","man_made":"yes","addr:subward":"Sokoni","name":"Samaria","operator":"Samaria","contact:phone":null,"addr:city":"Mwanza","addr:municipality":"Nyamagana","tourism":"guest_house","opening_hours":null,"addr:ward":"Mkuyuni"},"geometry":{"type":"Point","coordinates":[32.9131394,-2.5584594]}},{"id":"353","type":"Feature","properties":{"id":"mwanza_tourist_facilities.354","ogc_fid":354,"fid":354,"addr:street":null,"amenity":null,"man_made":"yes","addr:subward":"Sokoni","name":"Capitol Hill Guesthouse","operator":"Capitol Hill","contact:phone":null,"addr:city":"Mwanza","addr:municipality":"Nyamagana","tourism":"guest_house","opening_hours":null,"addr:ward":"Mkuyuni"},"geometry":{"type":"Point","coordinates":[32.91278,-2.5584389]}},{"id":"354","type":"Feature","properties":{"id":"mwanza_tourist_facilities.355","ogc_fid":355,"fid":355,"addr:street":null,"amenity":"bar","man_made":"yes","addr:subward":"Sokoni","name":"Samaria","operator":"Samaria","contact:phone":null,"addr:city":"Mwanza","addr:municipality":"Nyamagana","tourism":"guest_house","opening_hours":null,"addr:ward":"Mkuyuni"},"geometry":{"type":"Point","coordinates":[32.9130538,-2.5583953]}},{"id":"355","type":"Feature","properties":{"id":"mwanza_tourist_facilities.356","ogc_fid":356,"fid":356,"addr:street":null,"amenity":"restaurant","man_made":"yes","addr:subward":"Sokoni","name":"Zenze","operator":"Zenze","contact:phone":null,"addr:city":"Mwanza","addr:municipality":"Nyamagana","tourism":"guest_house","opening_hours":null,"addr:ward":"Mkuyuni"},"geometry":{"type":"Point","coordinates":[32.9134512,-2.55787]}},{"id":"356","type":"Feature","properties":{"id":"mwanza_tourist_facilities.357","ogc_fid":357,"fid":357,"addr:street":null,"amenity":null,"man_made":"yes","addr:subward":"Shede","name":null,"operator":null,"contact:phone":null,"addr:city":"Mwanza","addr:municipality":"Nyamagana","tourism":"motel","opening_hours":null,"addr:ward":"Mkuyuni"},"geometry":{"type":"Point","coordinates":[32.9076181,-2.5515651]}},{"id":"357","type":"Feature","properties":{"id":"mwanza_tourist_facilities.358","ogc_fid":358,"fid":358,"addr:street":null,"amenity":null,"man_made":"yes","addr:subward":"Shede","name":null,"operator":null,"contact:phone":null,"addr:city":"Mwanza","addr:municipality":"Nyamagana","tourism":"motel","opening_hours":null,"addr:ward":"Mkuyuni"},"geometry":{"type":"Point","coordinates":[32.9076362,-2.5514606]}},{"id":"358","type":"Feature","properties":{"id":"mwanza_tourist_facilities.359","ogc_fid":359,"fid":359,"addr:street":null,"amenity":null,"man_made":"yes","addr:subward":"Shede","name":"Titanic Sailor","operator":null,"contact:phone":null,"addr:city":"Mwanza","addr:municipality":"Nyamagana","tourism":"guest_house","opening_hours":null,"addr:ward":"Mkuyuni"},"geometry":{"type":"Point","coordinates":[32.9076216,-2.5513861]}},{"id":"359","type":"Feature","properties":{"id":"mwanza_tourist_facilities.360","ogc_fid":360,"fid":360,"addr:street":"Shede Shuleni","amenity":null,"man_made":"yes","addr:subward":"Shede","name":null,"operator":null,"contact:phone":null,"addr:city":"Mwanza","addr:municipality":"Nyamagana","tourism":"information","opening_hours":null,"addr:ward":"Mkuyuni"},"geometry":{"type":"Point","coordinates":[32.9079795,-2.5511176]}},{"id":"360","type":"Feature","properties":{"id":"mwanza_tourist_facilities.361","ogc_fid":361,"fid":361,"addr:street":null,"amenity":"pub","man_made":"yes","addr:subward":"Shede","name":null,"operator":"Europe Pub &Gest House","contact:phone":null,"addr:city":"Mwanza","addr:municipality":"Nyamagana","tourism":"hotel","opening_hours":null,"addr:ward":"Mkuyuni"},"geometry":{"type":"Point","coordinates":[32.9074277,-2.5510594]}},{"id":"361","type":"Feature","properties":{"id":"mwanza_tourist_facilities.362","ogc_fid":362,"fid":362,"addr:street":"Nyegezi Stand","amenity":null,"man_made":null,"addr:subward":null,"name":"Cosmos Hotel","operator":null,"contact:phone":null,"addr:city":"Mwanza","addr:municipality":"Nyamagana","tourism":"hotel","opening_hours":null,"addr:ward":"Nyegezi"},"geometry":{"type":"Point","coordinates":[32.9236548,-2.5930908]}},{"id":"362","type":"Feature","properties":{"id":"mwanza_tourist_facilities.363","ogc_fid":363,"fid":363,"addr:street":null,"amenity":null,"man_made":null,"addr:subward":null,"name":"Masista hostel","operator":null,"contact:phone":null,"addr:city":"Mwanza","addr:municipality":"Nyamagana","tourism":"hostel","opening_hours":null,"addr:ward":"Nyegezi"},"geometry":{"type":"Point","coordinates":[32.9158119,-2.5848105]}},{"id":"363","type":"Feature","properties":{"id":"mwanza_tourist_facilities.364","ogc_fid":364,"fid":364,"addr:street":null,"amenity":null,"man_made":null,"addr:subward":null,"name":"Kumalija Hotel","operator":null,"contact:phone":null,"addr:city":"Mwanza","addr:municipality":"Nyamagana","tourism":"hotel","opening_hours":null,"addr:ward":"Nyegezi"},"geometry":{"type":"Point","coordinates":[32.9262049,-2.5932462]}},{"id":"364","type":"Feature","properties":{"id":"mwanza_tourist_facilities.365","ogc_fid":365,"fid":365,"addr:street":null,"amenity":"bar","man_made":"yes","addr:subward":"Ng'washi","name":"Misisipi Guest house","operator":null,"contact:phone":null,"addr:city":"Mwanza","addr:municipality":"Nyamagana","tourism":"guest_house","opening_hours":null,"addr:ward":"Buhongwa"},"geometry":{"type":"Point","coordinates":[32.9426765,-2.6285435]}},{"id":"365","type":"Feature","properties":{"id":"mwanza_tourist_facilities.366","ogc_fid":366,"fid":366,"addr:street":null,"amenity":"cafe","man_made":"yes","addr:subward":"Ng'washi","name":null,"operator":null,"contact:phone":null,"addr:city":"Mwanza","addr:municipality":"Nyamagana","tourism":"hotel","opening_hours":null,"addr:ward":"Buhongwa"},"geometry":{"type":"Point","coordinates":[32.9429712,-2.6278798]}},{"id":"366","type":"Feature","properties":{"id":"mwanza_tourist_facilities.367","ogc_fid":367,"fid":367,"addr:street":null,"amenity":null,"man_made":null,"addr:subward":null,"name":"Tai Blue Hotel","operator":null,"contact:phone":null,"addr:city":"Mwanza","addr:municipality":"Nyamagana","tourism":"hotel","opening_hours":null,"addr:ward":"Buhongwa"},"geometry":{"type":"Point","coordinates":[32.9469412,-2.6277905]}},{"id":"367","type":"Feature","properties":{"id":"mwanza_tourist_facilities.368","ogc_fid":368,"fid":368,"addr:street":null,"amenity":"cafe","man_made":"yes","addr:subward":"Buhogwa Kaskazini","name":"Tanzanite Hotel","operator":null,"contact:phone":null,"addr:city":"Mwanza","addr:municipality":"Nyamagana","tourism":"motel","opening_hours":null,"addr:ward":"Buhongwa"},"geometry":{"type":"Point","coordinates":[32.9418877,-2.6215079]}},{"id":"368","type":"Feature","properties":{"id":"mwanza_tourist_facilities.369","ogc_fid":369,"fid":370,"addr:street":null,"amenity":"cafe","man_made":"yes","addr:subward":"Buhogwa Kaskazini","name":"Richmon Hotel","operator":null,"contact:phone":null,"addr:city":"Mwanza","addr:municipality":"Nyamagana","tourism":"hotel","opening_hours":null,"addr:ward":"Buhongwa"},"geometry":{"type":"Point","coordinates":[32.9416418,-2.6213746]}},{"id":"369","type":"Feature","properties":{"id":"mwanza_tourist_facilities.370","ogc_fid":370,"fid":372,"addr:street":null,"amenity":null,"man_made":"yes","addr:subward":"Buhongwa Magharibi","name":"Matrix Lodge","operator":null,"contact:phone":null,"addr:city":"Mwanza","addr:municipality":"Nyamagana","tourism":"hotel","opening_hours":null,"addr:ward":"Buhongwa"},"geometry":{"type":"Point","coordinates":[32.9457694,-2.6206312]}},{"id":"370","type":"Feature","properties":{"id":"mwanza_tourist_facilities.371","ogc_fid":371,"fid":374,"addr:street":"Buhongwa","amenity":null,"man_made":null,"addr:subward":null,"name":"Matrix Lodge","operator":null,"contact:phone":null,"addr:city":"Mwanza","addr:municipality":"Nyamagana","tourism":"hotel","opening_hours":null,"addr:ward":"Buhongwa"},"geometry":{"type":"Point","coordinates":[32.9459572,-2.6206184]}},{"id":"371","type":"Feature","properties":{"id":"mwanza_tourist_facilities.372","ogc_fid":372,"fid":375,"addr:street":null,"amenity":"pub","man_made":"yes","addr:subward":"Buhongwa Magharibi","name":"KGB Hotel","operator":null,"contact:phone":null,"addr:city":"Mwanza","addr:municipality":"Nyamagana","tourism":"motel","opening_hours":null,"addr:ward":"Buhongwa"},"geometry":{"type":"Point","coordinates":[32.9507452,-2.611487]}},{"id":"372","type":"Feature","properties":{"id":"mwanza_tourist_facilities.373","ogc_fid":373,"fid":377,"addr:street":"Nyambiti","amenity":"cafe","man_made":"yes","addr:subward":"Nyambiti","name":"Meuni Cafe","operator":null,"contact:phone":null,"addr:city":"Mwanza","addr:municipality":"Nyamagana","tourism":"hotel","opening_hours":null,"addr:ward":"Buhongwa"},"geometry":{"type":"Point","coordinates":[32.933835,-2.6108098]}},{"id":"373","type":"Feature","properties":{"id":"mwanza_tourist_facilities.374","ogc_fid":374,"fid":379,"addr:street":"Nyambiti","amenity":null,"man_made":"yes","addr:subward":"Nyambiti","name":"","operator":null,"contact:phone":null,"addr:city":"Mwanza","addr:municipality":"Nyamagana","tourism":"information","opening_hours":null,"addr:ward":"Buhongwa"},"geometry":{"type":"Point","coordinates":[32.9336429,-2.6098949]}},{"id":"374","type":"Feature","properties":{"id":"mwanza_tourist_facilities.375","ogc_fid":375,"fid":380,"addr:street":null,"amenity":null,"man_made":null,"addr:subward":null,"name":"Royal Sunset Lodge","operator":null,"contact:phone":null,"addr:city":"Mwanza","addr:municipality":"Nyamagana","tourism":"camp_site","opening_hours":null,"addr:ward":"Luchelele"},"geometry":{"type":"Point","coordinates":[32.8683959,-2.6215738]}},{"id":"375","type":"Feature","properties":{"id":"mwanza_tourist_facilities.376","ogc_fid":376,"fid":381,"addr:street":null,"amenity":null,"man_made":null,"addr:subward":null,"name":"Charcoal Lips Beach","operator":null,"contact:phone":null,"addr:city":"Mwanza","addr:municipality":"Nyamagana","tourism":"picnic_site","opening_hours":null,"addr:ward":"Luchelele"},"geometry":{"type":"Point","coordinates":[32.8893795,-2.6072398]}},{"id":"376","type":"Feature","properties":{"id":"mwanza_tourist_facilities.377","ogc_fid":377,"fid":382,"addr:street":null,"amenity":null,"man_made":null,"addr:subward":null,"name":"Shafik Beach","operator":null,"contact:phone":null,"addr:city":"Mwanza","addr:municipality":"Nyamagana","tourism":"picnic_site","opening_hours":null,"addr:ward":"Luchelele"},"geometry":{"type":"Point","coordinates":[32.8897479,-2.6076712]}},{"id":"377","type":"Feature","properties":{"id":"mwanza_tourist_facilities.378","ogc_fid":378,"fid":383,"addr:street":null,"amenity":null,"man_made":null,"addr:subward":null,"name":"Jembe ni Jembe Beach","operator":null,"contact:phone":null,"addr:city":"Mwanza","addr:municipality":"Nyamagana","tourism":"picnic_site","opening_hours":null,"addr:ward":"Luchelele"},"geometry":{"type":"Point","coordinates":[32.8888992,-2.6066685]}},{"id":"378","type":"Feature","properties":{"id":"mwanza_tourist_facilities.379","ogc_fid":379,"fid":384,"addr:street":null,"amenity":null,"man_made":null,"addr:subward":null,"name":"Kalole Grocery","operator":null,"contact:phone":null,"addr:city":"Mwanza","addr:municipality":"Nyamagana","tourism":"attraction","opening_hours":null,"addr:ward":"Mahina"},"geometry":{"type":"Point","coordinates":[32.9320707,-2.5465609]}},{"id":"379","type":"Feature","properties":{"id":"mwanza_tourist_facilities.380","ogc_fid":380,"fid":385,"addr:street":null,"amenity":null,"man_made":null,"addr:subward":null,"name":"Aris & Sign","operator":null,"contact:phone":null,"addr:city":"Mwanza","addr:municipality":"Nyamagana","tourism":"artwork","opening_hours":null,"addr:ward":"Mahina"},"geometry":{"type":"Point","coordinates":[32.938385,-2.5478439]}},{"id":"380","type":"Feature","properties":{"id":"mwanza_tourist_facilities.381","ogc_fid":381,"fid":386,"addr:street":null,"amenity":null,"man_made":null,"addr:subward":null,"name":"Airbnb mwanza","operator":null,"contact:phone":null,"addr:city":"Mwanza","addr:municipality":"Nyamagana","tourism":"apartment","opening_hours":null,"addr:ward":"Mahina"},"geometry":{"type":"Point","coordinates":[32.9387882,-2.5387087]}},{"id":"381","type":"Feature","properties":{"id":"mwanza_tourist_facilities.382","ogc_fid":382,"fid":387,"addr:street":null,"amenity":null,"man_made":null,"addr:subward":null,"name":"Mahina ward","operator":null,"contact:phone":null,"addr:city":"Mwanza","addr:municipality":"Nyamagana","tourism":"attraction","opening_hours":null,"addr:ward":"Mahina"},"geometry":{"type":"Point","coordinates":[32.9419878,-2.5486867]}},{"id":"382","type":"Feature","properties":{"id":"mwanza_tourist_facilities.383","ogc_fid":383,"fid":388,"addr:street":null,"amenity":null,"man_made":null,"addr:subward":null,"name":"Asha shop","operator":null,"contact:phone":null,"addr:city":"Mwanza","addr:municipality":"Nyamagana","tourism":"artwork","opening_hours":null,"addr:ward":"Mahina"},"geometry":{"type":"Point","coordinates":[32.9198024,-2.5405321]}},{"id":"383","type":"Feature","properties":{"id":"mwanza_tourist_facilities.384","ogc_fid":384,"fid":389,"addr:street":null,"amenity":null,"man_made":null,"addr:subward":null,"name":"Mawe kona","operator":null,"contact:phone":null,"addr:city":"Mwanza","addr:municipality":"Nyamagana","tourism":"attraction","opening_hours":null,"addr:ward":"Mahina"},"geometry":{"type":"Point","coordinates":[32.9229501,-2.5422583]}},{"id":"384","type":"Feature","properties":{"id":"mwanza_tourist_facilities.385","ogc_fid":385,"fid":390,"addr:street":null,"amenity":null,"man_made":null,"addr:subward":null,"name":"Kwa Baba Ester (Jackson Sabana)","operator":null,"contact:phone":null,"addr:city":"Mwanza","addr:municipality":"Nyamagana","tourism":"viewpoint","opening_hours":null,"addr:ward":"Mahina"},"geometry":{"type":"Point","coordinates":[32.950475,-2.554447]}},{"id":"385","type":"Feature","properties":{"id":"mwanza_tourist_facilities.386","ogc_fid":386,"fid":391,"addr:street":null,"amenity":null,"man_made":null,"addr:subward":null,"name":"EAGT Mahina","operator":null,"contact:phone":null,"addr:city":"Mwanza","addr:municipality":"Nyamagana","tourism":"artwork","opening_hours":null,"addr:ward":"Mahina"},"geometry":{"type":"Point","coordinates":[32.9504975,-2.5540068]}},{"id":"386","type":"Feature","properties":{"id":"mwanza_tourist_facilities.387","ogc_fid":387,"fid":392,"addr:street":null,"amenity":null,"man_made":null,"addr:subward":null,"name":"Moreen Saloon","operator":null,"contact:phone":null,"addr:city":"Mwanza","addr:municipality":"Nyamagana","tourism":"artwork","opening_hours":null,"addr:ward":"Mahina"},"geometry":{"type":"Point","coordinates":[32.9434339,-2.5535906]}},{"id":"387","type":"Feature","properties":{"id":"mwanza_tourist_facilities.388","ogc_fid":388,"fid":393,"addr:street":null,"amenity":null,"man_made":null,"addr:subward":null,"name":"Emirate Soccer Hall","operator":null,"contact:phone":null,"addr:city":"Mwanza","addr:municipality":"Nyamagana","tourism":"attraction","opening_hours":null,"addr:ward":"Mahina"},"geometry":{"type":"Point","coordinates":[32.9506414,-2.5533973]}},{"id":"388","type":"Feature","properties":{"id":"mwanza_tourist_facilities.389","ogc_fid":389,"fid":394,"addr:street":"Machinjioni","amenity":null,"man_made":null,"addr:subward":null,"name":"Blue Sky Hotel","operator":null,"contact:phone":null,"addr:city":"Mwanza","addr:municipality":"Nyamagana","tourism":"guest_house","opening_hours":null,"addr:ward":"Mhandu"},"geometry":{"type":"Point","coordinates":[32.9690767,-2.5474474]}},{"id":"389","type":"Feature","properties":{"id":"mwanza_tourist_facilities.390","ogc_fid":390,"fid":395,"addr:street":null,"amenity":null,"man_made":null,"addr:subward":null,"name":"Mashi Hotel","operator":null,"contact:phone":null,"addr:city":"Mwanza","addr:municipality":"Nyamagana","tourism":"hotel","opening_hours":null,"addr:ward":"Mhandu"},"geometry":{"type":"Point","coordinates":[32.95388,-2.5412628]}},{"id":"390","type":"Feature","properties":{"id":"mwanza_tourist_facilities.391","ogc_fid":391,"fid":396,"addr:street":null,"amenity":null,"man_made":null,"addr:subward":"Ibanda","name":null,"operator":null,"contact:phone":null,"addr:city":"Mwanza","addr:municipality":"Nyamagana","tourism":"hotel","opening_hours":null,"addr:ward":"Butimba"},"geometry":{"type":"Point","coordinates":[32.9203494,-2.5729311]}},{"id":"391","type":"Feature","properties":{"id":"mwanza_tourist_facilities.392","ogc_fid":392,"fid":397,"addr:street":"Amani","amenity":"fast_food","man_made":null,"addr:subward":"Amani","name":null,"operator":null,"contact:phone":null,"addr:city":"Mwanza","addr:municipality":"Nyamagana","tourism":"hotel","opening_hours":null,"addr:ward":"Butimba"},"geometry":{"type":"Point","coordinates":[32.9143095,-2.5690812]}},{"id":"392","type":"Feature","properties":{"id":"mwanza_tourist_facilities.393","ogc_fid":393,"fid":398,"addr:street":"Butimba TTC","amenity":"cafe","man_made":"yes","addr:subward":"Ziwani","name":null,"operator":"J PLUS","contact:phone":null,"addr:city":"Mwanza","addr:municipality":"Nyamagana","tourism":"hotel","opening_hours":null,"addr:ward":"Butimba"},"geometry":{"type":"Point","coordinates":[32.910689,-2.5646709]}},{"id":"393","type":"Feature","properties":{"id":"mwanza_tourist_facilities.394","ogc_fid":394,"fid":399,"addr:street":"Butimba Road","amenity":"bar","man_made":"yes","addr:subward":"Ziwa","name":null,"operator":"Tembo Mtoto","contact:phone":null,"addr:city":"Mwanza","addr:municipality":"Nyamagana","tourism":"guest_house","opening_hours":null,"addr:ward":"Butimba"},"geometry":{"type":"Point","coordinates":[32.9125071,-2.5632505]}},{"id":"394","type":"Feature","properties":{"id":"mwanza_tourist_facilities.395","ogc_fid":395,"fid":400,"addr:street":"Butimba Road","amenity":"bar","man_made":"yes","addr:subward":"Ziwa","name":null,"operator":"DMG Food Point","contact:phone":null,"addr:city":"Mwanza","addr:municipality":"Nyamagana","tourism":"hotel","opening_hours":null,"addr:ward":"Butimba"},"geometry":{"type":"Point","coordinates":[32.9128648,-2.5629896]}},{"id":"395","type":"Feature","properties":{"id":"mwanza_tourist_facilities.396","ogc_fid":396,"fid":401,"addr:street":"Maina","amenity":"bar","man_made":null,"addr:subward":"Maina","name":null,"operator":null,"contact:phone":null,"addr:city":"Mwanza","addr:municipality":"Nyamagana","tourism":"guest_house","opening_hours":null,"addr:ward":"Butimba"},"geometry":{"type":"Point","coordinates":[32.923665,-2.5627146]}},{"id":"396","type":"Feature","properties":{"id":"mwanza_tourist_facilities.397","ogc_fid":397,"fid":402,"addr:street":"Butimba TTC","amenity":"bar","man_made":"yes","addr:subward":"Ziwani","name":"New Kirua Bar","operator":"New Kirua Bar","contact:phone":"0716866596","addr:city":"Mwanza","addr:municipality":"Nyamagana","tourism":"guest_house","opening_hours":null,"addr:ward":"Butimba"},"geometry":{"type":"Point","coordinates":[32.9107354,-2.5646151]}},{"id":"397","type":"Feature","properties":{"id":"mwanza_tourist_facilities.398","ogc_fid":398,"fid":403,"addr:street":null,"amenity":null,"man_made":null,"addr:subward":null,"name":null,"operator":null,"contact:phone":null,"addr:city":"Mwanza","addr:municipality":"Nyamagana","tourism":"information","opening_hours":null,"addr:ward":"Mkolani"},"geometry":{"type":"Point","coordinates":[32.9155858,-2.6156393]}},{"id":"398","type":"Feature","properties":{"id":"mwanza_tourist_facilities.399","ogc_fid":399,"fid":404,"addr:street":null,"amenity":null,"man_made":null,"addr:subward":null,"name":null,"operator":null,"contact:phone":null,"addr:city":"Mwanza","addr:municipality":"Nyamagana","tourism":"information","opening_hours":null,"addr:ward":"Mkolani"},"geometry":{"type":"Point","coordinates":[32.9167084,-2.6141368]}},{"id":"399","type":"Feature","properties":{"id":"mwanza_tourist_facilities.400","ogc_fid":400,"fid":405,"addr:street":null,"amenity":null,"man_made":null,"addr:subward":null,"name":null,"operator":null,"contact:phone":null,"addr:city":"Mwanza","addr:municipality":"Nyamagana","tourism":"information","opening_hours":null,"addr:ward":"Mkolani"},"geometry":{"type":"Point","coordinates":[32.9166372,-2.6140894]}},{"id":"400","type":"Feature","properties":{"id":"mwanza_tourist_facilities.401","ogc_fid":401,"fid":406,"addr:street":null,"amenity":null,"man_made":null,"addr:subward":"Nyerere B","name":"Masalu Guest House","operator":null,"contact:phone":null,"addr:city":"Mwanza","addr:municipality":"Nyamagana","tourism":"guest_house","opening_hours":null,"addr:ward":"Mabatini"},"geometry":{"type":"Point","coordinates":[32.9158328,-2.5261057]}},{"id":"401","type":"Feature","properties":{"id":"mwanza_tourist_facilities.402","ogc_fid":402,"fid":407,"addr:street":null,"amenity":null,"man_made":"yes","addr:subward":"Nyerere B","name":"Singida Guest House","operator":"Singida Guest House","contact:phone":null,"addr:city":"Mwanza","addr:municipality":"Nyamagana","tourism":"guest_house","opening_hours":null,"addr:ward":"Mabatini"},"geometry":{"type":"Point","coordinates":[32.916585,-2.5268063]}},{"id":"402","type":"Feature","properties":{"id":"mwanza_tourist_facilities.403","ogc_fid":403,"fid":408,"addr:street":null,"amenity":null,"man_made":null,"addr:subward":"Nyerere B","name":null,"operator":null,"contact:phone":null,"addr:city":"Mwanza","addr:municipality":"Nyamagana","tourism":"guest_house","opening_hours":null,"addr:ward":"Mabatini"},"geometry":{"type":"Point","coordinates":[32.9172112,-2.5261107]}},{"id":"403","type":"Feature","properties":{"id":"mwanza_tourist_facilities.404","ogc_fid":404,"fid":409,"addr:street":null,"amenity":null,"man_made":null,"addr:subward":"Mabatini kusini","name":null,"operator":null,"contact:phone":null,"addr:city":"Mwanza","addr:municipality":"Nyamagana","tourism":"guest_house","opening_hours":null,"addr:ward":"Mabatini"},"geometry":{"type":"Point","coordinates":[32.9173441,-2.524307]}},{"id":"404","type":"Feature","properties":{"id":"mwanza_tourist_facilities.405","ogc_fid":405,"fid":410,"addr:street":"Mabatini Bridge","amenity":"pub","man_made":null,"addr:subward":"Nyerere B","name":"Nzagamba Guest House And Pub","operator":null,"contact:phone":null,"addr:city":"Mwanza","addr:municipality":"Nyamagana","tourism":"guest_house","opening_hours":null,"addr:ward":"Mabatini"},"geometry":{"type":"Point","coordinates":[32.9174662,-2.5259091]}},{"id":"405","type":"Feature","properties":{"id":"mwanza_tourist_facilities.406","ogc_fid":406,"fid":411,"addr:street":"Mabatini Kusini","amenity":null,"man_made":null,"addr:subward":"Mabatini Kusini","name":null,"operator":null,"contact:phone":null,"addr:city":"Mwanza","addr:municipality":"Nyamagana","tourism":"guest_house","opening_hours":null,"addr:ward":"Mabatini"},"geometry":{"type":"Point","coordinates":[32.9176569,-2.5242575]}},{"id":"406","type":"Feature","properties":{"id":"mwanza_tourist_facilities.407","ogc_fid":407,"fid":412,"addr:street":null,"amenity":null,"man_made":null,"addr:subward":"Nyerere B","name":"New Super Nyama Lodge","operator":null,"contact:phone":"0767340629","addr:city":"Mwanza","addr:municipality":"Nyamagana","tourism":"hotel","opening_hours":null,"addr:ward":"Mabatini"},"geometry":{"type":"Point","coordinates":[32.9177313,-2.5270809]}},{"id":"407","type":"Feature","properties":{"id":"mwanza_tourist_facilities.408","ogc_fid":408,"fid":413,"addr:street":null,"amenity":null,"man_made":null,"addr:subward":"Nyerere B","name":null,"operator":null,"contact:phone":null,"addr:city":"Mwanza","addr:municipality":"Nyamagana","tourism":"guest_house","opening_hours":null,"addr:ward":"Mabatini"},"geometry":{"type":"Point","coordinates":[32.9178264,-2.5262481]}},{"id":"408","type":"Feature","properties":{"id":"mwanza_tourist_facilities.409","ogc_fid":409,"fid":414,"addr:street":null,"amenity":null,"man_made":null,"addr:subward":"Nyerere B","name":"Kabengwe Hillside Lodge","operator":null,"contact:phone":"02842284","addr:city":"Mwanza","addr:municipality":"Nyamagana","tourism":"hotel","opening_hours":null,"addr:ward":"Mabatini"},"geometry":{"type":"Point","coordinates":[32.9178696,-2.5272438]}},{"id":"409","type":"Feature","properties":{"id":"mwanza_tourist_facilities.410","ogc_fid":410,"fid":415,"addr:street":"Mabatini Bridge","amenity":null,"man_made":null,"addr:subward":"Nyerere B","name":"Kindoroko Lodge","operator":null,"contact:phone":null,"addr:city":"Mwanza","addr:municipality":"Nyamagana","tourism":"guest_house","opening_hours":null,"addr:ward":"Mabatini"},"geometry":{"type":"Point","coordinates":[32.9178832,-2.5261575]}},{"id":"410","type":"Feature","properties":{"id":"mwanza_tourist_facilities.411","ogc_fid":411,"fid":416,"addr:street":"Zahanati","amenity":"pub","man_made":"yes","addr:subward":"Mabatini","name":"Nsiko Pub","operator":"private","contact:phone":null,"addr:city":"Mwanza","addr:municipality":"Nyamagana","tourism":"guest_house","opening_hours":null,"addr:ward":"Mabatini"},"geometry":{"type":"Point","coordinates":[32.9183716,-2.5241974]}},{"id":"411","type":"Feature","properties":{"id":"mwanza_tourist_facilities.412","ogc_fid":412,"fid":417,"addr:street":"Nyerere B","amenity":"bar","man_made":null,"addr:subward":"Nyerere B","name":"Calla","operator":null,"contact:phone":null,"addr:city":"Mwanza","addr:municipality":"Nyamagana","tourism":"guest_house","opening_hours":null,"addr:ward":"Mabatini"},"geometry":{"type":"Point","coordinates":[32.9185384,-2.5267465]}},{"id":"412","type":"Feature","properties":{"id":"mwanza_tourist_facilities.413","ogc_fid":413,"fid":418,"addr:street":"Mirongo River","amenity":null,"man_made":null,"addr:subward":"Mabatini Kaskazini","name":"Mwanasobo","operator":"Mwanasobo","contact:phone":null,"addr:city":"Mwanza","addr:municipality":"Nyamagana","tourism":"guest_house","opening_hours":null,"addr:ward":"Mabatini"},"geometry":{"type":"Point","coordinates":[32.9189103,-2.5256693]}},{"id":"413","type":"Feature","properties":{"id":"mwanza_tourist_facilities.414","ogc_fid":414,"fid":419,"addr:street":"Mtaa Wa Keruu","amenity":"bar","man_made":"yes","addr:subward":"Mabatini Kaskazini","name":"GB Lodge","operator":null,"contact:phone":null,"addr:city":"Mwanza","addr:municipality":"Nyamagana","tourism":"guest_house","opening_hours":null,"addr:ward":"Mabatini"},"geometry":{"type":"Point","coordinates":[32.9191589,-2.5253508]}},{"id":"414","type":"Feature","properties":{"id":"mwanza_tourist_facilities.415","ogc_fid":415,"fid":420,"addr:street":"Mirongo River","amenity":null,"man_made":null,"addr:subward":"Mabatini Kaskazini","name":"Makaranga","operator":"Nakaranga","contact:phone":null,"addr:city":"Mwanza","addr:municipality":"Nyamagana","tourism":"guest_house","opening_hours":null,"addr:ward":"Mabatini"},"geometry":{"type":"Point","coordinates":[32.9194142,-2.5258432]}},{"id":"415","type":"Feature","properties":{"id":"mwanza_tourist_facilities.416","ogc_fid":416,"fid":421,"addr:street":"Mirongo River","amenity":null,"man_made":null,"addr:subward":"Mabatini Kaskazini","name":"Olympic","operator":"Olympic","contact:phone":null,"addr:city":"Mwanza","addr:municipality":"Nyamagana","tourism":"guest_house","opening_hours":null,"addr:ward":"Mabatini"},"geometry":{"type":"Point","coordinates":[32.9201337,-2.5256725]}},{"id":"416","type":"Feature","properties":{"id":"mwanza_tourist_facilities.417","ogc_fid":417,"fid":422,"addr:street":"kaskazini","amenity":null,"man_made":null,"addr:subward":"kaskazini","name":null,"operator":null,"contact:phone":null,"addr:city":"Mwanza","addr:municipality":"Nyamagana","tourism":"guest_house","opening_hours":null,"addr:ward":"Mabatini"},"geometry":{"type":"Point","coordinates":[32.9203176,-2.5249006]}},{"id":"417","type":"Feature","properties":{"id":"mwanza_tourist_facilities.418","ogc_fid":418,"fid":423,"addr:street":"Mabatini Kaskazini","amenity":null,"man_made":null,"addr:subward":"Mabatini Kaskazini","name":null,"operator":null,"contact:phone":null,"addr:city":"Mwanza","addr:municipality":"Nyamagana","tourism":"motel","opening_hours":null,"addr:ward":"Mabatini"},"geometry":{"type":"Point","coordinates":[32.9206824,-2.5251578]}},{"id":"418","type":"Feature","properties":{"id":"mwanza_tourist_facilities.419","ogc_fid":419,"fid":424,"addr:street":null,"amenity":null,"man_made":null,"addr:subward":"Mabatini Kaskazini","name":"Saco Gest House","operator":null,"contact:phone":null,"addr:city":"Mwanza","addr:municipality":"Nyamagana","tourism":"guest_house","opening_hours":null,"addr:ward":"Mabatini"},"geometry":{"type":"Point","coordinates":[32.9206968,-2.5270313]}},{"id":"419","type":"Feature","properties":{"id":"mwanza_tourist_facilities.420","ogc_fid":420,"fid":425,"addr:street":null,"amenity":"guest_house","man_made":null,"addr:subward":"Nyerere A","name":null,"operator":"Yaya Lodge","contact:phone":null,"addr:city":"Mwanza","addr:municipality":"Nyamagana","tourism":"guest_house","opening_hours":null,"addr:ward":"Mabatini"},"geometry":{"type":"Point","coordinates":[32.9215215,-2.527861]}},{"id":"420","type":"Feature","properties":{"id":"mwanza_tourist_facilities.421","ogc_fid":421,"fid":426,"addr:street":null,"amenity":"social_facility","man_made":"yes","addr:subward":"Mabatini","name":null,"operator":"Chama Cha Mapinduzi","contact:phone":null,"addr:city":"Mwanza","addr:municipality":"Nyamagana","tourism":"information","opening_hours":null,"addr:ward":"Mabatini"},"geometry":{"type":"Point","coordinates":[32.9228556,-2.525213]}},{"id":"421","type":"Feature","properties":{"id":"mwanza_tourist_facilities.422","ogc_fid":422,"fid":427,"addr:street":"Mwembe Giza","amenity":"community_centre","man_made":"yes","addr:subward":"Mabatini B","name":"Maji House","operator":"RC Church","contact:phone":null,"addr:city":"Mwanza","addr:municipality":"Nyamagana","tourism":"hostel","opening_hours":null,"addr:ward":"Mabatini"},"geometry":{"type":"Point","coordinates":[32.9232234,-2.5249791]}},{"id":"422","type":"Feature","properties":{"id":"mwanza_tourist_facilities.423","ogc_fid":423,"fid":428,"addr:street":"Nyerere B","amenity":"bar","man_made":null,"addr:subward":"Nyerere B","name":"Kabengwe","operator":null,"contact:phone":null,"addr:city":"Mwanza","addr:municipality":"Nyamagana","tourism":"hotel","opening_hours":null,"addr:ward":"Mabatini"},"geometry":{"type":"Point","coordinates":[32.9180002,-2.5273658]}},{"id":"423","type":"Feature","properties":{"id":"mwanza_tourist_facilities.424","ogc_fid":424,"fid":429,"addr:street":"Nyerere Road","amenity":null,"man_made":"yes","addr:subward":"Mission","name":"Katarama Lodge","operator":"Katarama","contact:phone":"0754359649","addr:city":"Mwanza","addr:municipality":"Nyamagana","tourism":"hotel","opening_hours":null,"addr:ward":"Mabatini"},"geometry":{"type":"Point","coordinates":[32.9143156,-2.5247046]}},{"id":"424","type":"Feature","properties":{"id":"mwanza_tourist_facilities.425","ogc_fid":425,"fid":430,"addr:street":"Nyerere Road","amenity":null,"man_made":null,"addr:subward":"Mission","name":"Residence Inn Hotel","operator":null,"contact:phone":"+255767880052","addr:city":"Mwanza","addr:municipality":"Nyamagana","tourism":"hotel","opening_hours":null,"addr:ward":"Mabatini"},"geometry":{"type":"Point","coordinates":[32.9139986,-2.5246886]}},{"id":"425","type":"Feature","properties":{"id":"mwanza_tourist_facilities.426","ogc_fid":426,"fid":431,"addr:street":null,"amenity":null,"man_made":null,"addr:subward":null,"name":"Kabengwe Hotel","operator":null,"contact:phone":null,"addr:city":"Mwanza","addr:municipality":"Nyamagana","tourism":"hotel","opening_hours":null,"addr:ward":"Mabatini"},"geometry":{"type":"Point","coordinates":[32.9176303,-2.5272349]}},{"id":"426","type":"Feature","properties":{"id":"mwanza_tourist_facilities.427","ogc_fid":427,"fid":432,"addr:street":"Mirongo River","amenity":null,"man_made":null,"addr:subward":"Mabatini Kaskazini","name":"AR","operator":"Ar","contact:phone":null,"addr:city":"Mwanza","addr:municipality":"Nyamagana","tourism":"guest_house","opening_hours":null,"addr:ward":"Mabatini"},"geometry":{"type":"Point","coordinates":[32.9200807,-2.5258266]}},{"id":"427","type":"Feature","properties":{"id":"mwanza_tourist_facilities.428","ogc_fid":428,"fid":433,"addr:street":"Mission","amenity":"bar","man_made":"yes","addr:subward":"Mission","name":null,"operator":"Zagum","contact:phone":null,"addr:city":"Mwanza","addr:municipality":"Nyamagana","tourism":"guest_house","opening_hours":null,"addr:ward":"Mabatini"},"geometry":{"type":"Point","coordinates":[32.9079769,-2.5208523]}},{"id":"428","type":"Feature","properties":{"id":"mwanza_tourist_facilities.429","ogc_fid":429,"fid":434,"addr:street":"Uhuru","amenity":"restaurant","man_made":null,"addr:subward":"Rufiji","name":"Shangwe D","operator":null,"contact:phone":null,"addr:city":"Mwanza","addr:municipality":"Nyamagana","tourism":"hotel","opening_hours":null,"addr:ward":"Mabatini"},"geometry":{"type":"Point","coordinates":[32.911042,-2.5211082]}},{"id":"429","type":"Feature","properties":{"id":"mwanza_tourist_facilities.430","ogc_fid":430,"fid":435,"addr:street":null,"amenity":null,"man_made":null,"addr:subward":"Lango","name":null,"operator":"Dabuya Hotel","contact:phone":null,"addr:city":"Mwanza","addr:municipality":"Nyamagana","tourism":"hotel","opening_hours":null,"addr:ward":"Mabatini"},"geometry":{"type":"Point","coordinates":[32.9117083,-2.521789]}},{"id":"430","type":"Feature","properties":{"id":"mwanza_tourist_facilities.431","ogc_fid":431,"fid":436,"addr:street":"Mtemi Baganda","amenity":"bar","man_made":"yes","addr:subward":"Uhuru","name":"Omegeras Executive Lodge and Bar","operator":"Omegeras","contact:phone":"0742173505/0767983544","addr:city":"Mwanza","addr:municipality":"Nyamagana","tourism":"guest_house","opening_hours":null,"addr:ward":"Mabatini"},"geometry":{"type":"Point","coordinates":[32.9121998,-2.5218658]}},{"id":"431","type":"Feature","properties":{"id":"mwanza_tourist_facilities.432","ogc_fid":432,"fid":437,"addr:street":"Unguja","amenity":null,"man_made":null,"addr:subward":"Unguja","name":"Dinna Lodge","operator":null,"contact:phone":"","addr:city":"Mwanza","addr:municipality":"Nyamagana","tourism":"hotel","opening_hours":null,"addr:ward":"Mabatini"},"geometry":{"type":"Point","coordinates":[32.9124945,-2.5210828]}},{"id":"432","type":"Feature","properties":{"id":"mwanza_tourist_facilities.433","ogc_fid":433,"fid":438,"addr:street":"Nyerere Road","amenity":null,"man_made":"yes","addr:subward":"Mission","name":"Kaloleni Guest House","operator":"Kaloleni","contact:phone":"0652052867","addr:city":"Mwanza","addr:municipality":"Nyamagana","tourism":"guest_house","opening_hours":null,"addr:ward":"Mabatini"},"geometry":{"type":"Point","coordinates":[32.9134736,-2.5242515]}},{"id":"433","type":"Feature","properties":{"id":"mwanza_tourist_facilities.434","ogc_fid":434,"fid":439,"addr:street":"Nyerere Road","amenity":null,"man_made":null,"addr:subward":"Mission","name":"Relax Lodge","operator":null,"contact:phone":"+255762708282","addr:city":"Mwanza","addr:municipality":"Nyamagana","tourism":"hotel","opening_hours":null,"addr:ward":"Mabatini"},"geometry":{"type":"Point","coordinates":[32.9136587,-2.5244967]}},{"id":"434","type":"Feature","properties":{"id":"mwanza_tourist_facilities.435","ogc_fid":435,"fid":440,"addr:street":null,"amenity":null,"man_made":null,"addr:subward":"Lango","name":null,"operator":"Omegrave Lodge","contact:phone":null,"addr:city":"Mwanza","addr:municipality":"Nyamagana","tourism":"guest_house","opening_hours":null,"addr:ward":"Mabatini"},"geometry":{"type":"Point","coordinates":[32.9121437,-2.5220251]}},{"id":"435","type":"Feature","properties":{"id":"mwanza_tourist_facilities.436","ogc_fid":436,"fid":441,"addr:street":"Uhuru","amenity":"restaurant","man_made":"yes","addr:subward":"Mkanyenye","name":null,"operator":null,"contact:phone":null,"addr:city":"Mwanza","addr:municipality":"Nyamagana","tourism":"hotel","opening_hours":null,"addr:ward":"Mabatini"},"geometry":{"type":"Point","coordinates":[32.9095269,-2.5206761]}},{"id":"436","type":"Feature","properties":{"id":"mwanza_tourist_facilities.437","ogc_fid":437,"fid":442,"addr:street":"Rufiji","amenity":null,"man_made":null,"addr:subward":"Rufiji","name":"Royal Residence Hotel","operator":null,"contact:phone":"02540330","addr:city":"Mwanza","addr:municipality":"Nyamagana","tourism":"hotel","opening_hours":null,"addr:ward":"Mabatini"},"geometry":{"type":"Point","coordinates":[32.9120878,-2.521071]}},{"id":"437","type":"Feature","properties":{"id":"mwanza_tourist_facilities.438","ogc_fid":438,"fid":443,"addr:street":"Uhuru","amenity":"restaurant","man_made":"yes","addr:subward":"Mission","name":null,"operator":null,"contact:phone":null,"addr:city":"Mwanza","addr:municipality":"Nyamagana","tourism":"hotel","opening_hours":null,"addr:ward":"Mabatini"},"geometry":{"type":"Point","coordinates":[32.9086507,-2.5202907]}},{"id":"438","type":"Feature","properties":{"id":"mwanza_tourist_facilities.439","ogc_fid":439,"fid":444,"addr:street":"Rufiji","amenity":null,"man_made":null,"addr:subward":"Rufiji","name":"Twin's Lodge","operator":null,"contact:phone":"0769813112","addr:city":"Mwanza","addr:municipality":"Nyamagana","tourism":"hotel","opening_hours":null,"addr:ward":"Mabatini"},"geometry":{"type":"Point","coordinates":[32.9115848,-2.521289]}},{"id":"439","type":"Feature","properties":{"id":"mwanza_tourist_facilities.440","ogc_fid":440,"fid":445,"addr:street":"Mission.","amenity":"cafe","man_made":"yes","addr:subward":"Mission.","name":null,"operator":null,"contact:phone":null,"addr:city":"Mwanza","addr:municipality":"Nyamagana","tourism":"guest_house","opening_hours":null,"addr:ward":"Mabatini"},"geometry":{"type":"Point","coordinates":[32.909025,-2.5211398]}},{"id":"440","type":"Feature","properties":{"id":"mwanza_tourist_facilities.441","ogc_fid":441,"fid":446,"addr:street":"Mtemi Baganda","amenity":null,"man_made":"yes","addr:subward":"Uhuru","name":"Asao Guesthouse","operator":"Asao","contact:phone":"0741258877","addr:city":"Mwanza","addr:municipality":"Nyamagana","tourism":"guest_house","opening_hours":null,"addr:ward":"Mabatini"},"geometry":{"type":"Point","coordinates":[32.9118598,-2.5216806]}},{"id":"441","type":"Feature","properties":{"id":"mwanza_tourist_facilities.442","ogc_fid":442,"fid":447,"addr:street":null,"amenity":"restaurant","man_made":"yes","addr:subward":"Lango","name":null,"operator":"Aspen Restaurant","contact:phone":null,"addr:city":"Mwanza","addr:municipality":"Nyamagana","tourism":"hotel","opening_hours":null,"addr:ward":"Mabatini"},"geometry":{"type":"Point","coordinates":[32.9109008,-2.5215932]}},{"id":"442","type":"Feature","properties":{"id":"mwanza_tourist_facilities.443","ogc_fid":443,"fid":448,"addr:street":"Mission.","amenity":"cafe","man_made":"yes","addr:subward":"Mission.","name":null,"operator":null,"contact:phone":null,"addr:city":"Mwanza","addr:municipality":"Nyamagana","tourism":"guest_house","opening_hours":null,"addr:ward":"Mabatini"},"geometry":{"type":"Point","coordinates":[32.9087922,-2.5210275]}},{"id":"443","type":"Feature","properties":{"id":"mwanza_tourist_facilities.444","ogc_fid":444,"fid":449,"addr:street":"Mission.","amenity":null,"man_made":"yes","addr:subward":"Mission.","name":null,"operator":null,"contact:phone":null,"addr:city":"Mwanza","addr:municipality":"Nyamagana","tourism":"guest_house","opening_hours":null,"addr:ward":"Mabatini"},"geometry":{"type":"Point","coordinates":[32.9087265,-2.520959]}},{"id":"444","type":"Feature","properties":{"id":"mwanza_tourist_facilities.445","ogc_fid":445,"fid":450,"addr:street":"Unguja","amenity":null,"man_made":"yes","addr:subward":"Unguja","name":"Angenwa Lodge","operator":"Angenwa","contact:phone":"0769556274","addr:city":"Mwanza","addr:municipality":"Nyamagana","tourism":"guest_house","opening_hours":null,"addr:ward":"Mabatini"},"geometry":{"type":"Point","coordinates":[32.9122168,-2.520943]}},{"id":"445","type":"Feature","properties":{"id":"mwanza_tourist_facilities.446","ogc_fid":446,"fid":451,"addr:street":"Mtemi Buganda","amenity":"restaurant","man_made":null,"addr:subward":"Rufiji","name":null,"operator":null,"contact:phone":null,"addr:city":"Mwanza","addr:municipality":"Nyamagana","tourism":"hotel","opening_hours":null,"addr:ward":"Mabatini"},"geometry":{"type":"Point","coordinates":[32.911114,-2.5212116]}},{"id":"446","type":"Feature","properties":{"id":"mwanza_tourist_facilities.447","ogc_fid":447,"fid":452,"addr:street":"Unguja","amenity":null,"man_made":null,"addr:subward":"Unguja","name":"Dashi Lodge","operator":null,"contact:phone":"0784406268","addr:city":"Mwanza","addr:municipality":"Nyamagana","tourism":"hotel","opening_hours":null,"addr:ward":"Mabatini"},"geometry":{"type":"Point","coordinates":[32.9127172,-2.521194]}},{"id":"447","type":"Feature","properties":{"id":"mwanza_tourist_facilities.448","ogc_fid":448,"fid":453,"addr:street":null,"amenity":"parking","man_made":null,"addr:subward":"Voil","name":null,"operator":null,"contact:phone":null,"addr:city":"Mwanza","addr:municipality":null,"tourism":"camp_site","opening_hours":null,"addr:ward":null},"geometry":{"type":"Point","coordinates":[32.900877,-2.537827]}}]}