{"type":"FeatureCollection","features":[{"id":"0","type":"Feature","properties":{"ogc_fid":1,"objectid":1,"id":0,"wardno":20,"wardname":"Sangabuye","shape_leng":35209.066491,"area":5060.33952125,"pop_2002":8935,"pop_densty":1.7656917962,"area_sqkm":50.6033953332,"pop_dnsty_":176.569179621,"shape_le_1":35209.0666252,"shape_area":50603395.2125},"geometry":{"type":"MultiPolygon","coordinates":[[[[32.98806443316015,-2.3839490595810844],[32.988868402222124,-2.3848126267069722],[32.989299754966325,-2.385506862080418],[32.989577957723846,-2.3855259502109845],[32.99038319062292,-2.3861237638145645],[32.99069950499885,-2.387646463238475],[32.9921664645247,-2.388273225747904],[32.99300077796154,-2.3881190061700415],[32.99352811095195,-2.387897126040994],[32.99374868748368,-2.387617715872666],[32.99533061128374,-2.387212851571832],[32.99592506645688,-2.386624994970751],[32.99673045279157,-2.386528392872619],[32.99700850776232,-2.3864032055072855],[32.99787129943516,-2.386528395120652],[32.998437124951934,-2.3863452270519305],[32.999204166219656,-2.386403208542207],[32.99973149755321,-2.386249076018875],[33.00038343102414,-2.385901824313059],[33.00119838429774,-2.384966985062762],[33.00233930115161,-2.383627003651848],[33.003432452757984,-2.382508813658885],[33.004456412306915,-2.3811083917680174],[33.0053113370217,-2.3801796576506957],[33.00594434157396,-2.379356856812045],[33.00655799619974,-2.378296465247679],[33.00712376449997,-2.3766023122411495],[33.007085234808926,-2.375183138512788],[33.00683602368309,-2.3732744765840383],[33.007123715166784,-2.372937173500519],[33.007679821356255,-2.3733421316804506],[33.00882065441448,-2.372908218944495],[33.00947250981186,-2.3733129939334074],[33.010163003959455,-2.3733421155908974],[33.01031630456112,-2.3729660989217214],[33.01149571086071,-2.373496147392424],[33.01158197021484,-2.3739011078303416],[33.011246369215456,-2.3744022236853843],[33.01170657862993,-2.374864980897945],[33.01149572502375,-2.375211872517158],[33.01030407648276,-2.3752607902572977],[33.00931929443536,-2.3753083132146946],[33.00863851790985,-2.375867410657504],[33.00873442532332,-2.3773327600001726],[33.00969312269092,-2.3791737570936506],[33.01090131784432,-2.380571347892473],[33.01137095403995,-2.3816316414260723],[33.01230110134225,-2.383289739365482],[33.01307778924565,-2.3839453397926302],[33.01396943625808,-2.384436675717685],[33.01552272880348,-2.3846585417345185],[33.01642387042433,-2.3851884993684656],[33.01732515451727,-2.385188488268092],[33.01933864018396,-2.3840993089232976],[33.01964538795262,-2.3834728217351686],[33.020489188692174,-2.3832896414621447],[33.02064248523923,-2.382817199491934],[33.02057535990777,-2.3825666435561987],[33.021198581779046,-2.382075018837839],[33.02141914940792,-2.3816989990485777],[33.021793026017605,-2.381631515478911],[33.02240991734308,-2.3820713454191527],[33.02278057707107,-2.3824122950347872],[33.02326485965327,-2.3829312681136288],[33.023835257822356,-2.3835979432962504],[33.02470769995467,-2.38415693207175],[33.02537891761058,-2.384253252644039],[33.02643357460108,-2.3840028567262896],[33.028264824503374,-2.3830676205147427],[33.02876337050614,-2.382691775661004],[33.02950162278404,-2.3822290886048667],[33.03071914305017,-2.381698822358378],[33.03180279476445,-2.38134223011381],[33.03262716622886,-2.381428955367475],[33.03352851404158,-2.3810818629413832],[33.03502863526169,-2.380970362097766],[33.03549401797011,-2.380956625531777],[33.03651039968813,-2.380667328060239],[33.037373117161984,-2.3807829055058254],[33.03856208918849,-2.3806480059359756],[33.039185313253505,-2.3804937651100246],[33.04016344646175,-2.3810430613994877],[33.040393445812924,-2.3812553491161026],[33.04063699524324,-2.3821053240781356],[33.040853699452164,-2.3828167463697363],[33.0412371600431,-2.3832985817557963],[33.042771262044816,-2.3840504750294986],[33.04349996090754,-2.384137197594576],[33.04572430483273,-2.3837515216221505],[33.04721164386829,-2.383324530058948],[33.04952825473324,-2.3822082243037466],[33.05074847175595,-2.3814585266379877],[33.052366540272544,-2.3801786692980693],[33.05352920301154,-2.3791810979394024],[33.05595709701471,-2.3767731785720128],[33.05633685572225,-2.3765764361565167],[33.06044719350827,-2.374844255200729],[33.0612233351942,-2.374502722465279],[33.06149856989086,-2.374514686881085],[33.0633281023842,-2.3757660292049065],[33.06606941911055,-2.3763900305171437],[33.06837055260598,-2.375671898682096],[33.07011562227271,-2.375325191769276],[33.070633696549784,-2.375701090032508],[33.07144833478489,-2.3767380643223244],[33.07206393596504,-2.377804352407889],[33.07261115299464,-2.379042631962472],[33.07285056662133,-2.3796961709057878],[33.07330128983375,-2.3804651407947293],[33.07343170927811,-2.381096499879108],[33.073934343316424,-2.3825413784680576],[33.07440980059828,-2.383365927139866],[33.07557810231315,-2.3850363606051332],[33.07786356674706,-2.387560881231439],[33.07858821078135,-2.3880268564345055],[33.07962208735419,-2.3884671418525554],[33.08079192000316,-2.388723854437572],[33.08179809958262,-2.389082352239387],[33.081134140449564,-2.390170185989622],[33.08087438221769,-2.3923109661917565],[33.080310405548474,-2.3935225339530293],[33.07909120850019,-2.3943824570052126],[33.07747001076742,-2.395095685313558],[33.07548421423659,-2.3960534288460167],[33.07352133371601,-2.3970220222479006],[33.071141714083176,-2.399165212456378],[33.06956130587442,-2.4005700904477227],[33.0685770287688,-2.401779549856267],[33.06795017799574,-2.402709037004191],[33.06703831197133,-2.4053913573661045],[33.0664490896879,-2.407457832211603],[33.06575454727411,-2.4115401259600664],[33.064139845657586,-2.415356619420548],[33.062081366257594,-2.4188513878043487],[33.061351879828166,-2.4198256974166514],[33.05822194038421,-2.423498068623179],[33.05739536230249,-2.4245511723793864],[33.056041006495285,-2.4258567379973957],[33.05450354911174,-2.427864960212533],[33.0539223179961,-2.4288237910062054],[33.053643317657105,-2.429510073606381],[33.0535996154379,-2.430949250822379],[33.053687763151736,-2.433708653767304],[33.05383924250615,-2.436968791860022],[33.05383929165826,-2.4382070995284417],[33.05363011108937,-2.4387956722721027],[33.05244642781779,-2.440759918504988],[33.0510693564656,-2.442094117225207],[33.049110562117924,-2.4435981147966532],[33.047273405444685,-2.444846050642541],[33.04528992173032,-2.4460844269931856],[33.04190432193923,-2.4485267554269816],[33.039242202438274,-2.450486026364828],[33.037219190679735,-2.4522762130434996],[33.03476800869034,-2.4544239548839704],[33.0303427529599,-2.4589130912437187],[33.02870443084214,-2.457930168911675],[33.028241128132784,-2.4566424825105333],[33.02806769421934,-2.456413144306352],[33.026149976312354,-2.4548010400970863],[33.02446123631429,-2.453073776140424],[33.022085559000004,-2.450569238867825],[33.020220333515084,-2.4486832581625357],[33.01670747641521,-2.445121065116524],[33.014705351390376,-2.4420559785393876],[33.013087452492606,-2.4405123153342596],[33.01230619867815,-2.4388344085041567],[33.012301876400144,-2.4365276614661955],[33.01207342473429,-2.4357347697371727],[33.011571133386,-2.43458662488083],[33.01147166391582,-2.433758433350954],[33.011104961397315,-2.433178266678218],[33.010591111437826,-2.433157556360684],[33.01032305680889,-2.4328084080204513],[33.009913410752986,-2.432078360002618],[33.0088616704593,-2.4308201579023323],[33.00840566446446,-2.4294809961058648],[33.00817610110994,-2.428271632948548],[33.00806343310604,-2.4275466479968815],[33.00733069592782,-2.4250778114014615],[33.00700093388361,-2.424349028566123],[33.00687943949509,-2.423474524043515],[33.00743377760809,-2.4225087477784406],[33.007120187121565,-2.422159056149793],[33.006843828913404,-2.421637501814939],[33.00699320253995,-2.4209515911078827],[33.00720621545055,-2.4205422882681993],[33.007098370814674,-2.4201844539319786],[33.00679019335771,-2.4195248683925956],[33.00649047298904,-2.41903768620748],[33.006315576603356,-2.4179556806255706],[33.00643602550902,-2.4176135845517646],[33.00605486850424,-2.417205007442865],[33.00551921494803,-2.416484094311773],[33.00455530583794,-2.4148030182906237],[33.00378557174231,-2.4124824331669505],[33.003122420695725,-2.409957331637692],[33.00301798732484,-2.408130802014255],[33.00245623128064,-2.407592694502652],[33.00187623142257,-2.406802221376081],[33.00146177368373,-2.40506189369019],[33.00100593334025,-2.4043538237610442],[33.000421781121915,-2.4037926495453967],[33.00027166440834,-2.401976702966309],[33.00033307514548,-2.4010939654436094],[33.00005961554342,-2.4004120360882495],[32.999868188167014,-2.3996166773570375],[32.99972504329254,-2.398684552010171],[32.992037839128756,-2.3914906610168547],[32.98806443316015,-2.3839490595810844]]]]}},{"id":"1","type":"Feature","properties":{"ogc_fid":2,"objectid":2,"id":0,"wardno":1,"wardname":"Bugogwa","shape_leng":43308.3957307,"area":7715.64924555,"pop_2002":27356,"pop_densty":3.54552146627,"area_sqkm":77.1564923814,"pop_dnsty_":354.552146627,"shape_le_1":43308.3954079,"shape_area":77156492.4555},"geometry":{"type":"MultiPolygon","coordinates":[[[[32.918356769126895,-2.4282434848054515],[32.91886014221714,-2.4264747205830663],[32.91853981814894,-2.4251570465687644],[32.91905356205844,-2.424441725122281],[32.92025594996564,-2.423686484717022],[32.92126775964818,-2.4235721406165536],[32.92272299066965,-2.422417538816999],[32.92351247196764,-2.4213704544378527],[32.92329407036014,-2.4200997438510705],[32.92319895138863,-2.4185526882764137],[32.92279054975063,-2.4176701112783667],[32.922880182171724,-2.4168755918506033],[32.92372295683128,-2.4158384693399007],[32.925007692523586,-2.4152391066425714],[32.926519408946454,-2.414471945848377],[32.92734019029367,-2.4138872337558155],[32.92787865890701,-2.4134972162498665],[32.92907716510631,-2.413323880099801],[32.929681241959585,-2.412466140650959],[32.930707111777124,-2.4116852178454433],[32.93151244534566,-2.411686016035702],[32.932264801759445,-2.4116172589694607],[32.93396713758444,-2.411598635193652],[32.934389042624964,-2.4109142841069167],[32.93773520033702,-2.4119459744193494],[32.93823241664179,-2.411333500105066],[32.93923671933665,-2.4099721014831523],[32.940415674538436,-2.408522874090622],[32.94124530832947,-2.407512806853661],[32.942511673070236,-2.4039555386554436],[32.94325394627331,-2.403692063828656],[32.943341290763385,-2.4032089750723413],[32.944039930161054,-2.402242817370734],[32.94648509877617,-2.4003983780170093],[32.95006548983561,-2.398334387912534],[32.952728928813066,-2.397236543487432],[32.958953861356065,-2.398413115731306],[32.96015237865619,-2.3972852854413227],[32.96160987927095,-2.3965143916018383],[32.96227630609671,-2.3955584963166845],[32.96269335538313,-2.3954538524550224],[32.96287551757468,-2.395290046052109],[32.96305767185689,-2.3953865647486805],[32.96400681129638,-2.3949625440873383],[32.96479316131422,-2.394191266091862],[32.965129119504375,-2.393328252930337],[32.96569675567592,-2.392230327623854],[32.96613340599905,-2.391044563126579],[32.966963005229466,-2.390254066785201],[32.96796725604029,-2.3892439866085478],[32.96892784302635,-2.3882778216087353],[32.96945180028255,-2.3876629871866997],[32.96993209478304,-2.3870920694404534],[32.971023646255105,-2.3870042572839605],[32.97232937690283,-2.3866344001735667],[32.97283757720756,-2.386431885042729],[32.97343204261162,-2.385834178615619],[32.976072751826834,-2.3838943860814936],[32.97774664476585,-2.3826340959683363],[32.97838902217266,-2.3817376203962093],[32.979069602991046,-2.3803591171692298],[32.979347735635336,-2.3799929655562484],[32.979712194788,-2.379925581966908],[32.98019154218692,-2.379626640309815],[32.98048872849294,-2.3797616922163276],[32.98085035859224,-2.3804243599488357],[32.981825733843685,-2.38033889519921],[32.98229121962991,-2.379395198014262],[32.98283768035222,-2.379694064044206],[32.982856881701764,-2.380359169680242],[32.98334089916236,-2.380232449605644],[32.98334252577252,-2.3806488084064608],[32.98381578674855,-2.3806774882838253],[32.983968938923326,-2.3809899163609134],[32.98502367072427,-2.3811110459426956],[32.98605919060521,-2.38157381784925],[32.98705637141985,-2.381525615957607],[32.98781383529554,-2.3823546301927716],[32.98783289208565,-2.3828558347445505],[32.98806443316015,-2.3839490595810844],[32.992037839128756,-2.3914906610168547],[32.99972504329254,-2.398684552010171],[32.999868188167014,-2.3996166773570375],[33.00005961554342,-2.4004120360882495],[33.00033307514548,-2.4010939654436094],[33.00027166440834,-2.401976702966309],[33.000421781121915,-2.4037926495453967],[33.00100593334025,-2.4043538237610442],[33.00146177368373,-2.40506189369019],[33.00187623142257,-2.406802221376081],[33.00245623128064,-2.407592694502652],[33.00301798732484,-2.408130802014255],[33.003122420695725,-2.409957331637692],[33.00378557174231,-2.4124824331669505],[33.00455530583794,-2.4148030182906237],[33.00551921494803,-2.416484094311773],[33.00605486850424,-2.417205007442865],[33.00643602550902,-2.4176135845517646],[33.006315576603356,-2.4179556806255706],[33.00649047298904,-2.41903768620748],[33.00679019335771,-2.4195248683925956],[33.007098370814674,-2.4201844539319786],[33.00720621545055,-2.4205422882681993],[33.00699320253995,-2.4209515911078827],[33.006843828913404,-2.421637501814939],[33.007120187121565,-2.422159056149793],[33.00743377760809,-2.4225087477784406],[33.00687943949509,-2.423474524043515],[33.00700093388361,-2.424349028566123],[33.00733069592782,-2.4250778114014615],[33.00806343310604,-2.4275466479968815],[33.00817610110994,-2.428271632948548],[33.00840566446446,-2.4294809961058648],[33.0088616704593,-2.4308201579023323],[33.009913410752986,-2.432078360002618],[33.01032305680889,-2.4328084080204513],[33.010591111437826,-2.433157556360684],[33.011104961397315,-2.433178266678218],[33.01147166391582,-2.433758433350954],[33.011571133386,-2.43458662488083],[33.01207342473429,-2.4357347697371727],[33.012301876400144,-2.4365276614661955],[33.01230619867815,-2.4388344085041567],[33.013087452492606,-2.4405123153342596],[33.014705351390376,-2.4420559785393876],[33.01670747641521,-2.445121065116524],[33.020220333515084,-2.4486832581625357],[33.022085559000004,-2.450569238867825],[33.02446123631429,-2.453073776140424],[33.026149976312354,-2.4548010400970863],[33.02806769421934,-2.456413144306352],[33.028241128132784,-2.4566424825105333],[33.02870443084214,-2.457930168911675],[33.0303427529599,-2.4589130912437187],[33.02947318467485,-2.4597874344192503],[33.02868269081239,-2.4610509069200828],[33.02808829333504,-2.46225169132105],[33.02765070872825,-2.463126204124217],[33.02734580944136,-2.4641238228385105],[33.02611913864815,-2.4670557174546315],[33.025535585203585,-2.468773893159317],[33.02494211977166,-2.4702663548569275],[33.024292370220344,-2.4723302117904815],[33.02371102344769,-2.4747724397378783],[33.0236084633192,-2.47693947856032],[33.02375798515328,-2.4775998386019227],[33.024976512109305,-2.480585579505544],[33.025761938376,-2.4831275049887465],[33.02627256732265,-2.484230213632423],[33.027073586879425,-2.485485962911592],[33.02813717929034,-2.486712128084659],[33.02926671168569,-2.487832912825942],[33.03058651615903,-2.4896391488881013],[33.03141794054762,-2.490318977639719],[33.034402642958156,-2.494842571713149],[33.03608353374388,-2.496455040436874],[33.037085871395824,-2.4975333088328697],[33.037917390031105,-2.498638988028245],[33.038342642839986,-2.4991223587524787],[33.03866776344445,-2.499712287361208],[33.03877348879268,-2.5006643967163162],[33.03834915471177,-2.501051715730026],[33.03783165076349,-2.5014141023540764],[33.03598937416067,-2.502118101619851],[33.03396529964582,-2.5028710528599776],[33.03229231294016,-2.5032182558173726],[33.03306168439554,-2.501775142197042],[33.032033390902015,-2.500962172085599],[33.02893040831242,-2.497930876145205],[33.0266271344002,-2.4963385826081623],[33.02461187515312,-2.4944390080169114],[33.02256354781739,-2.4929547936233267],[33.01802246618063,-2.4904017231542817],[33.01486925820493,-2.4879587948425725],[33.01148368248468,-2.4861443312696014],[33.007826887156284,-2.4835088386817072],[33.00529859630352,-2.4822220356320526],[33.00294894309874,-2.48150635215251],[33.000220351872215,-2.4801488512987704],[32.99876011317271,-2.479557103700262],[32.99406913727908,-2.477100828677072],[32.991144905568774,-2.475192601791118],[32.98967295841741,-2.4744794551184115],[32.98676578056264,-2.473422299002939],[32.983831385146324,-2.4725369984656123],[32.979892649305654,-2.4700985891302394],[32.97657540078577,-2.4684796867183714],[32.97296151148288,-2.464956091412561],[32.97015701120586,-2.464384546255229],[32.96832775812886,-2.4623634095642952],[32.96748369876867,-2.4617454115192223],[32.965552570772424,-2.461527731663552],[32.96398452034162,-2.460996546496672],[32.96081664966313,-2.4584380696579466],[32.95972663743509,-2.4580328946984524],[32.955810817632795,-2.4560664921909843],[32.95029289102283,-2.4526245416653834],[32.948257561582466,-2.4510972898260137],[32.94544508078822,-2.448497138361437],[32.94105845864273,-2.445185719991128],[32.93930651454872,-2.4442129045971854],[32.93521568718748,-2.4414488152691787],[32.93390421581053,-2.4411996421429274],[32.930415219077474,-2.440036323075519],[32.92951009089189,-2.43910668583363],[32.922911883046794,-2.435340562290927],[32.92177306337088,-2.435520860282355],[32.91953595246093,-2.434906557676174],[32.91954791828574,-2.434891884755314],[32.92052453338174,-2.43260662254265],[32.92049961481781,-2.430947968769796],[32.920471136764114,-2.4305091186004413],[32.92060809365223,-2.4300642753926853],[32.9185504607976,-2.4284368413480757],[32.918356769126895,-2.4282434848054515]]]]}},{"id":"2","type":"Feature","properties":{"ogc_fid":3,"objectid":3,"id":0,"wardno":7,"wardname":"Ilemela","shape_leng":39355.2806108,"area":5150.37151896,"pop_2002":23864,"pop_densty":4.63345214002,"area_sqkm":51.5037153268,"pop_dnsty_":463.345214002,"shape_le_1":39355.2803203,"shape_area":51503715.1896},"geometry":{"type":"MultiPolygon","coordinates":[[[[32.898978527218645,-2.4512749446398514],[32.899043045776914,-2.4509448178202176],[32.899280258098834,-2.4507394647027767],[32.8998423462478,-2.451009738257166],[32.90002391709008,-2.4513313873895637],[32.90148013017665,-2.4510689465218607],[32.90256129201414,-2.4502675359364168],[32.902992295876416,-2.4498056696959045],[32.90324539694167,-2.449400275603689],[32.903616205750836,-2.448590844508817],[32.903689695903466,-2.447926839839233],[32.90370707933041,-2.447260707737154],[32.903892231561535,-2.4468485168565035],[32.903878191330556,-2.4456096459037417],[32.90390938484421,-2.4449384800043426],[32.90454296438781,-2.4438416437338675],[32.90495416670122,-2.443342359750911],[32.90526822072514,-2.442744905879358],[32.905580462139206,-2.4423387997735775],[32.90588348889378,-2.442503389434919],[32.90629414018871,-2.4420117036873155],[32.906507840957744,-2.442272639484383],[32.90732175470694,-2.4427806956172806],[32.90818380361267,-2.443115139069799],[32.90922729817995,-2.44318261182551],[32.91071813526045,-2.4424799565119995],[32.91164152719433,-2.4420328515150627],[32.91294113187251,-2.4411386049690726],[32.914260213268555,-2.440244695794278],[32.916361155209735,-2.4384463533116896],[32.917489773456886,-2.437345705999796],[32.91863208486249,-2.4360148572601186],[32.91953595246093,-2.434906557676174],[32.92177306337088,-2.435520860282355],[32.922911883046794,-2.435340562290927],[32.92951009089189,-2.43910668583363],[32.930415219077474,-2.440036323075519],[32.93390421581053,-2.4411996421429274],[32.93521568718748,-2.4414488152691787],[32.93930651454872,-2.4442129045971854],[32.94105845864273,-2.445185719991128],[32.94544508078822,-2.448497138361437],[32.948257561582466,-2.4510972898260137],[32.95029289102283,-2.4526245416653834],[32.955810817632795,-2.4560664921909843],[32.95972663743509,-2.4580328946984524],[32.96081664966313,-2.4584380696579466],[32.96398452034162,-2.460996546496672],[32.965552570772424,-2.461527731663552],[32.96748369876867,-2.4617454115192223],[32.96832775812886,-2.4623634095642952],[32.97015701120586,-2.464384546255229],[32.97296151148288,-2.464956091412561],[32.97657540078577,-2.4684796867183714],[32.979892649305654,-2.4700985891302394],[32.983831385146324,-2.4725369984656123],[32.98676578056264,-2.473422299002939],[32.98967295841741,-2.4744794551184115],[32.991144905568774,-2.475192601791118],[32.99406913727908,-2.477100828677072],[32.99876011317271,-2.479557103700262],[33.000220351872215,-2.4801488512987704],[33.00294894309874,-2.48150635215251],[33.00529859630352,-2.4822220356320526],[33.007826887156284,-2.4835088386817072],[33.01148368248468,-2.4861443312696014],[33.01486925820493,-2.4879587948425725],[33.01802246618063,-2.4904017231542817],[33.02256354781739,-2.4929547936233267],[33.02461187515312,-2.4944390080169114],[33.0266271344002,-2.4963385826081623],[33.02893040831242,-2.497930876145205],[33.032033390902015,-2.500962172085599],[33.03306168439554,-2.501775142197042],[33.03229231294016,-2.5032182558173726],[33.03165109273715,-2.5038000681420116],[33.02901261592617,-2.5056612084383625],[33.02743147313139,-2.507051152199859],[33.02669539139667,-2.5082233537194925],[33.02615097203227,-2.5092325541327205],[33.02620056276554,-2.5113677970667485],[33.024258763789746,-2.5116484748507135],[33.022910412612426,-2.5117730003519965],[33.020881515591135,-2.5116684707173818],[33.01804975442459,-2.511505515323409],[33.01425647394442,-2.5117964611710124],[33.01169107776942,-2.5122026222623277],[33.00865859136508,-2.510892880014896],[33.00784000101364,-2.510662228944969],[33.00528865284179,-2.5103328716779494],[33.00348976535328,-2.510168400760827],[33.00124648584673,-2.510354529032869],[32.99982011238489,-2.5101916232269947],[32.998117735122726,-2.5095070699739557],[32.99719366261858,-2.5087703457843302],[32.99522998586917,-2.5073975974495006],[32.99433180807878,-2.5067966089954274],[32.991108060718204,-2.5056614112399096],[32.98786888018837,-2.5050215172643986],[32.98623685262228,-2.5051517751637027],[32.98361320293462,-2.505882226638624],[32.980546982512664,-2.5064628955023247],[32.97929588899502,-2.5063168835669645],[32.97683360616832,-2.5055628358961353],[32.9750347428919,-2.5046581770528964],[32.971336533673885,-2.5037521970505083],[32.97049547679647,-2.5036452622596577],[32.968271110852065,-2.5020162330913966],[32.96722588012811,-2.5008787549606697],[32.96579519206101,-2.498901263467897],[32.96440520597419,-2.4970097369964606],[32.96268817914866,-2.4942958139245137],[32.960971133591876,-2.4924865143120085],[32.9598264377948,-2.4913351389971297],[32.95892704304478,-2.4901837694892124],[32.95725484927111,-2.4889000755846626],[32.9557654819548,-2.48796799389599],[32.95344883356145,-2.4863183706546557],[32.95211788972133,-2.485340825655606],[32.95021856260142,-2.484767189596621],[32.94817042995941,-2.484650063390233],[32.94624920813909,-2.484489974096815],[32.94456436941382,-2.4845079949327666],[32.94337610419156,-2.4848365617056016],[32.94053501775702,-2.4857359963494394],[32.93784030824076,-2.4858107670422966],[32.934461240363056,-2.4866860113865563],[32.93230059255772,-2.487865685624517],[32.9305214363262,-2.4898536193499266],[32.928890667262806,-2.4913740135922677],[32.928094946807576,-2.49253928190346],[32.92693466295199,-2.4950549988531034],[32.92533258683923,-2.4911523860827067],[32.92242671320765,-2.487468246078621],[32.92098296149634,-2.4854148520231827],[32.91957115653751,-2.484127885127949],[32.918725825372704,-2.482635985223595],[32.91732275469257,-2.4805330366263525],[32.91589925279223,-2.4778659273807206],[32.914888897706234,-2.4751741499929953],[32.91303664772241,-2.4731639731615447],[32.912106062770235,-2.4723371673207075],[32.90895721348434,-2.470400075432782],[32.90683802587869,-2.46859760249888],[32.90654552675659,-2.468274360432443],[32.90713311917621,-2.467742317053955],[32.90755924118433,-2.467372498028288],[32.908326273952774,-2.4670319248904296],[32.908319391058185,-2.4663988025330372],[32.908700523568626,-2.4667679005488283],[32.908980271869865,-2.466767919796567],[32.909290319398124,-2.466378784605249],[32.90917761821824,-2.4659044764807763],[32.90880797134335,-2.4655390824038093],[32.908909016248074,-2.4650911632931622],[32.90958813398286,-2.4640470462452946],[32.90986055598597,-2.463112156833594],[32.91015187641737,-2.462200220419358],[32.910803577303184,-2.462039767319188],[32.911268152941986,-2.462309585498858],[32.911705505762484,-2.462093477421587],[32.910940762502904,-2.4618747558838727],[32.91059061341674,-2.4614614569597935],[32.910485335848826,-2.4606476556149888],[32.91060275633535,-2.4601151462325452],[32.91058724422138,-2.4593744521710246],[32.91045138237215,-2.458581185855039],[32.909958994206534,-2.4583725561783116],[32.909759561845085,-2.45761474593195],[32.90934113100841,-2.4572064813526917],[32.908539433436616,-2.456811969215658],[32.90794461877614,-2.4562955121782286],[32.90717943573057,-2.4561461831899902],[32.90644818097622,-2.455597058365453],[32.90552535370993,-2.454761847611911],[32.90501527191377,-2.454425798902033],[32.90449611672899,-2.453930609387047],[32.902906731962766,-2.4529468927979887],[32.90182017735516,-2.453020720521689],[32.901539479720114,-2.4525361326635076],[32.90073494669618,-2.452850643537146],[32.90026579225713,-2.452537756911805],[32.89982085853835,-2.4519012542117857],[32.899330134231576,-2.451354043613993],[32.898978527218645,-2.4512749446398514]]]]}},{"id":"3","type":"Feature","properties":{"ogc_fid":4,"objectid":4,"id":0,"wardno":19,"wardname":"Pasiansi","shape_leng":13402.3932867,"area":559.325833606,"pop_2002":25310,"pop_densty":45.250905243,"area_sqkm":5.59325827054,"pop_dnsty_":4525.0905243,"shape_le_1":13402.3933047,"shape_area":5593258.33606},"geometry":{"type":"MultiPolygon","coordinates":[[[[32.876306023998424,-2.4712331563725685],[32.876672555979525,-2.4710058604731837],[32.87708635050944,-2.4707806243754553],[32.87721749672931,-2.470803254488769],[32.87751090854239,-2.4708881441790576],[32.87764844014749,-2.470893767964973],[32.87788199311248,-2.470902178992277],[32.87812120782743,-2.4709079595820893],[32.87823366130807,-2.4709118240352077],[32.87855274849965,-2.4705638085929915],[32.879019719575446,-2.4701609807191907],[32.87951141472212,-2.469892686397558],[32.87994564323602,-2.4694895837703617],[32.8799976185391,-2.468666928899114],[32.88044046082235,-2.468498420099057],[32.88157579709608,-2.4684941360653276],[32.882174305396425,-2.468322056999638],[32.882509217915434,-2.4676852642144964],[32.88296289186427,-2.4670794150192004],[32.883314599885175,-2.4660322354189894],[32.884173688145,-2.465328802338351],[32.88425943295915,-2.465073769920789],[32.88380936461353,-2.4645686266942453],[32.883953687907955,-2.4640736683022966],[32.884117415951664,-2.4638614358526327],[32.88528972967738,-2.4636368565349906],[32.88569186470322,-2.4633069805003016],[32.885556144611705,-2.463131272618715],[32.886094529469226,-2.462752965985292],[32.88663244441542,-2.462609885696269],[32.88671010631269,-2.4621976124399567],[32.88699463461096,-2.46201253143506],[32.88746329547151,-2.461774087636096],[32.887728844292646,-2.4615864716449205],[32.88814993577619,-2.4611731416092715],[32.88869532898224,-2.460870559313756],[32.88911612183093,-2.460799755103906],[32.88961479500768,-2.460929714131853],[32.889779867598996,-2.460759369463803],[32.889596655606546,-2.460481420388867],[32.889547104483405,-2.460419085730652],[32.889675752352055,-2.460186041092637],[32.89004896884732,-2.460023222811478],[32.89034030869199,-2.4601293703024427],[32.890444360155016,-2.4603852331139735],[32.89024607603539,-2.4608009346232875],[32.89066514398603,-2.4609238298809086],[32.89094450591526,-2.461212095979701],[32.890880784733255,-2.4616604689425072],[32.89178473219874,-2.4623130255016457],[32.892084315699556,-2.462318851848874],[32.8925886031703,-2.462307621777453],[32.89282077805398,-2.4623343704376826],[32.89322414550589,-2.4630845046124],[32.8928336138573,-2.463800376436491],[32.89273173889597,-2.4644396418913437],[32.89290218522037,-2.4647647968148148],[32.89310804683488,-2.465000868809206],[32.89338369194668,-2.4654767102102926],[32.89351734670001,-2.4658167763771104],[32.89355653231632,-2.4662301451453477],[32.89337425876231,-2.4666539003637595],[32.89392144873033,-2.4675313397258636],[32.89404052669045,-2.4677426008911283],[32.893636332924565,-2.4683145311481582],[32.89340612567767,-2.4697383576340117],[32.893878230247005,-2.4706512260592803],[32.894381524627605,-2.471227330069287],[32.8950257048532,-2.47184105150234],[32.89610364730189,-2.4722237418505055],[32.8972041845575,-2.472392376836552],[32.89872931976676,-2.4721795239421924],[32.90032712022491,-2.4716572349422985],[32.90141926587049,-2.4714759470790635],[32.90367009447923,-2.470419130753197],[32.90409539060838,-2.4700385014858695],[32.9045708925872,-2.4699980497268794],[32.90443678852831,-2.4704128795664584],[32.90497332142535,-2.470156766258952],[32.906007211201874,-2.4689531125168522],[32.906088635846174,-2.468679531502021],[32.90683802587869,-2.46859760249888],[32.90895721348434,-2.470400075432782],[32.912106062770235,-2.4723371673207075],[32.91303664772241,-2.4731639731615447],[32.914888897706234,-2.4751741499929953],[32.91589925279223,-2.4778659273807206],[32.91732275469257,-2.4805330366263525],[32.915668263083305,-2.4816328457487686],[32.9116787164141,-2.4807914577829937],[32.91028786106073,-2.481425803751194],[32.90819565275033,-2.4816987387907203],[32.9050715508935,-2.481993486141372],[32.90281698405278,-2.4841944135795253],[32.901324076436666,-2.4876022235500765],[32.89925258310608,-2.487457431820111],[32.897924631798666,-2.487874590575991],[32.89571125712046,-2.4837858345736232],[32.894407935869985,-2.481363118251055],[32.893055395867044,-2.4786056285799805],[32.88996869046676,-2.479706282984203],[32.883490658202085,-2.4757124825772348],[32.877751282083466,-2.4724264274651095],[32.876306023998424,-2.4712331563725685]]],[[[32.906315055668124,-2.468483042741518],[32.90654552675659,-2.468274360432443],[32.90683802587869,-2.46859760249888],[32.906315055668124,-2.468483042741518]]]]}},{"id":"4","type":"Feature","properties":{"ogc_fid":5,"objectid":5,"id":0,"wardno":9,"wardname":"Kirumba","shape_leng":10229.0053714,"area":384.611963831,"pop_2002":21642,"pop_densty":56.2697008647,"area_sqkm":3.84611961098,"pop_dnsty_":5626.97008648,"shape_le_1":10229.0054644,"shape_area":3846119.63831},"geometry":{"type":"MultiPolygon","coordinates":[[[[32.87440472224256,-2.484315574296886],[32.8747460721161,-2.48193283175771],[32.87728796118811,-2.4841692152676096],[32.87881010558222,-2.485826300656566],[32.8808033050206,-2.487495144237448],[32.88241929810401,-2.4893272409695495],[32.88543211024357,-2.491475898854105],[32.88640998993099,-2.4924340306983854],[32.88819833086884,-2.49324672102267],[32.88970723411619,-2.493584103071648],[32.891389667973996,-2.4944833110646027],[32.89246945618679,-2.4948309220171216],[32.89487162478272,-2.495922345672177],[32.89695344249229,-2.4969945643993863],[32.897714253435865,-2.4977928754076633],[32.89698462787694,-2.499436717109723],[32.89690899573047,-2.500069069805064],[32.896606175127886,-2.5006172838989107],[32.89813937212743,-2.5012570902621016],[32.90040882964958,-2.501765522891685],[32.902209346678205,-2.502482773402558],[32.901651897808044,-2.5039080046829594],[32.90105449215308,-2.505010676372245],[32.90042184405797,-2.5062261397930903],[32.900298337622345,-2.5072926656647287],[32.9000648586883,-2.50799917878408],[32.90001363938758,-2.5080443519238598],[32.90001791712847,-2.508002759674229],[32.89991569774256,-2.507670039251296],[32.89984503295852,-2.507446373179892],[32.899591648252716,-2.506979710348741],[32.89942987463374,-2.506681298523208],[32.899177225408415,-2.5065876217506617],[32.89877238853042,-2.5064378198317923],[32.89849356137629,-2.5063885471462264],[32.89818406152678,-2.5063333813918534],[32.897757917217056,-2.5063512234575698],[32.89740150662922,-2.5063673157201145],[32.89713683806425,-2.506412074764228],[32.896809093064064,-2.5064717547920425],[32.89641950426828,-2.5065998445565962],[32.89614740978205,-2.5067043087275453],[32.89576189577404,-2.506854804845319],[32.89558140962245,-2.5069029014643305],[32.89520919983014,-2.5070051679949024],[32.894697286805155,-2.5070993186811856],[32.8941953359516,-2.507239509228357],[32.893898724424126,-2.5073994319079786],[32.89355376077498,-2.5075856018466456],[32.89334087106232,-2.5076385212625487],[32.89308481178343,-2.507702882681019],[32.89279472458979,-2.5077712907640692],[32.89258530333735,-2.5078252724772208],[32.892412562527355,-2.507811063214194],[32.89214288813456,-2.507794780440396],[32.892034791834384,-2.50778659555998],[32.89173111710953,-2.507712739105558],[32.891189516661996,-2.5075845923710007],[32.89079490772154,-2.50752732243161],[32.890295663697245,-2.5074543186816003],[32.89021173530246,-2.5074450029795488],[32.88981008845492,-2.5075498402882896],[32.889464040390585,-2.5075846851214405],[32.88915702771544,-2.507500101465272],[32.88806305681595,-2.507009198912981],[32.88656887317754,-2.5066517969701616],[32.88627018648406,-2.5066254509210246],[32.88570296828582,-2.506633790764261],[32.88525252867129,-2.50665891952583],[32.884896905804126,-2.5067183280922682],[32.88464360877305,-2.5066085291470133],[32.884575514776024,-2.506580782686235],[32.88439338435515,-2.5063987691432916],[32.88389326112192,-2.505880091136001],[32.8840762122123,-2.5052380478030924],[32.883850634532216,-2.504955303656741],[32.883592425579785,-2.5044477913709122],[32.8833137612175,-2.504309740135788],[32.882591871847225,-2.503747524936953],[32.882109736861146,-2.5033246665031275],[32.881966312742094,-2.503227319562999],[32.88176613444486,-2.503051121381174],[32.88131496925907,-2.502685411927703],[32.88104403827758,-2.5026028770857667],[32.88054836216298,-2.502245618812321],[32.879859623596644,-2.501654625273162],[32.87943906940962,-2.5010038697528065],[32.879328966633096,-2.500939940431441],[32.87840574210351,-2.5003779351591264],[32.87837168534063,-2.4999935177562347],[32.87810458122441,-2.499535583059298],[32.87801283289322,-2.499468458075874],[32.87758746547099,-2.4989986060533718],[32.87708354747378,-2.4982057671018203],[32.87703679903215,-2.497915710457476],[32.87712267059395,-2.4973045822245776],[32.877099952515785,-2.4968743871781522],[32.876702505906145,-2.496295964254247],[32.87621933399021,-2.495727304064747],[32.8766689269755,-2.494649466684907],[32.87660047397489,-2.494099817532502],[32.87666555639882,-2.4941377584427746],[32.87658515394167,-2.4939768017214234],[32.87660047397489,-2.494099817532502],[32.875319672512006,-2.4933531510144094],[32.87532013408096,-2.4932275763454514],[32.876211099306765,-2.49239903049375],[32.87726761417918,-2.4921152187424],[32.8762177440962,-2.4915600870456918],[32.87606777098624,-2.4908405514490433],[32.87616647360954,-2.4905715883984554],[32.87613740345467,-2.489774710899572],[32.87601186780292,-2.4891324015253313],[32.87591181652668,-2.488654190313941],[32.87575159898269,-2.487850431785799],[32.875745095731716,-2.4875299803926163],[32.87575839165904,-2.4873553712591048],[32.87546009572587,-2.48655873965933],[32.87512784298937,-2.486244590378138],[32.874802695476426,-2.485751316768961],[32.87464343212138,-2.485503761965168],[32.87448857295532,-2.485102686129957],[32.87440472224256,-2.484315574296886]]]]}},{"id":"5","type":"Feature","properties":{"ogc_fid":6,"objectid":6,"id":0,"wardno":10,"wardname":"Kitangiri","shape_leng":11592.827913,"area":439.205036112,"pop_2002":14282,"pop_densty":32.5178422937,"area_sqkm":4.39205033071,"pop_dnsty_":3251.78422937,"shape_le_1":11592.8281821,"shape_area":4392050.36112},"geometry":{"type":"MultiPolygon","coordinates":[[[[32.8747460721161,-2.48193283175771],[32.87489235411986,-2.4814052363614048],[32.87529879356475,-2.4809945333299366],[32.87538146154131,-2.480967309167207],[32.87569565936008,-2.4809777729550975],[32.87593664102547,-2.480980027609322],[32.8768984245889,-2.4807410915560806],[32.877573480839054,-2.4800850535352708],[32.877972947015515,-2.4796440545039533],[32.87845059561048,-2.4791182633973166],[32.878722511295194,-2.478209861820717],[32.878859805997486,-2.477999684185122],[32.87848644906602,-2.477551024966864],[32.8782961177441,-2.4774897580610067],[32.877714708692594,-2.4770969665298646],[32.87776869055109,-2.476975648946077],[32.877864798580966,-2.4764979788847343],[32.87793756154783,-2.4756360496938887],[32.877835660286046,-2.4754896570102534],[32.87726997348289,-2.47531653213071],[32.877186532993065,-2.4749450474580006],[32.876622157521524,-2.474299812921176],[32.876277481644244,-2.4740334599665923],[32.87646822692652,-2.4735024087783426],[32.87652497922155,-2.4735758771259335],[32.87645645070398,-2.473422792557003],[32.87605134060942,-2.473108003481537],[32.875822236155635,-2.47310074423543],[32.875654702852124,-2.472932233036173],[32.875353364417215,-2.4726430036393805],[32.87558687933684,-2.472618507802085],[32.875487954561144,-2.472110045578145],[32.87547128867043,-2.471933864796887],[32.87552543685666,-2.4717164084344017],[32.87575284065837,-2.471630481680573],[32.8759379822835,-2.471385411150897],[32.87617222072884,-2.471316131759707],[32.876306023998424,-2.4712331563725685],[32.877751282083466,-2.4724264274651095],[32.883490658202085,-2.4757124825772348],[32.88996869046676,-2.479706282984203],[32.893055395867044,-2.4786056285799805],[32.894407935869985,-2.481363118251055],[32.89571125712046,-2.4837858345736232],[32.897924631798666,-2.487874590575991],[32.89925258310608,-2.487457431820111],[32.901324076436666,-2.4876022235500765],[32.90191325640801,-2.488290436775502],[32.90347575810701,-2.4876601840070407],[32.90442598654843,-2.487693811272778],[32.90513297011053,-2.4892170971825465],[32.9044093718097,-2.489752257711848],[32.9038024142115,-2.489737831073177],[32.90298734112795,-2.492570861501031],[32.90254346894835,-2.493837175644881],[32.90162941495275,-2.4960350331528947],[32.90124421602581,-2.4972452703619203],[32.901092384811946,-2.499208186840829],[32.901071032095906,-2.5000702961077974],[32.900854958850196,-2.5019432424604147],[32.90040882964958,-2.501765522891685],[32.89813937212743,-2.5012570902621016],[32.896606175127886,-2.5006172838989107],[32.89690899573047,-2.500069069805064],[32.89698462787694,-2.499436717109723],[32.897714253435865,-2.4977928754076633],[32.89695344249229,-2.4969945643993863],[32.89487162478272,-2.495922345672177],[32.89246945618679,-2.4948309220171216],[32.891389667973996,-2.4944833110646027],[32.88970723411619,-2.493584103071648],[32.88819833086884,-2.49324672102267],[32.88640998993099,-2.4924340306983854],[32.88543211024357,-2.491475898854105],[32.88241929810401,-2.4893272409695495],[32.8808033050206,-2.487495144237448],[32.87881010558222,-2.485826300656566],[32.87728796118811,-2.4841692152676096],[32.8747460721161,-2.48193283175771]]]]}},{"id":"6","type":"Feature","properties":{"ogc_fid":7,"objectid":7,"id":0,"wardno":17,"wardname":"Nyamanoro","shape_leng":10278.3014487,"area":540.771819001,"pop_2002":42731,"pop_densty":79.0185409593,"area_sqkm":5.40771817364,"pop_dnsty_":7901.85409593,"shape_le_1":10278.3013742,"shape_area":5407718.19001},"geometry":{"type":"MultiPolygon","coordinates":[[[[32.900854958850196,-2.5019432424604147],[32.901071032095906,-2.5000702961077974],[32.901092384811946,-2.499208186840829],[32.90124421602581,-2.4972452703619203],[32.90162941495275,-2.4960350331528947],[32.90254346894835,-2.493837175644881],[32.90298734112795,-2.492570861501031],[32.9038024142115,-2.489737831073177],[32.9044093718097,-2.489752257711848],[32.90513297011053,-2.4892170971825465],[32.90442598654843,-2.487693811272778],[32.90347575810701,-2.4876601840070407],[32.90191325640801,-2.488290436775502],[32.901324076436666,-2.4876022235500765],[32.90281698405278,-2.4841944135795253],[32.9050715508935,-2.481993486141372],[32.90819565275033,-2.4816987387907203],[32.91028786106073,-2.481425803751194],[32.9116787164141,-2.4807914577829937],[32.915668263083305,-2.4816328457487686],[32.91732275469257,-2.4805330366263525],[32.918725825372704,-2.482635985223595],[32.91957115653751,-2.484127885127949],[32.92098296149634,-2.4854148520231827],[32.92242671320765,-2.487468246078621],[32.92533258683923,-2.4911523860827067],[32.92693466295199,-2.4950549988531034],[32.927864694824834,-2.495594786367875],[32.928689095213144,-2.497686657047313],[32.92812343906206,-2.499190233553149],[32.92473861517444,-2.500134738146509],[32.922302907985824,-2.49994184001593],[32.92075288053961,-2.5002452174868077],[32.91909631274808,-2.5009653059891526],[32.91781657263096,-2.501280184727132],[32.91582483265595,-2.5016590578796443],[32.913740064598954,-2.5022354715012614],[32.911832050296596,-2.501714784802313],[32.90995344038224,-2.5018430108012515],[32.90862934483754,-2.5020994443622624],[32.90783872655599,-2.5020923338303214],[32.90537388168885,-2.5027540047590304],[32.90367024602281,-2.502879520154868],[32.902355489195884,-2.504218402792975],[32.90152313465459,-2.504145671527197],[32.901651897808044,-2.5039080046829594],[32.902209346678205,-2.502482773402558],[32.900854958850196,-2.5019432424604147]]]]}},{"id":"7","type":"Feature","properties":{"ogc_fid":8,"objectid":8,"id":0,"wardno":3,"wardname":"Buswelu","shape_leng":30614.2000888,"area":3606.04994979,"pop_2002":11367,"pop_densty":3.15220260733,"area_sqkm":36.0604993269,"pop_dnsty_":315.220260733,"shape_le_1":30614.2001026,"shape_area":36060499.4979},"geometry":{"type":"MultiPolygon","coordinates":[[[[32.94053501775702,-2.4857359963494394],[32.94337610419156,-2.4848365617056016],[32.94456436941382,-2.4845079949327666],[32.94624920813909,-2.484489974096815],[32.94817042995941,-2.484650063390233],[32.95021856260142,-2.484767189596621],[32.95211788972133,-2.485340825655606],[32.95344883356145,-2.4863183706546557],[32.9557654819548,-2.48796799389599],[32.95725484927111,-2.4889000755846626],[32.95892704304478,-2.4901837694892124],[32.9598264377948,-2.4913351389971297],[32.960971133591876,-2.4924865143120085],[32.96268817914866,-2.4942958139245137],[32.96440520597419,-2.4970097369964606],[32.96579519206101,-2.498901263467897],[32.96722588012811,-2.5008787549606697],[32.968271110852065,-2.5020162330913966],[32.97049547679647,-2.5036452622596577],[32.971336533673885,-2.5037521970505083],[32.9750347428919,-2.5046581770528964],[32.97683360616832,-2.5055628358961353],[32.97929588899502,-2.5063168835669645],[32.980546982512664,-2.5064628955023247],[32.98361320293462,-2.505882226638624],[32.98623685262228,-2.5051517751637027],[32.98786888018837,-2.5050215172643986],[32.991108060718204,-2.5056614112399096],[32.99433180807878,-2.5067966089954274],[32.99522998586917,-2.5073975974495006],[32.99719366261858,-2.5087703457843302],[32.998117735122726,-2.5095070699739557],[32.99982011238489,-2.5101916232269947],[33.00124648584673,-2.510354529032869],[33.00348976535328,-2.510168400760827],[33.00528865284179,-2.5103328716779494],[33.00784000101364,-2.510662228944969],[33.00865859136508,-2.510892880014896],[33.01169107776942,-2.5122026222623277],[33.01425647394442,-2.5117964611710124],[33.01804975442459,-2.511505515323409],[33.020881515591135,-2.5116684707173818],[33.022910412612426,-2.5117730003519965],[33.024258763789746,-2.5116484748507135],[33.02620056276554,-2.5113677970667485],[33.02615430883619,-2.5129217890310875],[33.02667764804269,-2.514747490792477],[33.02674719831296,-2.5171602446853965],[33.02661796671501,-2.5198739418400473],[33.02678994094104,-2.5224471859730895],[33.026687454502365,-2.528122757972475],[33.02665326696484,-2.528776309220157],[33.026653311865026,-2.5309777416694534],[33.02651654375141,-2.532732011635504],[33.02535930187463,-2.5395214478828563],[33.02450403910689,-2.5427739892295205],[33.02358059205116,-2.545354280229747],[33.02214702640976,-2.5478390610588013],[33.0206796956493,-2.5496534907246002],[33.01834276760687,-2.550928370166213],[33.017196386896934,-2.5517211263978523],[33.01599473926142,-2.553041852309473],[33.01498655094006,-2.555053186015098],[33.01364480374257,-2.55885694732093],[33.01248973555277,-2.560825948714263],[33.012293403749716,-2.5624065329087586],[33.01249532954564,-2.564030893403235],[33.01205413199827,-2.565034025485904],[33.01008247736103,-2.563104220211387],[33.00829553197806,-2.5612525610700208],[33.00592999689084,-2.5568932632249646],[33.00347539494826,-2.5539883614817773],[33.00046143785604,-2.550038174481842],[33.000232676636074,-2.5489799599541514],[32.998698558252535,-2.546968999428788],[32.996311493468994,-2.5434115518069595],[32.994480533939885,-2.5414965559049563],[32.99280891078804,-2.5394871246445954],[32.99004615466834,-2.537652756162713],[32.98634093021278,-2.5370421159691365],[32.98440982663406,-2.5376546445130015],[32.98070450208654,-2.5385199620015384],[32.977414163767044,-2.540718198570104],[32.97344902768765,-2.539576510367339],[32.970312433086036,-2.5389121515158855],[32.96873154323334,-2.5379052775128117],[32.96773151776343,-2.5343073771274782],[32.96648837335584,-2.532708129065701],[32.966124636237986,-2.5318936767097915],[32.96618373298962,-2.5298511498242346],[32.966239766993176,-2.5286276779544106],[32.96581603093759,-2.5275487385191426],[32.96378067581452,-2.5269397506157105],[32.9621933697795,-2.5253216741937825],[32.96060019206176,-2.5242342863099125],[32.95928642161306,-2.5235702266739453],[32.956123736917824,-2.5214758549838434],[32.954553229609985,-2.521472273374935],[32.95339251328758,-2.5200795204163176],[32.95241567788427,-2.518753347798832],[32.95199665349233,-2.517017078191084],[32.95039433012997,-2.5150416059900538],[32.94909038339405,-2.5119894752118332],[32.947811179947735,-2.5080027798300795],[32.94688859232909,-2.5063531430627495],[32.947082059127865,-2.5040094115045],[32.94676355916002,-2.5020637460867983],[32.94388810559026,-2.4974647910538876],[32.94252280054996,-2.4938328447964064],[32.94163188864271,-2.4890968439142904],[32.94053501775702,-2.4857359963494394]]]]}},{"id":"8","type":"Feature","properties":{"ogc_fid":9,"objectid":9,"id":0,"wardno":8,"wardname":"Isamilo","shape_leng":9514.00404153,"area":473.466183832,"pop_2002":17916,"pop_densty":37.8400839369,"area_sqkm":4.73466180198,"pop_dnsty_":3784.0083937,"shape_le_1":9514.00402488,"shape_area":4734661.83832},"geometry":{"type":"MultiPolygon","coordinates":[[[[32.898073641364306,-2.514965511392393],[32.89822871137356,-2.514775583565102],[32.898370495511855,-2.5145577387191707],[32.898538223153786,-2.5142237781197876],[32.898739848745386,-2.513798384871633],[32.89896113610357,-2.5133403970487365],[32.899075185586526,-2.512404994149932],[32.89922313796897,-2.512145025117198],[32.899384302115436,-2.5118572361201568],[32.899778200746375,-2.511567270199421],[32.89959083885756,-2.510637059655523],[32.899863521209404,-2.5102028162758043],[32.899860834054714,-2.5100403577625388],[32.899852852796585,-2.5097640202438734],[32.89984998247249,-2.5096208104844875],[32.89988089486168,-2.5093267136360358],[32.89997432592385,-2.5084266155733785],[32.90001363938758,-2.5080443519238598],[32.9000648586883,-2.50799917878408],[32.900298337622345,-2.5072926656647287],[32.90042184405797,-2.5062261397930903],[32.90105449215308,-2.505010676372245],[32.90152313465459,-2.504145671527197],[32.902355489195884,-2.504218402792975],[32.90367024602281,-2.502879520154868],[32.90537388168885,-2.5027540047590304],[32.90783872655599,-2.5020923338303214],[32.90862934483754,-2.5020994443622624],[32.90995344038224,-2.5018430108012515],[32.911832050296596,-2.501714784802313],[32.913740064598954,-2.5022354715012614],[32.91582483265595,-2.5016590578796443],[32.91781657263096,-2.501280184727132],[32.91909631274808,-2.5009653059891526],[32.92075288053961,-2.5002452174868077],[32.92121966765181,-2.501291068199175],[32.922193367598055,-2.502222705764142],[32.922364456938034,-2.502721114307746],[32.92273198640313,-2.5027679009858477],[32.92345488543714,-2.5038568505566072],[32.924858837928284,-2.505578774531047],[32.92571978228866,-2.5068024768526986],[32.92765687933757,-2.5086348562909504],[32.92816479561177,-2.509344083007897],[32.92956308579003,-2.5115529419241005],[32.9299175258606,-2.5136825951855126],[32.93044647180367,-2.514956207055078],[32.929257435077226,-2.515259705648901],[32.9270337640549,-2.5164061689467636],[32.925037608340524,-2.516781410097323],[32.92346214940979,-2.516900562739433],[32.92241873467579,-2.516879063530077],[32.92122386976385,-2.51661703866962],[32.91892928612846,-2.5164379804574595],[32.916815729306016,-2.5166584025365233],[32.915597644842556,-2.517087097742944],[32.91473588108381,-2.5177823016474474],[32.91346098066357,-2.517544505417836],[32.911354621135665,-2.516728745849101],[32.90883857906923,-2.516194896842198],[32.90814206043885,-2.516457343441388],[32.907084129560864,-2.5161359776459236],[32.90637014750597,-2.5158102941012306],[32.90538768544544,-2.515038203922074],[32.90470951958727,-2.514873619726997],[32.904120449460954,-2.515549986639125],[32.9034436091114,-2.5155123979772],[32.90266131029391,-2.515233653149916],[32.90198012484881,-2.5147692149976577],[32.90113342056259,-2.5138109781899933],[32.90075196398375,-2.513504312339847],[32.8999557294231,-2.514102237871371],[32.899641292328376,-2.5145133217466804],[32.8991962506465,-2.515151799743561],[32.898348962455835,-2.5150450892777028],[32.898073641364306,-2.514965511392393]]]]}},{"id":"9","type":"Feature","properties":{"ogc_fid":10,"objectid":10,"id":0,"wardno":16,"wardname":"Nyamagana","shape_leng":7664.18828846,"area":207.446806032,"pop_2002":5851,"pop_densty":28.2048208967,"area_sqkm":2.07446805687,"pop_dnsty_":2820.48208967,"shape_le_1":7664.18819966,"shape_area":2074468.06032},"geometry":{"type":"MultiPolygon","coordinates":[[[[32.88476113625239,-2.5265444637409917],[32.884842104103164,-2.5264458568218977],[32.885186015313806,-2.5262787861976923],[32.885184329725504,-2.5260103565736745],[32.88507925201249,-2.5257228581016724],[32.88500338446857,-2.525516365132049],[32.88501526090298,-2.5254886818531306],[32.88507433017407,-2.525430545474492],[32.88523636118138,-2.525272586345542],[32.885340114806496,-2.5251693456391364],[32.88545999808349,-2.5244397021319647],[32.88561789694887,-2.524110761048175],[32.8857225527652,-2.5236767269518796],[32.885806510063,-2.52332448827713],[32.88623018017295,-2.5224635065046552],[32.8868320103266,-2.5220526367889273],[32.88726103252537,-2.5217040867508356],[32.88753099523225,-2.5215896635122093],[32.88787048812472,-2.521527176984657],[32.88822892235583,-2.5208667645560783],[32.888240638912556,-2.520602678681247],[32.889023359051976,-2.520268272031699],[32.88977852580248,-2.5202554894534597],[32.89019659605147,-2.520697117305142],[32.890455269225356,-2.521119189684012],[32.89117048276428,-2.5210260731119187],[32.89186167890801,-2.521428901945464],[32.89235507377375,-2.521483859340178],[32.89342970832153,-2.520987801268063],[32.89396380586987,-2.520505721293842],[32.89407231483781,-2.5198836737862185],[32.89421702141832,-2.5197393117353455],[32.89434383389987,-2.5196108395664316],[32.89440997269477,-2.519555233796411],[32.89468455406653,-2.519322152115796],[32.89498930966516,-2.5190653140362107],[32.89513984429286,-2.5185480089109413],[32.89583778898713,-2.518665497416336],[32.89612825154238,-2.518657016357001],[32.896309741834045,-2.5181136604061134],[32.896415133106814,-2.5178037968273492],[32.896499669791375,-2.5175457818253064],[32.896710055757225,-2.5171616881956567],[32.89701177594172,-2.5166112495926822],[32.89731815966563,-2.516421645105612],[32.89752264288034,-2.5161816614653776],[32.89754398979685,-2.5158363108354793],[32.89767722092959,-2.5157162653468763],[32.897853624294974,-2.516004218184625],[32.898600184513256,-2.516097804544258],[32.89859583153908,-2.515796052017449],[32.89836978428952,-2.515612458156849],[32.898327869456615,-2.5155646686118973],[32.89824377830609,-2.515453956290651],[32.89802043916723,-2.515149396447533],[32.89806812666761,-2.514972265579586],[32.898073641364306,-2.514965511392393],[32.898348962455835,-2.5150450892777028],[32.8991962506465,-2.515151799743561],[32.900032135390575,-2.5159700147326642],[32.90182895484396,-2.5167896592894827],[32.90376506424113,-2.5177807204462272],[32.90372879901297,-2.518703974683515],[32.90314657496181,-2.5200608220268985],[32.90245594462612,-2.520899905598451],[32.90187983978949,-2.521737641260137],[32.90006391087396,-2.522417801972702],[32.90084126080111,-2.524426557570881],[32.90106374127067,-2.5260043517719084],[32.90134754704457,-2.5268427857945497],[32.901215769147456,-2.5273980685724866],[32.90062448172327,-2.527878330411929],[32.90027322871342,-2.528141846588168],[32.90018622202206,-2.527666694151584],[32.90018623186654,-2.527537690523478],[32.9001926793514,-2.527095856078161],[32.900198428309274,-2.5270375303066177],[32.900054348513976,-2.526675448631001],[32.89971812287633,-2.526337566817445],[32.89928212109154,-2.5258416248694266],[32.89854466721675,-2.525916658786748],[32.89811127563257,-2.5257902357411894],[32.89721479241721,-2.525732172471954],[32.89685972230265,-2.5259763273802585],[32.8962095937573,-2.5263093922420046],[32.895759764350046,-2.5270140402347994],[32.89585170088422,-2.5277128999874283],[32.89555249572846,-2.5283031548970536],[32.89493894063903,-2.528678310342709],[32.89445854207083,-2.5291609558408856],[32.89408060730077,-2.5296528530394315],[32.89344987395704,-2.530440113954041],[32.89325769078693,-2.530922782689301],[32.89296944650245,-2.531260614525865],[32.89258511820663,-2.5317432671973243],[32.892117945484756,-2.531965068451564],[32.891306632491506,-2.532316533571775],[32.89127193222318,-2.5323286113337735],[32.89076469602983,-2.532461616168109],[32.89027502868252,-2.532586099859309],[32.88998859839428,-2.5327444913954116],[32.88891176110278,-2.532568884082548],[32.88816541926664,-2.5316968942782085],[32.8875705639453,-2.531425144395714],[32.88690175145567,-2.531112477385364],[32.88621252411939,-2.531025925912694],[32.88582359555171,-2.530606826783928],[32.885534593180466,-2.530346785609773],[32.8853274589435,-2.5301063251918614],[32.88519513815218,-2.5299408769353797],[32.88494409990703,-2.529627396489025],[32.884803788432954,-2.5294527700374854],[32.88501852627408,-2.5292749218514805],[32.88551598793599,-2.5289795651388634],[32.88524568905805,-2.528436144755304],[32.8854349741058,-2.5281643475322495],[32.88605696977284,-2.527865591733588],[32.885759567360324,-2.527457960718186],[32.88522776828874,-2.5271443324578935],[32.88476113625239,-2.5265444637409917]]]]}},{"id":"10","type":"Feature","properties":{"ogc_fid":11,"objectid":11,"id":0,"wardno":12,"wardname":"Mirongo","shape_leng":2964.47580924,"area":36.2686399548,"pop_2002":5332,"pop_densty":147.014052058,"area_sqkm":0.36268641843,"pop_dnsty_":14701.4052058,"shape_le_1":2964.47572154,"shape_area":362686.399548},"geometry":{"type":"MultiPolygon","coordinates":[[[[32.8991962506465,-2.515151799743561],[32.899641292328376,-2.5145133217466804],[32.8999557294231,-2.514102237871371],[32.90075196398375,-2.513504312339847],[32.90113342056259,-2.5138109781899933],[32.90198012484881,-2.5147692149976577],[32.90266131029391,-2.515233653149916],[32.9034436091114,-2.5155123979772],[32.904120449460954,-2.515549986639125],[32.90470951958727,-2.514873619726997],[32.90538768544544,-2.515038203922074],[32.90637014750597,-2.5158102941012306],[32.907084129560864,-2.5161359776459236],[32.90814206043885,-2.516457343441388],[32.90863877877609,-2.517939003728087],[32.90906718303469,-2.5183605471664494],[32.90885957346785,-2.5193436692940505],[32.908045466045046,-2.5202840105456477],[32.90744036642389,-2.520687977249634],[32.9062792874687,-2.5201613772168745],[32.905548486674085,-2.5196712975470246],[32.90457407430051,-2.519181199587006],[32.90372879901297,-2.518703974683515],[32.90376506424113,-2.5177807204462272],[32.90182895484396,-2.5167896592894827],[32.900032135390575,-2.5159700147326642],[32.8991962506465,-2.515151799743561]]]]}},{"id":"11","type":"Feature","properties":{"ogc_fid":12,"objectid":12,"id":0,"wardno":11,"wardname":"Mbugani","shape_leng":9359.54957254,"area":376.59597127,"pop_2002":37522,"pop_densty":99.6346294848,"area_sqkm":3.76595970638,"pop_dnsty_":9963.46294848,"shape_le_1":9359.54946598,"shape_area":3765959.7127},"geometry":{"type":"MultiPolygon","coordinates":[[[[32.90744036642389,-2.520687977249634],[32.908045466045046,-2.5202840105456477],[32.90885957346785,-2.5193436692940505],[32.90906718303469,-2.5183605471664494],[32.90863877877609,-2.517939003728087],[32.90814206043885,-2.516457343441388],[32.90883857906923,-2.516194896842198],[32.911354621135665,-2.516728745849101],[32.91346098066357,-2.517544505417836],[32.91473588108381,-2.5177823016474474],[32.915597644842556,-2.517087097742944],[32.916815729306016,-2.5166584025365233],[32.91892928612846,-2.5164379804574595],[32.92122386976385,-2.51661703866962],[32.92241873467579,-2.516879063530077],[32.92346214940979,-2.516900562739433],[32.925037608340524,-2.516781410097323],[32.9270337640549,-2.5164061689467636],[32.929257435077226,-2.515259705648901],[32.93044647180367,-2.514956207055078],[32.931781381979974,-2.5158454384164863],[32.932315832906305,-2.5161442305369843],[32.93311400988168,-2.517956687391044],[32.93232053290046,-2.519950510136886],[32.92990468829182,-2.521792803882918],[32.92910211070836,-2.52356666519403],[32.92882222600322,-2.5253235252410473],[32.9296901078366,-2.526108526776797],[32.93052984308981,-2.5275687407584098],[32.93166843554595,-2.5289790811873787],[32.93268585677912,-2.5298084108126995],[32.933401937720895,-2.5314376033790125],[32.93313929391865,-2.532651927525095],[32.93273455177685,-2.533429895123161],[32.93109630188969,-2.5335424234212804],[32.93041664719531,-2.5332165736171635],[32.92941627003776,-2.534024991409338],[32.92881858429173,-2.5349898247148066],[32.92709071669239,-2.535299802984768],[32.92608729987568,-2.5347124320420202],[32.92413352896587,-2.5331219677783436],[32.923453360011116,-2.5327497113589117],[32.92136966934869,-2.531910721896161],[32.91976583262624,-2.530904148338922],[32.91938504088157,-2.5303130761973045],[32.9187814357658,-2.5299359647341637],[32.9149500688761,-2.5280824937872137],[32.913843774942855,-2.528025179959864],[32.91313730233519,-2.527318601654508],[32.912746405818226,-2.5260891338376497],[32.912835874927666,-2.523654045429127],[32.912694816805526,-2.5233097700698277],[32.9117158102582,-2.5228608742208807],[32.910308029282994,-2.5219672793588948],[32.909435067285116,-2.521505599183235],[32.90887821403994,-2.521165853194146],[32.90775300608749,-2.5207917498213837],[32.90744036642389,-2.520687977249634]]]]}},{"id":"12","type":"Feature","properties":{"ogc_fid":13,"objectid":13,"id":0,"wardno":18,"wardname":"Pamba","shape_leng":7478.17977181,"area":205.066322881,"pop_2002":23546,"pop_densty":114.82138785,"area_sqkm":2.0506632467,"pop_dnsty_":11482.138785,"shape_le_1":7478.17972242,"shape_area":2050663.22881},"geometry":{"type":"MultiPolygon","coordinates":[[[[32.90006391087396,-2.522417801972702],[32.90187983978949,-2.521737641260137],[32.90245594462612,-2.520899905598451],[32.90314657496181,-2.5200608220268985],[32.90372879901297,-2.518703974683515],[32.90457407430051,-2.519181199587006],[32.905548486674085,-2.5196712975470246],[32.9062792874687,-2.5201613772168745],[32.90744036642389,-2.520687977249634],[32.90775300608749,-2.5207917498213837],[32.90887821403994,-2.521165853194146],[32.909435067285116,-2.521505599183235],[32.910308029282994,-2.5219672793588948],[32.9117158102582,-2.5228608742208807],[32.912694816805526,-2.5233097700698277],[32.912835874927666,-2.523654045429127],[32.912746405818226,-2.5260891338376497],[32.91313730233519,-2.527318601654508],[32.913843774942855,-2.528025179959864],[32.9149500688761,-2.5280824937872137],[32.9187814357658,-2.5299359647341637],[32.91938504088157,-2.5303130761973045],[32.91976583262624,-2.530904148338922],[32.92136966934869,-2.531910721896161],[32.92300350851274,-2.532568580920129],[32.92299310998528,-2.5325941946674235],[32.922965875626275,-2.533348402811108],[32.922855891362865,-2.5337377885426866],[32.921409134478445,-2.535539441872581],[32.92101196068559,-2.5361369519170665],[32.91972756811322,-2.535969483517001],[32.91775311292949,-2.535532479972794],[32.916609624517406,-2.5350037465804895],[32.915556319202736,-2.534013485514632],[32.914755506053986,-2.533065933951605],[32.913599615023,-2.5321345490219787],[32.911977505851354,-2.5315895489016285],[32.911337727236116,-2.531805146337998],[32.91025774686345,-2.5315764052875784],[32.90949334275715,-2.5319433215920317],[32.907672836230816,-2.5321624509182166],[32.90706298256547,-2.531916011907224],[32.90594604605895,-2.530884861771811],[32.90511682772867,-2.530050757601593],[32.90444463238099,-2.529249618876622],[32.90297162492389,-2.5286912316044248],[32.90188648364807,-2.5290854354182204],[32.900290741047264,-2.5299235156733624],[32.900282258352526,-2.529804925593728],[32.900285475826095,-2.529666248076327],[32.90031117540675,-2.5290599357330237],[32.900328994562884,-2.5284463868464155],[32.90027322871342,-2.528141846588168],[32.90062448172327,-2.527878330411929],[32.901215769147456,-2.5273980685724866],[32.90134754704457,-2.5268427857945497],[32.90106374127067,-2.5260043517719084],[32.90084126080111,-2.524426557570881],[32.90006391087396,-2.522417801972702]]]]}},{"id":"13","type":"Feature","properties":{"ogc_fid":14,"objectid":14,"id":0,"wardno":5,"wardname":"Igogo","shape_leng":6817.70508862,"area":243.472958844,"pop_2002":28570,"pop_densty":117.343627019,"area_sqkm":2.43472958232,"pop_dnsty_":11734.3627019,"shape_le_1":6817.70505236,"shape_area":2434729.58844},"geometry":{"type":"MultiPolygon","coordinates":[[[[32.900274355623296,-2.530102105581975],[32.900290741047264,-2.5299235156733624],[32.90188648364807,-2.5290854354182204],[32.90297162492389,-2.5286912316044248],[32.90444463238099,-2.529249618876622],[32.90511682772867,-2.530050757601593],[32.90594604605895,-2.530884861771811],[32.90706298256547,-2.531916011907224],[32.907672836230816,-2.5321624509182166],[32.90949334275715,-2.5319433215920317],[32.91025774686345,-2.5315764052875784],[32.911337727236116,-2.531805146337998],[32.911977505851354,-2.5315895489016285],[32.913599615023,-2.5321345490219787],[32.914755506053986,-2.533065933951605],[32.915556319202736,-2.534013485514632],[32.916609624517406,-2.5350037465804895],[32.91775311292949,-2.535532479972794],[32.91972756811322,-2.535969483517001],[32.92101196068559,-2.5361369519170665],[32.92105835241263,-2.536850994084718],[32.920696572481646,-2.5384589608066888],[32.92004726402939,-2.539459672158873],[32.919614899221656,-2.5402950062036695],[32.91942844400973,-2.5411163106675088],[32.91962187648529,-2.54142594424218],[32.9189561515606,-2.541341871397177],[32.91826279074818,-2.5419271507703955],[32.917109914047145,-2.5424029520049247],[32.91540450464919,-2.542611079715103],[32.91358494990426,-2.541870311822349],[32.91192258533767,-2.5425330265964914],[32.910684527465634,-2.5431165896667443],[32.910173702244585,-2.5434698352964626],[32.909210525579695,-2.543447335143488],[32.9065678224681,-2.541761549056278],[32.904453239725406,-2.542364626482223],[32.90347864154985,-2.542342121218522],[32.9029129261757,-2.5425545423794103],[32.90206670007837,-2.5418652294490323],[32.90123882292151,-2.5411789029642637],[32.90088469738831,-2.540583914794182],[32.90111205998583,-2.539309283652767],[32.90115689172927,-2.5390526930476365],[32.90104818803866,-2.538396437303067],[32.90115704526304,-2.5370293810307434],[32.900955189758136,-2.535929393270887],[32.900848497624324,-2.5353696845332525],[32.90067357850417,-2.5348993222046317],[32.90048186414118,-2.534296936805481],[32.90051947335995,-2.5337681289210705],[32.900488647428126,-2.533391854683304],[32.9007217887841,-2.532610225066264],[32.90033983390011,-2.5313980275255346],[32.90037708894067,-2.5312188964001723],[32.900274355623296,-2.530102105581975]]]]}},{"id":"14","type":"Feature","properties":{"ogc_fid":15,"objectid":15,"id":0,"wardno":14,"wardname":"Mkuyuni","shape_leng":7885.03164351,"area":365.28991322,"pop_2002":13343,"pop_densty":36.5271513393,"area_sqkm":3.65289914783,"pop_dnsty_":3652.71513393,"shape_le_1":7885.03151873,"shape_area":3652899.1322},"geometry":{"type":"MultiPolygon","coordinates":[[[[32.90289777481005,-2.5435917505004157],[32.903055906723935,-2.542671010162177],[32.9029129261757,-2.5425545423794103],[32.90347864154985,-2.542342121218522],[32.904453239725406,-2.542364626482223],[32.9065678224681,-2.541761549056278],[32.909210525579695,-2.543447335143488],[32.910173702244585,-2.5434698352964626],[32.910684527465634,-2.5431165896667443],[32.91192258533767,-2.5425330265964914],[32.91358494990426,-2.541870311822349],[32.91540450464919,-2.542611079715103],[32.917109914047145,-2.5424029520049247],[32.91826279074818,-2.5419271507703955],[32.9189561515606,-2.541341871397177],[32.91962187648529,-2.54142594424218],[32.91994427753914,-2.5423235680624288],[32.92137924216931,-2.544744745818381],[32.92357162355974,-2.5487013471527264],[32.92397137543681,-2.550378591363681],[32.924017508585045,-2.553125599443545],[32.924081960658384,-2.553724161600246],[32.92304757629367,-2.5572664320277005],[32.923337647871755,-2.5578533115556144],[32.921133328357485,-2.559066879166991],[32.91977710520441,-2.560952656058943],[32.91771268763575,-2.561981883768828],[32.914690156807964,-2.560162578701236],[32.91360083170158,-2.5600576315446686],[32.91179536137211,-2.559824711723713],[32.91029194691574,-2.5594329522709893],[32.90976859110456,-2.559014757912],[32.90977614187335,-2.5590049974535876],[32.90953627552495,-2.5588213166014233],[32.909487189197264,-2.5583907582987373],[32.9095811268725,-2.558066876258083],[32.90964016101127,-2.5576947160389145],[32.90902847783437,-2.5574122742712917],[32.90848120611419,-2.557049353207782],[32.90813832179599,-2.5566122598274794],[32.90801485239906,-2.5553742859496134],[32.90795752827771,-2.5548574631306815],[32.90782256655584,-2.554613941588193],[32.90770237031675,-2.5543963122894184],[32.90761155652653,-2.5542055515786353],[32.90735907337126,-2.553654301002019],[32.906651801776874,-2.553326125942129],[32.90632519111663,-2.5527792295996234],[32.90654294525878,-2.5520684274387957],[32.90627091617641,-2.551357473678507],[32.90550910377927,-2.5506464838404885],[32.9052289990662,-2.549901320118996],[32.90501960484116,-2.5493886412873694],[32.905020746884674,-2.548337657823035],[32.905019700948436,-2.5480761465681208],[32.90492732214283,-2.547340893363521],[32.9048021232357,-2.5463809421820045],[32.90420366373439,-2.5453418400613033],[32.90385092720635,-2.5450893777331896],[32.90300666093126,-2.5444120674906583],[32.90289777481005,-2.5435917505004157]]]]}},{"id":"15","type":"Feature","properties":{"ogc_fid":16,"objectid":16,"id":0,"wardno":4,"wardname":"Butimba","shape_leng":20717.696624,"area":1548.31809574,"pop_2002":23546,"pop_densty":15.2074694005,"area_sqkm":15.4831809158,"pop_dnsty_":1520.74694005,"shape_le_1":20717.6966134,"shape_area":15483180.9574},"geometry":{"type":"MultiPolygon","coordinates":[[[[32.8866984652304,-2.5721225334605333],[32.8868436949238,-2.571580765261539],[32.8868629686681,-2.5714343305208063],[32.88711567991193,-2.5712076311114482],[32.887941028325336,-2.571366843719549],[32.888845776156536,-2.5708732195018325],[32.88899151096363,-2.5708350532090334],[32.889254757912575,-2.570479070315278],[32.88963572480774,-2.5705251534974054],[32.89053337642956,-2.5709515334177895],[32.89101119400545,-2.571398775744883],[32.89190516340529,-2.5717662573871625],[32.89304343508431,-2.5724185637160897],[32.89396635971624,-2.572403821817401],[32.89413558369462,-2.5724065383160966],[32.8947533847801,-2.5724471109836125],[32.895729030613886,-2.572493335582788],[32.896515125773206,-2.5721443539097675],[32.8965627154376,-2.5715944647828595],[32.89701439533405,-2.5715945014617256],[32.89751362253837,-2.5715706328720414],[32.89751363969177,-2.5713554569104806],[32.89703821161894,-2.57104460947172],[32.897204753958526,-2.570291329752079],[32.89688032272218,-2.570017863778612],[32.8961396309203,-2.5697727927103005],[32.89561780801362,-2.5695962434272284],[32.8949706801486,-2.5692594546919874],[32.89417620188583,-2.5689250056551467],[32.89348399362049,-2.5687379430081325],[32.893251386622175,-2.5684567376515686],[32.89318657524665,-2.5678778946450627],[32.892801247763565,-2.5672706165886887],[32.89261172491903,-2.5670598921619074],[32.89218358982503,-2.5663138268228485],[32.891596118709195,-2.565829482262035],[32.89121942637336,-2.565289702676107],[32.89066813326897,-2.564593831774937],[32.89005096887365,-2.5642119883657877],[32.88956454539869,-2.5641101946735194],[32.88944409078601,-2.5638380229288367],[32.88893266328606,-2.5629912535219663],[32.88866199594774,-2.562174745108278],[32.888237821296514,-2.5617785444806027],[32.88798812434129,-2.5615029975476067],[32.88747630575836,-2.5610771929995373],[32.88772760224078,-2.560211661218781],[32.88791298299829,-2.559733521327579],[32.88793992658205,-2.5596646322534284],[32.88845145405955,-2.55933203543615],[32.889685228945346,-2.559453103196247],[32.89008332362853,-2.5598525734585684],[32.89052772539202,-2.5603301408921304],[32.89094891737965,-2.5602999358890135],[32.8917914659438,-2.5605721698297397],[32.89197204980593,-2.5609955472106622],[32.89246798245125,-2.561552689993947],[32.89316868019124,-2.561862764443731],[32.8939895398159,-2.562365071825526],[32.894508677189854,-2.5624520382213345],[32.89488483895631,-2.5629091519836993],[32.89532380415316,-2.5632279197344934],[32.89612924966382,-2.563617104200602],[32.89634099555438,-2.5637844035302297],[32.897397605148896,-2.56413986168937],[32.89784717557308,-2.5645948797829146],[32.89896620593637,-2.5650874062534035],[32.89923169500488,-2.5651252028154192],[32.899450981063275,-2.5651518604250088],[32.899833376524136,-2.5651603686433377],[32.90032698447925,-2.5651688474535193],[32.90120500509634,-2.5646888731538575],[32.90220275886079,-2.564200674489853],[32.90268828085777,-2.56390296936543],[32.90335396728756,-2.5638685502976855],[32.90390872635679,-2.5639685634392886],[32.90428283585091,-2.564276376238135],[32.90500840511534,-2.5646343364878605],[32.90549754991759,-2.5652232530276207],[32.90632524557962,-2.5652529888604936],[32.906776963346594,-2.564675631699036],[32.906973621264086,-2.5645208490149276],[32.9072067535965,-2.564323478503107],[32.90739392770614,-2.564161797497511],[32.90758942303041,-2.563909305203686],[32.907768187790865,-2.563748111170927],[32.90800726576766,-2.563529310901545],[32.90814963725534,-2.5633942487415387],[32.908184079821915,-2.5633600945400983],[32.90853055159391,-2.5627059186365524],[32.908484445843975,-2.5621096164012465],[32.908131488894995,-2.561618420211743],[32.908037506694455,-2.5612956104402533],[32.90804427914174,-2.56093535264401],[32.90815332301826,-2.5607119858825],[32.908783756185905,-2.5605388637414874],[32.90925760199891,-2.5603126078944785],[32.90949049960948,-2.5599314915883586],[32.909517330728015,-2.5595899628248144],[32.909616129968136,-2.5592117981149474],[32.90976859110456,-2.559014757912],[32.91029194691574,-2.5594329522709893],[32.91179536137211,-2.559824711723713],[32.91360083170158,-2.5600576315446686],[32.914690156807964,-2.560162578701236],[32.91771268763575,-2.561981883768828],[32.91977710520441,-2.560952656058943],[32.921133328357485,-2.559066879166991],[32.923337647871755,-2.5578533115556144],[32.927240866478684,-2.558794796005335],[32.92931511245351,-2.560948787742147],[32.93087093733693,-2.561736812189935],[32.93287176466374,-2.5623348151390783],[32.93488317416183,-2.5637273302875787],[32.93721011832661,-2.5650260233449953],[32.941056833811835,-2.567861647971562],[32.94186982246752,-2.5711043467321675],[32.941603434559696,-2.5730686190978034],[32.9418849362831,-2.574783898483447],[32.942656401315176,-2.576164884311355],[32.94196910895139,-2.57850858952668],[32.94136673423743,-2.577916183629498],[32.93903143882591,-2.5782454141174527],[32.936852474644866,-2.579287600578472],[32.93394373921663,-2.581815532551179],[32.92924249938927,-2.5850693350596563],[32.92851971668825,-2.58613971941063],[32.92650323266117,-2.594054717013269],[32.92817193236349,-2.5946684492399767],[32.92788715815764,-2.595975482868676],[32.92431179170464,-2.5972196385739297],[32.92009991140878,-2.5956918038795918],[32.917764795704336,-2.593806336193876],[32.91632369521892,-2.5930284328932434],[32.91543035002311,-2.5920012774139014],[32.91409855344869,-2.5917986620529128],[32.912769483058234,-2.591873014521715],[32.911045665280085,-2.591479060130234],[32.907822685529084,-2.5891084108661366],[32.90665230660793,-2.587888834887727],[32.90583385094128,-2.5874493515253976],[32.90432893371337,-2.587168200946275],[32.90210565594853,-2.5861115362881493],[32.90152696661117,-2.584457644412303],[32.90081051739173,-2.5839245476140222],[32.899368688822825,-2.584184668156333],[32.89805533316157,-2.5835665865396726],[32.89723728276693,-2.5832617919972067],[32.89710941372166,-2.582837432560036],[32.896706007962614,-2.5821124505149813],[32.89635296018493,-2.5816248700359186],[32.895727030421114,-2.5805018467623055],[32.89531852000665,-2.579767092047806],[32.89456032952063,-2.579491287030663],[32.89380941289506,-2.579102219845982],[32.8935734883264,-2.5787108586973484],[32.89279564036853,-2.578412650235978],[32.89225987806757,-2.5780661889624485],[32.891943893325006,-2.577608737537775],[32.891153063273265,-2.577484941814021],[32.89042118308847,-2.577202057258436],[32.88957629522849,-2.5764266123485635],[32.8892597014963,-2.575890836253295],[32.88891764802305,-2.5752207862138214],[32.8887697687098,-2.5749509498020604],[32.888438026296896,-2.574689457712106],[32.88773566606981,-2.5732971280762738],[32.887092877590305,-2.572721400202765],[32.8866984652304,-2.5721225334605333]]]]}},{"id":"16","type":"Feature","properties":{"ogc_fid":17,"objectid":18,"id":0,"wardno":6,"wardname":"Igoma","shape_leng":29486.3537512,"area":5133.19392051,"pop_2002":28570,"pop_densty":5.56573557338,"area_sqkm":51.3319391899,"pop_dnsty_":556.573557338,"shape_le_1":29486.3538447,"shape_area":51331939.2051},"geometry":{"type":"MultiPolygon","coordinates":[[[[32.9546873931105,-2.5935306619564553],[32.95493999138485,-2.5934227916127184],[32.956246322953156,-2.5902029701898996],[32.95849294256996,-2.5868412580532],[32.96138404843306,-2.58480976760086],[32.963307257249205,-2.583645023609955],[32.96535801844099,-2.582187549686102],[32.96736978257461,-2.580513039520641],[32.967949231191824,-2.5788792861662406],[32.96807134661647,-2.5751749532734847],[32.968052127218805,-2.569522973530585],[32.968618424465845,-2.566628372671463],[32.969684825317145,-2.5644667605190707],[32.9717659496576,-2.5610330164008563],[32.97270520162294,-2.5601446037479483],[32.973981316795864,-2.5579830662846423],[32.97380579946935,-2.55694009285689],[32.97521588497169,-2.552096202266373],[32.978314893029044,-2.549116180985008],[32.97841546167517,-2.5455390217356135],[32.97793157624149,-2.5430880873399624],[32.97732631307313,-2.542207422194611],[32.977414163767044,-2.540718198570104],[32.98070450208654,-2.5385199620015384],[32.98440982663406,-2.5376546445130015],[32.98634093021278,-2.5370421159691365],[32.99004615466834,-2.537652756162713],[32.99280891078804,-2.5394871246445954],[32.994480533939885,-2.5414965559049563],[32.996311493468994,-2.5434115518069595],[32.998698558252535,-2.546968999428788],[33.000232676636074,-2.5489799599541514],[33.00046143785604,-2.550038174481842],[33.00347539494826,-2.5539883614817773],[33.00592999689084,-2.5568932632249646],[33.00829553197806,-2.5612525610700208],[33.01008247736103,-2.563104220211387],[33.01205413199827,-2.565034025485904],[33.01207743951231,-2.565751769736917],[33.01437629364205,-2.5680236664475626],[33.01557269034127,-2.5709132807831994],[33.01615587655195,-2.572773262247564],[33.016188358235226,-2.573458678822093],[33.016222580281415,-2.57504095666401],[33.01630118743322,-2.5783602939264236],[33.015885745380785,-2.5808517472533894],[33.01659788360599,-2.5827907862174744],[33.0182327341177,-2.5848123961783305],[33.02049807211064,-2.5894189920053243],[33.02111373901033,-2.5907604790363536],[33.02147290271281,-2.591850973417554],[33.02265653018263,-2.5933070702951126],[33.023965519519045,-2.5945508707512257],[33.02471951156279,-2.5963421932280086],[33.02514341624033,-2.5985428250469425],[33.02689422834884,-2.603281004705224],[33.02744158563077,-2.608440594896813],[33.027721391020755,-2.6094390492064425],[33.02887817565808,-2.611261145329821],[33.0292280007944,-2.6131414499142545],[33.02918611122723,-2.6159391757018287],[33.02917247682005,-2.617968763286779],[33.02837307595556,-2.619921667909765],[33.02796973619295,-2.622402177876989],[33.02593699996104,-2.625295323368091],[33.02454868702523,-2.627458318258495],[33.02204369362338,-2.6291959728359693],[33.01855904302399,-2.630179618189944],[33.01660911610846,-2.630481941595849],[33.01551093502596,-2.630471191466924],[33.01421603168658,-2.630987876377446],[33.01407144421145,-2.631120381069797],[33.01403302614661,-2.6310643107620204],[33.009663129233786,-2.628399236923847],[33.0024409903064,-2.627575875472984],[32.99860040806318,-2.6281269185561063],[32.98859222499273,-2.6226347238410597],[32.98629820544047,-2.620321990317999],[32.982955510035595,-2.617480178121905],[32.97756246136083,-2.6159213112693034],[32.97327551818909,-2.6148906916272847],[32.965741241656694,-2.6101007487566723],[32.9592971796183,-2.605722058598039],[32.95803253419381,-2.6042615581773814],[32.9561052793904,-2.5996831978645307],[32.9548651267113,-2.5939427146074507],[32.9546873931105,-2.5935306619564553]]]]}},{"id":"17","type":"Feature","properties":{"ogc_fid":18,"objectid":19,"id":0,"wardno":2,"wardname":"Buhongwa","shape_leng":31758.903261,"area":3288.55622616,"pop_2002":9855,"pop_densty":2.99675582303,"area_sqkm":32.8855621945,"pop_dnsty_":299.675582303,"shape_le_1":31758.9032864,"shape_area":32885562.2616},"geometry":{"type":"MultiPolygon","coordinates":[[[[32.90315788559936,-2.6383878645286964],[32.90493723747472,-2.6340848739847043],[32.90581530320587,-2.6313861800365137],[32.90767400370633,-2.6281793025776397],[32.912140710070474,-2.625505195935343],[32.91848633598053,-2.6249417423985286],[32.92448694025183,-2.6231597399313094],[32.927191349031,-2.621926300104741],[32.92964160853699,-2.619380996424144],[32.9318749667624,-2.612489938926117],[32.93412586464835,-2.6072940620361846],[32.93577745961981,-2.6062583672667152],[32.940931206896394,-2.6057209663112175],[32.94281550650653,-2.602802397657966],[32.94308869611546,-2.601483962301426],[32.94533384447716,-2.5990912110014275],[32.94798132088965,-2.5974035218377947],[32.94975159594841,-2.595535585207592],[32.95145026796755,-2.59484837793941],[32.953055881644296,-2.594227388371645],[32.9546873931105,-2.5935306619564553],[32.9548651267113,-2.5939427146074507],[32.9561052793904,-2.5996831978645307],[32.95803253419381,-2.6042615581773814],[32.9592971796183,-2.605722058598039],[32.965741241656694,-2.6101007487566723],[32.97327551818909,-2.6148906916272847],[32.97756246136083,-2.6159213112693034],[32.982955510035595,-2.617480178121905],[32.98629820544047,-2.620321990317999],[32.98859222499273,-2.6226347238410597],[32.99860040806318,-2.6281269185561063],[33.0024409903064,-2.627575875472984],[33.009663129233786,-2.628399236923847],[33.01403302614661,-2.6310643107620204],[33.01407144421145,-2.631120381069797],[33.01352121770917,-2.6316246303088646],[33.01297558283443,-2.6322544168821853],[33.012016268404594,-2.632690963351222],[33.01141918614618,-2.6326924970538657],[33.01042248170486,-2.632490886015986],[33.009652699502645,-2.632324186367228],[33.008776765846264,-2.632440244539322],[33.007785853184316,-2.633011372766375],[33.005935032808544,-2.634713623422021],[33.00383339358856,-2.6346276112053224],[33.00269025517249,-2.6348218171430027],[33.001459878828,-2.634930906358066],[33.00088192972538,-2.6351277326092224],[32.99990525419138,-2.635825580033677],[32.99927441369649,-2.6359840545750215],[32.999069598123334,-2.635626582664941],[32.99884786140606,-2.6355116019973455],[32.99848512084537,-2.635658783680603],[32.997558592763795,-2.6351832692884316],[32.99713486799342,-2.6351125339891284],[32.99693064647523,-2.634570899340031],[32.99578669435143,-2.634059834015224],[32.99518040929215,-2.633792904103338],[32.99429877362699,-2.6338261206705056],[32.99405722636648,-2.633857302418503],[32.99374655237574,-2.634178229344978],[32.992991756685015,-2.6337953364106714],[32.992554386961224,-2.6337573158459735],[32.99222375497588,-2.6338498754150623],[32.99174276183072,-2.633778956970656],[32.991054355572565,-2.634029327200871],[32.99025223064332,-2.6340028183799165],[32.989380521415775,-2.6342181800111466],[32.98841913068118,-2.6338919060376176],[32.98749268127565,-2.6334395403600825],[32.986988321460906,-2.6334833153355044],[32.986483738005774,-2.6335734912283253],[32.985976921355075,-2.6342504382784724],[32.984990898655965,-2.6343959658487752],[32.984073491873716,-2.634610781265232],[32.98322634137641,-2.63438861685127],[32.98268763445597,-2.6344210815529427],[32.98217110389531,-2.634660595338337],[32.98148269612164,-2.634853250157268],[32.98148172781776,-2.635117916942894],[32.98118232482114,-2.635531193467917],[32.9809413067893,-2.6356220948404783],[32.98003681302733,-2.6354113249926128],[32.97958949605564,-2.635536232883196],[32.97913075504784,-2.6356378946226804],[32.9782821884709,-2.6357954500750203],[32.97808612061153,-2.6361054297814994],[32.97768382715142,-2.6364601801992515],[32.97722441541317,-2.636711632478116],[32.9768791672495,-2.637089992261377],[32.97676343723618,-2.637400244658371],[32.976613884017404,-2.6375605251066716],[32.97641900817091,-2.63759435058738],[32.97612109383497,-2.63757028484225],[32.97588007572607,-2.6376728542596704],[32.97564966082144,-2.6379941400454205],[32.9751682945982,-2.638015115399767],[32.97486985831639,-2.6381749402821066],[32.973950733021454,-2.6387925362057967],[32.97304355210159,-2.6392835871401346],[32.972284805203834,-2.6399480405635316],[32.970544283536235,-2.6396071718481804],[32.96985646893622,-2.639638994994461],[32.96888350416122,-2.6394048781723782],[32.96842491108356,-2.639437520507837],[32.96798923990352,-2.6394931376438584],[32.967497345537545,-2.639272600115951],[32.96710781716589,-2.6392595646244015],[32.96683245144623,-2.639350552789042],[32.96653483653251,-2.6392571065390533],[32.96629419107348,-2.6392447081075425],[32.96574278661744,-2.6396221543825398],[32.965203403851916,-2.639827106542729],[32.964412400118746,-2.63991590915096],[32.96340255198206,-2.640279954011139],[32.9621984230558,-2.640528211903002],[32.961533004675346,-2.6407442847979294],[32.96091343024033,-2.6409601769315363],[32.96014400110952,-2.6413944182089013],[32.95961604071334,-2.641610765892707],[32.95932857807716,-2.6418513622547843],[32.95905261109421,-2.642137727638669],[32.958753350921185,-2.642447068365056],[32.95859169716368,-2.6427803831922843],[32.958200894636164,-2.643123910854973],[32.95799414542437,-2.6432267493213177],[32.957981523980116,-2.643537184306751],[32.95808351414088,-2.643859835046279],[32.957840996956826,-2.6443192382751795],[32.95751986025976,-2.644398284131442],[32.9569936197909,-2.644177468944185],[32.95652315057959,-2.644336831885248],[32.9561684162489,-2.644208827292564],[32.95592949108941,-2.643758995519814],[32.95486319092029,-2.6439271999556295],[32.95411027553723,-2.6430266191704814],[32.95376749042092,-2.6427605835411283],[32.95337886034171,-2.6424943651477695],[32.952909289331856,-2.6424579849919714],[32.95262384785264,-2.642169337841166],[32.95237267525111,-2.6419495264009285],[32.952213419055276,-2.6416266929590786],[32.95183598962819,-2.6414179122619346],[32.95137739322818,-2.6415080764751218],[32.951010937629874,-2.6414147142712694],[32.95042435796736,-2.641987621665656],[32.95011569410098,-2.6417906922745544],[32.94966488533025,-2.641953149345873],[32.949129362895036,-2.64198223217333],[32.94869496271492,-2.6417388952498264],[32.948660915934305,-2.6416810942128692],[32.948271012701,-2.6417371586367175],[32.947824065904065,-2.641746818527498],[32.9473191000445,-2.6419748291162035],[32.94700893613826,-2.6421806877280867],[32.946722670432784,-2.64209899672322],[32.94659776113698,-2.6418108970365783],[32.94625437641216,-2.6417059567683108],[32.946196057813424,-2.6419817461987236],[32.946034552725216,-2.6422342853422647],[32.9457142413099,-2.6420950635082128],[32.945267143939,-2.6421505816387816],[32.94471505787254,-2.642677538141733],[32.94415372506401,-2.642617541985188],[32.943994092153,-2.642456165923497],[32.94351242386918,-2.642546326155934],[32.9432256333615,-2.642613972244059],[32.942824231843396,-2.642681432028913],[32.94224095055246,-2.642414296453536],[32.94159860177097,-2.642549764765145],[32.94053147403782,-2.6429482505358615],[32.93987710071761,-2.6432448156837896],[32.93948659400627,-2.6434847690314154],[32.93835032203774,-2.6440093416180956],[32.93800588615843,-2.644169064726537],[32.9365699702554,-2.6450835641507666],[32.935408068727966,-2.6462525213107613],[32.93464824623768,-2.647158370080299],[32.93333866119342,-2.648016158296164],[32.932568012896134,-2.6487839734699006],[32.93215254933222,-2.6495644719295712],[32.931965485276216,-2.6504958587344043],[32.931445100655104,-2.65173639472301],[32.93045935895279,-2.6518013750205545],[32.92972666834359,-2.651614277089164],[32.92907243751226,-2.6518762824786855],[32.92857806001751,-2.6523112432063325],[32.92801438911884,-2.6528615274448],[32.92719962078002,-2.6532149711078326],[32.92672801640377,-2.653650203811337],[32.92646225940644,-2.6542244745214765],[32.92593391119905,-2.6545443757461737],[32.92506308242917,-2.654517910780972],[32.92496034627963,-2.6544023053528463],[32.924500160791304,-2.6548951564972394],[32.92420171678214,-2.6549975311903533],[32.923778064507246,-2.6549267716321245],[32.92337718338671,-2.654879258211841],[32.92308963405775,-2.6551540368714974],[32.92278112061436,-2.654945613545508],[32.92255400814992,-2.6543923881474036],[32.92240633313053,-2.654023782226473],[32.92210931906626,-2.653803780910495],[32.92189189593759,-2.6536992941726703],[32.921478836640134,-2.6538702239225853],[32.92106698572748,-2.6536959846094375],[32.92047145058536,-2.653636066779891],[32.91988968311891,-2.6528972978478618],[32.919651901907656,-2.652159727257241],[32.91956202366783,-2.6516876460972765],[32.91936865364318,-2.651307097314336],[32.919255999819136,-2.6508579898998916],[32.917368636411254,-2.649929724149249],[32.9164440138625,-2.6490053209595046],[32.91556342721715,-2.6485300201398814],[32.914957529127314,-2.648182277260066],[32.91429323246134,-2.6480991051212857],[32.913321110149454,-2.6475657244884063],[32.91296811502587,-2.6470118552848585],[32.91231424822654,-2.6441903036237058],[32.911757601760115,-2.6429221103242546],[32.911176370875204,-2.6420915278615613],[32.910788050498645,-2.6417675872407687],[32.909667730058615,-2.6410954387521444],[32.9079758687605,-2.6400070722577746],[32.90652367348564,-2.6391842014273497],[32.90315788559936,-2.6383878645286964]]]]}},{"id":"18","type":"Feature","properties":{"ogc_fid":19,"objectid":20,"id":0,"wardno":13,"wardname":"Mkolani","shape_leng":36748.8945537,"area":4011.18847952,"pop_2002":16942,"pop_densty":4.22368582821,"area_sqkm":40.1118849486,"pop_dnsty_":422.368582821,"shape_le_1":36748.8944069,"shape_area":40111884.7952},"geometry":{"type":"MultiPolygon","coordinates":[[[[32.861109523887905,-2.6265473692714303],[32.86129596828627,-2.6261477776862048],[32.86145201633213,-2.625797542998733],[32.86226893211161,-2.6257111556133395],[32.862354978542115,-2.625192299591601],[32.86305277501283,-2.624973562276254],[32.86318048033017,-2.624513257545202],[32.863472984192704,-2.6239601172942506],[32.863967497305154,-2.623311588729591],[32.86431149222577,-2.622987335803146],[32.8647629907678,-2.622511757392147],[32.8652359988213,-2.6220855893997355],[32.865669750712534,-2.621629026707619],[32.865880993061516,-2.621257952663246],[32.86596084533336,-2.6209362311233786],[32.86577358844016,-2.620479643079806],[32.86626811270634,-2.6197013972412595],[32.866221461125086,-2.619069194756704],[32.86573534481837,-2.618131044731006],[32.86540640896464,-2.616804064177793],[32.864913391920105,-2.616256296643957],[32.86464275328249,-2.615756412451482],[32.86459227692569,-2.6149945466847546],[32.865195710484265,-2.6143008078497063],[32.86489289852335,-2.613885629593097],[32.86532283797877,-2.61395053407225],[32.86549483970728,-2.613734358314739],[32.86495747583345,-2.6130857185024223],[32.864893030139235,-2.6126533239093392],[32.86499700489003,-2.612163310827878],[32.86516821142359,-2.6115646541509654],[32.86505583690031,-2.6108505506176427],[32.86563020816398,-2.6102505150244504],[32.86617315853684,-2.609879278175306],[32.86682813484317,-2.6093673806724222],[32.867000169701846,-2.608826914101315],[32.86754531934834,-2.6082075107982408],[32.86906639057029,-2.6072298682018045],[32.869322961131324,-2.607077436914595],[32.869752034138884,-2.606730119829612],[32.87003151809463,-2.6065355744697425],[32.87078402640531,-2.605497920465267],[32.87128406850321,-2.6046665739254715],[32.87193659387844,-2.6042189876105146],[32.872655571126835,-2.6040515979780112],[32.873039258645896,-2.603952728853404],[32.873559929138736,-2.6039527814091867],[32.87422881554907,-2.603811554699935],[32.87481764057369,-2.60343778519434],[32.87570733523027,-2.6035344971881345],[32.87597918372967,-2.603642637556612],[32.87564250941653,-2.6043309623354953],[32.87595721839174,-2.604717799090339],[32.87612944985417,-2.605148732015056],[32.87590030908371,-2.6060389220963165],[32.8760058008979,-2.6065171017099305],[32.87691201310048,-2.6079258327442103],[32.87777081048975,-2.608481321537211],[32.8784213860256,-2.608524517133565],[32.879060500901524,-2.608471050592748],[32.87969186800793,-2.608316984960312],[32.881346306731004,-2.6082424584442405],[32.88275942089976,-2.609028698739087],[32.8829502278127,-2.609018764710589],[32.884219824723544,-2.608188987120832],[32.884956574738446,-2.6069793072950156],[32.885409485868934,-2.6059147319124554],[32.884864324105,-2.6049572214578776],[32.884472862457,-2.604465563014286],[32.883970648644066,-2.6043376532270006],[32.883641511292815,-2.6040777422969557],[32.883288967408674,-2.6034162502876987],[32.88289416201149,-2.60241849770046],[32.88253155950103,-2.602137911536807],[32.882111897453264,-2.6021281917638603],[32.881769408843624,-2.602191231819048],[32.881790953937745,-2.6016723677095808],[32.88224237812022,-2.6018453654860325],[32.88249744029911,-2.6014289732098224],[32.882574380743186,-2.6011609131709617],[32.88241815541308,-2.600783632157323],[32.882570062492356,-2.600189067260985],[32.882747215881835,-2.5999439058639306],[32.88314792187587,-2.5995416894096697],[32.88305845157327,-2.5992379852396272],[32.883329182177775,-2.598781581337822],[32.88402047781523,-2.598282151744222],[32.88416731803277,-2.597995551340724],[32.88454464646194,-2.5975789644377976],[32.88476819101852,-2.5966407042430255],[32.88485937907445,-2.59598759828938],[32.88468769711643,-2.5954278349422677],[32.884462182409884,-2.59527790287299],[32.88424997886508,-2.5951597275114318],[32.88370585372792,-2.5947284898691954],[32.883315643945366,-2.5943569775078066],[32.88314491073761,-2.5942517432448584],[32.88276038543106,-2.593698383390452],[32.88257364739599,-2.5935085566466145],[32.8823461148335,-2.593463288783537],[32.8820399258369,-2.5934336868154118],[32.88174891829781,-2.593317765464477],[32.88148733106945,-2.5931633963985528],[32.88115628122714,-2.5931606510810425],[32.881133092740974,-2.5929353746911064],[32.88115075379765,-2.5926237922759325],[32.8812962338944,-2.5924516385866885],[32.88140715869679,-2.5923969137259615],[32.881580095005454,-2.5920231919236207],[32.88178234031987,-2.591839101252494],[32.88195520980164,-2.5912133255783965],[32.88168765976785,-2.590368024606902],[32.88151749400442,-2.5899716526776637],[32.88144985589749,-2.589852223848761],[32.88170780082088,-2.589502846831531],[32.8820112816511,-2.588971626141174],[32.881973184501504,-2.5884798190883673],[32.88167921547625,-2.5879199272234015],[32.8815066353049,-2.5876421678267043],[32.881411762961974,-2.5873795416487875],[32.881850017540074,-2.5866767994885795],[32.881805937551896,-2.5863576315370698],[32.881786735889314,-2.586143192192838],[32.88156412982108,-2.5856909943965274],[32.881673815806195,-2.5854070143770698],[32.881906270542586,-2.5853918368870215],[32.882197493572754,-2.5851025359355595],[32.8823423646428,-2.5846942511675253],[32.88221781589335,-2.5842162781945768],[32.8814701284472,-2.5841173627144887],[32.8812766771875,-2.5839011500607825],[32.88142311983061,-2.5832613668579443],[32.88160962553561,-2.583027967636273],[32.88173141023376,-2.58226195611318],[32.88195523941723,-2.5821270838718893],[32.88216067888525,-2.5824065697463183],[32.882398066254986,-2.5835286204459145],[32.88270017382252,-2.5842194895270567],[32.88280433549196,-2.5843334029100196],[32.883277780314124,-2.5844161377238413],[32.88360121730651,-2.584390447365451],[32.88377416940753,-2.584446672365071],[32.88431462156092,-2.5846620443036494],[32.884774263526715,-2.584183762960285],[32.88526989719446,-2.5846126433712975],[32.88545583317247,-2.584708741059529],[32.88545996215685,-2.584810521976772],[32.88537852766576,-2.5850546069569345],[32.88528547653514,-2.585431684116496],[32.885430699063576,-2.5859297768770966],[32.88562111352958,-2.5864264496902543],[32.885895272199484,-2.5868270826865527],[32.886007966043344,-2.5871025788575155],[32.88620154918733,-2.587306992445518],[32.88640311812595,-2.5875205932096303],[32.88626321792336,-2.588083549148954],[32.88690925005746,-2.5882741765294752],[32.88692317332312,-2.588504250656563],[32.88702990629438,-2.5890198198201992],[32.88712192425034,-2.5894595878443094],[32.887294495687264,-2.5898530741723595],[32.887326054821145,-2.5900297245832973],[32.88738243065711,-2.590536175110704],[32.888207466913585,-2.5911345516049127],[32.888695394729204,-2.5912559171609115],[32.88895137627184,-2.5914618195988344],[32.88922753224999,-2.5916354335427205],[32.88952108725236,-2.5917474314632885],[32.89046881366152,-2.591673960721275],[32.89189724059168,-2.5909413064999898],[32.89213735923441,-2.590817157489373],[32.8926336028203,-2.590472502996444],[32.89316926024784,-2.5899841827163477],[32.89473544430699,-2.588936019722495],[32.8950637417457,-2.5884855888707023],[32.895644692442474,-2.5874381565999722],[32.89605420443127,-2.587204049805454],[32.89676224706952,-2.586385068243235],[32.897239411228654,-2.584985963407247],[32.89734835112644,-2.5838666572477273],[32.897203015816494,-2.583395107304945],[32.8971801544298,-2.583319236841965],[32.89799820484554,-2.5836240314220076],[32.899311560534755,-2.584242113098639],[32.90075338917795,-2.583981992624686],[32.901469838403614,-2.5845150894551443],[32.90204852678959,-2.586168982258387],[32.90427180550125,-2.5872256461133754],[32.90577672278128,-2.587506796762333],[32.90659517846303,-2.587946280161892],[32.90776555737839,-2.5891658561920052],[32.910988536259914,-2.5915365056010793],[32.912712354994405,-2.5919304600723976],[32.91404142544614,-2.5918561076660285],[32.9153732220692,-2.592058723088833],[32.9162665663568,-2.5930858786074453],[32.917707667768696,-2.5938637819736936],[32.920042783487915,-2.595749249764152],[32.92425466389746,-2.5972770846518576],[32.92783003056459,-2.5960329291163142],[32.9281148048432,-2.5947258955037857],[32.926446105096005,-2.5941121641053595],[32.928462589575574,-2.5861971657094425],[32.929185372357324,-2.5851267813943886],[32.933886612539254,-2.5818729791108352],[32.936795348210204,-2.5793450472778865],[32.93897431253407,-2.578302860919576],[32.941309608062795,-2.577973630539964],[32.941911982776126,-2.5785660364637404],[32.9419380909325,-2.5784770053272403],[32.942997399494516,-2.5793254421872587],[32.9456422215382,-2.5812185655892397],[32.9473179352762,-2.5822362299928163],[32.948901898293464,-2.5836146292014086],[32.9510105379741,-2.586450153090745],[32.95065234475506,-2.5885710807624283],[32.950158231760774,-2.590806843165723],[32.950158124964545,-2.5935394657646147],[32.949694469338425,-2.595593032471625],[32.94792419411586,-2.5974609699211753],[32.945276717508996,-2.5991486580541747],[32.943031568038606,-2.6015414092452662],[32.94275837925658,-2.6028598445865696],[32.940874079428795,-2.605778413146362],[32.935720331899596,-2.6063158138604337],[32.93406873680737,-2.607351508550591],[32.93181783768197,-2.612547385324066],[32.92958447993751,-2.6194384427023496],[32.92713422020456,-2.621983746261969],[32.924429811248146,-2.6232171859582563],[32.91842920662816,-2.6249991890425393],[32.91208357951199,-2.6255626422772713],[32.90761687282547,-2.628236747795893],[32.90575817299177,-2.6314436251580187],[32.904880107094655,-2.634142319057265],[32.90310075493754,-2.6384453095048745],[32.90208591839653,-2.6385434709704936],[32.899588607781084,-2.638459617448526],[32.89858956225592,-2.6385013628779657],[32.89776034610037,-2.6386213730842627],[32.89733033317851,-2.639313158968307],[32.89702930198439,-2.6400698135561043],[32.89662077759947,-2.6408696981376103],[32.89550281979697,-2.6417127619043437],[32.894707328652146,-2.642555852080748],[32.89397636381471,-2.6430097965981303],[32.89281541750016,-2.6437231378033808],[32.892213419737004,-2.6443932876684326],[32.89170748242528,-2.644923729551762],[32.89094272462134,-2.645753557546225],[32.88942844812473,-2.6479954879622754],[32.88881444833718,-2.649015951418545],[32.88773229257242,-2.649877594499603],[32.886584493417644,-2.651383478049369],[32.885533820439086,-2.6522544404726136],[32.88498938368999,-2.6524999149332285],[32.884808919473144,-2.6529585125296937],[32.884025151811606,-2.653015074153521],[32.88348444788113,-2.6532996916619163],[32.8829375520485,-2.65328186307332],[32.88203291602083,-2.652942326883963],[32.88106809592547,-2.6525357457834993],[32.880259859096945,-2.6520886959051926],[32.879550510840176,-2.651202230714888],[32.878712145618536,-2.650618424779133],[32.87811023219075,-2.65031569403142],[32.87763730363726,-2.650034594866874],[32.877164378330654,-2.6497318764678495],[32.87679894743458,-2.649385929607482],[32.87639048973026,-2.6493426497233066],[32.87578854523814,-2.6493642083289384],[32.87501457720088,-2.649774898644413],[32.873724682374906,-2.6499477224637698],[32.873273290877,-2.649299094451427],[32.873058361699435,-2.6488018258583406],[32.8735099369612,-2.647634424915282],[32.87348848318276,-2.647202035186066],[32.873639079594085,-2.6460994604371812],[32.87359617105769,-2.645234680051365],[32.873166262100014,-2.644759009429625],[32.87284387499896,-2.6439590583988686],[32.872306475171186,-2.643504995504644],[32.87138213431522,-2.64285631795833],[32.870737222987124,-2.6426184374520383],[32.87013528850817,-2.6425751353771916],[32.86916276787504,-2.64233388394891],[32.868805637391326,-2.642128475931763],[32.868444396689824,-2.641657262259994],[32.868196755889606,-2.6414061776337294],[32.86756076483037,-2.64098170816947],[32.86715262727521,-2.6407662519138575],[32.86671301775424,-2.640411828001321],[32.866065731829565,-2.6404601603608224],[32.86573261348706,-2.6403380782989734],[32.865283235934804,-2.6395782629826234],[32.864920672043226,-2.6389412014056886],[32.86461081714641,-2.6382074251925047],[32.86458949723758,-2.636564348380009],[32.864267082478506,-2.6360886866529363],[32.86428866875403,-2.6352671522133884],[32.86364379423938,-2.6347482160028983],[32.863923386295596,-2.633624037673459],[32.864073945275884,-2.6329322334944423],[32.86409549408286,-2.6324566093590156],[32.86424269539014,-2.6318982212034645],[32.86420184044493,-2.6317532570476168],[32.86424360992183,-2.6315022033406623],[32.864163054116275,-2.6310389807092327],[32.864156628932435,-2.6305573100027297],[32.86401153899916,-2.6295127641324387],[32.86388997986632,-2.6289150430366366],[32.86378404622853,-2.628533784734289],[32.863171553974105,-2.6282407247918322],[32.86252666360698,-2.6278947433255317],[32.861683561292175,-2.627432696317486],[32.86123684047015,-2.627613547841232],[32.86111691796939,-2.627206364103544],[32.861109523887905,-2.6265473692714303]]]]}},{"id":"19","type":"Feature","properties":{"ogc_fid":20,"objectid":0,"id":0,"wardno":21,"wardname":"Nyakato","shape_leng":21498.5686478,"area":1483.71630125,"pop_2002":82381,"pop_densty":55.5234174435,"area_sqkm":14.8371630914,"pop_dnsty_":5552.34174434,"shape_le_1":21498.5686309,"shape_area":14837163.0125},"geometry":{"type":"MultiPolygon","coordinates":[[[[32.92870929691983,-2.4978014859036226],[32.927857294638635,-2.4954751713380126],[32.92688346803481,-2.4948629414832437],[32.9287096393906,-2.4914348578425716],[32.93150961824242,-2.488741432964558],[32.93260526726121,-2.4875171376588723],[32.93503995136946,-2.48653777844898],[32.93820501561771,-2.485680884725811],[32.94039619111236,-2.485558550295185],[32.94149163548741,-2.4887419156254027],[32.942586973634945,-2.4944964180133393],[32.944899696699565,-2.499149055483034],[32.94672557190244,-2.5020875757302243],[32.94709067843007,-2.504413859046041],[32.94696887177198,-2.506250382067131],[32.94806437704175,-2.5086991300681616],[32.949159853206474,-2.5120049232819137],[32.94964672454497,-2.5137190344853537],[32.950742259131225,-2.515678038890286],[32.9522030143722,-2.5172697510449935],[32.95220296534542,-2.5186165384143706],[32.954272365782394,-2.5211877512727288],[32.9562201164505,-2.52143268869825],[32.959628624650676,-2.5237590675030632],[32.96181982289728,-2.524983485810416],[32.964254468325585,-2.5271873888498253],[32.96595875040639,-2.527799610755269],[32.96632388075769,-2.5307380643163713],[32.96608038376863,-2.531717539545393],[32.966932494973506,-2.5333092182173296],[32.968028093475525,-2.534411162947427],[32.96827149718466,-2.537227177170131],[32.96936709918407,-2.5383291207480307],[32.97107139189174,-2.5391862061630435],[32.97289743671041,-2.5394311160636027],[32.97715820141657,-2.540533114915955],[32.97752339716711,-2.5413901673585975],[32.97727991290912,-2.5420023389230426],[32.978010309099744,-2.5434715734457995],[32.97752335483737,-2.5438388706963138],[32.97180175119239,-2.5420022304532846],[32.969001813459535,-2.5415124257214288],[32.96632362143143,-2.5407777470677657],[32.96218459902796,-2.539798151544128],[32.95731512780577,-2.5399204338466337],[32.95354132447425,-2.5389408227186165],[32.949037138105005,-2.537226559826992],[32.94635893657209,-2.537226451088963],[32.94392423945466,-2.5364917371742854],[32.939420068256084,-2.5348998765280952],[32.93588975484315,-2.534165095675161],[32.93357677502013,-2.5340425431551012],[32.932602917567394,-2.5334303170894183],[32.93345517586327,-2.531348964575155],[32.93296830816515,-2.529879718177117],[32.93175099570027,-2.529022608815664],[32.93004682065214,-2.526696250886739],[32.929559918878695,-2.5259616134063254],[32.9288295605764,-2.524982092333127],[32.92931660695828,-2.5230231576440736],[32.93004709529172,-2.521553975974059],[32.93248188242466,-2.5198400135654904],[32.933212403658274,-2.517636218678849],[32.93223861521888,-2.5159220765920374],[32.93041266370242,-2.5146976286647127],[32.93004753224409,-2.513350822144362],[32.92956071384395,-2.5111469640005146],[32.92834346736111,-2.5094328049887245],[32.92688275688975,-2.507718632152275],[32.92578719574107,-2.5069839599130774],[32.92444823819416,-2.5050249203687844],[32.92274409998232,-2.502820987848672],[32.92213547733932,-2.5020863413879124],[32.92152684809993,-2.5014741292557416],[32.92103995278718,-2.500861924212567],[32.9210399893467,-2.5002497484995154],[32.9228127872733,-2.5000331924717663],[32.92469199095581,-2.5000050938644187],[32.92810056003093,-2.4991482397955718],[32.92870929691983,-2.4978014859036226]]]]}},{"id":"20","type":"Feature","properties":{"ogc_fid":21,"objectid":0,"id":0,"wardno":0,"wardname":"Mahina","shape_leng":22608.7581383,"area":2382.96431417,"pop_2002":0,"pop_densty":0.0,"area_sqkm":23.8296431184,"pop_dnsty_":0.0,"shape_le_1":22608.7583602,"shape_area":23829643.1417},"geometry":{"type":"MultiPolygon","coordinates":[[[[32.927285425072036,-2.558807160601347],[32.92367966699059,-2.558001075086326],[32.923145513979115,-2.5573294804346944],[32.924080579720425,-2.553434471000237],[32.92394727633471,-2.5492707733394298],[32.91967425925318,-2.541211757454755],[32.91967427583822,-2.54094313235152],[32.92007503070756,-2.5390627806291133],[32.921009903524975,-2.5382569629647573],[32.92101002565979,-2.5362422735945023],[32.92261270598711,-2.5340933696415022],[32.92287990864999,-2.532213008624238],[32.92608486671161,-2.5346308236481483],[32.92782093293027,-2.535168172356525],[32.92862221658869,-2.5350339043753296],[32.92995777644857,-2.533153600330182],[32.93129322022536,-2.5334222973438423],[32.93262867755762,-2.5334223677740937],[32.93342993141804,-2.5338253471972534],[32.93810401019447,-2.5343628313390236],[32.93997361587991,-2.5351687954613884],[32.945582474260405,-2.5369151095645424],[32.94918821016878,-2.5371838820994426],[32.956266073146686,-2.539736083105506],[32.95907054080305,-2.5400048006604794],[32.962676312728405,-2.539467658758768],[32.97215805703707,-2.5420198404168275],[32.97790053482399,-2.5439003302291567],[32.9784346844885,-2.546183655537099],[32.97803398853704,-2.5494071534850575],[32.97522944225124,-2.551959043637442],[32.973493221981634,-2.5567942648594335],[32.97416093174673,-2.5584060310491616],[32.9713563373581,-2.561898100421827],[32.96921948608683,-2.564852929115577],[32.96828458987435,-2.567001908843712],[32.968150974140954,-2.5696881584876534],[32.96815090094689,-2.5726430365351387],[32.967883716367254,-2.576000845467447],[32.96775009862657,-2.5786870946483846],[32.96721585547616,-2.580298832781048],[32.964678321911926,-2.5828507042931266],[32.96133947931659,-2.585133920201652],[32.95866840782142,-2.5866112746679435],[32.95586370448453,-2.5902376193030974],[32.95506228564563,-2.5933267801368083],[32.95145631971447,-2.5949383975415214],[32.94985366657344,-2.5956098973222934],[32.94985377228419,-2.5929236461144156],[32.949987434804534,-2.5901030875623277],[32.95105599296262,-2.5863423776779633],[32.94905283568415,-2.5835217343814185],[32.94224196492115,-2.5784175638970486],[32.94264273714728,-2.575731330435247],[32.94157439025781,-2.5745224688406263],[32.941574481890065,-2.5725077797941625],[32.941841672610316,-2.570493102925543],[32.94130757232241,-2.568344076655951],[32.93917087059829,-2.5664636006078108],[32.93382908990239,-2.5628368946978575],[32.930623968378775,-2.5618965356943173],[32.92875436872552,-2.560418994759554],[32.927285425072036,-2.558807160601347]]]]}}]}