id,ogc_fid,fid,osm_id,addr:street,network,addr:subward,name,contact:phone,addr:city,shop,addr:municipality,opening_hours,addr:ward,longitude,latitude
mwanza_businesses.1,1,1,4405735992,,,,Buswelu Stationary,,Mwanza,copyshop,Ilemela,,Buswelu,32.96235,-2.5258225
mwanza_businesses.2,2,2,4405870490,,,,Mully's Barbershop,,Mwanza,cosmetics,Ilemela,,Buswelu,32.9620056,-2.5241797
mwanza_businesses.3,3,3,6939514016,,,,Viane wine shop,,Mwanza,wine,Ilemela,,Buswelu,32.9736845,-2.5161821
mwanza_businesses.4,4,4,6939513923,Isela,,,Buswelu,,Mwanza,wine,Ilemela,,Buswelu,32.9739866,-2.5158522
mwanza_businesses.5,5,5,5986146187,,,,Saloon,,Mwanza,hairdresser,Ilemela,,Buswelu,32.9699002,-2.5124415
mwanza_businesses.6,6,6,6242220285,Kigala,,,George's Shop,,Mwanza,convenience,Ilemela,Mo-Su 07:30-22:30,Buswelu,32.9701107,-2.4979804
mwanza_businesses.7,7,7,6793768418,,,,Maduka 16,,Mwanza,convenience,Ilemela,,Buswelu,32.9687288,-2.4969179
mwanza_businesses.8,8,8,8520664079,Buzuruga Kusini,,Buzuruga Kusini,,,Mwanza,convenience,Ilemela,Mo-Su 09:00-21:00,Buzuruga,32.9359174,-2.5330037
mwanza_businesses.9,9,9,8520657098,,,Buzuruga Kusini,,,Mwanza,convenience,Ilemela,Mo-Sa 09:00-20:00,Buzuruga,32.9365182,-2.5340327
mwanza_businesses.10,10,10,8520664130,,,Buzuruga Kusini,,,Mwanza,car_parts,Ilemela,Mo-Su 09:00-21:00,Buzuruga,32.9372734,-2.5348585
mwanza_businesses.11,11,11,8520664107,,,Buzuruga Kusini,Gaddafi Hair Cutting Salon,,Mwanza,hairdresser,Ilemela,Mo-Su 09:00-21:00,Buzuruga,32.9373358,-2.5336088
mwanza_businesses.12,12,12,8520663775,,,Buzuruga,,,Mwanza,bed,Ilemela,Mo-Sa 08:00-18:00,Buzuruga,32.9379773,-2.5349759
mwanza_businesses.13,13,13,8520664025,,,Buzuruga,,,Mwanza,convenience,Ilemela,Mo-Sa 08:00-18:00,Buzuruga,32.9379988,-2.5344828
mwanza_businesses.14,14,14,8520664169,,,Buzuruga,,,Mwanza,car_parts,Ilemela,Mo-Sa 08:00-18:00,Buzuruga,32.9379988,-2.53459
mwanza_businesses.15,15,15,8520663989,,,Buzuruga,,,Mwanza,convenience,Ilemela,Mo-Sa 08:00-18:00,Buzuruga,32.9380417,-2.5345686
mwanza_businesses.16,16,16,8520664199,,,Buzuruga,,,Mwanza,convenience,Ilemela,Mo-Sa 08:00-18:00,Buzuruga,32.9380417,-2.53459
mwanza_businesses.17,17,17,8520663661,,,Buzuruga,,,Mwanza,convenience,Ilemela,Mo-Sa 08:00-18:00,Buzuruga,32.9380631,-2.5345043
mwanza_businesses.18,18,18,8520664017,,,Buzuruga,,,Mwanza,convenience,Ilemela,Mo-Sa 08:00-18:00,Buzuruga,32.9380615,-2.5347775
mwanza_businesses.19,19,19,8520663897,,,Buzuruga,,,Mwanza,convenience,Ilemela,Mo-Sa 08:00-18:00,Buzuruga,32.9380846,-2.5344828
mwanza_businesses.20,20,20,8520664192,,,Buzuruga,,,Mwanza,bed,Ilemela,Mo-Sa 08:00-18:00,Buzuruga,32.938149,-2.5350187
mwanza_businesses.21,21,21,8520657070,,,Buzuruga,,,Mwanza,beverages,Ilemela,Mo-Sa 08:00-18:00,Buzuruga,32.9381704,-2.5345257
mwanza_businesses.22,22,22,8520663843,,,Buzuruga,,,Mwanza,convenience,Ilemela,Mo-Sa 08:00-18:00,Buzuruga,32.938184,-2.5343527
mwanza_businesses.23,23,23,8520664313,,,Buzuruga,,,Mwanza,convenience,Ilemela,Mo-Sa 08:00-18:00,Buzuruga,32.938149,-2.5348473
mwanza_businesses.24,24,24,8520664405,,,Buzuruga,,,Mwanza,convenience,Ilemela,Mo-Sa 08:00-18:00,Buzuruga,32.9379988,-2.5347829
mwanza_businesses.25,25,25,8520664442,,,Buzuruga,,,Mwanza,car_parts,Ilemela,Mo-Sa 08:00-18:00,Buzuruga,32.9381812,-2.5343855
mwanza_businesses.26,26,26,8520664043,,,Buzuruga,,,Mwanza,bed,Ilemela,Mo-Sa 08:00-18:00,Buzuruga,32.9381919,-2.5345686
mwanza_businesses.27,27,27,8520663926,,,Buzuruga,,,Mwanza,convenience,Ilemela,Mo-Sa 08:00-18:00,Buzuruga,32.9381949,-2.534313
mwanza_businesses.28,28,28,8520663915,,,Buzuruga,,,Mwanza,cosmetics,Ilemela,Mo-Sa 08:00-18:00,Buzuruga,32.9382133,-2.5344185
mwanza_businesses.29,29,29,8520664136,,,Buzuruga,,,Mwanza,beverages,Ilemela,Mo-Sa 08:00-18:00;24/7,Buzuruga,32.9382348,-2.5348258
mwanza_businesses.30,30,30,8520657037,,,Buzuruga,,,Mwanza,car_parts,Ilemela,Mo-Sa 08:00-18:00,Buzuruga,32.9382563,-2.5348687
mwanza_businesses.31,31,31,8520664006,,,Buzuruga,,,Mwanza,beverages,Ilemela,Mo-Sa 08:00-18:00,Buzuruga,32.9382563,-2.5343971
mwanza_businesses.32,32,32,8520664047,,,Buzuruga,,,Mwanza,beverages,Ilemela,Mo-Sa 08:00-18:00,Buzuruga,32.9383421,-2.5348258
mwanza_businesses.33,33,33,8520657031,,,Buzuruga,,,Mwanza,beverages,Ilemela,Mo-Sa 08:00-18:00,Buzuruga,32.938385,-2.534933
mwanza_businesses.34,34,34,8520663955,,,Buzuruga,,,Mwanza,convenience,Ilemela,Mo-Sa 08:00-18:00,Buzuruga,32.9384255,-2.5348432
mwanza_businesses.35,35,35,8520664096,,,Buzuruga,,,Mwanza,car_parts,Ilemela,Mo-Sa 08:00-18:00,Buzuruga,32.9384279,-2.534933
mwanza_businesses.36,36,36,8520663866,,,Buzuruga,,,Mwanza,alcohol,Ilemela,Mo-Sa 08:00-18:00,Buzuruga,32.9384279,-2.5350616
mwanza_businesses.37,37,37,8520657087,,,Buzuruga,,,Mwanza,convenience,Ilemela,Mo-Sa 08:00-18:00,Buzuruga,32.9384279,-2.5343971
mwanza_businesses.38,38,38,8520663667,,,Buzuruga,,,Mwanza,convenience,Ilemela,Mo-Sa 08:00-18:00,Buzuruga,32.9384494,-2.534933
mwanza_businesses.39,39,39,8520664187,,,Buzuruga,,,Mwanza,convenience,Ilemela,Mo-Sa 08:00-18:00,Buzuruga,32.9384494,-2.5343542
mwanza_businesses.40,40,40,8520664229,,,Buzuruga Kusini,,,Mwanza,butcher,Ilemela,Mo-Sa 08:00-18:00,Buzuruga,32.9385089,-2.5341544
mwanza_businesses.41,41,41,8520664084,,,Buzuruga,,,Mwanza,convenience,Ilemela,Mo-Sa 08:00-18:00,Buzuruga,32.9385567,-2.5344185
mwanza_businesses.42,42,42,8520663628,,,Buzuruga,,,Mwanza,convenience,Ilemela,Mo-Sa 08:00-18:00,Buzuruga,32.9385781,-2.5343756
mwanza_businesses.43,43,43,8520663811,,,Buzuruga,,,Mwanza,convenience,Ilemela,Mo-Sa 08:00-18:00,Buzuruga,32.9385996,-2.5349544
mwanza_businesses.44,44,44,8520663993,,,Buzuruga,,,Mwanza,convenience,Ilemela,Mo-Sa 08:00-18:00,Buzuruga,32.9385996,-2.5346758
mwanza_businesses.45,45,45,8520663902,,,Buzuruga,,,Mwanza,alcohol,Ilemela,Mo-Sa 08:00-18:00,Buzuruga,32.938621,-2.534933
mwanza_businesses.46,46,46,8520657075,,,Buzuruga,,,Mwanza,beverages,Ilemela,Mo-Sa 08:00-18:00,Buzuruga,32.938621,-2.5346329
mwanza_businesses.47,47,47,8520664193,,,Buzuruga,,,Mwanza,convenience,Ilemela,Mo-Sa 08:00-18:00,Buzuruga,32.9386854,-2.5348687
mwanza_businesses.48,48,48,8520657094,,,Buzuruga,,,Mwanza,convenience,Ilemela,Mo-Sa 08:00-18:00,Buzuruga,32.9386991,-2.5349226
mwanza_businesses.49,49,49,8520663664,,,Buzuruga Kusini,,,Mwanza,kiosk,Ilemela,Mo-Sa 08:00-18:00,Buzuruga,32.9387053,-2.5341907
mwanza_businesses.50,50,50,8520663846,,,Buzuruga Kusini,Mahenga,,Mwanza,car_parts,Ilemela,Mo-Sa 08:00-18:00,Buzuruga,32.9387712,-2.5341613
mwanza_businesses.51,51,51,8520664054,,,Buzuruga Kusini,,,Mwanza,car_repair,Ilemela,Mo-Sa 08:00-18:00,Buzuruga,32.9387727,-2.5341828
mwanza_businesses.52,52,52,8520657042,,,Buzuruga,,,Mwanza,convenience,Ilemela,Mo-Sa 08:00-18:00,Buzuruga,32.9387785,-2.5346475
mwanza_businesses.53,53,53,8520664118,,,Buzuruga,,,Mwanza,convenience,Ilemela,Mo-Sa 08:00-18:00,Buzuruga,32.9387927,-2.5343971
mwanza_businesses.54,54,54,8520663998,,,Buzuruga,,,Mwanza,cosmetics,Ilemela,Mo-Sa 08:00-18:00,Buzuruga,32.9388332,-2.5345135
mwanza_businesses.55,55,55,8520657040,,,Buzuruga,,,Mwanza,car_parts,Ilemela,Mo-Sa 08:00-18:00,Buzuruga,32.9388356,-2.5350831
mwanza_businesses.56,56,56,8520663763,,,Buzuruga,,,Mwanza,beverages,Ilemela,Mo-Sa 08:00-18:00,Buzuruga,32.9388571,-2.5344185
mwanza_businesses.57,57,57,8520663710,,,Buzuruga,,,Mwanza,convenience,Ilemela,Mo-Sa 08:00-18:00,Buzuruga,32.9388571,-2.5345043
mwanza_businesses.58,58,58,8520664089,,,Buzuruga,,,Mwanza,convenience,Ilemela,Mo-Sa 08:00-18:00,Buzuruga,32.9388571,-2.5344828
mwanza_businesses.59,59,59,8520664179,,,Buzuruga,,,Mwanza,car_repair,Ilemela,Mo-Sa 09:00-20:00;Mo-Sa 08:00-18:00,Buzuruga,32.9388785,-2.5344614
mwanza_businesses.60,60,60,8520664039,,,Buzuruga,,,Mwanza,convenience,Ilemela,Mo-Sa 08:00-18:00,Buzuruga,32.9389,-2.5351474
mwanza_businesses.61,61,61,8520664282,,,Buzuruga,,,Mwanza,bed,Ilemela,Mo-Sa 08:00-18:00,Buzuruga,32.938385,-2.5350616
mwanza_businesses.62,62,62,8520664283,,,Buzuruga,,,Mwanza,car_parts,Ilemela,Mo-Sa 08:00-18:00,Buzuruga,32.9389215,-2.5351259
mwanza_businesses.63,63,63,8520664318,,,Buzuruga,,,Mwanza,bed,Ilemela,Mo-Sa 08:00-18:00,Buzuruga,32.9385996,-2.5349116
mwanza_businesses.64,64,64,8520664323,,,Buzuruga,,,Mwanza,convenience,Ilemela,Mo-Sa 08:00-18:00,Buzuruga,32.9388356,-2.5347401
mwanza_businesses.65,65,65,8520664331,,,Buzuruga,,,Mwanza,convenience,Ilemela,Mo-Sa 08:00-18:00,Buzuruga,32.9382348,-2.5349116
mwanza_businesses.66,66,66,8520664372,,,Buzuruga,,,Mwanza,convenience,Ilemela,Mo-Sa 08:00-18:00,Buzuruga,32.9385138,-2.5343971
mwanza_businesses.67,67,67,8520664375,,,Buzuruga,Mjaki Hardware,,Mwanza,hardware,Ilemela,Mo-Sa 08:00-18:00,Buzuruga,32.9389,-2.5350831
mwanza_businesses.68,68,68,8520664411,,,Buzuruga,,,Mwanza,car_parts,Ilemela,Mo-Sa 08:00-18:00,Buzuruga,32.938621,-2.5346758
mwanza_businesses.69,69,69,8520664433,,,Buzuruga,,,Mwanza,convenience,Ilemela,Mo-Sa 08:00-18:00,Buzuruga,32.9381919,-2.5346115
mwanza_businesses.70,70,70,8520664444,,,Buzuruga,,,Mwanza,convenience,Ilemela,Mo-Sa 08:00-18:00,Buzuruga,32.9388031,-2.5343766
mwanza_businesses.71,71,71,8520663776,,,Buzuruga,,,Mwanza,convenience,Ilemela,Mo-Sa 08:00-18:00,Buzuruga,32.9391146,-2.5348901
mwanza_businesses.72,72,72,8520663671,,,Buzuruga,,,Mwanza,convenience,Ilemela,Mo-Sa 08:00-18:00,Buzuruga,32.9391146,-2.5344614
mwanza_businesses.73,73,73,8520663959,,,Buzuruga,,,Mwanza,car_parts,Ilemela,Mo-Sa 08:00-18:00,Buzuruga,32.939136,-2.5351259
mwanza_businesses.74,74,74,8520663621,,,Buzuruga,,,Mwanza,convenience,Ilemela,Mo-Sa 08:00-18:00,Buzuruga,32.939136,-2.5352546
mwanza_businesses.75,75,75,8520663869,,,Buzuruga,,,Mwanza,convenience,Ilemela,Mo-Sa 08:00-18:00,Buzuruga,32.9391575,-2.5346543
mwanza_businesses.76,76,76,8520663685,,,Buzuruga,,,Mwanza,car_parts,Ilemela,Mo-Sa 08:00-18:00,Buzuruga,32.9391575,-2.534933
mwanza_businesses.77,77,77,8520663778,,,Buzuruga,,,Mwanza,car_parts,Ilemela,Mo-Sa 08:00-18:00,Buzuruga,32.9392004,-2.5346972
mwanza_businesses.78,78,78,8520663631,,,Buzuruga,,,Mwanza,convenience,Ilemela,Mo-Sa 08:00-18:00,Buzuruga,32.9392219,-2.5349759
mwanza_businesses.79,79,79,8520663867,,,Buzuruga,,,Mwanza,convenience,Ilemela,,Buzuruga,32.9392219,-2.5351474
mwanza_businesses.80,80,80,8520663945,,,Buzuruga,,,Mwanza,convenience,Ilemela,Mo-Sa 08:00-18:00,Buzuruga,32.9392433,-2.5345257
mwanza_businesses.81,81,81,8520663973,,,Buzuruga,,,Mwanza,car_parts,Ilemela,Mo-Sa 08:00-18:00,Buzuruga,32.9392648,-2.5352117
mwanza_businesses.82,82,82,8520663687,,,Buzuruga,,,Mwanza,books,Ilemela,Mo-Sa 08:00-18:00,Buzuruga,32.9392648,-2.5347186
mwanza_businesses.83,83,83,8520663853,,,Buzuruga,,,Mwanza,convenience,Ilemela,Mo-Sa 08:00-18:00,Buzuruga,32.9392862,-2.5345471
mwanza_businesses.84,84,84,8520657080,,,Buzuruga,,,Mwanza,convenience,Ilemela,Mo-Sa 08:00-18:00,Buzuruga,32.9393148,-2.534471
mwanza_businesses.85,85,85,8520663907,,,Buzuruga,,,Mwanza,beverages,Ilemela,Mo-Sa 08:00-18:00,Buzuruga,32.939323,-2.5347885
mwanza_businesses.86,86,86,8520663882,,,Buzuruga,,,Mwanza,bicycle,Ilemela,Mo-Sa 08:00-18:00,Buzuruga,32.9393291,-2.5352331
mwanza_businesses.87,87,87,8520657045,,,Buzuruga Kusini,,,Mwanza,stationery,Ilemela,Mo-Sa 08:00-18:00,Buzuruga,32.939348,-2.534238
mwanza_businesses.88,88,88,8520663872,,,Buzuruga Kusini,Ikolo nafaka star,0787322137,Mwanza,agrarian,Ilemela,Mo-Sa 08:00-18:00,Buzuruga,32.9393743,-2.5342537
mwanza_businesses.89,89,89,8520663617,,,Buzuruga,,,Mwanza,beverages,Ilemela,Mo-Sa 08:00-18:00,Buzuruga,32.939415,-2.5345257
mwanza_businesses.90,90,90,8520663960,,,Buzuruga,,,Mwanza,convenience,Ilemela,Mo-Sa 08:00-18:00,Buzuruga,32.9394364,-2.53459
mwanza_businesses.91,91,91,8520663652,,,Buzuruga,,,Mwanza,convenience,Ilemela,Mo-Sa 08:00-18:00,Buzuruga,32.9394579,-2.5345257
mwanza_businesses.92,92,92,8520663978,,,Buzuruga,,,Mwanza,convenience,Ilemela,Mo-Sa 08:00-18:00,Buzuruga,32.9394579,-2.5345686
mwanza_businesses.93,93,93,8520663690,,,Buzuruga,,,Mwanza,beverages,Ilemela,Mo-Sa 08:00-18:00,Buzuruga,32.9394794,-2.5347401
mwanza_businesses.94,94,94,8520657060,,,Buzuruga,,,Mwanza,convenience,Ilemela,Mo-Sa 08:00-18:00,Buzuruga,32.9394794,-2.5346972
mwanza_businesses.95,95,95,8520663991,,,Buzuruga Kusini,,,Mwanza,convenience,Ilemela,Mo-Sa 08:00-18:00,Buzuruga,32.93907,-2.5342128
mwanza_businesses.96,96,96,8520664027,,,Buzuruga,,,Mwanza,convenience,Ilemela,Mo-Sa 08:00-18:00,Buzuruga,32.9390384,-2.5344409
mwanza_businesses.97,97,97,8520664035,,,Buzuruga,,,Mwanza,convenience,Ilemela,Mo-Sa 08:00-18:00,Buzuruga,32.9391789,-2.5345257
mwanza_businesses.98,98,98,8520664049,,,Buzuruga,,,Mwanza,car_parts,Ilemela,Mo-Sa 08:00-18:00,Buzuruga,32.9392433,-2.5350831
mwanza_businesses.99,99,99,8520664082,,,Buzuruga Kusini,Nahe Investment,0754251546,Mwanza,hardware,Ilemela,Mo-Sa 08:00-18:00,Buzuruga,32.9394784,-2.5341768
mwanza_businesses.100,100,100,8520664102,,,Buzuruga,,,Mwanza,beverages,Ilemela,Mo-Sa 08:00-18:00,Buzuruga,32.9390717,-2.5348901
mwanza_businesses.101,101,101,8520664126,,,Buzuruga,,,Mwanza,convenience,Ilemela,Mo-Sa 08:00-18:00,Buzuruga,32.9393291,-2.5345043
mwanza_businesses.102,102,102,8520664140,,,Buzuruga,,,Mwanza,convenience,Ilemela,Mo-Sa 08:00-18:00,Buzuruga,32.9392862,-2.5350402
mwanza_businesses.103,103,103,8520664195,,,Buzuruga,,,Mwanza,convenience,Ilemela,Mo-Sa 08:00-18:00,Buzuruga,32.9390717,-2.5347186
mwanza_businesses.104,104,104,8520664233,,,Buzuruga,,,Mwanza,car_parts,Ilemela,Mo-Sa 08:00-18:00,Buzuruga,32.9394202,-2.5347953
mwanza_businesses.105,105,105,8520664270,,,Buzuruga,,,Mwanza,convenience,Ilemela,Mo-Sa 08:00-18:00,Buzuruga,32.9392478,-2.5344669
mwanza_businesses.106,106,106,8520664285,,,Buzuruga,,,Mwanza,car_repair,Ilemela,Mo-Sa 08:00-18:00,Buzuruga,32.9389878,-2.5347324
mwanza_businesses.107,107,107,8520664298,,,Buzuruga,,,Mwanza,car_parts,Ilemela,Mo-Sa 08:00-18:00,Buzuruga,32.939136,-2.5352117
mwanza_businesses.108,108,108,8520664361,,,Buzuruga,,,Mwanza,car_repair,Ilemela,Mo-Sa 08:00-18:00,Buzuruga,32.939415,-2.5345686
mwanza_businesses.109,109,109,8520664377,,,Buzuruga,,,Mwanza,convenience,Ilemela,Mo-Sa 08:00-18:00,Buzuruga,32.9392862,-2.5346758
mwanza_businesses.110,110,110,8520664390,,,Buzuruga,,,Mwanza,convenience,Ilemela,Mo-Sa 08:00-18:00,Buzuruga,32.9392219,-2.5351902
mwanza_businesses.111,111,111,8520664415,,,Buzuruga,,,Mwanza,car_parts,Ilemela,Mo-Sa 08:00-18:00,Buzuruga,32.939415,-2.5344828
mwanza_businesses.112,112,112,8520664428,,,Buzuruga,,,Mwanza,convenience,Ilemela,Mo-Sa 08:00-18:00,Buzuruga,32.9392433,-2.5349544
mwanza_businesses.113,113,113,8520664452,,,Buzuruga,,,Mwanza,car_parts,Ilemela,Mo-Sa 08:00-18:00,Buzuruga,32.9393291,-2.5345471
mwanza_businesses.114,114,114,8520663771,,,Buzuruga Kusini,Beauty,,Mwanza,cosmetics,Ilemela,Mo-Su 09:00-21:00;Mo-Sa 08:00-18:00;24/7,Buzuruga,32.9395067,-2.5341091
mwanza_businesses.115,115,115,8520664263,,,Buzuruga Kusini,,,Mwanza,convenience,Ilemela,Mo-Sa 08:00-18:00,Buzuruga,32.938923,-2.5340877
mwanza_businesses.116,116,116,8520663862,,,Buzuruga Kusini,S&A,0758937519,Mwanza,stationery,Ilemela,Mo-Sa 08:00-18:00,Buzuruga,32.9394981,-2.5340521
mwanza_businesses.117,117,117,8520664097,,,Buzuruga Kusini,,,Mwanza,clothes,Ilemela,Mo-Sa 08:00-18:00,Buzuruga,32.9388062,-2.5340488
mwanza_businesses.118,118,118,8520664172,,,Buzuruga Kusini,,,Mwanza,beauty,Ilemela,,Buzuruga,32.9394946,-2.5339023
mwanza_businesses.119,119,119,8520664370,,,Buzuruga Kusini,Shemhina shop,,Mwanza,convenience,Ilemela,Mo-Sa 09:00-20:00,Buzuruga,32.9395242,-2.5338178
mwanza_businesses.120,120,120,8520664044,,,Buzuruga Kusini,Doreen stationary,,Mwanza,stationery,Ilemela,Mo-Sa 08:00-18:00,Buzuruga,32.9395242,-2.533713
mwanza_businesses.121,121,121,8520663756,,,Buzuruga Kusini,Nike shop,,Mwanza,convenience,Ilemela,Mo-Sa 08:00-18:00,Buzuruga,32.9395452,-2.533713
mwanza_businesses.122,122,122,8520657035,,,Buzuruga Kusini,Katina shop,,Mwanza,convenience,Ilemela,Mo-Sa 08:00-18:00,Buzuruga,32.9395431,-2.5336303
mwanza_businesses.123,123,123,8520664332,,,Buzuruga Kusini,Frank Jr totoz,,Mwanza,beauty,Ilemela,Mo-Sa 08:00-18:00,Buzuruga,32.9395565,-2.5335768
mwanza_businesses.124,124,124,8520657073,,,Buzuruga Kusini,Sabrina Cake,,Mwanza,bakery,Ilemela,Mo-Sa 08:00-18:00,Buzuruga,32.9395437,-2.5335611
mwanza_businesses.125,125,125,8520663824,,,Buzuruga Kusini,Nazareti Shop,,Mwanza,convenience,Ilemela,Mo-Sa 08:00-18:00,Buzuruga,32.9395652,-2.5334967
mwanza_businesses.126,126,126,8520663916,,,Buzuruga Kusini,E&B dry cleaner and laundry,,Mwanza,laundry,Ilemela,Mo-Sa 08:00-18:00,Buzuruga,32.9390287,-2.5333467
mwanza_businesses.127,127,127,8520657088,,,Buzuruga Kusini,Mama Soph,,Mwanza,convenience,Ilemela,Mo-Sa 08:00-18:00,Buzuruga,32.9395866,-2.5333253
mwanza_businesses.128,128,128,8520664005,,,Buzuruga Kusini,Faraja,,Mwanza,stationery,Ilemela,Mo-Sa 08:00-18:00,Buzuruga,32.9395866,-2.5332824
mwanza_businesses.129,129,129,8520664203,,,Buzuruga Kusini,Citizen,,Mwanza,agrarian,Ilemela,Mo-Sa 08:00-18:00,Buzuruga,32.939583,-2.5332012
mwanza_businesses.130,130,130,8520664111,,,Buzuruga Kusini,,,Mwanza,bed,Ilemela,Mo-Sa 08:00-18:00,Buzuruga,32.9392387,-2.5331219
mwanza_businesses.131,131,131,8520663718,,,Buzuruga Kusini,,,Mwanza,convenience,Ilemela,Mo-Sa 08:00-18:00,Buzuruga,32.9395707,-2.5330221
mwanza_businesses.132,132,132,8520664316,,,Buzuruga Kusini,Everyjoy Beauty Classic Saloon,,Mwanza,hairdresser,Ilemela,Mo-Su 09:00-21:00,Buzuruga,32.9396725,-2.5329608
mwanza_businesses.133,133,133,8520664020,,,Buzuruga Kusini,,,Mwanza,convenience,Ilemela,Mo-Su 09:00-21:00,Buzuruga,32.9396801,-2.5329277
mwanza_businesses.134,134,134,8520657102,,,Buzuruga Kusini,Kinyawanga Wine spirit,,Mwanza,beverages,Ilemela,Mo-Su 09:00-21:00,Buzuruga,32.9396911,-2.5329017
mwanza_businesses.135,135,135,8520663900,,,Buzuruga Kusini,,,Mwanza,convenience,Ilemela,Mo-Sa 08:00-18:00,Buzuruga,32.9394389,-2.5327871
mwanza_businesses.136,136,136,8520663877,,,Buzuruga Kusini,B2 Machael Shop,,Mwanza,convenience,Ilemela,Mo-Sa 09:00-17:00;Mo-Sa 08:00-18:00,Buzuruga,32.9397798,-2.5326821
mwanza_businesses.137,137,137,8520664423,,,Buzuruga Kusini,,,Mwanza,beauty,Ilemela,Mo-Sa 08:00-18:00,Buzuruga,32.9395866,-2.5333681
mwanza_businesses.138,138,138,8520976409,,,Migombani,,,Mwanza,convenience,Ilemela,Mo-Su 09:00-21:00,Buzuruga,32.9298663,-2.5318247
mwanza_businesses.139,139,139,8520976616,,,Migombani,Mlimani Shop,,Mwanza,convenience,Ilemela,Mo-Su 09:00-21:00,Buzuruga,32.9298449,-2.5318247
mwanza_businesses.140,140,140,8520975828,,,Migombani,J4. Hair Cutz,,Mwanza,hairdresser,Ilemela,Mo-Su 09:00-21:00,Buzuruga,32.9285574,-2.5311173
mwanza_businesses.141,141,141,8520976036,,,Migombani,Shine Beauty,,Mwanza,beauty,Ilemela,Mo-Su 09:00-21:00,Buzuruga,32.9285145,-2.5310744
mwanza_businesses.142,142,142,8520663708,,,Nyambiti,,,Mwanza,hairdresser,Ilemela,Mo-Sa 09:00-20:00,Buzuruga,32.9294051,-2.525993
mwanza_businesses.143,143,143,8520664306,,,Nyambiti,,,Mwanza,convenience,Ilemela,Mo-Sa 09:00-20:00,Buzuruga,32.9294051,-2.5259396
mwanza_businesses.144,144,144,8520664064,,,Nyambiti,,,Mwanza,convenience,Ilemela,Mo-Sa 09:00-20:00,Buzuruga,32.9294229,-2.5258505
mwanza_businesses.145,145,145,8520664216,,,Nyambiti,,,Mwanza,convenience,Ilemela,Mo-Su 09:00-21:00,Buzuruga,32.9293422,-2.5255925
mwanza_businesses.146,146,146,8520663799,,,Nyambiti,,,Mwanza,convenience,Ilemela,Mo-Sa 09:00-20:00,Buzuruga,32.9294051,-2.5255833
mwanza_businesses.147,147,147,8520657115,,,Nyambiti,,,Mwanza,convenience,Ilemela,Mo-Su 09:00-21:00,Buzuruga,32.9292832,-2.5253863
mwanza_businesses.148,148,148,4402875391,,,,Buzuruga Sofa Store,,Mwanza,furniture,Ilemela,,Buzuruga,32.9395255,-2.5353184
mwanza_businesses.149,149,149,8520663646,,,Nyambiti,,,Mwanza,convenience,Ilemela,Mo-Sa 09:00-20:00,Buzuruga,32.9295581,-2.5257015
mwanza_businesses.150,150,150,8520663738,,,Nyambiti,,,Mwanza,convenience,Ilemela,Mo-Sa 09:00-20:00,Buzuruga,32.929619,-2.525708
mwanza_businesses.151,151,151,8520663829,,,Nyambiti,,,Mwanza,convenience,Ilemela,Mo-Sa 09:00-20:00,Buzuruga,32.9297082,-2.5257258
mwanza_businesses.152,152,152,8520664116,,,Nyambiti,,,Mwanza,convenience,Ilemela,Mo-Fr 08:00-18:00; Sa-Su 08:00-15:00,Buzuruga,32.9297368,-2.5255154
mwanza_businesses.153,153,153,8520664208,,,Nyambiti,,,Mwanza,convenience,Ilemela,Mo-Sa 09:00-20:00,Buzuruga,32.9298151,-2.525708
mwanza_businesses.154,154,154,8520657052,,,Nyambiti,,,Mwanza,convenience,Ilemela,Mo-Fr 08:00-18:00; Sa-Su 08:00-15:00,Buzuruga,32.929889,-2.525272
mwanza_businesses.155,155,155,8520664099,,,Nyambiti,,,Mwanza,kiosk,Ilemela,Mo-Sa 08:00-18:00,Buzuruga,32.9299589,-2.5251788
mwanza_businesses.156,156,156,8520663762,,,Nyambiti,,,Mwanza,convenience,Ilemela,,Buzuruga,32.9299736,-2.5248577
mwanza_businesses.157,157,157,8520664440,,,Nyambiti,,,Mwanza,gas,Ilemela,Mo-Fr 08:00-18:00; Sa-Su 08:00-15:00,Buzuruga,32.9300059,-2.5251167
mwanza_businesses.158,158,158,8520657090,,,Nyambiti,,,Mwanza,convenience,Ilemela,Mo-Fr 08:00-18:00; Sa-Su 08:00-15:00,Buzuruga,32.9300203,-2.5255377
mwanza_businesses.159,159,159,8520663880,,,Nyambiti,,,Mwanza,hairdresser,Ilemela,Mo-Fr 08:00-18:00; Sa-Su 08:00-15:00,Buzuruga,32.9300203,-2.5255544
mwanza_businesses.160,160,160,8520663773,,,Nyambiti,,,Mwanza,convenience,Ilemela,Mo-Fr 08:00-18:00; Sa-Su 08:00-15:00,Buzuruga,32.9300294,-2.5250919
mwanza_businesses.161,161,161,8520663851,,,Nyambiti,,,Mwanza,convenience,Ilemela,,Buzuruga,32.9301023,-2.5247291
mwanza_businesses.162,162,162,8520657104,,,Nyambiti,,,Mwanza,convenience,Ilemela,Mo-Fr 08:00-18:00; Sa-Su 08:00-15:00,Buzuruga,32.9301207,-2.525521
mwanza_businesses.163,163,163,8520664008,,,Nyambiti,,,Mwanza,convenience,Ilemela,Mo-Fr 08:00-18:00; Sa-Su 08:00-15:00,Buzuruga,32.9301364,-2.5252695
mwanza_businesses.164,164,164,8520663669,,,Nyambiti,,,Mwanza,convenience,Ilemela,Mo-Fr 08:00-18:00; Sa-Su 08:00-15:00,Buzuruga,32.9302297,-2.5249901
mwanza_businesses.165,165,165,8520664177,,,Nyambiti,,,Mwanza,convenience,Ilemela,Mo-Fr 08:00-18:00; Sa-Su 08:00-15:00,Buzuruga,32.9303788,-2.524748
mwanza_businesses.166,166,166,8520664268,,,Nyambiti,,,Mwanza,beauty,Ilemela,Mo-Fr 08:00-18:00; Sa-Su 08:00-15:00,Buzuruga,32.9304161,-2.5246176
mwanza_businesses.167,167,167,8520664113,,,Nyambiti,Jux Salon,,Mwanza,hairdresser,Ilemela,Mo-Fr 08:00-18:00; Sa-Su 08:00-15:00,Buzuruga,32.9305393,-2.5254708
mwanza_businesses.168,168,168,8520663970,,,Nyambiti,Smart Salon,,Mwanza,hairdresser,Ilemela,Mo-Fr 08:00-18:00; Sa-Su 08:00-15:00,Buzuruga,32.930556,-2.5254708
mwanza_businesses.169,169,169,8520664359,,,Nyambiti,,,Mwanza,convenience,Ilemela,Mo-Fr 08:00-18:00; Sa-Su 08:00-15:00,Buzuruga,32.9306083,-2.5243835
mwanza_businesses.170,170,170,8520663697,,,Nyambiti,,,Mwanza,video,Ilemela,Mo-Fr 08:00-18:00; Sa-Su 08:00-15:00,Buzuruga,32.9306395,-2.5256247
mwanza_businesses.171,171,171,8520664022,,,Nyambiti,,,Mwanza,copyshop,Ilemela,Mo-Fr 08:00-18:00; Sa-Su 08:00-15:00,Buzuruga,32.9306621,-2.525636
mwanza_businesses.172,172,172,8520663905,,,Nyambiti,,,Mwanza,convenience,Ilemela,Mo-Fr 08:00-18:00; Sa-Su 08:00-15:00,Buzuruga,32.930784,-2.5241578
mwanza_businesses.173,173,173,8520663932,,,Nyambiti,,,Mwanza,convenience,Ilemela,Mo-Fr 08:00-18:00; Sa-Su 08:00-15:00,Buzuruga,32.9309483,-2.5257851
mwanza_businesses.174,174,174,8520664030,,,Nyambiti,,,Mwanza,convenience,Ilemela,Mo-Fr 08:00-18:00; Sa-Su 08:00-15:00;Mo-Fr 09:00-17:00,Buzuruga,32.9310405,-2.5258619
mwanza_businesses.175,175,175,8520664265,,,Nyambiti,Rehema Garment,,Mwanza,tailor,Ilemela,Mo-Fr 08:00-18:00; Sa-Su 08:00-15:00,Buzuruga,32.9310713,-2.525908
mwanza_businesses.176,176,176,8520664348,,,Nyambiti,,,Mwanza,convenience,Ilemela,Mo-Sa 08:00-18:00,Buzuruga,32.93154,-2.5252436
mwanza_businesses.177,177,177,8520664396,,,Nyambiti,,,Mwanza,vacant,Ilemela,,Buzuruga,32.9319765,-2.5265194
mwanza_businesses.178,178,178,8520663683,,,Nyambiti,,,Mwanza,convenience,Ilemela,Mo-Fr 08:00-18:00; Sa-Su 08:00-15:00,Buzuruga,32.9321554,-2.5266199
mwanza_businesses.179,179,179,8520663705,,,Nyambiti,,,Mwanza,convenience,Ilemela,Mo-Fr 08:00-18:00; Sa-Su 08:00-15:00,Buzuruga,32.9323342,-2.5267204
mwanza_businesses.180,180,180,8520657082,,,Buzuruga Kaskazini,Mama Hawa,0765471387,Mwanza,hairdresser,Ilemela,Mo-Fr 08:00-18:00; Sa-Su 08:00-15:00,Buzuruga,32.9351656,-2.5247364
mwanza_businesses.181,181,181,8520663735,,,Buzuruga Kaskazini,,,Mwanza,convenience,Ilemela,Mo-Sa 08:00-18:00,Buzuruga,32.9354668,-2.5244076
mwanza_businesses.182,182,182,8520663985,,,Buzuruga Kaskazini,,,Mwanza,convenience,Ilemela,Mo-Sa 09:00-20:00,Buzuruga,32.9344153,-2.5218566
mwanza_businesses.183,183,183,8520664091,,,Buzuruga Kaskazini,,,Mwanza,convenience,Ilemela,Mo-Su 09:00-21:00,Buzuruga,32.9347132,-2.5246412
mwanza_businesses.184,184,184,8520664280,,,Buzuruga Kaskazini,,,Mwanza,convenience,Ilemela,Mo-Su 09:00-21:00,Buzuruga,32.9349517,-2.5247127
mwanza_businesses.185,185,185,8520664151,,,Buzuruga Kaskazini,,,Mwanza,convenience,Ilemela,Mo-Sa 08:00-18:00,Buzuruga,32.9350805,-2.5246005
mwanza_businesses.186,186,186,8520663643,,,Buzuruga Kaskazini,Emmanuel Shop,,Mwanza,convenience,Ilemela,Mo-Su 09:00-21:00,Buzuruga,32.9352558,-2.5247139
mwanza_businesses.187,187,187,8520664244,,,Buzuruga Kaskazini,,,Mwanza,convenience,Ilemela,Mo-Sa 08:00-18:00,Buzuruga,32.9353809,-2.5246648
mwanza_businesses.188,188,188,8520664000,,,Buzuruga Kaskazini,,,Mwanza,convenience,Ilemela,Mo-Fr 08:00-18:00; Sa-Su 08:00-15:00,Buzuruga,32.9354115,-2.5248976
mwanza_businesses.189,189,189,8520664402,,,Buzuruga Kaskazini,Jackson Shop,,Mwanza,convenience,Ilemela,Mo-Sa 09:00-20:00,Buzuruga,32.9355984,-2.5239841
mwanza_businesses.190,190,190,8520664334,,,Buzuruga Kaskazini,Wasafi Hair Cutz,,Mwanza,hairdresser,Ilemela,Mo-Sa 09:00-20:00,Buzuruga,32.9360138,-2.5222742
mwanza_businesses.191,191,191,8520664181,,,Buzuruga Mashariki,,,Mwanza,kiosk,Ilemela,Mo-Sa 08:00-18:00,Buzuruga,32.9364538,-2.5228212
mwanza_businesses.192,192,192,8520663673,,,Buzuruga Mashariki,,,Mwanza,hairdresser,Ilemela,Mo-Sa 08:00-18:00,Buzuruga,32.9364967,-2.5228427
mwanza_businesses.193,193,193,8520664272,,,Buzuruga Mashariki,,,Mwanza,convenience,Ilemela,Mo-Sa 08:00-18:00,Buzuruga,32.9369044,-2.5235715
mwanza_businesses.194,194,194,8520663765,,,Buzuruga Mashariki,,,Mwanza,kiosk,Ilemela,Mo-Sa 08:00-18:00,Buzuruga,32.9369259,-2.5235286
mwanza_businesses.195,195,195,8520664363,,,Buzuruga Mashariki,,,Mwanza,convenience,Ilemela,Mo-Sa 08:00-18:00,Buzuruga,32.9370332,-2.5227998
mwanza_businesses.196,196,196,8520663855,,,Buzuruga Mashariki,,,Mwanza,hairdresser,Ilemela,Mo-Sa 08:00-18:00,Buzuruga,32.937119,-2.5236358
mwanza_businesses.197,197,197,8520663818,,,Buzuruga Mashariki,,,Mwanza,convenience,Ilemela,Mo-Su 09:00-21:00,Buzuruga,32.9378057,-2.5246005
mwanza_businesses.198,198,198,8520664235,Kiwanda cha Maboflo,,Mitimirefu,Boflo Shop,,Mwanza,bakery,Ilemela,Mo-Sa 08:00-18:00,Buzuruga,32.9378987,-2.5222009
mwanza_businesses.199,199,199,8520664325,Kiwanda cha Maboflo,,Mitimirefu,,,Mwanza,convenience,Ilemela,Mo-Sa 08:00-18:00,Buzuruga,32.9379527,-2.5223555
mwanza_businesses.200,200,200,8520664106,,,Buzuruga Mashariki,,,Mwanza,convenience,Ilemela,Mo-Su 09:00-21:00,Buzuruga,32.9380631,-2.5250507
mwanza_businesses.201,201,201,8520664143,,,Buzuruga Mashariki,,,Mwanza,hairdresser,Ilemela,Mo-Su 09:00-21:00,Buzuruga,32.9380631,-2.524922
mwanza_businesses.202,202,202,8520664197,,,Buzuruga Mashariki,,,Mwanza,butcher,Ilemela,Mo-Su 09:00-21:00,Buzuruga,32.9380631,-2.5250078
mwanza_businesses.203,203,203,8520664053,,,Buzuruga Mashariki,,,Mwanza,hairdresser,Ilemela,Mo-Su 09:00-21:00,Buzuruga,32.9380631,-2.5249863
mwanza_businesses.204,204,204,8520663909,,,Mitimirefu,,,Mwanza,convenience,Ilemela,Mo-Sa 08:00-18:00,Buzuruga,32.9380677,-2.5227746
mwanza_businesses.205,205,205,8520664341,,,Buzuruga Mashariki,,,Mwanza,hairdresser,Ilemela,Mo-Sa 08:00-18:00,Buzuruga,32.9382133,-2.5259081
mwanza_businesses.206,206,206,8520657097,,,Buzuruga Mashariki,,,Mwanza,convenience,Ilemela,Mo-Sa 08:00-18:00,Buzuruga,32.9382348,-2.5254794
mwanza_businesses.207,207,207,8520663689,Buzuruga Makaburini,,Miti Mirefu,,,Mwanza,motorcycle_repair,Ilemela,Mo-Sa 08:00-18:00,Buzuruga,32.9382348,-2.5248149
mwanza_businesses.208,208,208,8520664212,,,Buzuruga Mashariki,,,Mwanza,convenience,Ilemela,Mo-Sa 08:00-18:00,Buzuruga,32.9382348,-2.5258224
mwanza_businesses.209,209,209,8520664302,,,Buzuruga Mashariki,,,Mwanza,convenience,Ilemela,Mo-Sa 08:00-18:00,Buzuruga,32.9382563,-2.5259081
mwanza_businesses.210,210,210,8520663795,Makaburini,,Mitimirefu,,,Mwanza,convenience,Ilemela,Mo-Sa 08:00-18:00,Buzuruga,32.9382563,-2.5250292
mwanza_businesses.211,211,211,8520664394,Buzuruga Makaburini,,Miti Mirefu,,,Mwanza,convenience,Ilemela,Mo-Sa 09:00-17:00,Buzuruga,32.9382777,-2.5250935
mwanza_businesses.212,212,212,8520664015,Buzuruga Makaburini,,Miti Mirefu,,,Mwanza,convenience,Ilemela,Mo-Sa 08:00-18:00,Buzuruga,32.9382992,-2.5246219
mwanza_businesses.213,213,213,8520663635,Makaburini,,Mitimirefu,,,Mwanza,vacant,Ilemela,,Buzuruga,32.9385232,-2.5221502
mwanza_businesses.214,214,214,8520664287,Buzuruga Makaburini,,Miti Mirefu,,,Mwanza,vacant,Ilemela,,Buzuruga,32.9387648,-2.5242483
mwanza_businesses.215,215,215,8520663886,Buzuruga Makaburini,,Miti Mirefu,,,Mwanza,convenience,Ilemela,Mo-Sa 08:00-18:00,Buzuruga,32.9389215,-2.5242361
mwanza_businesses.216,216,216,8520663977,,,Mitimirefu,Mama Win,,Mwanza,convenience,Ilemela,Mo-Sa 08:00-18:00,Buzuruga,32.9391615,-2.5229824
mwanza_businesses.217,217,217,8520664417,,,Buzuruga Kaskazini,Magori Shop,,Mwanza,convenience,Ilemela,Mo-Sa 09:00-20:00,Buzuruga,32.9359963,-2.5222392
mwanza_businesses.218,218,218,8520664432,,,Buzuruga Mashariki,,,Mwanza,convenience,Ilemela,Mo-Su 09:00-21:00,Buzuruga,32.9380631,-2.525115
mwanza_businesses.219,219,219,8520664125,,,Buzuruga Mashariki,,,Mwanza,hardware,Ilemela,Mo-Sa 08:00-18:00,Buzuruga,32.9411316,-2.5297882
mwanza_businesses.220,220,220,8520664166,,,Buzuruga Kaskazini,,,Mwanza,hairdresser,Ilemela,Mo-Fr 08:00-18:00; Sa-Su 08:00-15:00,Buzuruga,32.9358101,-2.5297668
mwanza_businesses.221,221,221,8520663654,,,Buzuruga Mashariki,,,Mwanza,hardware,Ilemela,Mo-Sa 08:00-18:00,Buzuruga,32.9412174,-2.5296596
mwanza_businesses.222,222,222,8520664072,,,Buzuruga Mashariki,,,Mwanza,hardware,Ilemela,Mo-Sa 09:00-17:00,Buzuruga,32.9412174,-2.5296381
mwanza_businesses.223,223,223,8520664162,,,Buzuruga Mashariki,,,Mwanza,electronics,Ilemela,Mo-Sa 08:00-18:00,Buzuruga,32.9412845,-2.52952
mwanza_businesses.224,224,224,8520663747,Nyasaka Road,,Buzuruga Mashariki,,,Mwanza,hardware,Ilemela,Mo-Su 09:00-21:00,Buzuruga,32.9412845,-2.5295059
mwanza_businesses.225,225,225,8520663742,,,Buzuruga Kaskazini,,,Mwanza,tailor,Ilemela,Mo-Fr 08:00-18:00; Sa-Su 08:00-15:00,Buzuruga,32.937398,-2.5290379
mwanza_businesses.226,226,226,8520663725,,,Buzuruga Kaskazini,,,Mwanza,convenience,Ilemela,Mo-Sa 08:00-18:00,Buzuruga,32.939136,-2.5290379
mwanza_businesses.227,227,227,8520664158,,,Buzuruga Kaskazini,Conner Home Shopping Center,,Mwanza,convenience,Ilemela,Mo-Sa 09:00-17:00;Mo-Sa 08:00-18:00,Buzuruga,32.9392531,-2.5290325
mwanza_businesses.228,228,228,8520663925,,,Buzuruga Kaskazini,,,Mwanza,convenience,Ilemela,Mo-Fr 09:00-17:00,Buzuruga,32.937363,-2.5290167
mwanza_businesses.229,229,229,8520663805,buzuruga shule,,Buzuruga Shule,,,Mwanza,convenience,Ilemela,Mo-Sa 08:00-18:00,Buzuruga,32.9405058,-2.5286321
mwanza_businesses.230,230,230,8520664037,,,Buzuruga Kaskazini,,,Mwanza,vacant,Ilemela,,Buzuruga,32.9370546,-2.5285234
mwanza_businesses.231,231,231,8520663896,Buzuruga Shule,,Buzuruga Shule,,,Mwanza,convenience,Ilemela,Mo-Sa 09:00-20:00,Buzuruga,32.9411101,-2.528502
mwanza_businesses.232,232,232,8520663842,,,Buzuruga,,,Mwanza,convenience,Ilemela,Mo-Su 09:00-21:00,Buzuruga,32.9415822,-2.5283305
mwanza_businesses.233,233,233,8520663934,,,Buzuruga,,,Mwanza,butcher,Ilemela,Mo-Sa 09:00-20:00,Buzuruga,32.9415822,-2.5283091
mwanza_businesses.234,234,234,8520663674,,,Buzuruga,,,Mwanza,electronics,Ilemela,Mo-Fr 08:00-18:00; Sa-Su 08:00-15:00,Buzuruga,32.9416037,-2.5282876
mwanza_businesses.235,235,235,8520663766,,,Buzuruga,,,Mwanza,convenience,Ilemela,Mo-Su 09:00-21:00,Buzuruga,32.9416251,-2.5279446
mwanza_businesses.236,236,236,8520663948,,,Buzuruga,,,Mwanza,electronics,Ilemela,Mo-Sa 09:00-20:00,Buzuruga,32.9416895,-2.5275588
mwanza_businesses.237,237,237,8520664182,Buzuruga Shule,,Buzuruga Shule,,,Mwanza,motorcycle_repair,Ilemela,Mo-Sa 09:00-17:00,Buzuruga,32.9416037,-2.5283305
mwanza_businesses.238,238,238,8520664220,,,,The mountain Gold Fashion wear,,Mwanza,beauty,Ilemela,Mo-Sa 08:00-18:00,Buzuruga,32.9389545,-2.5295341
mwanza_businesses.239,239,239,8520664250,,,Buzuruga Kaskazini,,,Mwanza,convenience,Ilemela,Mo-Fr 08:00-18:00; Sa-Su 08:00-15:00,Buzuruga,32.9358959,-2.5297024
mwanza_businesses.240,240,240,8520664258,,,Buzuruga Kaskazini,,,Mwanza,convenience,Ilemela,Mo-Fr 08:00-18:00; Sa-Su 08:00-15:00,Buzuruga,32.9364538,-2.5292308
mwanza_businesses.241,241,241,8520664273,,,Buzuruga,,,Mwanza,hairdresser,Ilemela,Mo-Su 09:00-21:00,Buzuruga,32.9416037,-2.5280089
mwanza_businesses.242,242,242,8520664312,Buzuruga Shule,,Buzuruga Shule,,,Mwanza,convenience,Ilemela,Mo-Sa 09:00-17:00,Buzuruga,32.9412174,-2.5284377
mwanza_businesses.243,243,243,8520664350,Buzuruga Shule,,Buzuruga Shule,,,Mwanza,electronics,Ilemela,Mo-Sa 09:00-17:00,Buzuruga,32.9415607,-2.5284377
mwanza_businesses.244,244,244,8520664364,Buzuruga shule,,Buzuruga Shule,,,Mwanza,convenience,Ilemela,Mo-Sa 09:00-20:00,Buzuruga,32.9416251,-2.5279875
mwanza_businesses.245,245,245,8520664441,,,Buzuruga,,,Mwanza,convenience,Ilemela,Mo-Sa 09:00-20:00,Buzuruga,32.9417324,-2.5272801
mwanza_businesses.246,246,246,8520664450,,,Buzuruga Mashariki,"Matiko Homabei,Spair Parts",,Mwanza,hardware,Ilemela,Mo-Sa 08:00-18:00,Buzuruga,32.9413462,-2.529338
mwanza_businesses.247,247,247,8520663935,Ustawi,,Ustawi,,,Mwanza,kiosk,Ilemela,Mo-Su 09:00-21:00,Buzuruga,32.9361105,-2.5308815
mwanza_businesses.248,248,248,8520663619,Buzuruga Shule/Mtenabi Street,,Buzuruga Shule/Mtenabi Street,MFUTAKAMBA,0755677501,Mwanza,convenience,Ilemela,Mo-Sa 08:00-18:00,Buzuruga,32.9368401,-2.5305385
mwanza_businesses.249,249,249,8520664149,,,Buzuruga Kaskazini,Mama Mussa Hair dresse,,Mwanza,beauty,Ilemela,Mo-Sa 08:00-18:00,Buzuruga,32.9382816,-2.5310628
mwanza_businesses.250,250,250,8520664308,,,Buzuruga Kusini,,,Mwanza,alcohol,Ilemela,Mo-Su 09:00-21:00,Buzuruga,32.9387283,-2.5317604
mwanza_businesses.251,251,251,8520663641,,,Buzuruga Kaskazini,,,Mwanza,clothes,Ilemela,Mo-Sa 08:00-18:00,Buzuruga,32.9389087,-2.5310504
mwanza_businesses.252,252,252,8520657050,,,Buzuruga Kaskazini,Nancylicious mini shop,,Mwanza,convenience,Ilemela,Mo-Sa 08:00-18:00,Buzuruga,32.9389519,-2.531072
mwanza_businesses.253,253,253,8520663633,,,Buzuruga Kusini,,,Mwanza,convenience,Ilemela,Mo-Fr 08:00-18:00; Sa-Su 08:00-15:00,Buzuruga,32.9390717,-2.5313316
mwanza_businesses.254,254,254,4404883693,,,,Brenda Internet Service,,Mwanza,computer,Ilemela,,Buzuruga,32.9391385,-2.531524
mwanza_businesses.255,255,255,8520664059,,,Buzuruga Kusini,,,Mwanza,convenience,Ilemela,Mo-Sa 08:00-18:00,Buzuruga,32.9393099,-2.5313914
mwanza_businesses.256,256,256,4404892489,,,,Ann beauty shop,,Mwanza,beauty,Ilemela,,Buzuruga,32.9394308,-2.5315337
mwanza_businesses.257,257,257,8520664293,,,Buzuruga Kusini,,,Mwanza,butcher,Ilemela,Mo-Su 09:00-21:00,Buzuruga,32.9395885,-2.5314815
mwanza_businesses.258,258,258,8520664141,,,,,,Mwanza,electronics,Ilemela,Mo-Sa 09:00-20:00,Buzuruga,32.9396131,-2.5314158
mwanza_businesses.259,259,259,8520664051,,,Buzuruga Kusini,,,Mwanza,convenience,Ilemela,Mo-Su 09:00-21:00,Buzuruga,32.9396637,-2.5314979
mwanza_businesses.260,260,260,8520657065,,,Buzuruga Kusini,,,Mwanza,convenience,Ilemela,Mo-Su 09:00-21:00,Buzuruga,32.9396691,-2.5314212
mwanza_businesses.261,261,261,8520664326,,,Buzuruga Kusini,,,Mwanza,convenience,Ilemela,Mo-Sa 09:00-20:00,Buzuruga,32.939894,-2.5315059
mwanza_businesses.262,262,262,8520663820,,,Buzuruga Mashariki,,,Mwanza,shoes,Ilemela,Mo-Sa 08:00-18:00,Buzuruga,32.9403979,-2.5311343
mwanza_businesses.263,263,263,8520664144,,,Buzuruga Mashariki,MAMA NYANGI SHOP,,Mwanza,convenience,Ilemela,Mo-Sa 08:00-18:00,Buzuruga,32.9404781,-2.5310683
mwanza_businesses.264,264,264,8520657079,,,Buzuruga Mashariki,JESSY SHOP,,Mwanza,convenience,Ilemela,Mo-Sa 08:00-18:00,Buzuruga,32.9407278,-2.5306786
mwanza_businesses.265,265,265,8520664400,,,Buzuruga Kusini,,,Mwanza,cosmetics,Ilemela,Mo-Su 09:00-21:00,Buzuruga,32.9396691,-2.531626
mwanza_businesses.266,266,266,4404892092,,,,,,Mwanza,supermarket,Ilemela,,Buzuruga,32.9404998,-2.5311428
mwanza_businesses.267,267,267,8520663890,,,Buzuruga Mashariki,Bao Hardware,,Mwanza,houseware,Ilemela,Mo-Sa 08:00-18:00,Buzuruga,32.9409058,-2.53024
mwanza_businesses.268,268,268,8520664342,Buzuruga Shule/Mtenabi Street,,Buzuruga Shule/Mtenabi Street,Helena Shopping Centre,,Mwanza,convenience,Ilemela,Mo-Sa 08:00-18:00,Buzuruga,32.9365182,-2.53086
mwanza_businesses.269,269,269,8520664398,,,Buzuruga Mashariki,Faidha - Spare za Pikipiki na Bajaji,,Mwanza,hardware,Ilemela,Mo-Sa 08:00-18:00,Buzuruga,32.9407851,-2.5306178
mwanza_businesses.270,270,270,8520664255,,,Buzuruga Kusini,,,Mwanza,convenience,Ilemela,Mo-Sa 08:00-18:00,Buzuruga,32.9397583,-2.5325321
mwanza_businesses.271,271,271,8520663695,,,Buzuruga Kusini,,,Mwanza,convenience,Ilemela,Mo-Su 09:00-21:00,Buzuruga,32.9394762,-2.5325172
mwanza_businesses.272,272,272,8520663748,,,Buzuruga Kusini,,,Mwanza,tailor,Ilemela,Mo-Sa 09:00-20:00,Buzuruga,32.9392018,-2.5325148
mwanza_businesses.273,273,273,8520664346,,,Buzuruga Kusini,,,Mwanza,convenience,Ilemela,Mo-Su 09:00-21:00,Buzuruga,32.9391781,-2.5325029
mwanza_businesses.274,274,274,8520663910,,,Buzuruga Kusini,,,Mwanza,convenience,Ilemela,Mo-Sa 09:00-20:00,Buzuruga,32.9399086,-2.5323955
mwanza_businesses.275,275,275,8520664001,,,Buzuruga Kusini,,,Mwanza,mobile_phone,Ilemela,Mo-Fr 09:00-17:00,Buzuruga,32.9399496,-2.5321782
mwanza_businesses.276,276,276,8520663728,,,Buzuruga Kusini,Wasafi Classic,,Mwanza,hairdresser,Ilemela,Mo-Su 09:00-21:00,Buzuruga,32.9399239,-2.5321782
mwanza_businesses.277,277,277,8520663930,,,Buzuruga Kusini,,,Mwanza,beverages,Ilemela,Mo-Su 09:00-21:00,Buzuruga,32.9398469,-2.5321526
mwanza_businesses.278,278,278,8520664288,,,Buzuruga Kusini,,,Mwanza,stationery,Ilemela,Mo-Fr 09:00-17:00,Buzuruga,32.9400009,-2.5320884
mwanza_businesses.279,279,279,8520663801,,,Buzuruga Kusini,,,Mwanza,convenience,Ilemela,Mo-Su 09:00-21:00,Buzuruga,32.9387035,-2.5320726
mwanza_businesses.280,280,280,8520664236,,,Buzuruga Kusini,Mkamba Stationary,,Mwanza,stationery,Ilemela,Mo-Fr 09:00-17:00,Buzuruga,32.9400266,-2.5320243
mwanza_businesses.281,281,281,8520664218,,,Buzuruga Kusini,,,Mwanza,cosmetics,Ilemela,Mo-Su 09:00-21:00,Buzuruga,32.9397173,-2.5318909
mwanza_businesses.282,282,282,8520663892,,,Buzuruga Kusini,Mombele hair cutz Saloon,,Mwanza,hairdresser,Ilemela,Mo-Su 09:00-21:00,Buzuruga,32.9397173,-2.5318789
mwanza_businesses.283,283,283,8520664381,,,Buzuruga Kusini,,,Mwanza,convenience,Ilemela,Mo-Su 09:00-21:00,Buzuruga,32.9401293,-2.5317807
mwanza_businesses.284,284,284,8520663781,,,Buzuruga Kusini,,,Mwanza,copyshop,Ilemela,Mo-Fr 09:00-17:00,Buzuruga,32.9400523,-2.5317807
mwanza_businesses.285,285,285,8520664418,,,Buzuruga Kusini,,,Mwanza,beverages,Ilemela,Mo-Su 09:00-21:00,Buzuruga,32.9400137,-2.5317678
mwanza_businesses.286,286,286,8520664437,,,Buzuruga Kusini,,,Mwanza,fuel,Ilemela,Mo-Fr 09:00-17:00,Buzuruga,32.9398469,-2.5322295
mwanza_businesses.287,287,287,8520657044,,,Malulu,,,Mwanza,convenience,Ilemela,Mo-Sa 08:00-18:00;24/7,Buzuruga,32.9408952,-2.5223718
mwanza_businesses.288,288,288,8520663962,,,Malulu,,,Mwanza,convenience,Ilemela,Mo-Sa 08:00-18:00,Buzuruga,32.940917,-2.5224354
mwanza_businesses.289,289,289,8520663727,,,Malulu,,,Mwanza,convenience,Ilemela,Mo-Sa 08:00-18:00;24/7,Buzuruga,32.9411745,-2.5235501
mwanza_businesses.290,290,290,4426159290,,,,Victoria classic shop,,Mwanza,clothes,Ilemela,,Nyamanoro,32.902008,-2.5002076
mwanza_businesses.291,291,291,8559745718,,,Nyamanoro,,,Mwanza,convenience,Ilemela,,Nyamanoro,32.9035055,-2.5000931
mwanza_businesses.292,292,292,6478299658,,,,Wote Mini Supermarket,,Mwanza,supermarket,Ilemela,,Nyamanoro,32.9034275,-2.5000573
mwanza_businesses.293,293,293,8559744730,,,"Nyamanoro ""A""",,,Mwanza,convenience,Ilemela,Mo-Sa 08:00-18:00,Nyamanoro,32.9041023,-2.4998457
mwanza_businesses.294,294,294,8559746855,,,"Nyamanoro ""A""",,,Mwanza,convenience,Ilemela,Mo-Sa 08:00-18:00,Nyamanoro,32.9041023,-2.4998165
mwanza_businesses.295,295,295,7118869595,Makongoro Road,,,TEMESA Mwanza,,Mwanza,car_repair,Ilemela,,Nyamanoro,32.9022111,-2.4997151
mwanza_businesses.296,296,296,5090924228,,,,Rocky city mall,,Mwanza,clothes,Ilemela,,Nyamanoro,32.9029302,-2.4996703
mwanza_businesses.297,297,297,8559710110,,,Nyamanoro A,,,Mwanza,vacant,Ilemela,,Nyamanoro,32.901628,-2.4994763
mwanza_businesses.298,298,298,6605852185,Makongoro Road,,,KINGS BARBERSHOP,,Mwanza,cosmetics,Ilemela,Mo-Su 07:20-22:00,Nyamanoro,32.903339,-2.499401
mwanza_businesses.299,299,299,8559751102,,,Nyamanoro,Chartique Furniture,,Mwanza,furniture,Ilemela,,Nyamanoro,32.9025507,-2.5024132
mwanza_businesses.300,300,300,8559755717,,,Nyamanoro,,,Mwanza,convenience,Ilemela,,Nyamanoro,32.9033232,-2.5008054
mwanza_businesses.301,301,301,4416156696,,,,Cassandra Lingerie Shop,,Mwanza,clothes,Ilemela,,Nyamanoro,32.9024487,-2.5004761
mwanza_businesses.302,302,302,8559747440,Kilimahewa A,,Kilimahewa A,,,Mwanza,tailor,Ilemela,Mo-Sa 08:00-18:00,Nyamanoro,32.9114985,-2.4937311
mwanza_businesses.303,303,303,8559740659,Kilimahewa A,,Kilimahewa A,,,Mwanza,cosmetics,Ilemela,Mo-Sa 08:00-18:00,Nyamanoro,32.91152,-2.4937311
mwanza_businesses.304,304,304,8559735800,,,Kilimahewa,,,Mwanza,copyshop,Ilemela,Mo-Su 09:00-21:00,Nyamanoro,32.9115415,-2.4972468
mwanza_businesses.305,305,305,8559743305,kilimahewa,,Kilimahewa,Lucas Furniture and Design,,Mwanza,furniture,Ilemela,Mo-Sa 08:00-18:00,Nyamanoro,32.9116437,-2.4931044
mwanza_businesses.306,306,306,8559749771,Kilimahewa A,,Kilimahewa A,,,Mwanza,wholesale,Ilemela,Mo-Sa 08:00-18:00,Nyamanoro,32.9116488,-2.4937525
mwanza_businesses.307,307,307,8559739478,kilimahewa,,Kilimahewa,Mwanza Furniture,,Mwanza,furniture,Ilemela,Mo-Sa 08:00-18:00,Nyamanoro,32.9117775,-2.4931523
mwanza_businesses.308,308,308,8559747105,,,Mji Mwema,Super Okoro,,Mwanza,beauty,Ilemela,Mo-Su 09:00-21:00,Nyamanoro,32.9117862,-2.5014605
mwanza_businesses.309,309,309,8559745787,,,Mkudi,,,Mwanza,video,Ilemela,Mo-Sa 09:00-20:00,Nyamanoro,32.9120726,-2.5009826
mwanza_businesses.310,310,310,8559738030,,,Mkudi,,,Mwanza,convenience,Ilemela,Mo-Sa 09:00-20:00,Nyamanoro,32.9121043,-2.5010047
mwanza_businesses.311,311,311,8559750018,,,Kilimahewa,,,Mwanza,furniture,Ilemela,Mo-Sa 09:00-20:00,Nyamanoro,32.9121215,-2.493025
mwanza_businesses.312,312,312,8559735507,,,Kilimahewa,,,Mwanza,convenience,Ilemela,Mo-Sa 09:00-20:00;Mo-Su 09:00-21:00,Nyamanoro,32.9121364,-2.4938988
mwanza_businesses.313,313,313,8559745897,,,Kilimahewa,,,Mwanza,vacant,Ilemela,,Nyamanoro,32.9121897,-2.493093
mwanza_businesses.314,314,314,8559748825,,,Kilimahewa,,,Mwanza,beauty,Ilemela,Mo-Sa 09:00-20:00,Nyamanoro,32.9123433,-2.4931092
mwanza_businesses.315,315,315,8559742737,,,Kilimahewa,V2 African Wear,,Mwanza,clothes,Ilemela,Mo-Sa 09:00-20:00,Nyamanoro,32.9123858,-2.4931304
mwanza_businesses.316,316,316,8559745041,kilimahewa,,Kilimahewa,Haddassa Design,,Mwanza,tailor,Ilemela,Mo-Sa 08:00-18:00,Nyamanoro,32.9125929,-2.4933881
mwanza_businesses.317,317,317,8559738545,kilimahewa,,Kilimahewa,,,Mwanza,beverages,Ilemela,Mo-Sa 09:00-20:00,Nyamanoro,32.9126787,-2.4936882
mwanza_businesses.318,318,318,8559748506,,,Kilimahewa,,,Mwanza,convenience,Ilemela,Mo-Sa 08:00-18:00,Nyamanoro,32.9127238,-2.4987282
mwanza_businesses.319,319,319,8559750403,,,Kilimahewa,,,Mwanza,convenience,Ilemela,Mo-Su 09:00-21:00,Nyamanoro,32.9127431,-2.4940312
mwanza_businesses.320,320,320,8559752633,,,Kilimahewa,,,Mwanza,convenience,Ilemela,Mo-Sa 08:00-18:00,Nyamanoro,32.9123998,-2.4988117
mwanza_businesses.321,321,321,8559753173,,,Mji Mwema,,,Mwanza,convenience,Ilemela,Mo-Sa 09:00-20:00,Nyamanoro,32.9117775,-2.501427
mwanza_businesses.322,322,322,8559756098,,,Kilimahewa,,,Mwanza,convenience,Ilemela,Mo-Su 09:00-21:00,Nyamanoro,32.9115415,-2.4972682
mwanza_businesses.323,323,323,8559758074,,,Mji Mwema,Mali Bantu,,Mwanza,wholesale,Ilemela,Mo-Sa 09:00-20:00,Nyamanoro,32.9117775,-2.5013842
mwanza_businesses.324,324,324,8559758324,,,Kilimahewa,,,Mwanza,vacant,Ilemela,,Nyamanoro,32.9122032,-2.4931025
mwanza_businesses.325,325,325,8559758604,Kilimahewa A,,Kilimahewa A,,,Mwanza,hairdresser,Ilemela,Mo-Sa 08:00-18:00,Nyamanoro,32.9117775,-2.4937739
mwanza_businesses.326,326,326,8559760001,kilimahewa,,Kilimahewa,,,Mwanza,clothes,Ilemela,Mo-Sa 09:00-20:00,Nyamanoro,32.9121208,-2.4935596
mwanza_businesses.327,327,327,8559760995,kilimahewa,,Kilimahewa,G & E,,Mwanza,clothes,Ilemela,Mo-Sa 08:00-18:00,Nyamanoro,32.9127645,-2.4935167
mwanza_businesses.328,328,328,8559761243,,,Kilimahewa,,,Mwanza,furniture,Ilemela,Mo-Sa 09:00-20:00,Nyamanoro,32.9115739,-2.4928778
mwanza_businesses.329,329,329,8559761525,,,Kilimahewa,,,Mwanza,convenience,Ilemela,Mo-Sa 09:00-20:00,Nyamanoro,32.9125674,-2.4962619
mwanza_businesses.330,330,330,8559763874,Kilimahewa A,,Kilimahewa A,,,Mwanza,clothes,Ilemela,Mo-Sa 08:00-18:00,Nyamanoro,32.9119277,-2.4938168
mwanza_businesses.331,331,331,8559764120,kilimahewa,,Kilimahewa,Nelson Fashion,,Mwanza,clothes,Ilemela,Mo-Sa 08:00-18:00,Nyamanoro,32.9116488,-2.4934524
mwanza_businesses.332,332,332,8559764622,,,Kilimahewa,,,Mwanza,convenience,Ilemela,Mo-Sa 09:00-20:00,Nyamanoro,32.9121556,-2.493093
mwanza_businesses.333,333,333,8559765362,,,Kilimahewa,,,Mwanza,convenience,Ilemela,Mo-Sa 08:00-18:00,Nyamanoro,32.9128192,-2.4986952
mwanza_businesses.334,334,334,8559772359,kilimahewa,,Kilimahewa,,,Mwanza,convenience,Ilemela,Mo-Sa 09:00-20:00,Nyamanoro,32.9123569,-2.4933452
mwanza_businesses.335,335,335,8559773671,,,Kilimahewa,,,Mwanza,convenience,Ilemela,Mo-Su 09:00-21:00,Nyamanoro,32.91152,-2.4972468
mwanza_businesses.336,336,336,8559737777,,,Mji Mwema,,,Mwanza,beauty,Ilemela,Mo-Sa 09:00-20:00,Nyamanoro,32.9099909,-2.5010368
mwanza_businesses.337,337,337,8559750541,Mkudi,,Mkudi,,,Mwanza,video,Ilemela,Mo-Sa 09:00-20:00,Nyamanoro,32.9104655,-2.5009776
mwanza_businesses.338,338,338,8559763161,,,Mkudi,Lutynaro,,Mwanza,tailor,Ilemela,Mo-Fr 09:00-17:00,Nyamanoro,32.9111767,-2.5002694
mwanza_businesses.339,339,339,8559743127,,,Mkudi,,,Mwanza,hardware,Ilemela,Mo-Sa 09:00-20:00,Nyamanoro,32.9111338,-2.5002266
mwanza_businesses.340,340,340,8559742001,,,Mkudi,,,Mwanza,convenience,Ilemela,Mo-Sa 09:00-20:00,Nyamanoro,32.9112406,-2.5001176
mwanza_businesses.341,341,341,8559761286,,,Mkudi,,,Mwanza,vacant,Ilemela,,Nyamanoro,32.9107904,-2.5000336
mwanza_businesses.342,342,342,8559751774,,,Mkudi,,,Mwanza,vacant,Ilemela,,Nyamanoro,32.9107475,-2.4999908
mwanza_businesses.343,343,343,8559758561,,,Mji Mwema,Diana Hair Beauty Saloon,,Mwanza,beauty,Ilemela,,Nyamanoro,32.9112007,-2.499419
mwanza_businesses.344,344,344,8559693915,Bigbite Road,,Mji Mwema,Patrons Electronics,,Mwanza,electronics,Ilemela,,Nyamanoro,32.9111981,-2.4994119
mwanza_businesses.345,345,345,8559757761,,,Mji Mwema,Mama Oliva Garment,,Mwanza,tailor,Ilemela,,Nyamanoro,32.9103184,-2.499219
mwanza_businesses.346,346,346,8559752202,,,Mji Mwema,,,Mwanza,convenience,Ilemela,,Nyamanoro,32.9103398,-2.4991976
mwanza_businesses.347,347,347,8559737327,,,Kilimahewa,,,Mwanza,convenience,Ilemela,Mo-Sa 08:00-18:00,Nyamanoro,32.9111211,-2.4981822
mwanza_businesses.348,348,348,8559744623,,,Kilimahewa,,,Mwanza,clothes,Ilemela,Mo-Sa 09:00-17:00;Mo-Sa 09:00-20:00;Mo-Sa 08:00-18:00,Nyamanoro,32.9108667,-2.4981698
mwanza_businesses.349,349,349,8559737530,,,Mji Mwema,,,Mwanza,convenience,Ilemela,Mo-Fr 08:00-18:00; Sa-Su 08:00-15:00,Nyamanoro,32.9095972,-2.4981338
mwanza_businesses.350,350,350,8559761175,,,Kilimahewa,,,Mwanza,convenience,Ilemela,Mo-Sa 08:00-18:00,Nyamanoro,32.9110485,-2.4981237
mwanza_businesses.351,351,351,8559759422,,,Kilimahewa,,,Mwanza,convenience,Ilemela,Mo-Sa 08:00-18:00,Nyamanoro,32.9110488,-2.4979964
mwanza_businesses.352,352,352,8559743442,,,Mji Mwema,Mama Wills Shop,,Mwanza,convenience,Ilemela,Mo-Fr 08:00-18:00; Sa-Su 08:00-15:00,Nyamanoro,32.9097886,-2.4978533
mwanza_businesses.353,353,353,8559752160,,,Kilimahewa,,,Mwanza,convenience,Ilemela,Mo-Sa 08:00-18:00,Nyamanoro,32.9109192,-2.4977827
mwanza_businesses.354,354,354,8559753768,,,Kilimahewa,,,Mwanza,convenience,Ilemela,Mo-Sa 09:00-17:00,Nyamanoro,32.9113054,-2.4977398
mwanza_businesses.355,355,355,8559740221,,,Kilimahewa,,,Mwanza,convenience,Ilemela,Mo-Sa 08:00-18:00,Nyamanoro,32.9101226,-2.4975723
mwanza_businesses.356,356,356,8559761659,,,Kilimahewa,,,Mwanza,cosmetics,Ilemela,Mo-Fr 09:00-17:00,Nyamanoro,32.9114127,-2.4974826
mwanza_businesses.357,357,357,8559736729,,,Kilimahewa,,,Mwanza,stationery,Ilemela,Mo-Fr 09:00-17:00,Nyamanoro,32.9114127,-2.4974612
mwanza_businesses.358,358,358,8559747580,,,Kilimahewa,,,Mwanza,alcohol,Ilemela,Mo-Sa 09:00-20:00,Nyamanoro,32.9114342,-2.4974612
mwanza_businesses.359,359,359,8559744756,,,Kilimahewa,,,Mwanza,convenience,Ilemela,Mo-Sa 08:00-18:00,Nyamanoro,32.910769,-2.4966465
mwanza_businesses.360,360,360,8559753725,Nyamanoro Mashariki,,Nyamanoro Mashariki,,,Mwanza,greengrocer,Ilemela,,Nyamanoro,32.9098134,-2.4962742
mwanza_businesses.361,361,361,8559736410,G White lodge,,Kilimahewa,,,Mwanza,convenience,Ilemela,Mo-Sa 08:00-18:00,Nyamanoro,32.9106402,-2.4962392
mwanza_businesses.362,362,362,8559736478,Big bits,,Kilimahewa,,,Mwanza,convenience,Ilemela,Mo-Sa 08:00-18:00,Nyamanoro,32.9107835,-2.495843
mwanza_businesses.363,363,363,8559765428,,,Mji Mwema,,,Mwanza,convenience,Ilemela,,Nyamanoro,32.9098892,-2.4991547
mwanza_businesses.364,364,364,8559766258,,,Kilimahewa,,,Mwanza,convenience,Ilemela,Mo-Sa 08:00-18:00,Nyamanoro,32.9106188,-2.497161
mwanza_businesses.365,365,365,8559769270,Bigbite Road,,Mji Mwema,,,Mwanza,vacant,Ilemela,,Nyamanoro,32.9111981,-2.4994334
mwanza_businesses.366,366,366,8559769632,,,Mji Mwema,,,Mwanza,convenience,Ilemela,Mo-Sa 09:00-20:00,Nyamanoro,32.9099475,-2.5010151
mwanza_businesses.367,367,367,8559770201,,,Mkudi,,,Mwanza,tailor,Ilemela,Mo-Sa 09:00-17:00,Nyamanoro,32.9113988,-2.5005411
mwanza_businesses.368,368,368,8559770203,,,Mkudi,,,Mwanza,convenience,Ilemela,Mo-Sa 09:00-20:00,Nyamanoro,32.9111552,-2.500248
mwanza_businesses.369,369,369,8559770630,,,Kilimahewa,,,Mwanza,convenience,Ilemela,Mo-Sa 08:00-18:00,Nyamanoro,32.9105973,-2.4970753
mwanza_businesses.370,370,370,8559770699,,,Kilimahewa,,,Mwanza,convenience,Ilemela,Mo-Sa 08:00-18:00,Nyamanoro,32.910769,-2.4967323
mwanza_businesses.371,371,371,8559771578,,,Mji Mwema,Eddo Massai,,Mwanza,art,Ilemela,,Nyamanoro,32.9112007,-2.4993967
mwanza_businesses.372,372,372,8559735550,Mkudi,,Mkudi,Brighton Shop,,Mwanza,gas,Ilemela,Mo-Sa 08:00-18:00,Nyamanoro,32.907486,-2.5004838
mwanza_businesses.373,373,373,8559751238,Mkudi,,Mkudi,,,Mwanza,convenience,Ilemela,Mo-Sa 09:00-20:00,Nyamanoro,32.907207,-2.5001194
mwanza_businesses.374,374,374,8559756783,Mkudi,,Mkudi,,,Mwanza,convenience,Ilemela,Mo-Sa 08:00-18:00,Nyamanoro,32.9078293,-2.4999479
mwanza_businesses.375,375,375,8559761773,,,Mkudi,,,Mwanza,convenience,Ilemela,Mo-Sa 09:00-20:00;24/7,Nyamanoro,32.907,-2.4993492
mwanza_businesses.376,376,376,8559752020,,,Mkudi,,,Mwanza,convenience,Ilemela,Mo-Sa 09:00-20:00;24/7,Nyamanoro,32.9070324,-2.4993272
mwanza_businesses.377,377,377,8559763232,,,Mkudi,,,Mwanza,convenience,Ilemela,Mo-Sa 09:00-20:00;24/7,Nyamanoro,32.9070596,-2.4993084
mwanza_businesses.378,378,378,8559765047,,,Mkudi,,,Mwanza,convenience,Ilemela,Mo-Sa 09:00-20:00;24/7,Nyamanoro,32.9070816,-2.4992958
mwanza_businesses.379,379,379,8559760678,Mkudi,,Mkudi,,,Mwanza,convenience,Ilemela,Mo-Sa 09:00-20:00,Nyamanoro,32.9083872,-2.4990475
mwanza_businesses.380,380,380,8559738929,Mkudi,,Mkudi,,,Mwanza,convenience,Ilemela,,Nyamanoro,32.9059625,-2.4990261
mwanza_businesses.381,381,381,8559757102,Mkudi,,Mkudi,,,Mwanza,vacant,Ilemela,,Nyamanoro,32.906177,-2.498876
mwanza_businesses.382,382,382,8559758784,,,nyamanoro 2,,,Mwanza,convenience,Ilemela,Mo-Fr 08:00-18:00; Sa-Su 08:00-15:00,Nyamanoro,32.9069924,-2.4981257
mwanza_businesses.383,383,383,8559741044,,,nyamanoro 2,,,Mwanza,convenience,Ilemela,Mo-Fr 08:00-18:00; Sa-Su 08:00-15:00,Nyamanoro,32.9064345,-2.4977184
mwanza_businesses.384,384,384,8559758993,Mkudi,,Mkudi,,0742351634,Mwanza,tailor,Ilemela,,Nyamanoro,32.9058981,-2.4973968
mwanza_businesses.385,385,385,8559748438,,,Nyamanoro A,,,Mwanza,convenience,Ilemela,Mo-Su 09:00-21:00,Nyamanoro,32.9068887,-2.4966113
mwanza_businesses.386,386,386,8559735871,,,Mnyampala,,,Mwanza,vacant,Ilemela,Mo-Sa 08:00-18:00,Nyamanoro,32.9072285,-2.4964965
mwanza_businesses.387,387,387,8559754522,,,Mnyampala,,,Mwanza,convenience,Ilemela,Mo-Sa 08:00-18:00,Nyamanoro,32.9074645,-2.4964322
mwanza_businesses.388,388,388,8559758673,,,Nyamanoro A,,,Mwanza,convenience,Ilemela,Mo-Sa 09:00-20:00,Nyamanoro,32.9063702,-2.4964107
mwanza_businesses.389,389,389,8559741573,,,Mnyampala,,,Mwanza,convenience,Ilemela,Mo-Sa 08:00-18:00,Nyamanoro,32.9075289,-2.4963464
mwanza_businesses.390,390,390,8559757211,,,Nyamanoro A,,,Mwanza,convenience,Ilemela,Mo-Fr 09:00-17:00,Nyamanoro,32.9061127,-2.496325
mwanza_businesses.391,391,391,8559753240,Nyamanoro Mashariki,,Nyamanoro Mashariki,,,Mwanza,convenience,Ilemela,,Nyamanoro,32.908988,-2.4960034
mwanza_businesses.392,392,392,8559745853,Nyamanoro Mashariki,,Nyamanoro Mashariki,,,Mwanza,convenience,Ilemela,Mo-Sa 09:00-17:00,Nyamanoro,32.9059839,-2.4959605
mwanza_businesses.393,393,393,8559765430,,,Nyamanoro A,,,Mwanza,convenience,Ilemela,Mo-Su 09:00-21:00,Nyamanoro,32.9059661,-2.4950769
mwanza_businesses.394,394,394,8559768188,Mkudi,,Mkudi,,,Mwanza,beauty,Ilemela,,Nyamanoro,32.9059839,-2.4975469
mwanza_businesses.395,395,395,8559770562,Mkudi,,Mkudi,Uyui Shop,,Mwanza,convenience,Ilemela,Mo-Su 09:00-21:00,Nyamanoro,32.9080224,-2.5000336
mwanza_businesses.396,396,396,8559771511,Mkudi,,Mkudi,Mapesa Butcher,,Mwanza,butcher,Ilemela,Mo-Sa 08:00-18:00,Nyamanoro,32.9075309,-2.5007366
mwanza_businesses.397,397,397,8559772471,Mkudi,,Mkudi,,,Mwanza,tailor,Ilemela,Mo-Sa 08:00-18:00,Nyamanoro,32.907486,-2.500591
mwanza_businesses.398,398,398,8559773562,,,Mkudi,,,Mwanza,convenience,Ilemela,Mo-Sa 09:00-20:00;24/7,Nyamanoro,32.9069738,-2.4993638
mwanza_businesses.399,399,399,8559736908,Mkudi,,Mkudi,Glory Mini _Shop,,Mwanza,convenience,Ilemela,,Nyamanoro,32.9057956,-2.4980541
mwanza_businesses.400,400,400,8559737285,,,Ghana,,,Mwanza,convenience,Ilemela,Mo-Su 09:00-21:00,Nyamanoro,32.90452,-2.4979732
mwanza_businesses.401,401,401,8559746787,,,Ghana,,,Mwanza,hairdresser,Ilemela,Mo-Su 09:00-21:00,Nyamanoro,32.9045523,-2.4975464
mwanza_businesses.402,402,402,8559749908,,,Nyamanoro A,,,Mwanza,convenience,Ilemela,Mo-Su 09:00-21:00,Nyamanoro,32.9018992,-2.4974785
mwanza_businesses.403,403,403,8559735938,,,Nyamanoro A,,,Mwanza,stationery,Ilemela,Mo-Su 09:00-21:00,Nyamanoro,32.9019499,-2.4971825
mwanza_businesses.404,404,404,8559735730,,,Ghana,,,Mwanza,convenience,Ilemela,Mo-Su 09:00-21:00;Mo-Fr 09:00-17:00,Nyamanoro,32.9047256,-2.4971598
mwanza_businesses.405,405,405,8559752228,,,Ghana,,,Mwanza,mobile_phone,Ilemela,Mo-Fr 09:00-17:00,Nyamanoro,32.9046805,-2.4971598
mwanza_businesses.406,406,406,8559738613,,,Nyamanoro A,Patric Shop,,Mwanza,electronics,Ilemela,Mo-Sa 09:00-20:00,Nyamanoro,32.9015207,-2.4965608
mwanza_businesses.407,407,407,8559744687,,,Nyamanoro A,Ashery Library,,Mwanza,video,Ilemela,Mo-Sa 09:00-20:00,Nyamanoro,32.9014349,-2.4965179
mwanza_businesses.408,408,408,8559753199,,,Nyamanoro A,,,Mwanza,clothes,Ilemela,Mo-Sa 09:00-20:00,Nyamanoro,32.9013705,-2.4964107
mwanza_businesses.409,409,409,5453158526,,,,Relax hair cutting saloon,,Mwanza,hairdresser,Ilemela,,Nyamanoro,32.90347,-2.4964061
mwanza_businesses.410,410,410,8559754662,,,Ghana,,,Mwanza,convenience,Ilemela,Mo-Sa 09:00-20:00,Nyamanoro,32.9052905,-2.4958965
mwanza_businesses.411,411,411,8559741155,,,Ghana,,,Mwanza,electronics,Ilemela,Mo-Su 09:00-21:00,Nyamanoro,32.9052582,-2.4958827
mwanza_businesses.412,412,412,8559735163,,,Ghana,,,Mwanza,convenience,Ilemela,Mo-Fr 08:00-18:00; Sa-Su 08:00-15:00,Nyamanoro,32.9052282,-2.495855
mwanza_businesses.413,413,413,8559738972,,,Ghana,,,Mwanza,beverages,Ilemela,Mo-Su 09:00-21:00,Nyamanoro,32.9051761,-2.4958347
mwanza_businesses.414,414,414,8559735367,,,Nyamanoro A,Salma Hair Dress Salon,,Mwanza,hairdresser,Ilemela,Mo-Sa 09:00-20:00,Nyamanoro,32.9054904,-2.4956604
mwanza_businesses.415,415,415,8559744128,,,Nyamonoro A,Aelys stationary,,Mwanza,stationery,Ilemela,Mo-Fr 08:00-18:00; Sa-Su 08:00-15:00,Nyamanoro,32.9052114,-2.4955747
mwanza_businesses.416,416,416,8559737045,,,Nyamanoro A,Mkudi Posho Mill,,Mwanza,convenience,Ilemela,Mo-Sa 08:00-18:00,Nyamanoro,32.904911,-2.495446
mwanza_businesses.417,417,417,8559749591,,,Nyamanoro A,Mama Loveness Beauty Salon,,Mwanza,hairdresser,Ilemela,Mo-Sa 08:00-18:00,Nyamanoro,32.9052544,-2.4954246
mwanza_businesses.418,418,418,8559754592,,,Nyamanoro A,,,Mwanza,vacant,Ilemela,Mo-Sa 08:00-18:00,Nyamanoro,32.904954,-2.4953817
mwanza_businesses.419,419,419,8559735618,,,Nyamanoro A,,,Mwanza,tailor,Ilemela,Mo-Su 09:00-21:00,Nyamanoro,32.9052848,-2.4953153
mwanza_businesses.420,420,420,8559754977,,,Ghana,,,Mwanza,cosmetics,Ilemela,Mo-Su 09:00-21:00,Nyamanoro,32.9053527,-2.4959172
mwanza_businesses.421,421,421,8559755539,,,Nyamanoro A,,,Mwanza,vacant,Ilemela,,Nyamanoro,32.9013749,-2.498106
mwanza_businesses.422,422,422,8559755606,,,Nyamanoro A,,,Mwanza,vacant,Ilemela,,Nyamanoro,32.9015422,-2.4965608
mwanza_businesses.423,423,423,8559756537,,,Nyamanoro A,,,Mwanza,beauty,Ilemela,Mo-Sa 08:00-18:00,Nyamanoro,32.9046619,-2.4953535
mwanza_businesses.424,424,424,8559757829,,,Nyamanoro A,Bin Salym Motorcycle Spare Parts,,Mwanza,motorcycle_repair,Ilemela,Mo-Sa 08:00-18:00,Nyamanoro,32.9021215,-2.4972039
mwanza_businesses.425,425,425,8559758007,,,Ghana,,,Mwanza,gas,Ilemela,Mo-Su 09:00-21:00,Nyamanoro,32.9050747,-2.4959091
mwanza_businesses.426,426,426,8559758810,,,Nyamanoro A,Classic Shop,,Mwanza,convenience,Ilemela,,Nyamanoro,32.9052848,-2.4953369
mwanza_businesses.427,427,427,8559758923,,,Nyamanoro A,Basi Sawa Library,,Mwanza,video,Ilemela,,Nyamanoro,32.9052848,-2.4953586
mwanza_businesses.428,428,428,8559759245,,,Ghana,,,Mwanza,butcher,Ilemela,Mo-Su 09:00-21:00,Nyamanoro,32.9051244,-2.4970247
mwanza_businesses.429,429,429,8559759354,,,Nyamanoro A,Alice,,Mwanza,beauty,Ilemela,Mo-Su 09:00-21:00,Nyamanoro,32.9013276,-2.4963893
mwanza_businesses.430,430,430,8559760611,,,Nyamanoro A,Double J,,Mwanza,beauty,Ilemela,Mo-Sa 09:00-20:00,Nyamanoro,32.9017782,-2.4965394
mwanza_businesses.431,431,431,8559761106,,,Ghana,,,Mwanza,clothes,Ilemela,Mo-Fr 09:00-17:00,Nyamanoro,32.9050747,-2.4958982
mwanza_businesses.432,432,432,8559762161,,,Nyamanoro A,,,Mwanza,tailor,Ilemela,Mo-Fr 08:00-18:00; Sa-Su 08:00-15:00,Nyamanoro,32.901907,-2.4972039
mwanza_businesses.433,433,433,8559765472,,,Nyamanoro A,,,Mwanza,convenience,Ilemela,Mo-Su 09:00-21:00,Nyamanoro,32.9052757,-2.4952881
mwanza_businesses.434,434,434,8559766123,,,Nyamanoro A,,,Mwanza,convenience,Ilemela,Mo-Sa 08:00-18:00,Nyamanoro,32.9047376,-2.4954039
mwanza_businesses.435,435,435,8559766327,,,Ghana,,,Mwanza,clothes,Ilemela,Mo-Sa 09:00-20:00;Mo-Su 09:00-21:00,Nyamanoro,32.9052074,-2.495855
mwanza_businesses.436,436,436,8559766505,,,,,,Mwanza,clothes,Ilemela,,Nyamanoro,32.9058337,-2.4975255
mwanza_businesses.437,437,437,8559767625,,,Nyamanoro A,,,Mwanza,butcher,Ilemela,Mo-Sa 09:00-20:00,Nyamanoro,32.9014349,-2.4965394
mwanza_businesses.438,438,438,8559767733,Mkudi,,Mkudi,,,Mwanza,convenience,Ilemela,,Nyamanoro,32.9058123,-2.4973754
mwanza_businesses.439,439,439,8559768548,,,Nyamanoro A,,,Mwanza,cosmetics,Ilemela,Mo-Sa 09:00-20:00,Nyamanoro,32.9013491,-2.4963893
mwanza_businesses.440,440,440,8559768774,,,Ghana,,,Mwanza,cosmetics,Ilemela,Mo-Su 09:00-21:00,Nyamanoro,32.9053903,-2.4959392
mwanza_businesses.441,441,441,8559769589,,,Nyamanoro A,Mama Ally,,Mwanza,supermarket,Ilemela,Mo-Su 09:00-21:00,Nyamanoro,32.9013491,-2.4964107
mwanza_businesses.442,442,442,8559770246,,,Nyamanoro A,,,Mwanza,vacant,Ilemela,,Nyamanoro,32.9014564,-2.4970967
mwanza_businesses.443,443,443,8559760181,,,Kilimahewa,,,Mwanza,convenience,Ilemela,Mo-Sa 08:00-18:00,Nyamanoro,32.9133439,-2.4971825
mwanza_businesses.444,444,444,8559738364,,,Ilemela,,,Mwanza,convenience,Ilemela,,Nyamanoro,32.9141002,-2.4950392
mwanza_businesses.445,445,445,8559750155,Kwa Msuka,,Kilimahewa,,,Mwanza,clothes,Ilemela,,Nyamanoro,32.9141002,-2.4950228
mwanza_businesses.446,446,446,8559756342,,,Kilimahewa,Power Stationary,,Mwanza,stationery,Ilemela,,Nyamanoro,32.9141002,-2.4950064
mwanza_businesses.447,447,447,8559739095,,,Kilimahewa,,,Mwanza,convenience,Ilemela,,Nyamanoro,32.9141002,-2.49499
mwanza_businesses.448,448,448,8559748078,,,Kilimahewa,,,Mwanza,convenience,Ilemela,,Nyamanoro,32.9139747,-2.4949847
mwanza_businesses.449,449,449,8559740353,,,Kilimahewa,,,Mwanza,butcher,Ilemela,,Nyamanoro,32.9139111,-2.4949593
mwanza_businesses.450,450,450,8559751527,Soko La Kwa Msuka,,Kilimahewa,,,Mwanza,convenience,Ilemela,,Nyamanoro,32.9137843,-2.4949321
mwanza_businesses.451,451,451,8559757345,Soko La Kwa Msuka,,Kilimahewa,,,Mwanza,convenience,Ilemela,,Nyamanoro,32.9137324,-2.4948975
mwanza_businesses.452,452,452,8559721296,Soko La Kwa Msuka,,Kilimahewa,,,Mwanza,mobile_phone,Ilemela,,Nyamanoro,32.9137191,-2.4948926
mwanza_businesses.453,453,453,8559743510,kilimahewa,,Nyamanoro,,,Mwanza,houseware,Ilemela,,Nyamanoro,32.9136826,-2.4948881
mwanza_businesses.454,454,454,8559753128,Soko La Kwa Msuka,,Kilimahewa,,,Mwanza,beverages,Ilemela,,Nyamanoro,32.9136632,-2.4948803
mwanza_businesses.455,455,455,8559748575,,,Kilimahewa,,,Mwanza,beauty,Ilemela,Mo-Sa 09:00-20:00,Nyamanoro,32.9133369,-2.4948792
mwanza_businesses.456,456,456,8559737779,Soko La Kwa Msuka,,Kilimahewa,,,Mwanza,gas,Ilemela,,Nyamanoro,32.9136805,-2.494863
mwanza_businesses.457,457,457,8559742113,Soko La Kwa Msuka,,Kilimahewa,,,Mwanza,cosmetics,Ilemela,,Nyamanoro,32.9136182,-2.4948595
mwanza_businesses.458,458,458,8559736272,Soko La Kwa Msuka,,Kilimahewa,,,Mwanza,kiosk,Ilemela,,Nyamanoro,32.9136539,-2.4948595
mwanza_businesses.459,459,459,8559754153,Soko La Kwa Msuka,,Kilimahewa,,,Mwanza,houseware,Ilemela,,Nyamanoro,32.9141744,-2.4948335
mwanza_businesses.460,460,460,8559761954,Soko La Kwa Msuka,,Kilimahewa,,,Mwanza,cosmetics,Ilemela,,Nyamanoro,32.9141615,-2.4948206
mwanza_businesses.461,461,461,8559764870,,,Kilimahewa,,,Mwanza,clothes,Ilemela,,Nyamanoro,32.9138984,-2.4949593
mwanza_businesses.462,462,462,8559766747,,,Kilimahewa,,,Mwanza,clothes,Ilemela,Mo-Sa 09:00-20:00,Nyamanoro,32.9133508,-2.4948787
mwanza_businesses.463,463,463,8559768300,,,Nyamanoro A,,,Mwanza,houseware,Ilemela,Mo-Sa 09:00-20:00,Nyamanoro,32.9037309,-2.4951674
mwanza_businesses.464,464,464,8559731004,,,Nyamanoro A,,,Mwanza,convenience,Ilemela,Mo-Su 09:00-21:00,Nyamanoro,32.9038596,-2.4951031
mwanza_businesses.465,465,465,8559695480,,,Nyamanoro A,,,Mwanza,beverages,Ilemela,Mo-Su 09:00-21:00,Nyamanoro,32.9033232,-2.4951031
mwanza_businesses.466,466,466,8559755649,,,Nyamanoro A,Key Saloon,,Mwanza,beauty,Ilemela,Mo-Su 09:00-21:00,Nyamanoro,32.9033446,-2.4951031
mwanza_businesses.467,467,467,8559760680,,,Nyamanoro A,,,Mwanza,convenience,Ilemela,Mo-Su 09:00-21:00,Nyamanoro,32.9033446,-2.4950816
mwanza_businesses.468,468,468,8559761173,,,Nyamanoro A,,,Mwanza,convenience,Ilemela,Mo-Su 09:00-21:00,Nyamanoro,32.9022932,-2.4950602
mwanza_businesses.469,469,469,8559741434,,,Nyamanoro A,,,Mwanza,tailor,Ilemela,Mo-Sa 08:00-18:00,Nyamanoro,32.9057264,-2.4950387
mwanza_businesses.470,470,470,8559736839,,,Nyamanoro A,,,Mwanza,alcohol,Ilemela,Mo-Sa 08:00-18:00,Nyamanoro,32.9033017,-2.4950173
mwanza_businesses.471,471,471,8559748147,,,Nyamanoro A,,,Mwanza,butcher,Ilemela,Mo-Sa 09:00-17:00,Nyamanoro,32.9050827,-2.4949959
mwanza_businesses.472,472,472,8559738859,,,Nyamanoro A,,,Mwanza,houseware,Ilemela,Mo-Sa 09:00-20:00,Nyamanoro,32.9051042,-2.4948887
mwanza_businesses.473,473,473,8559754841,,,Nyamaniro A,,,Mwanza,convenience,Ilemela,Mo-Sa 08:00-18:00,Nyamanoro,32.9051256,-2.4948672
mwanza_businesses.474,474,474,5453158523,,,,Kashimba spear parts,,Mwanza,car_repair,Ilemela,,Nyamanoro,32.9047941,-2.4947849
mwanza_businesses.475,475,475,8559735689,,,Nyamanoro A,Victor Shop,,Mwanza,vacant,Ilemela,,Nyamanoro,32.9051471,-2.4946743
mwanza_businesses.476,476,476,8559760138,,,Nyamanoro A,,,Mwanza,gas,Ilemela,Mo-Sa 08:00-18:00;24/7,Nyamanoro,32.9048467,-2.4945671
mwanza_businesses.477,477,477,8559735052,,,Nyamonoro A,,,Mwanza,clothes,Ilemela,Mo-Fr 08:00-18:00; Sa-Su 08:00-15:00,Nyamanoro,32.9056191,-2.4945028
mwanza_businesses.478,478,478,8559742068,,,Nyamonoro A,,,Mwanza,copyshop,Ilemela,Mo-Fr 08:00-18:00; Sa-Su 08:00-15:00,Nyamanoro,32.9048365,-2.4944511
mwanza_businesses.479,479,479,8559737574,,,Nyamanoro A,,,Mwanza,convenience,Ilemela,Mo-Su 09:00-21:00,Nyamanoro,32.9024649,-2.4944385
mwanza_businesses.480,480,480,8559741292,Kona ya Bwiru,,Nyamanoro A,Bob Paak,,Mwanza,hairdresser,Ilemela,Mo-Sa 08:00-18:00,Nyamanoro,32.9042748,-2.4941427
mwanza_businesses.481,481,481,8559759891,,,Nyamanoro A,Bright Technical System And General Supply,,Mwanza,electronics,Ilemela,,Nyamanoro,32.9049632,-2.4941238
mwanza_businesses.482,482,482,8559747649,,,Nyamonoro A,,,Mwanza,convenience,Ilemela,Mo-Fr 08:00-18:00; Sa-Su 08:00-15:00,Nyamanoro,32.9050398,-2.4939026
mwanza_businesses.483,483,483,8559745649,,,Nyamanoro A,,,Mwanza,clothes,Ilemela,Mo-Sa 08:00-18:00,Nyamanoro,32.9054904,-2.4938168
mwanza_businesses.484,484,484,8559698311,,,Nyamonoro A,,,Mwanza,convenience,Ilemela,,Nyamanoro,32.9056621,-2.4938168
mwanza_businesses.485,485,485,8559744058,,,Nyamanoro A,,,Mwanza,vacant,Ilemela,Mo-Sa 08:00-18:00,Nyamanoro,32.9050787,-2.4937858
mwanza_businesses.486,486,486,8559767491,,,Ghana,,,Mwanza,convenience,Ilemela,Mo-Su 09:00-21:00,Nyamanoro,32.9040313,-2.4937739
mwanza_businesses.487,487,487,8559744378,,,Nyamonoro A,,,Mwanza,convenience,Ilemela,Mo-Fr 08:00-18:00; Sa-Su 08:00-15:00;Mo-Su 09:00-21:00,Nyamanoro,32.905705,-2.4937096
mwanza_businesses.488,488,488,8559751840,,,Nyamanoro A,,,Mwanza,vacant,Ilemela,,Nyamanoro,32.9055119,-2.4936453
mwanza_businesses.489,489,489,8559768435,,,,,,Mwanza,fabric,Ilemela,Mo-Sa 08:00-18:00,Nyamanoro,32.9046036,-2.4935314
mwanza_businesses.490,490,490,8559732136,,,Nyamanoro A,,,Mwanza,hairdresser,Ilemela,Mo-Su 09:00-21:00,Nyamanoro,32.9057693,-2.4934846
mwanza_businesses.491,491,491,8559754222,,,Nyamonoro A,,,Mwanza,convenience,Ilemela,Mo-Fr 09:00-17:00,Nyamanoro,32.9058337,-2.4933666
mwanza_businesses.492,492,492,8559757031,,,Nyamanoro,Sign Warehouse,,Mwanza,houseware,Ilemela,24/7,Nyamanoro,32.9044849,-2.4932823
mwanza_businesses.493,493,493,8559768842,,,Nyamanoro A,,,Mwanza,convenience,Ilemela,Mo-Sa 09:00-20:00,Nyamanoro,32.9037523,-2.4951459
mwanza_businesses.494,494,494,8559769021,,,Nyamonoro A,,,Mwanza,stationery,Ilemela,Mo-Fr 08:00-18:00; Sa-Su 08:00-15:00,Nyamanoro,32.9053187,-2.4951888
mwanza_businesses.495,495,495,8559771257,,,Nyamanoro A,,,Mwanza,vacant,Ilemela,,Nyamanoro,32.9022932,-2.4950816
mwanza_businesses.496,496,496,8559771688,,,Nyamanoro A,,,Mwanza,tailor,Ilemela,Mo-Sa 09:00-17:00,Nyamanoro,32.9039544,-2.4952353
mwanza_businesses.497,497,497,8559772006,,,Ghana,,,Mwanza,convenience,Ilemela,Mo-Su 09:00-21:00,Nyamanoro,32.90338,-2.4936908
mwanza_businesses.498,498,498,8559748686,kilimahewa,,Kilimahewa,Mnyama,,Mwanza,mobile_phone,Ilemela,Mo-Fr 09:00-17:00;Mo-Sa 08:00-18:00,Nyamanoro,32.9131079,-2.4948029
mwanza_businesses.499,499,499,8559747827,Soko La Kwa Msuka,,Kilimahewa,,,Mwanza,tailor,Ilemela,,Nyamanoro,32.9141823,-2.4947933
mwanza_businesses.500,500,500,8559751637,Soko La Kwa Msuka,,Kilimahewa,,,Mwanza,vacant,Ilemela,,Nyamanoro,32.9141987,-2.4947277
mwanza_businesses.501,501,501,8559757650,kilimahewa,,Nyamanoro,,,Mwanza,beauty,Ilemela,,Nyamanoro,32.913552,-2.4947229
mwanza_businesses.502,502,502,8559755855,Soko La Kwa Msuka,,Kilimahewa,,,Mwanza,wholesale,Ilemela,,Nyamanoro,32.914127,-2.494616
mwanza_businesses.503,503,503,8559755337,Soko La Kwa Msuka,,Kilimahewa,,,Mwanza,hairdresser,Ilemela,,Nyamanoro,32.9140983,-2.4946017
mwanza_businesses.504,504,504,8559742373,Soko La Kwa Msuka,,Kilimahewa,,,Mwanza,video,Ilemela,,Nyamanoro,32.9140123,-2.4945874
mwanza_businesses.505,505,505,8559752091,Soko La Kwa Msuka,,Kilimahewa,,,Mwanza,stationery,Ilemela,,Nyamanoro,32.9140553,-2.4945874
mwanza_businesses.506,506,506,8559752992,Soko La Kwa Msuka,,Kilimahewa,,,Mwanza,convenience,Ilemela,,Nyamanoro,32.9140409,-2.4945874
mwanza_businesses.507,507,507,8559753973,Soko La Kwa Msuka,,Kilimahewa,,,Mwanza,hairdresser,Ilemela,,Nyamanoro,32.9139263,-2.4945587
mwanza_businesses.508,508,508,8559754665,Soko La Kwa Msuka,,Kilimahewa,,,Mwanza,houseware,Ilemela,,Nyamanoro,32.9139406,-2.4945587
mwanza_businesses.509,509,509,8559737710,Soko La Kwa Msuka,,Kilimahewa,,,Mwanza,cosmetics,Ilemela,,Nyamanoro,32.9139119,-2.4945587
mwanza_businesses.510,510,510,8559745401,Soko la kwa Msuka,,Kilimahewa,,,Mwanza,wholesale,Ilemela,,Nyamanoro,32.9138976,-2.4945444
mwanza_businesses.511,511,511,8559751171,Soko La Kwa Msuka,,Kilimahewa,,,Mwanza,beverages,Ilemela,,Nyamanoro,32.9138403,-2.4945301
mwanza_businesses.512,512,512,8559748641,Soko La Kwa Msuka,,Kilimahewa,,,Mwanza,vacant,Ilemela,,Nyamanoro,32.9138833,-2.4945301
mwanza_businesses.513,513,513,8559757624,Soko La Kwa Msuka,,Kilimahewa,,,Mwanza,convenience,Ilemela,,Nyamanoro,32.9137256,-2.4945158
mwanza_businesses.514,514,514,8559742070,Soko La Kwa Msuka,,Kilimahewa,,,Mwanza,butcher,Ilemela,,Nyamanoro,32.9136969,-2.4945014
mwanza_businesses.515,515,515,8559748320,Soko La Kwa Msuka,,Ilemela,,,Mwanza,tailor,Ilemela,,Nyamanoro,32.9137256,-2.4944871
mwanza_businesses.516,516,516,8559758255,Soko La Kwa Msuka,,Kilimahewa,,,Mwanza,gas,Ilemela,,Nyamanoro,32.9136826,-2.4944871
mwanza_businesses.517,517,517,8559746539,Soko La Kwa Msuka,,Kilimahewa,,,Mwanza,butcher,Ilemela,,Nyamanoro,32.9137028,-2.4944864
mwanza_businesses.518,518,518,8559759755,,,Kilimahewa,,,Mwanza,tailor,Ilemela,Mo-Sa 08:00-18:00,Nyamanoro,32.9134789,-2.4944197
mwanza_businesses.519,519,519,8559739973,,,Kilimahewa,,,Mwanza,hairdresser,Ilemela,Mo-Su 09:00-21:00,Nyamanoro,32.9128829,-2.4944014
mwanza_businesses.520,520,520,8559747509,kilimahewa,,Kilimahewa,,,Mwanza,convenience,Ilemela,Mo-Sa 09:00-17:00,Nyamanoro,32.9131508,-2.4943527
mwanza_businesses.521,521,521,8559741757,,,Kilimahewa,,,Mwanza,vacant,Ilemela,,Nyamanoro,32.9131526,-2.4941982
mwanza_businesses.522,522,522,8559747623,,,Kilimahewa,,,Mwanza,electronics,Ilemela,Mo-Sa 08:00-18:00,Nyamanoro,32.9131737,-2.4941771
mwanza_businesses.523,523,523,8559747035,,,Kilimahewa,,,Mwanza,beauty,Ilemela,Mo-Sa 09:00-20:00,Nyamanoro,32.9128852,-2.4936173
mwanza_businesses.524,524,524,8559753308,,,Kilimahewa,,,Mwanza,cosmetics,Ilemela,Mo-Su 09:00-21:00,Nyamanoro,32.9128852,-2.4935553
mwanza_businesses.525,525,525,8559760927,,,Kilimahewa,,,Mwanza,clothes,Ilemela,Mo-Su 09:00-21:00,Nyamanoro,32.9129783,-2.4935398
mwanza_businesses.526,526,526,8559747351,,,Kilimahewa,,,Mwanza,convenience,Ilemela,Mo-Su 09:00-21:00,Nyamanoro,32.9129007,-2.4935243
mwanza_businesses.527,527,527,8559737283,,,Kilimahewa,,,Mwanza,convenience,Ilemela,Mo-Sa 09:00-20:00,Nyamanoro,32.9129473,-2.4935243
mwanza_businesses.528,528,528,8559761661,,,Kilimahewa,,,Mwanza,vacant,Ilemela,,Nyamanoro,32.9131526,-2.4942193
mwanza_businesses.529,529,529,8559763984,Soko La Kwa Msuka,,Kilimahewa,,,Mwanza,cosmetics,Ilemela,,Nyamanoro,32.9140983,-2.494616
mwanza_businesses.530,530,530,8559764692,,,Kilimahewa,,,Mwanza,convenience,Ilemela,Mo-Su 09:00-21:00,Nyamanoro,32.9128978,-2.4944308
mwanza_businesses.531,531,531,8559766054,Soko La Kwa Msuka,,Kilimahewa,,,Mwanza,convenience,Ilemela,,Nyamanoro,32.9138259,-2.4945158
mwanza_businesses.532,532,532,8559767108,kilimahewa,,Kilimahewa,,,Mwanza,hairdresser,Ilemela,Mo-Sa 09:00-20:00,Nyamanoro,32.9129148,-2.4937739
mwanza_businesses.533,533,533,8559769132,Soko La Kwa Msuka,,Kilimahewa,,,Mwanza,wholesale,Ilemela,,Nyamanoro,32.9137972,-2.4945158
mwanza_businesses.534,534,534,8559769520,Soko La Kwa Msuka,,Kilimahewa,,,Mwanza,convenience,Ilemela,,Nyamanoro,32.914084,-2.494616
mwanza_businesses.535,535,535,8559770313,Soko La Kwa Msuka,,Kilimahewa,,,Mwanza,gas,Ilemela,,Nyamanoro,32.9139119,-2.4945444
mwanza_businesses.536,536,536,8559770702,Soko La Kwa Msuka,,Kilimahewa,,,Mwanza,vacant,Ilemela,,Nyamanoro,32.9141987,-2.4947605
mwanza_businesses.537,537,537,8559771054,Soko La Kwa Msuka,,Kilimahewa,,,Mwanza,houseware,Ilemela,,Nyamanoro,32.914084,-2.4946017
mwanza_businesses.538,538,538,8559771371,Soko La Kwa Msuka,,Kilimahewa,,,Mwanza,butcher,Ilemela,,Nyamanoro,32.9138116,-2.4945158
mwanza_businesses.539,539,539,8559772784,,,Kilimahewa,,,Mwanza,hardware,Ilemela,Mo-Sa 08:00-18:00,Nyamanoro,32.9132303,-2.4948276
mwanza_businesses.540,540,540,8559762272,,,Nyamanoro A,,,Mwanza,vacant,Ilemela,,Nyamanoro,32.9061069,-2.4938319
mwanza_businesses.541,541,541,8559750293,,,,,,Mwanza,video,Ilemela,Mo-Fr 08:00-18:00; Sa-Su 08:00-15:00,Nyamanoro,32.9061276,-2.493717
mwanza_businesses.542,542,542,8559731794,,,Nyamonoro A,,,Mwanza,stationery,Ilemela,Mo-Fr 08:00-18:00; Sa-Su 08:00-15:00,Nyamanoro,32.9063903,-2.4936856
mwanza_businesses.543,543,543,8559762800,,,Nyamanoro A,Norbert Garment,,Mwanza,tailor,Ilemela,Mo-Su 09:00-21:00,Nyamanoro,32.9062433,-2.4933292
mwanza_businesses.544,544,544,8559751951,,,Kilimahewa,,,Mwanza,kiosk,Ilemela,Mo-Su 09:00-21:00,Nyamanoro,32.9068219,-2.4931643
mwanza_businesses.545,545,545,8559735980,,,Kilimahewa,,,Mwanza,kiosk,Ilemela,Mo-Su 09:00-21:00,Nyamanoro,32.9068411,-2.4931643
mwanza_businesses.546,546,546,8559742249,,,Kilimahewa,,,Mwanza,hairdresser,Ilemela,Mo-Su 09:00-21:00,Nyamanoro,32.9067159,-2.4931184
mwanza_businesses.547,547,547,8559764301,,,Kilimahewa,,,Mwanza,convenience,Ilemela,Mo-Sa 08:00-18:00,Nyamanoro,32.9092459,-2.4930108
mwanza_businesses.548,548,548,8559751595,,,Kilimahewa,Arts and Creativity,,Mwanza,craft,Ilemela,Mo-Sa 08:00-18:00,Nyamanoro,32.9090965,-2.4929469
mwanza_businesses.549,549,549,8559749004,,,Kilimahewa,,,Mwanza,vacant,Ilemela,,Nyamanoro,32.9088497,-2.4929172
mwanza_businesses.550,550,550,8559763564,,,Kilimahewa,,,Mwanza,vacant,Ilemela,,Nyamanoro,32.9089685,-2.4929042
mwanza_businesses.551,551,551,8559763118,,,Kilimahewa,,,Mwanza,electronics,Ilemela,Mo-Sa 08:00-18:00,Nyamanoro,32.9087056,-2.4928206
mwanza_businesses.552,552,552,8559759242,,,Kilimahewa,,,Mwanza,convenience,Ilemela,Mo-Fr 08:00-18:00; Sa-Su 08:00-15:00,Nyamanoro,32.9087024,-2.4928146
mwanza_businesses.553,553,553,8559764053,,,Kilimahewa,,,Mwanza,convenience,Ilemela,Mo-Fr 08:00-18:00; Sa-Su 08:00-15:00,Nyamanoro,32.9086018,-2.4927754
mwanza_businesses.554,554,554,8559750335,,,Nyamonoro A,,,Mwanza,video,Ilemela,Mo-Fr 09:00-17:00,Nyamanoro,32.9060483,-2.4927664
mwanza_businesses.555,555,555,8559744125,,,Nyamanoro A,,,Mwanza,convenience,Ilemela,Mo-Sa 09:00-20:00,Nyamanoro,32.906456,-2.4927449
mwanza_businesses.556,556,556,8559752564,Kilimahewa,,Kilimahewa,,,Mwanza,beauty,Ilemela,Mo-Sa 09:00-20:00,Nyamanoro,32.9081941,-2.4926378
mwanza_businesses.557,557,557,8559744955,Mnyapala,,Kilimahewa,,,Mwanza,convenience,Ilemela,,Nyamanoro,32.9088016,-2.4925858
mwanza_businesses.558,558,558,8559732205,Kilimahewa,,Kilimahewa,,,Mwanza,vacant,Ilemela,Mo-Sa 08:00-18:00,Nyamanoro,32.9078078,-2.4925306
mwanza_businesses.559,559,559,8559739092,Mnyampala,,Kilimahewa,,,Mwanza,convenience,Ilemela,,Nyamanoro,32.9085484,-2.4924845
mwanza_businesses.560,560,560,8559757693,Kilimahewa,,Kilimahewa,,,Mwanza,beauty,Ilemela,Mo-Sa 09:00-20:00,Nyamanoro,32.9075437,-2.492479
mwanza_businesses.561,561,561,8559736796,Kilimahewa,,Kilimahewa,,,Mwanza,clothes,Ilemela,Mo-Sa 09:00-20:00,Nyamanoro,32.9072714,-2.4924019
mwanza_businesses.562,562,562,8559734216,Karume,,Nyamanoro A,,,Mwanza,kiosk,Ilemela,Mo-Su 09:00-21:00,Nyamanoro,32.9061127,-2.4924019
mwanza_businesses.563,563,563,8559753130,,,Nyamonoro A,Aysha saloon,,Mwanza,hairdresser,Ilemela,Mo-Sa 08:00-18:00,Nyamanoro,32.9065204,-2.4924019
mwanza_businesses.564,564,564,8559751241,Kilimahewa,,Kilimahewa,,,Mwanza,electronics,Ilemela,Mo-Sa 09:00-20:00,Nyamanoro,32.9071325,-2.4923494
mwanza_businesses.565,565,565,8559763876,Mnyampala,,Kilimahewa,,,Mwanza,gas,Ilemela,Mo-Sa 09:00-20:00,Nyamanoro,32.9090396,-2.4923013
mwanza_businesses.566,566,566,8559741113,Kilimahewa,,Kilimahewa,,,Mwanza,beauty,Ilemela,Mo-Sa 09:00-20:00,Nyamanoro,32.9070139,-2.4922948
mwanza_businesses.567,567,567,8559737847,,,Nyamanoro A,,,Mwanza,convenience,Ilemela,Mo-Sa 09:00-20:00,Nyamanoro,32.9059124,-2.4922136
mwanza_businesses.568,568,568,8559755960,Kilimahewa,,Kilimahewa,,,Mwanza,supermarket,Ilemela,Mo-Sa 09:00-20:00,Nyamanoro,32.9068422,-2.492209
mwanza_businesses.569,569,569,8559764978,Mnyampala,,Kilimahewa,,,Mwanza,tailor,Ilemela,Mo-Sa 09:00-20:00,Nyamanoro,32.9083662,-2.4921015
mwanza_businesses.570,570,570,8559765694,,,Kilimahewa,,,Mwanza,convenience,Ilemela,Mo-Fr 08:00-18:00; Sa-Su 08:00-15:00,Nyamanoro,32.909351,-2.4930002
mwanza_businesses.571,571,571,8559765697,Kilimahewa,,Kilimahewa,,,Mwanza,convenience,Ilemela,Mo-Sa 09:00-20:00,Nyamanoro,32.9076791,-2.492552
mwanza_businesses.572,572,572,8559766192,Kilimahewa,,Kilimahewa,,,Mwanza,convenience,Ilemela,Mo-Sa 09:00-20:00,Nyamanoro,32.9072702,-2.4923837
mwanza_businesses.573,573,573,8559766507,Kilimahewa,,Kilimahewa,,,Mwanza,clothes,Ilemela,Mo-Sa 09:00-20:00,Nyamanoro,32.9071426,-2.4923376
mwanza_businesses.574,574,574,8559767066,Mnyampala,,Kilimahewa,,,Mwanza,convenience,Ilemela,Mo-Sa 08:00-18:00,Nyamanoro,32.9084097,-2.4924663
mwanza_businesses.575,575,575,8559767666,Kilimahewa,,Kilimahewa,,,Mwanza,gas,Ilemela,Mo-Sa 09:00-20:00,Nyamanoro,32.9081297,-2.4929593
mwanza_businesses.576,576,576,8559767692,Mnyampala,,,,,Mwanza,hardware,Ilemela,,Nyamanoro,32.9089597,-2.4926093
mwanza_businesses.577,577,577,8559769273,Kilimahewa,,Kilimahewa,,,Mwanza,convenience,Ilemela,Mo-Sa 09:00-20:00,Nyamanoro,32.9081726,-2.4926378
mwanza_businesses.578,578,578,8559772604,,,Nyamanoro A,Jeniffer Salon,,Mwanza,vacant,Ilemela,Mo-Sa 08:00-18:00,Nyamanoro,32.9062778,-2.4940092
mwanza_businesses.579,579,579,8559772673,Karume,,Nyamanoro A,Iqra Saloon,,Mwanza,hairdresser,Ilemela,Mo-Su 09:00-21:00,Nyamanoro,32.9064793,-2.492104
mwanza_businesses.580,580,580,8559764625,Kilimahewa A,,Kilimahewa A,,,Mwanza,video,Ilemela,Mo-Sa 08:00-18:00,Nyamanoro,32.9106862,-2.493533
mwanza_businesses.581,581,581,8559764165,Kilimahewa A,,Kilimahewa A,,,Mwanza,convenience,Ilemela,Mo-Sa 08:00-18:00,Nyamanoro,32.9103184,-2.4933666
mwanza_businesses.582,582,582,8559757583,kilimahewa,,Kilimahewa,,,Mwanza,convenience,Ilemela,Mo-Sa 08:00-18:00,Nyamanoro,32.9112625,-2.4933452
mwanza_businesses.583,583,583,8559729907,Kilimahewa A,,Kilimahewa A,,,Mwanza,fuel,Ilemela,Mo-Sa 08:00-18:00,Nyamanoro,32.9103018,-2.4933264
mwanza_businesses.584,584,584,8559736979,Kilimahewa A,,Kilimahewa A,,,Mwanza,video,Ilemela,Mo-Sa 08:00-18:00,Nyamanoro,32.9101038,-2.4932594
mwanza_businesses.585,585,585,8559760319,kilimahewa,,Kilimahewa,,,Mwanza,convenience,Ilemela,Mo-Sa 08:00-18:00,Nyamanoro,32.9108334,-2.4932166
mwanza_businesses.586,586,586,8559760722,kilimahewa,,Kilimahewa,,,Mwanza,convenience,Ilemela,Mo-Sa 09:00-20:00,Nyamanoro,32.9107261,-2.4931737
mwanza_businesses.587,587,587,8559761910,,,Kilimahewa,Alphric General Supplies,0787673492,Mwanza,convenience,Ilemela,Mo-Sa 08:00-18:00,Nyamanoro,32.9096457,-2.49311
mwanza_businesses.588,588,588,8559735480,,,Kilimahewa,Penina Saloon,,Mwanza,hairdresser,Ilemela,Mo-Su 09:00-21:00,Nyamanoro,32.9103432,-2.4930846
mwanza_businesses.589,589,589,8559762229,,,Kilimahewa,,,Mwanza,vacant,Ilemela,,Nyamanoro,32.9102599,-2.4930463
mwanza_businesses.590,590,590,8559736659,,,Kilimahewa,,,Mwanza,convenience,Ilemela,Mo-Sa 09:00-20:00,Nyamanoro,32.9101252,-2.4930109
mwanza_businesses.591,591,591,8559742945,,,Kilimahewa,,,Mwanza,vacant,Ilemela,,Nyamanoro,32.9101638,-2.4930109
mwanza_businesses.592,592,592,8559760858,,,Kilimahewa,Silivia Saloons,,Mwanza,hairdresser,Ilemela,Mo-Sa 09:00-20:00,Nyamanoro,32.9099346,-2.4929295
mwanza_businesses.593,593,593,8559752134,Mnyampala,,,,,Mwanza,convenience,Ilemela,Mo-Sa 09:00-17:00,Nyamanoro,32.9097236,-2.4928988
mwanza_businesses.594,594,594,8559737148,,,Kilimahewa,,,Mwanza,beauty,Ilemela,Mo-Sa 09:00-20:00,Nyamanoro,32.9099406,-2.4928784
mwanza_businesses.595,595,595,8559736230,,,,,,Mwanza,convenience,Ilemela,Mo-Sa 08:00-18:00,Nyamanoro,32.9097511,-2.4927283
mwanza_businesses.596,596,596,8559756466,,,Kilimahewa,Merry Saloon,,Mwanza,vacant,Ilemela,,Nyamanoro,32.9109341,-2.4926803
mwanza_businesses.597,597,597,8559731264,,,Kilimahewa,,,Mwanza,clothes,Ilemela,Mo-Sa 09:00-20:00,Nyamanoro,32.9108113,-2.4926431
mwanza_businesses.598,598,598,8559736547,kilimahewa,,Kilimahewa,Pendo,,Mwanza,alcohol,Ilemela,Mo-Sa 08:00-18:00,Nyamanoro,32.9100699,-2.4926323
mwanza_businesses.599,599,599,8559743195,,,Kilimahewa,,,Mwanza,vacant,Ilemela,,Nyamanoro,32.910767,-2.4926283
mwanza_businesses.600,600,600,8559755789,Mnyampala,,Kilimahewa,,,Mwanza,clothes,Ilemela,Mo-Sa 09:00-20:00,Nyamanoro,32.9096586,-2.4925363
mwanza_businesses.601,601,601,8559758990,,,Kilimahewa,,,Mwanza,clothes,Ilemela,Mo-Sa 09:00-20:00,Nyamanoro,32.9101,-2.4924181
mwanza_businesses.602,602,602,8559763917,,,Kilimahewa,,,Mwanza,video,Ilemela,Mo-Sa 09:00-20:00,Nyamanoro,32.9101071,-2.4922859
mwanza_businesses.603,603,603,8559749976,,,Kilimahewa,,,Mwanza,stationery,Ilemela,Mo-Sa 09:00-20:00,Nyamanoro,32.9101856,-2.4919669
mwanza_businesses.604,604,604,8559739931,,,Kilimahewa,,,Mwanza,convenience,Ilemela,Mo-Sa 09:00-20:00,Nyamanoro,32.9102079,-2.4919558
mwanza_businesses.605,605,605,8559764867,,,Kilimahewa,,,Mwanza,convenience,Ilemela,Mo-Sa 09:00-20:00,Nyamanoro,32.910093,-2.4923141
mwanza_businesses.606,606,606,8559765765,Kilimahewa A,,Kilimahewa A,,,Mwanza,gas,Ilemela,Mo-Sa 08:00-18:00,Nyamanoro,32.9107475,-2.4934524
mwanza_businesses.607,607,607,8559765805,,,Kilimahewa,,,Mwanza,video,Ilemela,Mo-Su 09:00-21:00,Nyamanoro,32.909766,-2.493154
mwanza_businesses.608,608,608,8559766301,Kilimahewa A,,Kilimahewa A,,,Mwanza,clothes,Ilemela,Mo-Sa 08:00-18:00,Nyamanoro,32.9107146,-2.4935219
mwanza_businesses.609,609,609,8559767244,,,Kilimahewa,,,Mwanza,gas,Ilemela,Mo-Sa 09:00-17:00,Nyamanoro,32.9102361,-2.4924751
mwanza_businesses.610,610,610,8559767871,,,Kilimahewa,,,Mwanza,furniture,Ilemela,Mo-Su 09:00-21:00,Nyamanoro,32.9111734,-2.4927455
mwanza_businesses.611,611,611,8559768480,Mnyampala,,Kilimahewa,,,Mwanza,clothes,Ilemela,,Nyamanoro,32.9095848,-2.4924415
mwanza_businesses.612,612,612,8559769451,,,Kilimahewa,,,Mwanza,vacant,Ilemela,,Nyamanoro,32.9101633,-2.492056
mwanza_businesses.613,613,613,8559770449,,,Kilimahewa,,,Mwanza,convenience,Ilemela,Mo-Sa 09:00-20:00,Nyamanoro,32.9099406,-2.4928527
mwanza_businesses.614,614,614,8559770451,,,,,,Mwanza,clothes,Ilemela,,Nyamanoro,32.9097294,-2.4928937
mwanza_businesses.615,615,615,8559770519,mny,,Kilimahewa,,,Mwanza,furniture,Ilemela,Mo-Sa 09:00-17:00;Mo-Sa 09:00-20:00;Mo-Sa 08:00-18:00,Nyamanoro,32.9094967,-2.4926538
mwanza_businesses.616,616,616,8559772852,,,Kilimahewa,,,Mwanza,clothes,Ilemela,Mo-Sa 09:00-20:00,Nyamanoro,32.9102779,-2.4930628
mwanza_businesses.617,617,617,8559772855,kilimahewa,,Kilimahewa,,,Mwanza,tailor,Ilemela,Mo-Sa 08:00-18:00,Nyamanoro,32.9106832,-2.4927664
mwanza_businesses.618,618,618,8559762341,,,,,,Mwanza,vacant,Ilemela,Mo-Sa 08:00-18:00,Nyamanoro,32.9053527,-2.4929396
mwanza_businesses.619,619,619,8559737641,,,Nyamanoro A,Mtz Hair Cut Salon,,Mwanza,hairdresser,Ilemela,Mo-Sa 09:00-20:00,Nyamanoro,32.9057633,-2.4929315
mwanza_businesses.620,620,620,8559745359,Kona ya Bwiru,,Nyamanoro A,Keizy Fashion House,,Mwanza,clothes,Ilemela,Mo-Sa 08:00-18:00,Nyamanoro,32.9042946,-2.4927639
mwanza_businesses.621,621,621,8559756853,,,,,,Mwanza,vacant,Ilemela,Mo-Sa 08:00-18:00,Nyamanoro,32.9053831,-2.4926806
mwanza_businesses.622,622,622,8559749070,,,Nyamonoro A,,,Mwanza,copyshop,Ilemela,Mo-Fr 08:00-18:00; Sa-Su 08:00-15:00,Nyamanoro,32.9054046,-2.4925734
mwanza_businesses.623,623,623,8559752882,,,Nyamanoro A,White box saloon,0755799200,Mwanza,hairdresser,Ilemela,Mo-Sa 09:00-17:00,Nyamanoro,32.9054721,-2.4924704
mwanza_businesses.624,624,624,8559748894,,,Nyamanoro A,Precious Shopping Center,,Mwanza,convenience,Ilemela,Mo-Sa 08:00-18:00,Nyamanoro,32.9054916,-2.4924509
mwanza_businesses.625,625,625,8559763808,Kona ya Bwiru,,Nyamanoro A,,,Mwanza,beverages,Ilemela,Mo-Sa 08:00-18:00,Nyamanoro,32.9041868,-2.4923476
mwanza_businesses.626,626,626,8559754772,,,,,,Mwanza,convenience,Ilemela,Mo-Sa 08:00-18:00,Nyamanoro,32.9056407,-2.492215
mwanza_businesses.627,627,627,8559739905,Kona ya Bwiru,,Nyamanoro A,,,Mwanza,kiosk,Ilemela,Mo-Sa 08:00-18:00,Nyamanoro,32.9044933,-2.4921672
mwanza_businesses.628,628,628,8559763367,Mnazi Mmoja,,Kilimahewa,Nel Shop,,Mwanza,vacant,Ilemela,,Nyamanoro,32.9059295,-2.4916854
mwanza_businesses.629,629,629,8559710112,,,Kilimahewa,,,Mwanza,beauty,Ilemela,Mo-Su 09:00-21:00,Nyamanoro,32.905781,-2.4916623
mwanza_businesses.630,630,630,8559739612,Mlango Mmoja,,Kilimahewa,,,Mwanza,hairdresser,Ilemela,Mo-Su 09:00-21:00;Mo-Sa 08:00-18:00,Nyamanoro,32.9057603,-2.4916416
mwanza_businesses.631,631,631,8559740487,Mnazi Mmoja,,Kilimahewa,,,Mwanza,convenience,Ilemela,Mo-Su 09:00-21:00,Nyamanoro,32.905781,-2.4915377
mwanza_businesses.632,632,632,8559765253,Mnyampala,,Kilimahewa,,,Mwanza,Makongoro Point,Ilemela,Mo-Su 09:00-21:00,Nyamanoro,32.9057174,-2.4914628
mwanza_businesses.633,633,633,8559762092,Mnyampala,,Kilimahewa,,,Mwanza,beverages,Ilemela,Mo-Su 09:00-21:00,Nyamanoro,32.9058429,-2.4914178
mwanza_businesses.634,634,634,8559768369,Mnyampala,,Kilimahewa,,,Mwanza,convenience,Ilemela,Mo-Su 09:00-21:00,Nyamanoro,32.9059753,-2.4913971
mwanza_businesses.635,635,635,8570901167,Furahisha,,Kirumba Kati,,,Mwanza,beverages,Ilemela,Mo-Su 09:00-21:00,Nyamanoro,32.9017047,-2.5023395
mwanza_businesses.636,636,636,8559755020,,,Nyamanoro A,Premier Betylin,,Mwanza,bookmaker,Ilemela,24/7,Nyamanoro,32.9009628,-2.50177
mwanza_businesses.637,637,637,8559753906,,,Nyamanoro A,,,Mwanza,stationery,Ilemela,Mo-Fr 08:00-18:00; Sa-Su 08:00-15:00,Nyamanoro,32.9009843,-2.5017486
mwanza_businesses.638,638,638,8559762553,,,Nyamanoro A,,,Mwanza,vacant,Ilemela,,Nyamanoro,32.9009628,-2.5011912
mwanza_businesses.639,639,639,8559741359,,,Nyamanoro A,,,Mwanza,convenience,Ilemela,Mo-Fr 09:00-17:00,Nyamanoro,32.9009628,-2.5010626
mwanza_businesses.640,640,640,8559757832,,,Nyamanoro A,,,Mwanza,vacant,Ilemela,,Nyamanoro,32.9016322,-2.4995246
mwanza_businesses.641,641,641,8559752426,,,Nyamanoro A,,,Mwanza,convenience,Ilemela,Mo-Su 09:00-21:00,Nyamanoro,32.9010487,-2.4994334
mwanza_businesses.642,642,642,8559754016,,,Nyamanoro A,,,Mwanza,vacant,Ilemela,,Nyamanoro,32.9015891,-2.4993526
mwanza_businesses.643,643,643,8559757938,,,Nyamanoro A,,,Mwanza,vacant,Ilemela,,Nyamanoro,32.9015891,-2.4993177
mwanza_businesses.644,644,644,8559739725,,,Nyamanoro A,,,Mwanza,convenience,Ilemela,,Nyamanoro,32.9065936,-2.492166
mwanza_businesses.645,645,645,8559749314,Mnyampala,,Kilimahewa,,,Mwanza,gas,Ilemela,Mo-Sa 08:00-18:00,Nyamanoro,32.9072341,-2.4920984
mwanza_businesses.646,646,646,8559736228,Karume,,Nyamanoro A,,,Mwanza,clothes,Ilemela,Mo-Sa 08:00-18:00,Nyamanoro,32.9065047,-2.4920883
mwanza_businesses.647,647,647,8559753475,Mnyampala,,Kilimahewa,,,Mwanza,clothes,Ilemela,Mo-Su 09:00-21:00,Nyamanoro,32.9070965,-2.4920737
mwanza_businesses.648,648,648,8559750989,,,Nyamonoro A,,,Mwanza,clothes,Ilemela,Mo-Sa 08:00-18:00,Nyamanoro,32.9062414,-2.4920375
mwanza_businesses.649,649,649,8559742874,,,Nyamonoro A,,,Mwanza,cosmetics,Ilemela,Mo-Fr 08:00-18:00; Sa-Su 08:00-15:00,Nyamanoro,32.9062629,-2.4920375
mwanza_businesses.650,650,650,8559743440,Mnyampala,,Kilimahewa,Boothware,,Mwanza,paint,Ilemela,Mo-Sa 09:00-20:00,Nyamanoro,32.9067978,-2.4919821
mwanza_businesses.651,651,651,8559739410,Mnyampala,,Kilimahewa,,,Mwanza,furniture,Ilemela,Mo-Sa 09:00-20:00,Nyamanoro,32.9075074,-2.4918874
mwanza_businesses.652,652,652,8559737394,,,Kilimahewa,Barbashop,,Mwanza,hairdresser,Ilemela,Mo-Sa 08:00-18:00,Nyamanoro,32.9064775,-2.4918231
mwanza_businesses.653,653,653,8559742877,Mnyampala,,Kilimahewa,,,Mwanza,vacant,Ilemela,,Nyamanoro,32.906311,-2.4918166
mwanza_businesses.654,654,654,8559741865,Mnyampala,,Kilimahewa,Jojos',,Mwanza,hardware,Ilemela,Mo-Su 09:00-21:00,Nyamanoro,32.9063239,-2.4918032
mwanza_businesses.655,655,655,8559745111,Mnyampala,,Kilimahewa,,,Mwanza,clothes,Ilemela,Mo-Sa 09:00-17:00;Mo-Sa 09:00-20:00,Nyamanoro,32.9061638,-2.4917931
mwanza_businesses.656,656,656,8559752744,Mnyampala,,Kilimahewa,,,Mwanza,hardware,Ilemela,Mo-Sa 09:00-20:00,Nyamanoro,32.9060527,-2.4917597
mwanza_businesses.657,657,657,8559750814,Mnyampala,,Kilimahewa,,,Mwanza,carpet,Ilemela,Mo-Sa 09:00-20:00,Nyamanoro,32.9073143,-2.4917374
mwanza_businesses.658,658,658,8559740907,Mnyampala,,Kilimahewa,,,Mwanza,convenience,Ilemela,Mo-Su 09:00-21:00,Nyamanoro,32.9070709,-2.4916796
mwanza_businesses.659,659,659,8559743374,Mnyampala,,Kilimahewa,,,Mwanza,tailor,Ilemela,Mo-Sa 08:00-18:00,Nyamanoro,32.9066113,-2.4916255
mwanza_businesses.660,660,660,8559741684,Mnyampala,,Kilimahewa,,,Mwanza,houseware,Ilemela,Mo-Sa 09:00-20:00,Nyamanoro,32.9065474,-2.491572
mwanza_businesses.661,661,661,8559744689,,,Kilimahewa,,,Mwanza,hairdresser,Ilemela,Mo-Su 09:00-21:00,Nyamanoro,32.9061556,-2.4914158
mwanza_businesses.662,662,662,8559744444,Mnyampala,,Kilimahewa,,,Mwanza,vacant,Ilemela,,Nyamanoro,32.9060208,-2.4914085
mwanza_businesses.663,663,663,8559757279,Mnyampala,,Kilimahewa,,,Mwanza,tailor,Ilemela,Mo-Sa 09:00-17:00;Mo-Sa 08:00-18:00,Nyamanoro,32.9070856,-2.4917235
mwanza_businesses.664,664,664,8559757347,Mnyapala,,Kilimahewa,,,Mwanza,clothes,Ilemela,Mo-Sa 08:00-18:00,Nyamanoro,32.9064131,-2.4918231
mwanza_businesses.665,665,665,8559757516,Karume,,Nyamanoro A,Simple Secretary Service,,Mwanza,stationery,Ilemela,Mo-Sa 08:00-18:00,Nyamanoro,32.9064602,-2.4920772
mwanza_businesses.666,666,666,8559758739,Mnyampala,,Kilimahewa,,,Mwanza,clothes,Ilemela,Mo-Su 09:00-21:00,Nyamanoro,32.9070709,-2.4920737
mwanza_businesses.667,667,667,8559758853,Mnyampala,,Kilimahewa,,,Mwanza,convenience,Ilemela,Mo-Su 09:00-21:00,Nyamanoro,32.9061341,-2.4913944
mwanza_businesses.668,668,668,8559759824,Mnyampala,,Kilimahewa,,,Mwanza,vacant,Ilemela,,Nyamanoro,32.9069585,-2.4919126
mwanza_businesses.669,669,669,8559759865,Mnyampala,,Kilimahewa,,,Mwanza,video,Ilemela,Mo-Su 09:00-21:00,Nyamanoro,32.9062734,-2.4914797
mwanza_businesses.670,670,670,8559760789,Mnyampala,,Kilimahewa,,,Mwanza,convenience,Ilemela,Mo-Su 09:00-21:00,Nyamanoro,32.9068481,-2.4919989
mwanza_businesses.671,671,671,8559761425,Mnyampala,,Kilimahewa,,,Mwanza,clothes,Ilemela,Mo-Sa 08:00-18:00,Nyamanoro,32.9065633,-2.4919089
mwanza_businesses.672,672,672,8559763049,Mnyampala,,Kilimahewa,,,Mwanza,furniture,Ilemela,Mo-Sa 09:00-20:00,Nyamanoro,32.9073358,-2.491866
mwanza_businesses.673,673,673,8559766370,,,Nyamonoro A,,,Mwanza,clothes,Ilemela,Mo-Fr 08:00-18:00; Sa-Su 08:00-15:00,Nyamanoro,32.9063487,-2.4920804
mwanza_businesses.674,674,674,8559767869,,,Nyamonoro A,,,Mwanza,bookmaker,Ilemela,Mo-Fr 08:00-18:00; Sa-Su 08:00-15:00,Nyamanoro,32.9062843,-2.4920589
mwanza_businesses.675,675,675,8559767938,Mnyampala,,Kilimahewa,,,Mwanza,clothes,Ilemela,Mo-Sa 09:00-20:00,Nyamanoro,32.9065286,-2.4915345
mwanza_businesses.676,676,676,8559768118,Mnyampala,,Kilimahewa,,,Mwanza,bed,Ilemela,Mo-Sa 09:00-20:00,Nyamanoro,32.9073143,-2.4918874
mwanza_businesses.677,677,677,8559768121,Mnyampala,,Kilimahewa,,,Mwanza,clothes,Ilemela,Mo-Su 09:00-21:00,Nyamanoro,32.9062981,-2.4914737
mwanza_businesses.678,678,678,8559772402,,,Nyamonoro A,,,Mwanza,stationery,Ilemela,Mo-Su 09:00-21:00,Nyamanoro,32.9063058,-2.4920589
mwanza_businesses.679,679,679,8570901222,,,Mlimani,,,Mwanza,convenience,Ilemela,Mo-Su 09:00-21:00,Kirumba,32.8934002,-2.506397
mwanza_businesses.680,680,680,8570900861,,,Magomeni,,,Mwanza,mobile_phone,Ilemela,Mo-Fr 09:00-17:00,Kirumba,32.895052,-2.505741
mwanza_businesses.681,681,681,8570900723,,,Magomeni,,,Mwanza,wholesale,Ilemela,Mo-Fr 09:00-17:00,Kirumba,32.8949643,-2.5061546
mwanza_businesses.682,682,682,8570901226,Mlimani,,Mlimani,,,Mwanza,convenience,Ilemela,Mo-Sa 08:00-18:00,Kirumba,32.8920151,-2.5043464
mwanza_businesses.683,683,683,8570900578,,,Magomeni,,,Mwanza,convenience,Ilemela,Mo-Fr 09:00-17:00,Kirumba,32.8947993,-2.506067
mwanza_businesses.684,684,684,8570901124,,,Magomeni,,,Mwanza,convenience,Ilemela,Mo-Su 09:00-21:00;Mo-Sa 09:00-20:00,Kirumba,32.8958483,-2.5045922
mwanza_businesses.685,685,685,8570901057,,,Mlimani,Maryam Beauty Salon,0752642727,Mwanza,hairdresser,Ilemela,Mo-Su 09:00-21:00,Kirumba,32.8934381,-2.5059681
mwanza_businesses.686,686,686,8570900972,,,Kilimani,,,Mwanza,convenience,Ilemela,Mo-Su 09:00-21:00,Kirumba,32.8931187,-2.5041444
mwanza_businesses.687,687,687,8570900966,Mlimani,,Mlimani,,,Mwanza,hairdresser,Ilemela,Mo-Sa 09:00-17:00,Kirumba,32.8941795,-2.5062203
mwanza_businesses.688,688,688,8570900907,,,Magomeni,,,Mwanza,convenience,Ilemela,Mo-Su 09:00-21:00,Kirumba,32.8953624,-2.506722
mwanza_businesses.689,689,689,8570900891,,,Mlimani,,,Mwanza,convenience,Ilemela,Mo-Su 09:00-21:00,Kirumba,32.8934669,-2.5064096
mwanza_businesses.690,690,690,8570900883,,,Magomeni,,,Mwanza,convenience,Ilemela,Mo-Su 09:00-21:00,Kirumba,32.8955921,-2.5058536
mwanza_businesses.691,691,691,8570900584,,,Kilimani,,,Mwanza,convenience,Ilemela,Mo-Su 09:00-21:00,Kirumba,32.8930981,-2.5041563
mwanza_businesses.692,692,692,8570900657,,,Kilimani,,,Mwanza,convenience,Ilemela,Mo-Su 09:00-21:00,Kirumba,32.8930981,-2.5041749
mwanza_businesses.693,693,693,8570900751,,,Kilimani,,,Mwanza,convenience,Ilemela,Mo-Su 09:00-21:00,Kirumba,32.8931483,-2.504384
mwanza_businesses.694,694,694,8570900653,,,Kilimani,,,Mwanza,convenience,Ilemela,,Kirumba,32.8933883,-2.5047498
mwanza_businesses.695,695,695,8570900804,,,,,,Mwanza,beverages,Ilemela,Mo-Sa 08:00-18:00,Kirumba,32.8963432,-2.5057585
mwanza_businesses.696,696,696,8570900790,,,Magomeni,,,Mwanza,wholesale,Ilemela,Mo-Fr 09:00-17:00,Kirumba,32.894834,-2.5058632
mwanza_businesses.697,697,697,8570900739,,,Magomeni,,,Mwanza,convenience,Ilemela,Mo-Fr 09:00-17:00,Kirumba,32.8969658,-2.5060341
mwanza_businesses.698,698,698,8570900778,,,Magomeni,,,Mwanza,beauty,Ilemela,Mo-Sa 08:00-18:00,Kirumba,32.8959949,-2.5061183
mwanza_businesses.699,699,699,8570900819,,,Magomeni,,,Mwanza,cosmetics,Ilemela,Mo-Fr 09:00-17:00,Kirumba,32.8948595,-2.5061526
mwanza_businesses.700,700,700,8570901299,Mlimani,,Mlimani,,,Mwanza,convenience,Ilemela,Mo-Sa 08:00-18:00,Kirumba,32.8936887,-2.505886
mwanza_businesses.701,701,701,8570901278,Mlimani,,Mlimani,,,Mwanza,convenience,Ilemela,Mo-Sa 09:00-17:00,Kirumba,32.8943753,-2.5061647
mwanza_businesses.702,702,702,8570901261,,,Mlimani,,,Mwanza,beauty,Ilemela,Mo-Sa 08:00-18:00,Kirumba,32.8930957,-2.5041651
mwanza_businesses.703,703,703,8570901253,,,Kilimani,,,Mwanza,clothes,Ilemela,Mo-Su 09:00-21:00,Kirumba,32.8946355,-2.5050372
mwanza_businesses.704,704,704,8570901203,Kigoto Road,,Kigoto,,,Mwanza,convenience,Ilemela,Mo-Sa 08:00-18:00,Kirumba,32.8912854,-2.5068935
mwanza_businesses.705,705,705,8570901161,,,kigoto,,,Mwanza,convenience,Ilemela,Mo-Sa 09:00-17:00,Kirumba,32.8852344,-2.5044283
mwanza_businesses.706,706,706,8570901153,,,Mlimani,,,Mwanza,convenience,Ilemela,Mo-Su 09:00-21:00,Kirumba,32.8923663,-2.506102
mwanza_businesses.707,707,707,8570901111,Mlimani,,Mlimani,,,Mwanza,clothes,Ilemela,Mo-Sa 09:00-20:00;Mo-Sa 08:00-18:00,Kirumba,32.8943753,-2.5061432
mwanza_businesses.708,708,708,8570900889,Kabuhoro,,Kabuhoro,,,Mwanza,convenience,Ilemela,Mo-Sa 08:00-18:00,Kirumba,32.8871457,-2.5035268
mwanza_businesses.709,709,709,8570900754,,,kigoto,,,Mwanza,convenience,Ilemela,Mo-Sa 09:00-17:00,Kirumba,32.8849554,-2.5039138
mwanza_businesses.710,710,710,8570901087,,,Kilimani,,,Mwanza,hairdresser,Ilemela,Mo-Su 09:00-21:00,Kirumba,32.8946328,-2.5050071
mwanza_businesses.711,711,711,8570901078,,,Kilimani,Alex tailoring,0753332774,Mwanza,tailor,Ilemela,Mo-Su 09:00-21:00,Kirumba,32.8946376,-2.5050606
mwanza_businesses.712,712,712,8570901036,,,Kigoto,,,Mwanza,convenience,Ilemela,Mo-Sa 09:00-17:00;Mo-Sa 08:00-18:00,Kirumba,32.8922358,-2.5060517
mwanza_businesses.713,713,713,8570901014,Mlimani,,Mlimani,,,Mwanza,tailor,Ilemela,Mo-Sa 08:00-18:00,Kirumba,32.8945899,-2.5058645
mwanza_businesses.714,714,714,8570900913,,,kigoto,,,Mwanza,convenience,Ilemela,Mo-Sa 09:00-20:00,Kirumba,32.8852437,-2.5051271
mwanza_businesses.715,715,715,8570900870,Mlimani,,Mlimani,,,Mwanza,convenience,Ilemela,Mo-Sa 08:00-18:00,Kirumba,32.894268,-2.5058431
mwanza_businesses.716,716,716,8570900849,Mlimani,,Mlimani,,,Mwanza,cosmetics,Ilemela,Mo-Sa 09:00-20:00,Kirumba,32.8945899,-2.5058431
mwanza_businesses.717,717,717,8570900728,Mlimani,,Mlimani,,,Mwanza,hairdresser,Ilemela,Mo-Sa 08:00-18:00,Kirumba,32.8919077,-2.504171
mwanza_businesses.718,718,718,8570900820,,,Kilimani,,,Mwanza,convenience,Ilemela,,Kirumba,32.8933883,-2.5047713
mwanza_businesses.719,719,719,8570900782,,,Magomeni,,,Mwanza,convenience,Ilemela,Mo-Su 09:00-21:00,Kirumba,32.8966069,-2.5054358
mwanza_businesses.720,720,720,8570900746,,,Magomeni,,,Mwanza,stationery,Ilemela,Mo-Fr 09:00-17:00,Kirumba,32.8948108,-2.5061408
mwanza_businesses.721,721,721,8570900756,Kigoto Road,,Kigoto,,,Mwanza,convenience,Ilemela,Mo-Sa 09:00-20:00,Kirumba,32.8914042,-2.5068508
mwanza_businesses.722,722,722,8570900685,,,Kigoto,,,Mwanza,convenience,Ilemela,Mo-Sa 08:00-18:00;24/7,Kirumba,32.8901696,-2.507258
mwanza_businesses.723,723,723,8570901303,Nyabakama,,Mlimani,Chinga Respect Shop,,Mwanza,convenience,Ilemela,Mo-Fr 08:00-18:00; Sa-Su 08:00-15:00,Kirumba,32.8933329,-2.5036538
mwanza_businesses.724,724,724,8570900917,,,Magomeni,,,Mwanza,convenience,Ilemela,Mo-Su 09:00-21:00,Kirumba,32.8980231,-2.506229
mwanza_businesses.725,725,725,8570900803,,,Magomeni,,,Mwanza,beverages,Ilemela,Mo-Su 09:00-21:00,Kirumba,32.8980231,-2.5062504
mwanza_businesses.726,726,726,8570900839,,,Kirumba Kati,,,Mwanza,copyshop,Ilemela,Mo-Fr 09:00-17:00,Kirumba,32.8986669,-2.5055001
mwanza_businesses.727,727,727,8570900672,,,Kirumba Kati,,,Mwanza,convenience,Ilemela,Mo-Sa 08:00-18:00,Kirumba,32.8986669,-2.5049856
mwanza_businesses.728,728,728,8570900912,Mwaloni,,Kirumba Kati,,,Mwanza,car_repair,Ilemela,Mo-Su 09:00-21:00,Kirumba,32.8988628,-2.505207
mwanza_businesses.729,729,729,8570900987,,,Kirumba Kati,,,Mwanza,convenience,Ilemela,Mo-Su 09:00-21:00,Kirumba,32.8989774,-2.5047943
mwanza_businesses.730,730,730,8570900888,,,Kirumba Kati,,,Mwanza,electronics,Ilemela,Mo-Su 09:00-21:00,Kirumba,32.8992802,-2.5062295
mwanza_businesses.731,731,731,8570900818,Mwaloni,,Kirumba kati,Manyema Fishing (T) ltd,,Mwanza,pastry,Ilemela,Mo-Sa 08:00-18:00,Kirumba,32.8995895,-2.5064648
mwanza_businesses.732,732,732,8570900651,,,Kirumba Kati,,,Mwanza,convenience,Ilemela,Mo-Su 09:00-21:00,Kirumba,32.8996434,-2.5064621
mwanza_businesses.733,733,733,8570900744,,,Kirumba Kati,,,Mwanza,car_repair,Ilemela,Mo-Su 09:00-21:00,Kirumba,32.8996618,-2.5066797
mwanza_businesses.734,734,734,8570900997,,,Kirumba Kati,,,Mwanza,tailor,Ilemela,Mo-Fr 09:00-17:00,Kirumba,32.8997827,-2.5047498
mwanza_businesses.735,735,735,8570901007,,,Kirumba Kati,,,Mwanza,wholesale,Ilemela,Mo-Su 09:00-21:00,Kirumba,32.8997827,-2.505543
mwanza_businesses.736,736,736,8570900897,,,Kirumba Kati,,,Mwanza,alcohol,Ilemela,Mo-Su 09:00-21:00,Kirumba,32.899847,-2.5045998
mwanza_businesses.737,737,737,8570900586,,,Kirumba Kati,,,Mwanza,vacant,Ilemela,,Kirumba,32.9000831,-2.5047713
mwanza_businesses.738,738,738,8570900827,,,Kirumba Kati,,,Mwanza,clothes,Ilemela,Mo-Su 09:00-21:00,Kirumba,32.9001045,-2.5047284
mwanza_businesses.739,739,739,8570900769,,,Kirumba Kati,,,Mwanza,car,Ilemela,Mo-Su 09:00-21:00,Kirumba,32.900134,-2.5059583
mwanza_businesses.740,740,740,8570900922,,,Kirumba Kati,,,Mwanza,vacant,Ilemela,,Kirumba,32.9004408,-2.5048462
mwanza_businesses.741,741,741,8570900747,,,Kirumba Kati,,,Mwanza,vacant,Ilemela,,Kirumba,32.900537,-2.5051198
mwanza_businesses.742,742,742,8570901033,,,Kirumba Kati,,,Mwanza,car_parts,Ilemela,Mo-Fr 09:00-17:00,Kirumba,32.8989244,-2.5048141
mwanza_businesses.743,743,743,8570901054,,,Kirumba Kati,,,Mwanza,convenience,Ilemela,Mo-Su 09:00-21:00,Kirumba,32.8996739,-2.5066965
mwanza_businesses.744,744,744,8570901076,,,Kirumba Kati,,,Mwanza,convenience,Ilemela,Mo-Fr 09:00-17:00,Kirumba,32.8997612,-2.5046212
mwanza_businesses.745,745,745,8570901079,,,Kirumba Kati,,,Mwanza,houseware,Ilemela,Mo-Su 09:00-21:00,Kirumba,32.9003191,-2.5053929
mwanza_businesses.746,746,746,8570901085,,,Kirumba Kati,,,Mwanza,convenience,Ilemela,Mo-Fr 09:00-17:00,Kirumba,32.9005551,-2.5048784
mwanza_businesses.747,747,747,8570901149,,,Kirumba Kati,,,Mwanza,convenience,Ilemela,Mo-Fr 09:00-17:00,Kirumba,32.8990687,-2.5060346
mwanza_businesses.748,748,748,8570901160,,,Kirumba Kati,,,Mwanza,clothes,Ilemela,Mo-Su 09:00-21:00,Kirumba,32.9001045,-2.5047498
mwanza_businesses.749,749,749,8570901219,,,Kirumba Kati,,,Mwanza,vacant,Ilemela,,Kirumba,32.8992462,-2.5062075
mwanza_businesses.750,750,750,8570901228,,,Kirumba Kati,,,Mwanza,beverages,Ilemela,Mo-Su 09:00-21:00,Kirumba,32.8998256,-2.5046212
mwanza_businesses.751,751,751,8570901062,,,Kirumba kati,Ebenezer stationary,,Mwanza,convenience,Ilemela,Mo-Sa 08:00-18:00,Kirumba,32.9007697,-2.5045998
mwanza_businesses.752,752,752,8570901241,,,Kirumba kati,,,Mwanza,convenience,Ilemela,Mo-Su 09:00-21:00,Kirumba,32.9008126,-2.5044926
mwanza_businesses.753,753,753,8570901242,,,Kirumba Kati,,,Mwanza,alcohol,Ilemela,Mo-Su 09:00-21:00,Kirumba,32.8994675,-2.505691
mwanza_businesses.754,754,754,8570901318,Mwaloni,,Kirumba kati,Ernest Johnes Mwita,0754 854 567,Mwanza,hardware,Ilemela,Mo-Sa 08:00-18:00,Kirumba,32.8995895,-2.5064862
mwanza_businesses.755,755,755,8570901192,,,Magomeni,,,Mwanza,beverages,Ilemela,Mo-Fr 09:00-17:00,Kirumba,32.8948259,-2.5061071
mwanza_businesses.756,756,756,8570901152,,,Magomeni,,,Mwanza,convenience,Ilemela,Mo-Su 09:00-21:00,Kirumba,32.8948262,-2.5056736
mwanza_businesses.757,757,757,8570900990,,,Magomeni,,,Mwanza,convenience,Ilemela,Mo-Su 09:00-21:00,Kirumba,32.8948259,-2.5058217
mwanza_businesses.758,758,758,8570901221,,,Magomeni,,,Mwanza,tailor,Ilemela,Mo-Su 09:00-21:00,Kirumba,32.8948317,-2.5056407
mwanza_businesses.759,759,759,8570901026,,,Magomeni,Bigi Solution,,Mwanza,video,Ilemela,Mo-Fr 09:00-17:00,Kirumba,32.8948981,-2.5061636
mwanza_businesses.760,760,760,8570900621,,,Magomeni,,,Mwanza,convenience,Ilemela,Mo-Fr 09:00-17:00,Kirumba,32.8950083,-2.5061426
mwanza_businesses.761,761,761,8570900593,,,Magomeni,,,Mwanza,electronics,Ilemela,Mo-Fr 09:00-17:00,Kirumba,32.8950639,-2.5058508
mwanza_businesses.762,762,762,5224513931,,,,Mwaloni Kirumba,,Mwanza,seafood,Ilemela,,Kirumba,32.8951845,-2.5066461
mwanza_businesses.763,763,763,8570901049,,,Magomeni,,,Mwanza,tailor,Ilemela,Mo-Fr 09:00-17:00,Kirumba,32.8953849,-2.5057152
mwanza_businesses.764,764,764,8570900940,,,Magomeni,,,Mwanza,butcher,Ilemela,Mo-Fr 09:00-17:00,Kirumba,32.8954139,-2.5061257
mwanza_businesses.765,765,765,8570901165,,,Magomeni,,,Mwanza,convenience,Ilemela,Mo-Su 09:00-21:00,Kirumba,32.8955185,-2.5061083
mwanza_businesses.766,766,766,8570901071,,,Magomeni,,,Mwanza,beverages,Ilemela,Mo-Fr 09:00-17:00,Kirumba,32.8955601,-2.5061029
mwanza_businesses.767,767,767,8570900960,,,Magomeni,,,Mwanza,vacant,Ilemela,Mo-Sa 09:00-17:00,Kirumba,32.8959214,-2.5054519
mwanza_businesses.768,768,768,8570900656,,,Magomeni,,,Mwanza,convenience,Ilemela,Mo-Sa 09:00-20:00,Kirumba,32.896172,-2.5048942
mwanza_businesses.769,769,769,8570900980,,,Magomeni,,,Mwanza,agrarian,Ilemela,Mo-Sa 09:00-17:00,Kirumba,32.8963101,-2.5058643
mwanza_businesses.770,770,770,8570900635,,,Magomeni,,,Mwanza,electronics,Ilemela,Mo-Sa 09:00-20:00,Kirumba,32.8963557,-2.5057137
mwanza_businesses.771,771,771,8570901206,,,Magomeni,,,Mwanza,motorcycle_parts,Ilemela,Mo-Sa 09:00-20:00,Kirumba,32.8965425,-2.5057359
mwanza_businesses.772,772,772,8570900971,,,Magomeni,,,Mwanza,convenience,Ilemela,Mo-Sa 09:00-20:00,Kirumba,32.8965425,-2.5057788
mwanza_businesses.773,773,773,8570901180,,,Magomeni,,,Mwanza,convenience,Ilemela,Mo-Su 09:00-21:00,Kirumba,32.896564,-2.5060789
mwanza_businesses.774,774,774,8570901070,,,Magomeni,,,Mwanza,beverages,Ilemela,Mo-Su 09:00-21:00,Kirumba,32.8965855,-2.5059717
mwanza_businesses.775,775,775,8570901270,,,Magomeni,,,Mwanza,beverages,Ilemela,Mo-Su 09:00-21:00,Kirumba,32.8954139,-2.5058297
mwanza_businesses.776,776,776,8570900609,,,Magomeni,Miraji Abdallah,,Mwanza,paint,Ilemela,Mo-Sa 08:00-18:00,Kirumba,32.8963335,-2.5060922
mwanza_businesses.777,777,777,8570900613,,,Magomeni,,,Mwanza,convenience,Ilemela,Mo-Su 09:00-21:00,Kirumba,32.896564,-2.5054358
mwanza_businesses.778,778,778,8570900707,,,Magomeni,Musoma Butcher,,Mwanza,butcher,Ilemela,Mo-Sa 09:00-20:00,Kirumba,32.8963543,-2.5056568
mwanza_businesses.779,779,779,8570900890,,,Magomeni,,,Mwanza,convenience,Ilemela,Mo-Su 09:00-21:00,Kirumba,32.8948782,-2.5060977
mwanza_businesses.780,780,780,8570900740,,,Magomeni,,,Mwanza,kiosk,Ilemela,Mo-Sa 08:00-18:00,Kirumba,32.8959442,-2.5057706
mwanza_businesses.781,781,781,8570900799,,,Magomeni,,,Mwanza,tailor,Ilemela,Mo-Su 09:00-21:00,Kirumba,32.8948259,-2.5061647
mwanza_businesses.782,782,782,8570901313,,,Magomeni,,,Mwanza,convenience,Ilemela,Mo-Fr 09:00-17:00,Kirumba,32.8957121,-2.5059692
mwanza_businesses.783,783,783,8570901015,,,Magomeni,,,Mwanza,convenience,Ilemela,Mo-Su 09:00-21:00,Kirumba,32.8966284,-2.5060789
mwanza_businesses.784,784,784,8570901018,,,Magomeni,,,Mwanza,hairdresser,Ilemela,Mo-Fr 09:00-17:00,Kirumba,32.8966713,-2.5053929
mwanza_businesses.785,785,785,8570901143,,,Magomeni,,,Mwanza,alcohol,Ilemela,Mo-Su 09:00-21:00,Kirumba,32.8967142,-2.5058645
mwanza_businesses.786,786,786,8570900678,,,Magomeni,,,Mwanza,beverages,Ilemela,Mo-Su 09:00-21:00,Kirumba,32.8967571,-2.5053715
mwanza_businesses.787,787,787,8570901088,,,Magomeni,,,Mwanza,beverages,Ilemela,Mo-Su 09:00-21:00,Kirumba,32.8967571,-2.5060146
mwanza_businesses.788,788,788,8570901115,,,Magomeni,,,Mwanza,beverages,Ilemela,Mo-Fr 09:00-17:00,Kirumba,32.8968,-2.5056502
mwanza_businesses.789,789,789,8570901059,,,Magomeni,,,Mwanza,convenience,Ilemela,Mo-Sa 09:00-20:00,Kirumba,32.8968215,-2.5053501
mwanza_businesses.790,790,790,8570900684,,,Magomeni,,,Mwanza,convenience,Ilemela,Mo-Su 09:00-21:00,Kirumba,32.8968215,-2.506036
mwanza_businesses.791,791,791,8570901040,,,Magomeni,,,Mwanza,convenience,Ilemela,Mo-Su 09:00-21:00,Kirumba,32.8969073,-2.505693
mwanza_businesses.792,792,792,8570900666,,,Magomeni,,,Mwanza,convenience,Ilemela,Mo-Su 09:00-21:00,Kirumba,32.8969275,-2.5060322
mwanza_businesses.793,793,793,8570901063,,,,,,Mwanza,convenience,Ilemela,,Kirumba,32.8969937,-2.506036
mwanza_businesses.794,794,794,8570900950,,,Magomeni,,,Mwanza,beverages,Ilemela,Mo-Su 09:00-21:00,Kirumba,32.8970043,-2.5055947
mwanza_businesses.795,795,795,8570900947,,,Magomeni,,,Mwanza,convenience,Ilemela,Mo-Fr 09:00-17:00,Kirumba,32.8970575,-2.5062719
mwanza_businesses.796,796,796,8570900899,,,,,,Mwanza,convenience,Ilemela,,Kirumba,32.8970719,-2.5060047
mwanza_businesses.797,797,797,8570900906,,,Magomeni,,,Mwanza,convenience,Ilemela,Mo-Su 09:00-21:00,Kirumba,32.897079,-2.5059289
mwanza_businesses.798,798,798,8570900919,,,Magomeni,,,Mwanza,convenience,Ilemela,Mo-Fr 09:00-17:00,Kirumba,32.8971219,-2.5053501
mwanza_businesses.799,799,799,8570900878,,,Magomeni,,,Mwanza,convenience,Ilemela,Mo-Fr 09:00-17:00,Kirumba,32.8971219,-2.5065505
mwanza_businesses.800,800,800,8570900689,,,Magomeni,,,Mwanza,convenience,Ilemela,Mo-Su 09:00-21:00,Kirumba,32.8971434,-2.5053715
mwanza_businesses.801,801,801,8570901082,,,Magomeni,,,Mwanza,convenience,Ilemela,Mo-Su 09:00-21:00,Kirumba,32.8971648,-2.5053501
mwanza_businesses.802,802,802,8570900833,,,Magomeni,,,Mwanza,convenience,Ilemela,Mo-Su 09:00-21:00,Kirumba,32.8972292,-2.5059932
mwanza_businesses.803,803,803,8570900824,,,Magomeni,,,Mwanza,convenience,Ilemela,Mo-Su 09:00-21:00,Kirumba,32.8972292,-2.5059717
mwanza_businesses.804,804,804,8570900583,,,Magomeni,,,Mwanza,beverages,Ilemela,Mo-Su 09:00-21:00,Kirumba,32.8972721,-2.5052857
mwanza_businesses.805,805,805,8570900750,,,Magomeni,,,Mwanza,convenience,Ilemela,Mo-Sa 09:00-20:00,Kirumba,32.8972721,-2.5053286
mwanza_businesses.806,806,806,8570900677,,,Magomeni,,,Mwanza,beverages,Ilemela,Mo-Su 09:00-21:00,Kirumba,32.8973794,-2.5059289
mwanza_businesses.807,807,807,8570900772,,,Magomeni,,,Mwanza,convenience,Ilemela,Mo-Fr 09:00-17:00,Kirumba,32.8973899,-2.5058625
mwanza_businesses.808,808,808,8570900893,,,Magomeni,,,Mwanza,convenience,Ilemela,Mo-Su 09:00-21:00,Kirumba,32.8974129,-2.505851
mwanza_businesses.809,809,809,8570901009,,,Magomeni,,,Mwanza,convenience,Ilemela,Mo-Su 09:00-21:00,Kirumba,32.8974223,-2.5059289
mwanza_businesses.810,810,810,8570901174,,,Magomeni,,,Mwanza,convenience,Ilemela,Mo-Su 09:00-21:00,Kirumba,32.8975897,-2.5058405
mwanza_businesses.811,811,811,8570901081,,,Magomeni,,,Mwanza,convenience,Ilemela,Mo-Su 09:00-21:00,Kirumba,32.897594,-2.5058002
mwanza_businesses.812,812,812,8570901132,,,Magomeni,,,Mwanza,convenience,Ilemela,Mo-Fr 09:00-17:00,Kirumba,32.8976583,-2.5053715
mwanza_businesses.813,813,813,8570900601,,,Magomeni,,,Mwanza,convenience,Ilemela,Mo-Su 09:00-21:00,Kirumba,32.8976587,-2.5056471
mwanza_businesses.814,814,814,8570900845,,,Magomeni,,,Mwanza,convenience,Ilemela,Mo-Fr 09:00-17:00,Kirumba,32.8977442,-2.505543
mwanza_businesses.815,815,815,8570901224,,,Magomeni,,,Mwanza,convenience,Ilemela,Mo-Fr 09:00-17:00,Kirumba,32.8973438,-2.5058625
mwanza_businesses.816,816,816,8570901236,,,Magomeni,,,Mwanza,houseware,Ilemela,Mo-Su 09:00-21:00,Kirumba,32.8967142,-2.5059717
mwanza_businesses.817,817,817,8570901246,,,Magomeni,,,Mwanza,convenience,Ilemela,Mo-Fr 09:00-17:00,Kirumba,32.8977283,-2.5054246
mwanza_businesses.818,818,818,8570901247,,,Magomeni,,,Mwanza,convenience,Ilemela,Mo-Fr 09:00-17:00,Kirumba,32.8972721,-2.5053715
mwanza_businesses.819,819,819,8570901254,,,Magomeni,,,Mwanza,beverages,Ilemela,Mo-Su 09:00-21:00,Kirumba,32.8971004,-2.5060146
mwanza_businesses.820,820,820,8570901282,,,Magomeni,,,Mwanza,electronics,Ilemela,Mo-Fr 09:00-17:00,Kirumba,32.8966928,-2.5056502
mwanza_businesses.821,821,821,8570900874,,,Magomeni,,,Mwanza,car_parts,Ilemela,Mo-Sa 09:00-20:00,Kirumba,32.8966284,-2.5056716
mwanza_businesses.822,822,822,8570900732,,,,,,Mwanza,convenience,Ilemela,,Kirumba,32.8970577,-2.5060288
mwanza_businesses.823,823,823,8570901301,,,Magomeni,,,Mwanza,convenience,Ilemela,Mo-Fr 09:00-17:00,Kirumba,32.8976154,-2.5053715
mwanza_businesses.824,824,824,8570901306,,,,,,Mwanza,beverages,Ilemela,,Kirumba,32.8971087,-2.5059884
mwanza_businesses.825,825,825,8570901312,,,Magomeni,,,Mwanza,convenience,Ilemela,Mo-Fr 09:00-17:00,Kirumba,32.8966498,-2.505886
mwanza_businesses.826,826,826,8570900779,,,kirumba kati,,,Mwanza,beverages,Ilemela,24/7,Kirumba,32.8978729,-2.503485
mwanza_businesses.827,827,827,8570900600,,,Kirumba Kati,,,Mwanza,gas,Ilemela,Mo-Sa 08:00-18:00,Kirumba,32.8980017,-2.5039995
mwanza_businesses.828,828,828,8570901205,,,Kirumba Kati,,,Mwanza,convenience,Ilemela,Mo-Sa 08:00-18:00,Kirumba,32.8981304,-2.5040853
mwanza_businesses.829,829,829,8570901029,,,Kirumba Kati,Kitinga Retail Shop,,Mwanza,convenience,Ilemela,Mo-Sa 08:00-18:00,Kirumba,32.8982592,-2.5041067
mwanza_businesses.830,830,830,8570901008,Penda,,Kirumba Kati,My Wanza Saloon,,Mwanza,beauty,Ilemela,Mo-Sa 09:00-20:00,Kirumba,32.8982915,-2.503829
mwanza_businesses.831,831,831,8570901178,,,Kirumba Kati,,,Mwanza,beverages,Ilemela,Mo-Sa 08:00-18:00,Kirumba,32.8983021,-2.503828
mwanza_businesses.832,832,832,8570900945,Penda,,Kirumba Kati,,,Mwanza,vacant,Ilemela,,Kirumba,32.8983242,-2.5038453
mwanza_businesses.833,833,833,8570900676,,MPESA;Airtel Money;TigoPesa;CRDB;NMB,Kirumba Kati,Kapumbe,,Mwanza,stationery,Ilemela,Mo-Sa 08:00-18:00,Kirumba,32.8983235,-2.503828
mwanza_businesses.834,834,834,8570900844,,,Kirumba Kati,,,Mwanza,alcohol,Ilemela,Mo-Sa 08:00-18:00,Kirumba,32.8983235,-2.5038066
mwanza_businesses.835,835,835,8570900777,,,Kirumba Kati,Amos Shop,,Mwanza,convenience,Ilemela,Mo-Sa 08:00-18:00,Kirumba,32.8983235,-2.5037637
mwanza_businesses.836,836,836,8570901058,,,Kirumba Kati,Ukerewe,,Mwanza,butcher,Ilemela,Mo-Sa 08:00-18:00,Kirumba,32.898345,-2.5037423
mwanza_businesses.837,837,837,8570901245,,,Kirumba Kati,,,Mwanza,convenience,Ilemela,Mo-Sa 08:00-18:00,Kirumba,32.898345,-2.5036994
mwanza_businesses.838,838,838,8570901080,,,Kirumba Kati,Abou-900,0753335900,Mwanza,greengrocer,Ilemela,Mo-Sa 08:00-18:00,Kirumba,32.898345,-2.5037637
mwanza_businesses.839,839,839,8570900916,,,Kirumba Kati,,,Mwanza,vacant,Ilemela,,Kirumba,32.8983665,-2.5036994
mwanza_businesses.840,840,840,8570900748,Penda,,Kirumba Kati,,,Mwanza,tailor,Ilemela,Mo-Sa 08:00-18:00,Kirumba,32.8983731,-2.5038453
mwanza_businesses.841,841,841,8570900607,,,Kirumba Kati,Isack Mafillet,0762276318,Mwanza,butcher,Ilemela,Mo-Sa 08:00-18:00,Kirumba,32.8983879,-2.5035708
mwanza_businesses.842,842,842,8570900580,,,kirumba Kati,Chelsea,,Mwanza,butcher,Ilemela,Mo-Sa 08:00-18:00,Kirumba,32.8983879,-2.5035279
mwanza_businesses.843,843,843,8570901155,,,kirumba Kati,Modern Rock City,,Mwanza,butcher,Ilemela,Mo-Sa 08:00-18:00,Kirumba,32.8983879,-2.503485
mwanza_businesses.844,844,844,8570901223,,,Kirumba Kati,Nba- Hamisaga,,Mwanza,butcher,Ilemela,Mo-Sa 08:00-18:00,Kirumba,32.8983879,-2.5035493
mwanza_businesses.845,845,845,8570901235,Penda,,Kirumba Kati,,,Mwanza,vacant,Ilemela,,Kirumba,32.898471,-2.5038779
mwanza_businesses.846,846,846,8570900905,Penda,,Kirumba Kati,Tutaviacha Shop,,Mwanza,convenience,Ilemela,Mo-Sa 08:00-18:00,Kirumba,32.8985036,-2.5038942
mwanza_businesses.847,847,847,8570900655,Penda,,Kirumba Kati,Kelvin Shop,,Mwanza,houseware,Ilemela,Mo-Sa 08:00-18:00,Kirumba,32.8985363,-2.5038942
mwanza_businesses.848,848,848,8570900979,Penda,,Kirumba Kati,,,Mwanza,vacant,Ilemela,,Kirumba,32.8985526,-2.5039105
mwanza_businesses.849,849,849,8570901091,Penda,,Kirumba Kati,,,Mwanza,tailor,Ilemela,Mo-Sa 08:00-18:00,Kirumba,32.8985689,-2.5039268
mwanza_businesses.850,850,850,8570900706,Penda,,Kirumba Kati,,,Mwanza,vacant,Ilemela,,Kirumba,32.8985852,-2.5039268
mwanza_businesses.851,851,851,8570900730,,,Kirumba Kati,,,Mwanza,vacant,Ilemela,,Kirumba,32.8986025,-2.5041924
mwanza_businesses.852,852,852,8570900949,Penda,,Kirumba Kati,,,Mwanza,convenience,Ilemela,Mo-Sa 08:00-18:00,Kirumba,32.8986178,-2.5038779
mwanza_businesses.853,853,853,8570901017,Penda,,Kirumba Kati,,,Mwanza,variety_store,Ilemela,Mo-Sa 08:00-18:00,Kirumba,32.8986831,-2.503829
mwanza_businesses.854,854,854,8570901128,,,Kirumba Kati,,,Mwanza,clothes,Ilemela,Mo-Sa 08:00-18:00,Kirumba,32.898704,-2.5042912
mwanza_businesses.855,855,855,8570900881,Penda,,Kirumba Kati,Msema Kweli Shop,,Mwanza,variety_store,Ilemela,Mo-Sa 08:00-18:00,Kirumba,32.8987157,-2.5038453
mwanza_businesses.856,856,856,8570901047,Penda,,Kirumba Kati,Mama Shushuu,,Mwanza,houseware,Ilemela,Mo-Sa 08:00-18:00,Kirumba,32.8987647,-2.5038616
mwanza_businesses.857,857,857,8570901000,Penda,,Kirumba Kati,Christ is the king of kings,0754093903,Mwanza,convenience,Ilemela,Mo-Sa 08:00-18:00,Kirumba,32.8987973,-2.5038616
mwanza_businesses.858,858,858,8570901252,,,Kirumba Kati,Kabago,,Mwanza,convenience,Ilemela,Mo-Sa 08:00-18:00,Kirumba,32.8983665,-2.5035708
mwanza_businesses.859,859,859,8570900792,,,Magomeni,,,Mwanza,gas,Ilemela,Mo-Fr 08:00-18:00; Sa-Su 08:00-15:00,Kirumba,32.8951265,-2.5035802
mwanza_businesses.860,860,860,8570900920,Mlimani,,Mlimani,,,Mwanza,convenience,Ilemela,Mo-Sa 08:00-18:00,Kirumba,32.8917146,-2.5035708
mwanza_businesses.861,861,861,8570900895,Nyakabama Street,,Mlimani,,,Mwanza,convenience,Ilemela,Mo-Fr 08:00-18:00; Sa-Su 08:00-15:00,Kirumba,32.8929985,-2.503301
mwanza_businesses.862,862,862,8570900875,Ngussa Street,,Mlimani,,,Mwanza,beauty,Ilemela,Mo-Sa 08:00-18:00,Kirumba,32.8924699,-2.5032875
mwanza_businesses.863,863,863,8570900834,,,Magomeni,,,Mwanza,alcohol,Ilemela,Mo-Fr 08:00-18:00; Sa-Su 08:00-15:00,Kirumba,32.8952647,-2.5032765
mwanza_businesses.864,864,864,8570900708,mlimani,,Mlimani,Johari Hair Dressing Saloon,,Mwanza,hairdresser,Ilemela,Mo-Sa 08:00-18:00,Kirumba,32.8915644,-2.5032492
mwanza_businesses.865,865,865,8570900716,,,Magomeni,,,Mwanza,convenience,Ilemela,Mo-Fr 08:00-18:00; Sa-Su 08:00-15:00,Kirumba,32.8953476,-2.5031385
mwanza_businesses.866,866,866,8570900821,,,Magomeni,,,Mwanza,gas,Ilemela,Mo-Fr 08:00-18:00; Sa-Su 08:00-15:00,Kirumba,32.8964996,-2.5030992
mwanza_businesses.867,867,867,8570900654,,,Magomeni,,,Mwanza,convenience,Ilemela,Mo-Fr 08:00-18:00; Sa-Su 08:00-15:00,Kirumba,32.8963709,-2.5030992
mwanza_businesses.868,868,868,8570900623,,,Magomeni,,,Mwanza,clothes,Ilemela,Mo-Fr 08:00-18:00; Sa-Su 08:00-15:00,Kirumba,32.8960986,-2.5029544
mwanza_businesses.869,869,869,8570900932,Nyabakama,,Mlimani,,,Mwanza,convenience,Ilemela,Mo-Fr 08:00-18:00; Sa-Su 08:00-15:00,Kirumba,32.892805,-2.5029459
mwanza_businesses.870,870,870,8570900802,,,Magomeni,,,Mwanza,hairdresser,Ilemela,Mo-Fr 08:00-18:00; Sa-Su 08:00-15:00,Kirumba,32.8966069,-2.5028848
mwanza_businesses.871,871,871,8570900825,mlimani,,Mlimani,,,Mwanza,convenience,Ilemela,Mo-Sa 08:00-18:00,Kirumba,32.8924012,-2.5028419
mwanza_businesses.872,872,872,8570900633,,,Magomeni,,,Mwanza,convenience,Ilemela,Mo-Fr 08:00-18:00; Sa-Su 08:00-15:00,Kirumba,32.8966767,-2.5028211
mwanza_businesses.873,873,873,8570900667,,,Magomeni,,,Mwanza,convenience,Ilemela,Mo-Fr 08:00-18:00; Sa-Su 08:00-15:00,Kirumba,32.8958774,-2.5028205
mwanza_businesses.874,874,874,8570900854,mlimani,,Mlimani,Rehema Tailor,,Mwanza,tailor,Ilemela,Mo-Sa 08:00-18:00,Kirumba,32.8917575,-2.5027776
mwanza_businesses.875,875,875,8570900698,,,Magomeni,,,Mwanza,greengrocer,Ilemela,Mo-Fr 08:00-18:00; Sa-Su 08:00-15:00,Kirumba,32.8956842,-2.5027133
mwanza_businesses.876,876,876,8570900941,mlimani,,Mlimani,,,Mwanza,convenience,Ilemela,Mo-Sa 08:00-18:00,Kirumba,32.8920794,-2.502456
mwanza_businesses.877,877,877,8570900794,Gengeni,,Mlimani,Mama Maua Juice,,Mwanza,greengrocer,Ilemela,Mo-Sa 08:00-18:00,Kirumba,32.8918205,-2.5024546
mwanza_businesses.878,878,878,8570900625,Gengeni,,Mlimani,Garment,,Mwanza,convenience,Ilemela,Mo-Sa 09:00-20:00,Kirumba,32.8918429,-2.502449
mwanza_businesses.879,879,879,8570900793,Gengeni,,Mlimani,,,Mwanza,convenience,Ilemela,Mo-Su 09:00-21:00,Kirumba,32.8928681,-2.5024229
mwanza_businesses.880,880,880,8570900961,,,Magomeni,,,Mwanza,video,Ilemela,Mo-Fr 08:00-18:00; Sa-Su 08:00-15:00,Kirumba,32.8959846,-2.5024132
mwanza_businesses.881,881,881,8570900969,,,Magomeni,,,Mwanza,alcohol,Ilemela,Mo-Fr 08:00-18:00;Sa-Su 08:00-15:00,Kirumba,32.8965425,-2.5030134
mwanza_businesses.882,882,882,8570900981,,,Magomeni,,,Mwanza,beverages,Ilemela,Mo-Fr 08:00-18:00; Sa-Su 08:00-15:00,Kirumba,32.8954053,-2.5030134
mwanza_businesses.883,883,883,8570900985,,,Kirumba Kati,,,Mwanza,convenience,Ilemela,Mo-Sa 09:00-20:00,Kirumba,32.8962989,-2.5023177
mwanza_businesses.884,884,884,8570900995,mlimani,,Mlimani,,,Mwanza,convenience,Ilemela,Mo-Sa 09:00-20:00,Kirumba,32.8919291,-2.5036351
mwanza_businesses.885,885,885,8570901003,,,Magomeni,,,Mwanza,copyshop,Ilemela,Mo-Fr 08:00-18:00; Sa-Su 08:00-15:00,Kirumba,32.8954911,-2.5029062
mwanza_businesses.886,886,886,8570901020,,,Magomeni,,,Mwanza,convenience,Ilemela,Mo-Fr 08:00-18:00; Sa-Su 08:00-15:00,Kirumba,32.8961349,-2.5025418
mwanza_businesses.887,887,887,8570901028,,,Magomeni,,,Mwanza,convenience,Ilemela,Mo-Fr 08:00-18:00; Sa-Su 08:00-15:00,Kirumba,32.8955626,-2.5029474
mwanza_businesses.888,888,888,8570901041,mlimani,,Mlimani,,,Mwanza,furniture,Ilemela,Mo-Sa 09:00-20:00,Kirumba,32.8915858,-2.5033778
mwanza_businesses.889,889,889,8570901043,,,Magomeni,,,Mwanza,beverages,Ilemela,Mo-Fr 08:00-18:00; Sa-Su 08:00-15:00,Kirumba,32.8958559,-2.5023488
mwanza_businesses.890,890,890,8570901060,,,,,,Mwanza,video,Ilemela,Mo-Sa 08:00-18:00,Kirumba,32.8916502,-2.5034636
mwanza_businesses.891,891,891,8570901086,,,Magomeni,,,Mwanza,convenience,Ilemela,Mo-Fr 08:00-18:00; Sa-Su 08:00-15:00,Kirumba,32.8964996,-2.5031206
mwanza_businesses.892,892,892,8570901094,mlimani,,Mlimani,,,Mwanza,convenience,Ilemela,Mo-Sa 09:00-20:00,Kirumba,32.892251,-2.5028633
mwanza_businesses.893,893,893,8570901103,,,Magomeni,,,Mwanza,convenience,Ilemela,Mo-Fr 08:00-18:00; Sa-Su 08:00-15:00,Kirumba,32.8960705,-2.5029491
mwanza_businesses.894,894,894,8570901105,Mlimani,,Mlimani,,,Mwanza,convenience,Ilemela,Mo-Sa 08:00-18:00,Kirumba,32.8919506,-2.5026704
mwanza_businesses.895,895,895,8570900783,Mlimani,,Mlimani,,,Mwanza,greengrocer,Ilemela,Mo-Sa 08:00-18:00,Kirumba,32.8915059,-2.5029184
mwanza_businesses.896,896,896,8570900951,mlimani,,Mlimani,,,Mwanza,convenience,Ilemela,Mo-Sa 08:00-18:00,Kirumba,32.8915215,-2.5029277
mwanza_businesses.897,897,897,8570901125,,,Magomeni,,,Mwanza,convenience,Ilemela,Mo-Fr 08:00-18:00; Sa-Su 08:00-15:00,Kirumba,32.8960705,-2.502456
mwanza_businesses.898,898,898,8570901126,Gengeni,,Mlimani,,,Mwanza,convenience,Ilemela,24/7,Kirumba,32.8917575,-2.5025632
mwanza_businesses.899,899,899,8570901133,Gengeni,,Mlimani,Yote Shop,,Mwanza,hardware,Ilemela,Mo-Sa 09:00-17:00;Mo-Sa 08:00-18:00,Kirumba,32.891736,-2.5025418
mwanza_businesses.900,900,900,8570901144,,,Magomeni,,,Mwanza,convenience,Ilemela,Mo-Fr 08:00-18:00; Sa-Su 08:00-15:00,Kirumba,32.8957701,-2.5027562
mwanza_businesses.901,901,901,8570901185,mlimani,,Mlimani,,,Mwanza,tailor,Ilemela,Mo-Sa 08:00-18:00,Kirumba,32.8916717,-2.5028848
mwanza_businesses.902,902,902,8570901195,,,Magomeni,,,Mwanza,convenience,Ilemela,Mo-Fr 08:00-18:00; Sa-Su 08:00-15:00,Kirumba,32.8952765,-2.5032706
mwanza_businesses.903,903,903,8570901197,Gengeni,,Mlimani,Mnyamas Butcher,,Mwanza,butcher,Ilemela,24/7,Kirumba,32.891865,-2.5024504
mwanza_businesses.904,904,904,8570901204,,,Magomeni,,,Mwanza,hairdresser,Ilemela,Mo-Fr 08:00-18:00; Sa-Su 08:00-15:00,Kirumba,32.8966988,-2.5027856
mwanza_businesses.905,905,905,8570901237,,,Magomeni,,,Mwanza,mobile_phone,Ilemela,Mo-Fr 08:00-18:00; Sa-Su 08:00-15:00,Kirumba,32.8958988,-2.5028419
mwanza_businesses.906,906,906,8570901292,,,Magomeni,,,Mwanza,convenience,Ilemela,Mo-Fr 08:00-18:00; Sa-Su 08:00-15:00,Kirumba,32.895237,-2.5033731
mwanza_businesses.907,907,907,8570901302,Gengeni,,Mlimani,,,Mwanza,agrarian,Ilemela,Mo-Sa 09:00-17:00;Mo-Sa 08:00-18:00,Kirumba,32.891736,-2.5025203
mwanza_businesses.908,908,908,8570901314,,,Magomeni,,,Mwanza,greengrocer,Ilemela,Mo-Fr 08:00-18:00; Sa-Su 08:00-15:00,Kirumba,32.8959632,-2.5023917
mwanza_businesses.909,909,909,8570900682,,,Kirumba Kati,King Enos,,Mwanza,wholesale,Ilemela,Mo-Sa 08:00-18:00,Kirumba,32.8984094,-2.5034636
mwanza_businesses.910,910,910,8570900590,Sokoni Street,,Kirumba Kati,Upendo Shop,,Mwanza,convenience,Ilemela,Mo-Sa 08:00-18:00,Kirumba,32.8987484,-2.5034378
mwanza_businesses.911,911,911,8570900687,,,Kirumba Kati,,,Mwanza,butcher,Ilemela,Mo-Sa 08:00-18:00,Kirumba,32.8984308,-2.5034207
mwanza_businesses.912,912,912,8570900611,Sokoni Street,,Kirumba Kati,Maginga' Butchery,,Mwanza,butcher,Ilemela,Mo-Sa 09:00-20:00,Kirumba,32.8986505,-2.5034052
mwanza_businesses.913,913,913,8570900929,,,Kirumba Kati,,,Mwanza,beverages,Ilemela,Mo-Sa 08:00-18:00,Kirumba,32.8984308,-2.5033993
mwanza_businesses.914,914,914,8570900591,Sokoni Street,,Kirumba Kati,,,Mwanza,convenience,Ilemela,Mo-Sa 08:00-18:00,Kirumba,32.8986015,-2.5033889
mwanza_businesses.915,915,915,8570900759,,,Kirumba Kati,,,Mwanza,gas,Ilemela,Mo-Sa 08:00-18:00,Kirumba,32.8984308,-2.5033778
mwanza_businesses.916,916,916,8570900697,Swahili B,,Kirumba Kati,Mvamo Electronics,0759142322,Mwanza,electronics,Ilemela,Mo-Su 09:00-21:00,Kirumba,32.8991153,-2.5033266
mwanza_businesses.917,917,917,8570900939,,,Kirumba Kati,Tonny,,Mwanza,hairdresser,Ilemela,Mo-Su 09:00-21:00,Kirumba,32.8989458,-2.5032921
mwanza_businesses.918,918,918,8570900599,,,kirumba Kati,Mama Mu,,Mwanza,convenience,Ilemela,Mo-Sa 09:00-20:00,Kirumba,32.8989458,-2.5032706
mwanza_businesses.919,919,919,8570900768,,,Kirumba Kati,Madiruu,,Mwanza,convenience,Ilemela,Mo-Sa 09:00-20:00,Kirumba,32.8989673,-2.5032706
mwanza_businesses.920,920,920,8570900977,,,kirumba Kati,Mary Dressing Wear,,Mwanza,clothes,Ilemela,Mo-Sa 08:00-18:00,Kirumba,32.8988171,-2.5032278
mwanza_businesses.921,921,921,8570900841,Swahili B,,Kirumba Kati,,,Mwanza,fishing,Ilemela,Mo-Sa 09:00-17:00,Kirumba,32.8991627,-2.5032005
mwanza_businesses.922,922,922,8570900674,Swahili B,,Kirumba Kati,Sammy Doty,,Mwanza,car_parts,Ilemela,Mo-Sa 09:00-17:00;Mo-Sa 09:00-20:00,Kirumba,32.8991469,-2.5031847
mwanza_businesses.923,923,923,8570900643,,,Kirumba Kati,Hafidhi Cosmetics,,Mwanza,cosmetics,Ilemela,Mo-Sa 09:00-20:00,Kirumba,32.8985596,-2.5030992
mwanza_businesses.924,924,924,8570900581,,,Kirumba Kati,,,Mwanza,wholesale,Ilemela,Mo-Su 09:00-21:00,Kirumba,32.898581,-2.5030563
mwanza_businesses.925,925,925,8570900823,,,Kirumba Kati,La Prima Depot,,Mwanza,alcohol,Ilemela,Mo-Sa 08:00-18:00,Kirumba,32.8986025,-2.5030134
mwanza_businesses.926,926,926,8570900903,Swahili B,,Kirumba Kati,Don Auto Parts,0652730981,Mwanza,car_parts,Ilemela,Mo-Su 09:00-21:00,Kirumba,32.8991942,-2.5029956
mwanza_businesses.927,927,927,8570900736,Swahili B,,Kirumba Kati,Alex Auto Parts,,Mwanza,car_parts,Ilemela,Mo-Sa 09:00-20:00,Kirumba,32.89921,-2.5029956
mwanza_businesses.928,928,928,8570900738,,,Kirumba Kati,Mama Tarki Saloon,,Mwanza,beauty,Ilemela,Mo-Sa 09:00-20:00;Mo-Sa 08:00-18:00,Kirumba,32.8985381,-2.5029277
mwanza_businesses.929,929,929,8570900813,,,Kirumba Kati,Nyehunge,,Mwanza,travel_agency,Ilemela,Mo-Sa 08:00-18:00,Kirumba,32.8985555,-2.5028633
mwanza_businesses.930,930,930,8570900873,,,Kirumba Kati,,,Mwanza,vacant,Ilemela,,Kirumba,32.898581,-2.5028419
mwanza_businesses.931,931,931,8570900852,,,Kirumba Kati,Blessing House of Nails,,Mwanza,beauty,Ilemela,Mo-Su 09:00-21:00,Kirumba,32.898581,-2.5028205
mwanza_businesses.932,932,932,8570900882,,,Kirumba Kati,Mtoka Barbershop,,Mwanza,hairdresser,Ilemela,Mo-Su 09:00-21:00,Kirumba,32.898581,-2.502799
mwanza_businesses.933,933,933,8570900993,Sokoni Street,,Kirumba Kati,,,Mwanza,convenience,Ilemela,Mo-Sa 09:00-20:00,Kirumba,32.8986831,-2.5034215
mwanza_businesses.934,934,934,8570901006,,,Kirumba Kati,Sara Beauty Saloon,,Mwanza,beauty,Ilemela,Mo-Sa 08:00-18:00,Kirumba,32.8988385,-2.5032063
mwanza_businesses.935,935,935,8570901013,,,Kirumba Kati,,,Mwanza,butcher,Ilemela,Mo-Sa 08:00-18:00,Kirumba,32.8984094,-2.5034421
mwanza_businesses.936,936,936,8570901048,,,Kirumba Kati,,,Mwanza,convenience,Ilemela,Mo-Sa 08:00-18:00,Kirumba,32.898581,-2.5031206
mwanza_businesses.937,937,937,8570901067,Swahili B,,Kirumba Kati,Sarafu Auto Parts,0755819934,Mwanza,car_parts,Ilemela,Mo-Sa 09:00-17:00,Kirumba,32.8991942,-2.5030113
mwanza_businesses.938,938,938,8570901101,,,Kirumba Kati,,,Mwanza,electronics,Ilemela,Mo-Sa 08:00-18:00,Kirumba,32.8989673,-2.5032921
mwanza_businesses.939,939,939,8570901114,,,Kirumba Kati,,,Mwanza,convenience,Ilemela,,Kirumba,32.8986025,-2.5028419
mwanza_businesses.940,940,940,8570901140,Swahili B,,Kirumba Kati,Ellys Auto Parts,,Mwanza,car_parts,Ilemela,Mo-Sa 09:00-20:00,Kirumba,32.89921,-2.5030271
mwanza_businesses.941,941,941,8570901142,,,Kirumba Kati,MB,,Mwanza,stationery,Ilemela,Mo-Sa 08:00-18:00,Kirumba,32.8985381,-2.5030992
mwanza_businesses.942,942,942,8570901156,,,Kirumba Kati,,,Mwanza,clothes,Ilemela,Mo-Sa 08:00-18:00,Kirumba,32.8985381,-2.5029062
mwanza_businesses.943,943,943,8570901172,,,Kirumba Kati,Kessy Enterprises,,Mwanza,vacant,Ilemela,,Kirumba,32.8988385,-2.5032278
mwanza_businesses.944,944,944,8570901232,Swahili B,,Kirumba Kati,,,Mwanza,electronics,Ilemela,Mo-Sa 09:00-17:00,Kirumba,32.8991942,-2.5030271
mwanza_businesses.945,945,945,8570901244,Swahili B,,Kirumba Kati,Weston Solutions,0752002280,Mwanza,car_repair,Ilemela,Mo-Su 09:00-21:00,Kirumba,32.899467,-2.5030548
mwanza_businesses.946,946,946,8570901259,,,Kirumba Kati,Tinael Min Supermarket,,Mwanza,supermarket,Ilemela,Mo-Sa 09:00-20:00,Kirumba,32.8985596,-2.5030134
mwanza_businesses.947,947,947,8570901281,,,Kirumba Kati,Balbina Saloon,,Mwanza,hairdresser,Ilemela,Mo-Su 09:00-21:00,Kirumba,32.8986025,-2.502799
mwanza_businesses.948,948,948,8570901309,,,Kirumba Kati,,,Mwanza,car_repair,Ilemela,Mo-Sa 08:00-18:00,Kirumba,32.8990746,-2.5029277
mwanza_businesses.949,949,949,8570901311,,,Kirumba Kati,Rock City Bakery,,Mwanza,bakery,Ilemela,Mo-Sa 08:00-18:00,Kirumba,32.8985381,-2.5030777
mwanza_businesses.950,950,950,8570900938,Kabuhoro,,Kabuhoro,,,Mwanza,kiosk,Ilemela,Mo-Su 09:00-21:00,Kirumba,32.8894862,-2.5028754
mwanza_businesses.951,951,951,8570900869,Kabuhoro,,Kabuhoro,,,Mwanza,kiosk,Ilemela,Mo-Su 09:00-21:00,Kirumba,32.8893229,-2.5028483
mwanza_businesses.952,952,952,8570900673,Kabuhoro,,Kabuhoro,,,Mwanza,convenience,Ilemela,Mo-Sa 08:00-18:00,Kirumba,32.8875518,-2.5028419
mwanza_businesses.953,953,953,8570900703,Kabuhoro,,Kabuhoro,Husigaliye Hair Cutting Salon,,Mwanza,hairdresser,Ilemela,Mo-Su 09:00-21:00,Kirumba,32.8893971,-2.5028204
mwanza_businesses.954,954,954,8570900722,Kabuhoro,,Kabuhoro,,,Mwanza,convenience,Ilemela,Mo-Sa 08:00-18:00,Kirumba,32.8875413,-2.5028147
mwanza_businesses.955,955,955,8570900727,Gengeni,,Mlimani,,,Mwanza,convenience,Ilemela,Mo-Sa 08:00-18:00;24/7,Kirumba,32.8914995,-2.5027017
mwanza_businesses.956,956,956,8570900745,Kabuhoro,,Kabuhoro,,,Mwanza,convenience,Ilemela,Mo-Sa 08:00-18:00,Kirumba,32.8880024,-2.5026918
mwanza_businesses.957,957,957,8570900962,Gengeni,,Mlimani,,,Mwanza,clothes,Ilemela,24/7,Kirumba,32.8917928,-2.502292
mwanza_businesses.958,958,958,8570900998,,,kigoto,,,Mwanza,convenience,Ilemela,Mo-Fr 08:00-18:00; Sa-Su 08:00-15:00,Kirumba,32.8853591,-2.5017607
mwanza_businesses.959,959,959,8570900924,,,Kigoto,,,Mwanza,gas,Ilemela,Mo-Fr 08:00-18:00; Sa-Su 08:00-15:00,Kirumba,32.8849554,-2.5017057
mwanza_businesses.960,960,960,8570900652,,,Kigoto,,,Mwanza,hairdresser,Ilemela,Mo-Su 09:00-21:00,Kirumba,32.8861141,-2.5017057
mwanza_businesses.961,961,961,8570900587,,,Kigoto,,,Mwanza,convenience,Ilemela,Mo-Fr 08:00-18:00; Sa-Su 08:00-15:00,Kirumba,32.8850842,-2.5017057
mwanza_businesses.962,962,962,8570900840,,,Kabuhoro,Dada H Garment,,Mwanza,clothes,Ilemela,Mo-Su 09:00-21:00,Kirumba,32.8895903,-2.5011269
mwanza_businesses.963,963,963,8570901171,,,Kabuhoro,,,Mwanza,convenience,Ilemela,,Kirumba,32.8895688,-2.5010626
mwanza_businesses.964,964,964,8570901077,,,Kabuhoro,,,Mwanza,convenience,Ilemela,Mo-Su 09:00-21:00,Kirumba,32.8895044,-2.5008697
mwanza_businesses.965,965,965,8570900598,,,Kabuhoro,,,Mwanza,convenience,Ilemela,Mo-Su 09:00-21:00,Kirumba,32.8895044,-2.5008482
mwanza_businesses.966,966,966,8570900767,,,Kabuhoro,,,Mwanza,convenience,Ilemela,Mo-Su 09:00-21:00,Kirumba,32.8894845,-2.500829
mwanza_businesses.967,967,967,8570900629,,,Kabuhoro,,,Mwanza,convenience,Ilemela,Mo-Su 09:00-21:00,Kirumba,32.8891182,-2.5007625
mwanza_businesses.968,968,968,8570900798,,,Kabuhoro,,,Mwanza,convenience,Ilemela,Mo-Su 09:00-21:00,Kirumba,32.8889894,-2.5007625
mwanza_businesses.969,969,969,8570901034,,,Kabuhoro,,,Mwanza,convenience,Ilemela,Mo-Su 09:00-21:00,Kirumba,32.8891611,-2.5007625
mwanza_businesses.970,970,970,8570901100,,,Kabuhoro,,,Mwanza,convenience,Ilemela,Mo-Su 09:00-21:00,Kirumba,32.8894615,-2.5007625
mwanza_businesses.971,971,971,8570901110,,,Kabuhoro,,,Mwanza,convenience,Ilemela,Mo-Su 09:00-21:00,Kirumba,32.8894615,-2.5007411
mwanza_businesses.972,972,972,8570900660,,,Kigoto,,,Mwanza,beverages,Ilemela,Mo-Su 09:00-21:00,Kirumba,32.8858884,-2.5005098
mwanza_businesses.973,973,973,8570901159,,,Ibanda Kati,,,Mwanza,convenience,Ilemela,Mo-Fr 08:00-18:00; Sa-Su 08:00-15:00,Kirumba,32.8898478,-2.4974826
mwanza_businesses.974,974,974,8570900996,,,Ibanda Kati,,,Mwanza,convenience,Ilemela,Mo-Fr 08:00-18:00; Sa-Su 08:00-15:00,Kirumba,32.8899765,-2.4973325
mwanza_businesses.975,975,975,8570901061,,,Kirumba Kati,,,Mwanza,convenience,Ilemela,Mo-Sa 08:00-18:00,Kirumba,32.8901052,-2.4973111
mwanza_businesses.976,976,976,8570901163,,,Ibanda Kati,,,Mwanza,convenience,Ilemela,Mo-Su 09:00-21:00,Kirumba,32.8894401,-2.4973111
mwanza_businesses.977,977,977,8570900826,,,Ibanda Juu,,,Mwanza,convenience,Ilemela,Mo-Su 09:00-21:00,Kirumba,32.8900623,-2.4969252
mwanza_businesses.978,978,978,8570900658,,,Ibanda Juu,,,Mwanza,convenience,Ilemela,Mo-Su 09:00-21:00,Kirumba,32.8900623,-2.496818
mwanza_businesses.979,979,979,8570901001,,,Ibanda Juu,,,Mwanza,video,Ilemela,Mo-Su 09:00-21:00,Kirumba,32.8901267,-2.4964107
mwanza_businesses.980,980,980,8570900641,,,Ibanda Juu,,,Mwanza,butcher,Ilemela,Mo-Su 09:00-21:00,Kirumba,32.8915429,-2.4954675
mwanza_businesses.981,981,981,8570900811,,,Ibanda Juu,,,Mwanza,convenience,Ilemela,Mo-Su 09:00-21:00,Kirumba,32.8915215,-2.495446
mwanza_businesses.982,982,982,8520399590,Ibanda Juu,,Ibanda Juu,Mangi Shopping Centre,,Mwanza,convenience,Ilemela,Mo-Sa 08:00-18:00,Kirumba,32.8888764,-2.4949306
mwanza_businesses.983,983,983,8520399494,Ibanda Ziwani,,Ibanda Ziwani,,,Mwanza,convenience,Ilemela,Mo-Su 09:00-21:00,Kirumba,32.880578,-2.4948458
mwanza_businesses.984,984,984,8520399491,,,Ibanda Ziwani,,,Mwanza,convenience,Ilemela,Mo-Su 09:00-21:00,Kirumba,32.8787971,-2.4938168
mwanza_businesses.985,985,985,8570901201,,,Kabuhoro,,,Mwanza,convenience,Ilemela,Mo-Su 09:00-21:00,Kirumba,32.8891397,-2.5007625
mwanza_businesses.986,986,986,8570901220,,,Kigoto,,,Mwanza,beverages,Ilemela,Mo-Su 09:00-21:00;Mo-Sa 08:00-18:00,Kirumba,32.8862429,-2.5017486
mwanza_businesses.987,987,987,8570901227,,,Ibanda Juu,,,Mwanza,convenience,Ilemela,Mo-Su 09:00-21:00,Kirumba,32.8901052,-2.4964965
mwanza_businesses.988,988,988,8570901243,,,Kabuhoro,,,Mwanza,convenience,Ilemela,Mo-Su 09:00-21:00,Kirumba,32.8895903,-2.5011055
mwanza_businesses.989,989,989,8570901277,,,Kabuhoro,,,Mwanza,convenience,Ilemela,Mo-Su 09:00-21:00,Kirumba,32.8894401,-2.5006767
mwanza_businesses.990,990,990,8570901297,Kabuhoro,,Kabuhoro,,,Mwanza,convenience,Ilemela,Mo-Sa 08:00-18:00,Kirumba,32.8876094,-2.5026295
mwanza_businesses.991,991,991,8570900866,Bomba,,Kirumba Kati,,,Mwanza,car_parts,Ilemela,Mo-Sa 09:00-17:00;Mo-Sa 09:00-20:00,Kirumba,32.8995252,-2.5020702
mwanza_businesses.992,992,992,8570901031,Bomba,,Kirumba Kati,,,Mwanza,vacant,Ilemela,,Kirumba,32.8995466,-2.5020916
mwanza_businesses.993,993,993,8570900700,Bomba,,Kirumba Kati,,,Mwanza,convenience,Ilemela,Mo-Sa 09:00-20:00,Kirumba,32.8995895,-2.5020059
mwanza_businesses.994,994,994,8570900989,Swahili B,,Kirumba Kati,Kem Electronics Company,,Mwanza,electronics,Ilemela,Mo-Su 09:00-21:00,Kirumba,32.8995884,-2.5027136
mwanza_businesses.995,995,995,8570901011,Bomba,,Kirumba Kati,,,Mwanza,car_parts,Ilemela,Mo-Sa 09:00-20:00,Kirumba,32.899611,-2.5018558
mwanza_businesses.996,996,996,8570900577,Swahili B,,Kirumba Kati,Meridian Sports Betting,,Mwanza,bookmaker,Ilemela,Mo-Su 09:00-21:00,Kirumba,32.8996206,-2.5027742
mwanza_businesses.997,997,997,8570900679,Bomba,,Kirumba Kati,,,Mwanza,car_repair,Ilemela,Mo-Sa 09:00-20:00,Kirumba,32.8996325,-2.5018558
mwanza_businesses.998,998,998,8570900879,Bomba,,Kirumba Kati,,,Mwanza,hairdresser,Ilemela,Mo-Sa 09:00-20:00,Kirumba,32.8996351,-2.5025873
mwanza_businesses.999,999,999,8570900957,Bomba,,Kirumba Kati,,,Mwanza,car_parts,Ilemela,Mo-Sa 09:00-20:00,Kirumba,32.8996754,-2.5024989
mwanza_businesses.1000,1000,1000,8570900846,Bomba,,Kirumba Kati,,,Mwanza,convenience,Ilemela,Mo-Sa 09:00-20:00,Kirumba,32.8996895,-2.5023911
mwanza_businesses.1001,1001,1001,8570900743,Bomba,,Kirumba Kati,,,Mwanza,car_parts,Ilemela,Mo-Sa 09:00-20:00,Kirumba,32.8997122,-2.5023596
mwanza_businesses.1002,1002,1002,8570900910,Bomba,,Kirumba Kati,,,Mwanza,convenience,Ilemela,Mo-Sa 09:00-20:00,Kirumba,32.8997397,-2.5022631
mwanza_businesses.1003,1003,1003,8570900594,Bomba,,Kirumba Kati,,,Mwanza,car_repair,Ilemela,Mo-Sa 09:00-20:00,Kirumba,32.8998014,-2.5020594
mwanza_businesses.1004,1004,1004,8570900763,Bomba,,Kirumba Kati,,,Mwanza,shoes,Ilemela,Mo-Sa 08:00-18:00,Kirumba,32.8998041,-2.5021559
mwanza_businesses.1005,1005,1005,8570901004,Bomba,,Kirumba Kati,,,Mwanza,vacant,Ilemela,,Kirumba,32.899847,-2.5021559
mwanza_businesses.1006,1006,1006,8570901012,Bomba,,Kirumba Kati,,,Mwanza,car_parts,Ilemela,Mo-Sa 08:00-18:00,Kirumba,32.8998594,-2.501962
mwanza_businesses.1007,1007,1007,8570900668,Bomba,,Kirumba Kati,Premier Betting,,Mwanza,bookmaker,Ilemela,Mo-Sa 09:00-17:00;Mo-Sa 08:00-18:00,Kirumba,32.8998678,-2.5021941
mwanza_businesses.1008,1008,1008,8570900835,Bomba,,Kirumba Kati,Mangushi Auto Spare Parts,,Mwanza,car_parts,Ilemela,Mo-Sa 09:00-20:00,Kirumba,32.8998685,-2.5019201
mwanza_businesses.1009,1009,1009,8570900908,Vuka,,Kirumba Kati,Afri Bakery Loaf,,Mwanza,bakery,Ilemela,Mo-Sa 08:00-18:00,Kirumba,32.8999329,-2.5025847
mwanza_businesses.1010,1010,1010,8570900896,Bomba,,Kirumba Kati,,,Mwanza,convenience,Ilemela,Mo-Sa 09:00-20:00,Kirumba,32.8999543,-2.5016629
mwanza_businesses.1011,1011,1011,8570900729,Bomba,,Kirumba Kati,,,Mwanza,vacant,Ilemela,,Kirumba,32.8999734,-2.5016753
mwanza_businesses.1012,1012,1012,8570900973,Vuka,,Kirumba Kati,,,Mwanza,vacant,Ilemela,,Kirumba,32.9000187,-2.5024989
mwanza_businesses.1013,1013,1013,8570900806,Bomba,,Kirumba Kati,City Barbershop,,Mwanza,hairdresser,Ilemela,Mo-Sa 08:00-18:00,Kirumba,32.9000583,-2.5017091
mwanza_businesses.1014,1014,1014,8570900637,Vuka,,Kirumba Kati,Nika Dread,0742823312,Mwanza,hairdresser,Ilemela,Mo-Sa 09:00-20:00;Mo-Sa 08:00-18:00,Kirumba,32.9001045,-2.5022631
mwanza_businesses.1015,1015,1015,8570900709,Vuka,,Kirumba Kati,,,Mwanza,vacant,Ilemela,,Kirumba,32.9001501,-2.5017372
mwanza_businesses.1016,1016,1016,8570900952,Vuka,,Kirumba Kati,,,Mwanza,convenience,Ilemela,Mo-Sa 09:00-20:00,Kirumba,32.9002272,-2.5017734
mwanza_businesses.1017,1017,1017,8570900784,Vuka,,Kirumba Kati,,,Mwanza,car_parts,Ilemela,,Kirumba,32.9002333,-2.5019415
mwanza_businesses.1018,1018,1018,8570900604,Vuka,,Kirumba Kati,,,Mwanza,motorcycle_repair,Ilemela,Mo-Sa 08:00-18:00,Kirumba,32.900246,-2.5019067
mwanza_businesses.1019,1019,1019,8570900615,Vuka,,Kirumba Kati,Abdallah Shop,,Mwanza,convenience,Ilemela,Mo-Sa 08:00-18:00,Kirumba,32.9002722,-2.5017855
mwanza_businesses.1020,1020,1020,8570901042,Vuka,,Kirumba Kati,,,Mwanza,car_repair,Ilemela,,Kirumba,32.9001474,-2.5020702
mwanza_businesses.1021,1021,1021,8570901045,Bomba,,Kirumba Kati,,,Mwanza,car_parts,Ilemela,Mo-Sa 09:00-20:00,Kirumba,32.899615,-2.5026208
mwanza_businesses.1022,1022,1022,8570901072,Bomba,,Kirumba Kati,,,Mwanza,vacant,Ilemela,,Kirumba,32.8998899,-2.5019201
mwanza_businesses.1023,1023,1023,8570901074,Bomba,,Kirumba Kati,,,Mwanza,vacant,Ilemela,,Kirumba,32.8996676,-2.5027749
mwanza_businesses.1024,1024,1024,8570901083,Bomba,,Kirumba Kati,,,Mwanza,convenience,Ilemela,,Kirumba,32.8996311,-2.5026503
mwanza_businesses.1025,1025,1025,8570901106,Bomba,,Kirumba Kati,,,Mwanza,gas,Ilemela,Mo-Sa 09:00-20:00,Kirumba,32.8995466,-2.5020059
mwanza_businesses.1026,1026,1026,8570901116,Vuka,,Kirumba Kati,,,Mwanza,vacant,Ilemela,,Kirumba,32.900179,-2.5017459
mwanza_businesses.1027,1027,1027,8570901121,Bomba,,Kirumba Kati,,,Mwanza,convenience,Ilemela,Mo-Sa 09:00-20:00,Kirumba,32.8996667,-2.5025217
mwanza_businesses.1028,1028,1028,8570901135,Bomba,,Kirumba Kati,Cherisha Queen's Bakery,,Mwanza,bakery,Ilemela,Mo-Sa 08:00-18:00,Kirumba,32.9000232,-2.5016965
mwanza_businesses.1029,1029,1029,8570901151,Bomba,,Kirumba Kati,,,Mwanza,vacant,Ilemela,,Kirumba,32.8995857,-2.5027394
mwanza_businesses.1030,1030,1030,8570901175,Bomba,,Kirumba Kati,,,Mwanza,convenience,Ilemela,Mo-Sa 09:00-20:00,Kirumba,32.899611,-2.5018772
mwanza_businesses.1031,1031,1031,8570901176,Bomba,,Kirumba Kati,,,Mwanza,car_parts,Ilemela,Mo-Sa 08:00-18:00,Kirumba,32.8999972,-2.5016843
mwanza_businesses.1032,1032,1032,8570901198,Bomba,,Kirumba Kati,,,Mwanza,bakery,Ilemela,,Kirumba,32.8995466,-2.502113
mwanza_businesses.1033,1033,1033,8570901208,Vuka,,Kirumba Kati,,,Mwanza,car_repair,Ilemela,Mo-Sa 08:00-18:00,Kirumba,32.9001474,-2.5021559
mwanza_businesses.1034,1034,1034,8570901238,Bomba,,Kirumba Kati,Fikiria Auto Spare Parts,,Mwanza,car_parts,Ilemela,Mo-Sa 09:00-20:00,Kirumba,32.8998685,-2.5019415
mwanza_businesses.1035,1035,1035,8570901273,Bomba,,Kirumba Kati,,,Mwanza,car_parts,Ilemela,Mo-Sa 09:00-20:00,Kirumba,32.899611,-2.5020059
mwanza_businesses.1036,1036,1036,8570900999,Vijana,,Kirumba Kati,,,Mwanza,convenience,Ilemela,Mo-Sa 08:00-18:00,Kirumba,32.8975961,-2.5011187
mwanza_businesses.1037,1037,1037,8570900925,Vijana,,Kirumba Kati,,,Mwanza,car_repair,Ilemela,Mo-Sa 08:00-18:00,Kirumba,32.897683,-2.5012812
mwanza_businesses.1038,1038,1038,8570900713,Bomba,,Kirumba Kati,Umoja Traders and Services,0753918883,Mwanza,electronics,Ilemela,Mo-Sa 09:00-20:00,Kirumba,32.8986027,-2.5025707
mwanza_businesses.1039,1039,1039,8570900860,Bomba,,Kirumba Kati,Jasmine Saloon,,Mwanza,beauty,Ilemela,Mo-Sa 09:00-20:00,Kirumba,32.8986027,-2.5024196
mwanza_businesses.1040,1040,1040,8570900774,Bomba,,Kirumba Kati,Mwa 4 Saloon,,Mwanza,hairdresser,Ilemela,Mo-Sa 09:00-17:00;Mo-Sa 09:00-20:00,Kirumba,32.8986643,-2.5019141
mwanza_businesses.1041,1041,1041,8570900942,Bomba,,Kirumba Kati,Mnyone Lubricants,,Mwanza,car_parts,Ilemela,Mo-Sa 09:00-20:00,Kirumba,32.8986669,-2.501963
mwanza_businesses.1042,1042,1042,8570900603,Bomba,,Kirumba Kati,Mama J Garment,,Mwanza,tailor,Ilemela,Mo-Sa 09:00-17:00;Mo-Sa 09:00-20:00,Kirumba,32.8986667,-2.5018926
mwanza_businesses.1043,1043,1043,8570900877,Bagamoyo,,Kirumba Kati,,,Mwanza,car_repair,Ilemela,Mo-Sa 08:00-18:00,Kirumba,32.8987098,-2.5017486
mwanza_businesses.1044,1044,1044,8570900640,Bomba,,Kirumba Kati,Winnie Provisional Store,,Mwanza,convenience,Ilemela,Mo-Sa 09:00-20:00,Kirumba,32.8987237,-2.502616
mwanza_businesses.1045,1045,1045,8570901023,Bagamoyo,,Kirumba Kati,,,Mwanza,car_parts,Ilemela,Mo-Sa 08:00-18:00,Kirumba,32.8987527,-2.5016414
mwanza_businesses.1046,1046,1046,8570900787,Bagamoyo,,Kirumba Kati,,,Mwanza,car_parts,Ilemela,Mo-Sa 08:00-18:00,Kirumba,32.8987741,-2.5016414
mwanza_businesses.1047,1047,1047,8570900955,Bagamoyo,,Kirumba Kati,,,Mwanza,car_parts,Ilemela,Mo-Sa 08:00-18:00,Kirumba,32.8987741,-2.5016629
mwanza_businesses.1048,1048,1048,8570900711,Bagamoyo,,Kirumba Kati,,,Mwanza,car_parts,Ilemela,Mo-Sa 09:00-20:00,Kirumba,32.8989887,-2.5017272
mwanza_businesses.1049,1049,1049,8570900618,Bagamoyo,,Kirumba Kati,,,Mwanza,car_repair,Ilemela,Mo-Sa 08:00-18:00,Kirumba,32.8990316,-2.5015128
mwanza_businesses.1050,1050,1050,8570900696,Bomba,,Kirumba Kati,,,Mwanza,car_repair,Ilemela,Mo-Sa 09:00-20:00,Kirumba,32.8990518,-2.5023463
mwanza_businesses.1051,1051,1051,8570900858,Bagamoyo,,Kirumba Kati,Rocca Claffix,,Mwanza,car_parts,Ilemela,Mo-Sa 09:00-20:00,Kirumba,32.8991,-2.5017446
mwanza_businesses.1052,1052,1052,8570900694,Bagamoyo,,Kirumba Kati,,,Mwanza,car_parts,Ilemela,Mo-Sa 09:00-20:00,Kirumba,32.8992415,-2.5017541
mwanza_businesses.1053,1053,1053,8570900817,Bagamoyo,,Kirumba Kati,,,Mwanza,car_parts,Ilemela,Mo-Sa 09:00-20:00,Kirumba,32.8993535,-2.5018344
mwanza_businesses.1054,1054,1054,8570900650,Bagamoyo,,Kirumba Kati,Sadam,,Mwanza,electronics,Ilemela,Mo-Sa 09:00-20:00,Kirumba,32.899375,-2.5018129
mwanza_businesses.1055,1055,1055,8570900620,Bomba,,Kirumba Kati,Azeez Saloon,,Mwanza,hairdresser,Ilemela,Mo-Sa 09:00-17:00;Mo-Sa 09:00-20:00,Kirumba,32.8994467,-2.5024439
mwanza_businesses.1056,1056,1056,8570901025,Bomba,,Kirumba Kati,,,Mwanza,car_parts,Ilemela,Mo-Sa 09:00-17:00,Kirumba,32.8994467,-2.5024281
mwanza_businesses.1057,1057,1057,8570900986,Bagamoyo,,Kirumba Kati,Kanengula,,Mwanza,car_parts,Ilemela,Mo-Sa 09:00-20:00,Kirumba,32.8994823,-2.5018344
mwanza_businesses.1058,1058,1058,8570901044,Bagamoyo,,Kirumba Kati,,,Mwanza,car_parts,Ilemela,Mo-Sa 09:00-20:00,Kirumba,32.8991389,-2.5017486
mwanza_businesses.1059,1059,1059,8570901098,Vijana,,Kirumba Kati,,,Mwanza,bicycle,Ilemela,Mo-Sa 08:00-18:00,Kirumba,32.897804,-2.5013809
mwanza_businesses.1060,1060,1060,8570901119,Bagamoyo,,Kirumba Kati,,,Mwanza,car_repair,Ilemela,Mo-Sa 08:00-18:00,Kirumba,32.8988814,-2.5016843
mwanza_businesses.1061,1061,1061,8570901189,sokoni,,kirumba kati,,,Mwanza,convenience,Ilemela,24/7,Kirumba,32.8985354,-2.5013794
mwanza_businesses.1062,1062,1062,8570901191,Bomba,,Kirumba Kati,Emma Boy,,Mwanza,car_parts,Ilemela,Mo-Sa 09:00-20:00,Kirumba,32.8986027,-2.5024347
mwanza_businesses.1063,1063,1063,8570901218,Bagamoyo,,Kirumba Kati,,,Mwanza,vacant,Ilemela,Mo-Sa 09:00-20:00,Kirumba,32.8994823,-2.5018129
mwanza_businesses.1064,1064,1064,8570901248,Bomba,,Kirumba Kati,,,Mwanza,vacant,Ilemela,,Kirumba,32.8994151,-2.50257
mwanza_businesses.1065,1065,1065,8570901267,Bomba,,Kirumba Kati,,,Mwanza,vacant,Ilemela,,Kirumba,32.8990481,-2.5023227
mwanza_businesses.1066,1066,1066,8570901286,Bagamoyo,,Kirumba Kati,,,Mwanza,shoes,Ilemela,Mo-Sa 08:00-18:00,Kirumba,32.8988851,-2.5016816
mwanza_businesses.1067,1067,1067,8570900975,,,Ngara,,,Mwanza,convenience,Ilemela,Mo-Sa 08:00-18:00,Kirumba,32.8949545,-2.5013853
mwanza_businesses.1068,1068,1068,8570900624,,,Kirumba Kati,,,Mwanza,cosmetics,Ilemela,Mo-Sa 09:00-20:00,Kirumba,32.8959395,-2.5021552
mwanza_businesses.1069,1069,1069,8570900691,,,Kirumba Kati,,,Mwanza,hairdresser,Ilemela,Mo-Sa 09:00-20:00,Kirumba,32.8959663,-2.5021686
mwanza_businesses.1070,1070,1070,8570900884,,,Kirumba Kati,,,Mwanza,tailor,Ilemela,Mo-Sa 09:00-20:00,Kirumba,32.8959796,-2.5020405
mwanza_businesses.1071,1071,1071,8570900814,,,Kirumba Kati,,,Mwanza,convenience,Ilemela,Mo-Sa 09:00-20:00,Kirumba,32.896004,-2.5020162
mwanza_businesses.1072,1072,1072,8570901050,,,Kirumba Kati,,,Mwanza,tailor,Ilemela,Mo-Sa 09:00-20:00,Kirumba,32.8960526,-2.501919
mwanza_businesses.1073,1073,1073,8570900954,,,Kirumba Kati,,,Mwanza,vacant,Ilemela,,Kirumba,32.8960919,-2.5018129
mwanza_businesses.1074,1074,1074,8570900933,,,Kirumba Kati,Zadel Investment,,Mwanza,tailor,Ilemela,Mo-Sa 09:00-20:00,Kirumba,32.8961134,-2.5017915
mwanza_businesses.1075,1075,1075,8570900741,,,Kirumba Kati,,,Mwanza,vacant,Ilemela,,Kirumba,32.8961134,-2.50177
mwanza_businesses.1076,1076,1076,8570900717,,,Kirumba Kati,,,Mwanza,tailor,Ilemela,Mo-Sa 09:00-20:00,Kirumba,32.8961778,-2.5016843
mwanza_businesses.1077,1077,1077,8570900592,,,Kirumba Kati,,,Mwanza,convenience,Ilemela,Mo-Sa 09:00-20:00,Kirumba,32.8964839,-2.5011579
mwanza_businesses.1078,1078,1078,8570900795,,,Magomeni,,,Mwanza,vacant,Ilemela,,Kirumba,32.896586,-2.5017551
mwanza_businesses.1079,1079,1079,8570901139,,,Kirumba Kati,,,Mwanza,convenience,Ilemela,Mo-Sa 09:00-20:00,Kirumba,32.8966069,-2.500934
mwanza_businesses.1080,1080,1080,8570900617,,,Magomeni,,,Mwanza,vacant,Ilemela,,Kirumba,32.8966221,-2.5016829
mwanza_businesses.1081,1081,1081,8570900857,,,Magomeni,,,Mwanza,vacant,Ilemela,,Kirumba,32.8966402,-2.5016287
mwanza_businesses.1082,1082,1082,8570900976,,,Kirumba Kati,,,Mwanza,convenience,Ilemela,Mo-Sa 09:00-20:00,Kirumba,32.8966489,-2.50084
mwanza_businesses.1083,1083,1083,8570901097,,,Magomeni,,,Mwanza,convenience,Ilemela,Mo-Sa 09:00-20:00,Kirumba,32.8966944,-2.5015746
mwanza_businesses.1084,1084,1084,8570901093,,,Kirumba Kati,,,Mwanza,tailor,Ilemela,Mo-Sa 09:00-20:00,Kirumba,32.8967549,-2.5007341
mwanza_businesses.1085,1085,1085,8570900639,,,Kirumba Kati,,,Mwanza,beauty,Ilemela,Mo-Sa 09:00-20:00,Kirumba,32.89677,-2.5007341
mwanza_businesses.1086,1086,1086,8570900936,,,Kirumba Kati,,,Mwanza,hairdresser,Ilemela,Mo-Sa 09:00-20:00,Kirumba,32.896815,-2.5013068
mwanza_businesses.1087,1087,1087,8570901002,,,Kirumba Kati,,,Mwanza,tailor,Ilemela,Mo-Sa 09:00-20:00,Kirumba,32.8969418,-2.5011009
mwanza_businesses.1088,1088,1088,8570901065,,,Kirumba Kati,,,Mwanza,convenience,Ilemela,Mo-Sa 09:00-20:00,Kirumba,32.8969893,-2.5010376
mwanza_businesses.1089,1089,1089,8570900901,,,Kirumba Kati,,,Mwanza,convenience,Ilemela,Mo-Sa 09:00-20:00,Kirumba,32.8970052,-2.5010059
mwanza_businesses.1090,1090,1090,8570900661,Vijana,,Kirumba Kati,,,Mwanza,convenience,Ilemela,Mo-Sa 08:00-18:00,Kirumba,32.8972191,-2.5010465
mwanza_businesses.1091,1091,1091,8570901162,,,Kirumba Kati,,,Mwanza,clothes,Ilemela,Mo-Sa 09:00-20:00,Kirumba,32.8969259,-2.5011484
mwanza_businesses.1092,1092,1092,8570901164,,,Kirumba Kati,,,Mwanza,vacant,Ilemela,,Kirumba,32.8967094,-2.500719
mwanza_businesses.1093,1093,1093,8570901196,,,Kirumba Kati,,,Mwanza,vacant,Ilemela,Mo-Sa 09:00-20:00,Kirumba,32.8961563,-2.5017057
mwanza_businesses.1094,1094,1094,8570901214,,,Kirumba Kati,,,Mwanza,vacant,Ilemela,Mo-Sa 09:00-20:00,Kirumba,32.8961778,-2.5016629
mwanza_businesses.1095,1095,1095,8570901230,Vijana,,Kirumba Kati,,,Mwanza,gas,Ilemela,Mo-Sa 08:00-18:00,Kirumba,32.8972195,-2.5010422
mwanza_businesses.1096,1096,1096,8570901260,,,Kirumba Kati,,,Mwanza,vacant,Ilemela,,Kirumba,32.8966943,-2.5007341
mwanza_businesses.1097,1097,1097,8570901265,,,Kirumba Kati,,,Mwanza,car_repair,Ilemela,,Kirumba,32.8969742,-2.5014501
mwanza_businesses.1098,1098,1098,8570901293,,,Kirumba Kati,Sawasdee Enterprise,,Mwanza,stationery,Ilemela,Mo-Sa 09:00-20:00,Kirumba,32.896004,-2.5019919
mwanza_businesses.1099,1099,1099,8570901295,,,Magomeni,Ashiraf Hair Cutting,,Mwanza,beauty,Ilemela,Mo-Sa 09:00-20:00,Kirumba,32.8965318,-2.5018634
mwanza_businesses.1100,1100,1100,8570901307,,,Ngara,,,Mwanza,convenience,Ilemela,Mo-Sa 08:00-18:00,Kirumba,32.8948943,-2.5014961
mwanza_businesses.1101,1101,1101,8570900865,Ruhinda,,Mlimani,Msukuma Shop,,Mwanza,convenience,Ilemela,Mo-Su 09:00-21:00,Kirumba,32.8918575,-2.5013702
mwanza_businesses.1102,1102,1102,8570898854,Ruhinda,,Mlimani,,,Mwanza,beverages,Ilemela,Mo-Sa 08:00-18:00,Kirumba,32.8918661,-2.5014713
mwanza_businesses.1103,1103,1103,8570898853,Ruhinda,,Mlimani,,,Mwanza,hairdresser,Ilemela,Mo-Sa 08:00-18:00,Kirumba,32.8918836,-2.5015128
mwanza_businesses.1104,1104,1104,8570901046,Ngara,,Ngara,,,Mwanza,video,Ilemela,,Kirumba,32.8921866,-2.4994119
mwanza_businesses.1105,1105,1105,8570900773,Ruhinda,,Mlimani,,,Mwanza,convenience,Ilemela,Mo-Sa 08:00-18:00,Kirumba,32.892251,-2.5014056
mwanza_businesses.1106,1106,1106,8570900880,Ngara,,Ngara,,,Mwanza,beverages,Ilemela,,Kirumba,32.8924656,-2.4995406
mwanza_businesses.1107,1107,1107,8570901137,,,,,,Mwanza,convenience,Ilemela,,Kirumba,32.8926993,-2.5021606
mwanza_businesses.1108,1108,1108,8570901122,Ngara,,Ngara,,,Mwanza,convenience,Ilemela,,Kirumba,32.8928947,-2.4990261
mwanza_businesses.1109,1109,1109,8570900935,Gengeni,,Mlimani,,,Mwanza,convenience,Ilemela,Mo-Su 09:00-21:00,Kirumba,32.8930097,-2.5019978
mwanza_businesses.1110,1110,1110,8570900958,Ngara,,Ngara,Daved,,Mwanza,kiosk,Ilemela,,Kirumba,32.8930235,-2.4988331
mwanza_businesses.1111,1111,1111,8570901053,Ngara,,Ngara,,,Mwanza,convenience,Ilemela,,Kirumba,32.8930235,-2.4988117
mwanza_businesses.1112,1112,1112,8570900887,,,Kirumba B,,,Mwanza,convenience,Ilemela,Mo-Su 09:00-21:00,Kirumba,32.8931952,-2.4969038
mwanza_businesses.1113,1113,1113,8570901005,,,Ngara,,,Mwanza,convenience,Ilemela,Mo-Sa 08:00-18:00,Kirumba,32.8937728,-2.5011851
mwanza_businesses.1114,1114,1114,8570900646,,,Ngara,,,Mwanza,vacant,Ilemela,,Kirumba,32.8937992,-2.5011912
mwanza_businesses.1115,1115,1115,8570900855,,,Ngara,,,Mwanza,vacant,Ilemela,,Kirumba,32.8938389,-2.5011484
mwanza_businesses.1116,1116,1116,8570901095,,,Ngara,,,Mwanza,hairdresser,Ilemela,Mo-Sa 08:00-18:00,Kirumba,32.8938389,-2.5011269
mwanza_businesses.1117,1117,1117,8570900670,,,Ngara,,,Mwanza,convenience,Ilemela,Mo-Sa 08:00-18:00,Kirumba,32.8938542,-2.5010995
mwanza_businesses.1118,1118,1118,8570901145,,,Ngara,,,Mwanza,vacant,Ilemela,Mo-Sa 08:00-18:00,Kirumba,32.8939033,-2.5010626
mwanza_businesses.1119,1119,1119,8570901064,,,Ngara,,,Mwanza,convenience,Ilemela,Mo-Sa 09:00-20:00,Kirumba,32.8939462,-2.5009769
mwanza_businesses.1120,1120,1120,8570900900,,,Ngara,,,Mwanza,clothes,Ilemela,Mo-Sa 08:00-18:00,Kirumba,32.8939643,-2.5009533
mwanza_businesses.1121,1121,1121,8570900983,,,Ngara,,,Mwanza,convenience,Ilemela,Mo-Sa 08:00-18:00,Kirumba,32.894311,-2.50177
mwanza_businesses.1122,1122,1122,8570901186,Gengeni,,Mlimani,,,Mwanza,convenience,Ilemela,Mo-Sa 08:00-18:00,Kirumba,32.8935605,-2.5011131
mwanza_businesses.1123,1123,1123,8570901262,,,Ngara,,,Mwanza,vacant,Ilemela,,Kirumba,32.8938203,-2.5011629
mwanza_businesses.1124,1124,1124,8570901272,Ruhinda,,Mlimani,,,Mwanza,convenience,Ilemela,Mo-Sa 08:00-18:00,Kirumba,32.8918701,-2.5016026
mwanza_businesses.1125,1125,1125,8570900831,Penda,,Kirumba Kati,,,Mwanza,paint,Ilemela,Mo-Sa 09:00-20:00,Kirumba,32.8989115,-2.5040246
mwanza_businesses.1126,1126,1126,8570900812,Penda,,Kirumba Kati,,,Mwanza,vacant,Ilemela,,Kirumba,32.8989278,-2.5040246
mwanza_businesses.1127,1127,1127,8570900904,Sokoni Street,,Kirumba Kati,Mabondo Shop,0752235137,Mwanza,convenience,Ilemela,Mo-Sa 08:00-18:00,Kirumba,32.8989278,-2.503503
mwanza_businesses.1128,1128,1128,8570901090,Sokoni Street,,Kirumba Kati,,,Mwanza,tailor,Ilemela,Mo-Sa 08:00-18:00,Kirumba,32.8989442,-2.5035193
mwanza_businesses.1129,1129,1129,8570901141,Penda,,Kirumba Kati,,,Mwanza,clothes,Ilemela,Mo-Sa 08:00-18:00,Kirumba,32.8989605,-2.5040409
mwanza_businesses.1130,1130,1130,8570900664,Penda,,Kirumba Kati,,,Mwanza,video,Ilemela,,Kirumba,32.8989768,-2.5040409
mwanza_businesses.1131,1131,1131,8570901234,Penda,,Kirumba Kati,,,Mwanza,convenience,Ilemela,Mo-Sa 08:00-18:00,Kirumba,32.8989768,-2.5040572
mwanza_businesses.1132,1132,1132,8570900805,Penda,,Kirumba Kati,,,Mwanza,tailor,Ilemela,Mo-Sa 08:00-18:00,Kirumba,32.8989931,-2.5040572
mwanza_businesses.1133,1133,1133,8570901131,Sokoni Street,,Kirumba Kati,,,Mwanza,convenience,Ilemela,Mo-Sa 08:00-18:00,Kirumba,32.8990421,-2.5035519
mwanza_businesses.1134,1134,1134,8570900851,Sokoni Street,,Kirumba Kati,,,Mwanza,convenience,Ilemela,Mo-Sa 09:00-20:00,Kirumba,32.8990584,-2.5035519
mwanza_businesses.1135,1135,1135,8570900642,Swahili B,,Kirumba Kati,Groly Saloon,,Mwanza,beauty,Ilemela,Mo-Su 09:00-21:00,Kirumba,32.89921,-2.5039571
mwanza_businesses.1136,1136,1136,8570900622,Swahili B,,Kirumba Kati,J4 Butcher,,Mwanza,butcher,Ilemela,Mo-Su 09:00-21:00,Kirumba,32.8993205,-2.5036733
mwanza_businesses.1137,1137,1137,8570901181,Swahili B,,Kirumba Kati,Kirumba Shop,,Mwanza,convenience,Ilemela,Mo-Su 09:00-21:00,Kirumba,32.8993362,-2.5036576
mwanza_businesses.1138,1138,1138,8570901193,Swahili B,,Kirumba Kati,Richi's Phone Solutions and Computer Clinic,,Mwanza,mobile_phone,Ilemela,Mo-Su 09:00-21:00,Kirumba,32.8993362,-2.5036733
mwanza_businesses.1139,1139,1139,8570900725,Swahili B,,Kirumba Kati,Rama Cutting Saloon,,Mwanza,hairdresser,Ilemela,Mo-Su 09:00-21:00,Kirumba,32.899352,-2.5036891
mwanza_businesses.1140,1140,1140,8570900737,Vuka,,Kirumba Kati,Kahili Cargo Transport,,Mwanza,travel_agency,Ilemela,Mo-Sa 08:00-18:00,Kirumba,32.8994179,-2.5040424
mwanza_businesses.1141,1141,1141,8570900892,Vuka,,Kirumba Kati,Lameck Aluminium Glass,,Mwanza,glaziery,Ilemela,Mo-Sa 08:00-18:00,Kirumba,32.8994823,-2.5040424
mwanza_businesses.1142,1142,1142,8570901068,Vuka,,Kirumba Kati,,,Mwanza,vacant,Ilemela,,Kirumba,32.8995252,-2.5037637
mwanza_businesses.1143,1143,1143,8570901123,,,Kirumba Kati,,,Mwanza,glaziery,Ilemela,Mo-Sa 08:00-18:00,Kirumba,32.8995466,-2.5037637
mwanza_businesses.1144,1144,1144,8570900715,Vuka,,Kirumba Kati,,,Mwanza,vacant,Ilemela,,Kirumba,32.8995681,-2.5037851
mwanza_businesses.1145,1145,1145,8570901257,Sokoni Street,,Kirumba Kati,,,Mwanza,convenience,Ilemela,Mo-Sa 08:00-18:00,Kirumba,32.8989768,-2.5035356
mwanza_businesses.1146,1146,1146,8570901300,Vuka,,Kirumba Kati,,,Mwanza,vacant,Ilemela,,Kirumba,32.8995466,-2.5037851
mwanza_businesses.1147,1147,1147,8570901310,Vuka,,Kirumba Kati,Unyamwezi Printing Shop,,Mwanza,copyshop,Ilemela,Mo-Sa 08:00-18:00,Kirumba,32.8994608,-2.5040424
mwanza_businesses.1148,1148,1148,8570900796,,,Kirumba kati,,,Mwanza,vacant,Ilemela,,Kirumba,32.9008341,-2.5044711
mwanza_businesses.1149,1149,1149,8570900627,,,Kirumba kati,,,Mwanza,convenience,Ilemela,Mo-Su 09:00-21:00,Kirumba,32.9008555,-2.5044283
mwanza_businesses.1150,1150,1150,8570901199,,,Kirumba kati,Ushindi Ice cream,,Mwanza,beverages,Ilemela,Mo-Sa 08:00-18:00,Kirumba,32.900877,-2.5043425
mwanza_businesses.1151,1151,1151,8570901032,,,Kirumba kati,,,Mwanza,vacant,Ilemela,,Kirumba,32.900877,-2.5043211
mwanza_businesses.1152,1152,1152,8570901075,,,Kirumba kati,,,Mwanza,vacant,Ilemela,,Kirumba,32.9008985,-2.5042996
mwanza_businesses.1153,1153,1153,8570900701,,,Kirumba kati,,,Mwanza,hairdresser,Ilemela,Mo-Su 09:00-21:00,Kirumba,32.9008985,-2.5042353
mwanza_businesses.1154,1154,1154,8570901274,,,Kirumba kati,,,Mwanza,vacant,Ilemela,,Kirumba,32.9009199,-2.5042139
mwanza_businesses.1155,1155,1155,8570901107,,,Kirumba kati,Dorry's Stationary,,Mwanza,stationery,Ilemela,Mo-Sa 08:00-18:00,Kirumba,32.9009199,-2.5041924
mwanza_businesses.1156,1156,1156,8570900838,Furahisha,,Kirumba Kati,,,Mwanza,clothes,Ilemela,Mo-Su 09:00-21:00,Kirumba,32.9009871,-2.5029896
mwanza_businesses.1157,1157,1157,8570900671,Furahisha,,Kirumba Kati,Bridan Company ltd,,Mwanza,car,Ilemela,Mo-Fr 08:00-18:00; Sa-Su 08:00-15:00,Kirumba,32.9010272,-2.5028848
mwanza_businesses.1158,1158,1158,8570901317,Furahisha,,Kirumba kati,,,Mwanza,beverages,Ilemela,Mo-Su 09:00-21:00,Kirumba,32.9012686,-2.5024138
mwanza_businesses.1159,1159,1159,8571608336,Kenyatta,,Nela,,,Mwanza,clothes,Ilemela,Mo-Sa 08:00-18:00,Kirumba,32.9004264,-2.5078368
mwanza_businesses.1160,1160,1160,8571610422,Kenyatta,,Nela,,,Mwanza,hairdresser,Ilemela,Mo-Sa 08:00-18:00,Kirumba,32.9004049,-2.5078368
mwanza_businesses.1161,1161,1161,8571606398,Kenyatta,,Nela,,,Mwanza,stationery,Ilemela,Mo-Sa 08:00-18:00,Kirumba,32.9004264,-2.5076867
mwanza_businesses.1162,1162,1162,8571607480,Kenyatta,,Nela,,,Mwanza,convenience,Ilemela,Mo-Sa 08:00-18:00,Kirumba,32.9004049,-2.5075581
mwanza_businesses.1163,1163,1163,8571608206,Kenyatta,,Nela,,,Mwanza,hairdresser,Ilemela,Mo-Sa 08:00-18:00,Kirumba,32.9004264,-2.5075581
mwanza_businesses.1164,1164,1164,8571612413,Kenyatta,,Nela,,,Mwanza,furniture,Ilemela,Mo-Sa 08:00-18:00,Kirumba,32.9004049,-2.5074295
mwanza_businesses.1165,1165,1165,8571606688,Kenyatta,,Nela,,,Mwanza,furniture,Ilemela,Mo-Sa 08:00-18:00,Kirumba,32.9004908,-2.5073651
mwanza_businesses.1166,1166,1166,8571611431,Kenyatta,,Nela,,,Mwanza,kiosk,Ilemela,Mo-Sa 08:00-18:00,Kirumba,32.9004693,-2.5072794
mwanza_businesses.1167,1167,1167,8571612063,Kenyatta,,Nela,,,Mwanza,clothes,Ilemela,Mo-Sa 08:00-18:00,Kirumba,32.9004908,-2.5072365
mwanza_businesses.1168,1168,1168,8570900862,,,Kirumba Kati,,,Mwanza,alcohol,Ilemela,Mo-Su 09:00-21:00,Kirumba,32.8997579,-2.5069268
mwanza_businesses.1169,1169,1169,8571612763,Kenyatta,,Nela,,,Mwanza,convenience,Ilemela,Mo-Sa 09:00-17:00;Mo-Sa 08:00-18:00,Kirumba,32.9004478,-2.507258
mwanza_businesses.1170,1170,1170,8571612893,Kenyatta,,Nela,Dragon Mabati,,Mwanza,houseware,Ilemela,Mo-Sa 08:00-18:00,Kirumba,32.9004264,-2.5071079
mwanza_businesses.1171,1171,1171,8571613044,Kenyatta,,Nela,,,Mwanza,video,Ilemela,Mo-Sa 08:00-18:00,Kirumba,32.9004049,-2.5075152
mwanza_businesses.1172,1172,1172,8571613111,Kenyatta,,Nela,,,Mwanza,convenience,Ilemela,Mo-Sa 08:00-18:00,Kirumba,32.9004049,-2.5077081
mwanza_businesses.1173,1173,1173,8559766438,,,Nyamanoro A,,,Mwanza,car_repair,Ilemela,Mo-Fr 09:00-17:00,Kitangiri,32.9006084,-2.5002034
mwanza_businesses.1174,1174,1174,8570900828,,,kitangiri 1,Octa's Barbershop,,Mwanza,hairdresser,Ilemela,,Kitangiri,32.8994849,-2.5012622
mwanza_businesses.1175,1175,1175,8570901096,,,kitangiri 1,,,Mwanza,hairdresser,Ilemela,Mo-Fr 08:00-18:00; Sa-Su 08:00-15:00,Kitangiri,32.8970146,-2.4994763
mwanza_businesses.1176,1176,1176,8570900616,,,Kitangiri Kati,Mama Brian Shop,,Mwanza,convenience,Ilemela,Mo-Su 09:00-21:00,Kitangiri,32.8971004,-2.4984687
mwanza_businesses.1177,1177,1177,8570901021,,,kitangiri 1,,,Mwanza,convenience,Ilemela,Mo-Fr 08:00-18:00; Sa-Su 08:00-15:00,Kitangiri,32.8972721,-2.498876
mwanza_businesses.1178,1178,1178,8570900856,,,kitangiri 1,,,Mwanza,hairdresser,Ilemela,Mo-Fr 08:00-18:00; Sa-Su 08:00-15:00,Kitangiri,32.8972936,-2.498876
mwanza_businesses.1179,1179,1179,8570900816,Kirumba B,,Kirumba B,,,Mwanza,convenience,Ilemela,Mo-Sa 08:00-18:00,Kitangiri,32.8938304,-2.4961532
mwanza_businesses.1180,1180,1180,8570900649,Kirumba,,Kirumba B,Mama Neema Saloon,,Mwanza,hairdresser,Ilemela,Mo-Sa 08:00-18:00,Kitangiri,32.893851,-2.4967355
mwanza_businesses.1181,1181,1181,8570900885,Kirumba B,,Kirumba B,,,Mwanza,convenience,Ilemela,Mo-Sa 08:00-18:00,Kitangiri,32.8939891,-2.4967752
mwanza_businesses.1182,1182,1182,8570901263,,,Kitangiri Kati,,,Mwanza,convenience,Ilemela,Mo-Sa 08:00-18:00,Kitangiri,32.8939891,-2.4967109
mwanza_businesses.1183,1183,1183,8559737889,,,Kitangiri B,,,Mwanza,convenience,Ilemela,,Kitangiri,32.900362,-2.4980185
mwanza_businesses.1184,1184,1184,8559754330,,,Kitangiri B,,,Mwanza,furniture,Ilemela,,Kitangiri,32.8999114,-2.4979113
mwanza_businesses.1185,1185,1185,8559766633,,,Kitangiri B,CCM Kirumba,,Mwanza,motorcycle_repair,Ilemela,,Kitangiri,32.9000401,-2.4978899
mwanza_businesses.1186,1186,1186,4550221991,,,,,,Mwanza,convenience,Ilemela,,Kitangiri,32.897505,-2.4978024
mwanza_businesses.1187,1187,1187,8570900632,,,Kitangiri Kati,,,Mwanza,convenience,Ilemela,Mo-Su 09:00-21:00,Kitangiri,32.897594,-2.4975898
mwanza_businesses.1188,1188,1188,8559759617,,,Kitangiri A,Kulveth Shop,,Mwanza,convenience,Ilemela,,Kitangiri,32.8979373,-2.4971396
mwanza_businesses.1189,1189,1189,8559765184,,,Kitangiri B,,,Mwanza,hairdresser,Ilemela,,Kitangiri,32.9002333,-2.497011
mwanza_businesses.1190,1190,1190,8559753587,,,Kitangiri B,,,Mwanza,convenience,Ilemela,,Kitangiri,32.9005337,-2.4966465
mwanza_businesses.1191,1191,1191,8559726166,,,Kitangiri B,,,Mwanza,convenience,Ilemela,,Kitangiri,32.9003406,-2.4966251
mwanza_businesses.1192,1192,1192,8559759173,,,Kitangiri B,Efata Shop,,Mwanza,convenience,Ilemela,,Kitangiri,32.8997268,-2.4964902
mwanza_businesses.1193,1193,1193,8559759822,,,Kitangiri B,Sophia,,Mwanza,hairdresser,Ilemela,,Kitangiri,32.900641,-2.4962607
mwanza_businesses.1194,1194,1194,8559745292,,,Kitangiri B,Kondiki Butcher,,Mwanza,butcher,Ilemela,,Kitangiri,32.9006624,-2.4962392
mwanza_businesses.1195,1195,1195,8559767312,,,Kitangiri B,,,Mwanza,convenience,Ilemela,,Kitangiri,32.9007053,-2.4962392
mwanza_businesses.1196,1196,1196,8559756206,,,Kitangiri B,Challenge Classic,,Mwanza,hairdresser,Ilemela,,Kitangiri,32.9006195,-2.4957247
mwanza_businesses.1197,1197,1197,8559750678,Kitangiri B,,Kitangiri B,Ushonaji Shop,,Mwanza,clothes,Ilemela,Mo-Sa 09:00-17:00,Kitangiri,32.9008341,-2.4946314
mwanza_businesses.1198,1198,1198,8559735300,Kitangiri B,,Kitangiri B,Hair Dressing Salon,,Mwanza,hairdresser,Ilemela,Mo-Sa 09:00-20:00,Kitangiri,32.9008864,-2.4941556
mwanza_businesses.1199,1199,1199,8559739862,,,Kitangiri B,Kondiki Butcher,,Mwanza,butcher,Ilemela,Mo-Fr 09:00-17:00,Kitangiri,32.9010916,-2.4936453
mwanza_businesses.1200,1200,1200,4550221992,,,,,,Mwanza,convenience,Ilemela,,Kitangiri,32.8979374,-2.4935162
mwanza_businesses.1201,1201,1201,8559760388,,,Kitangiri B,,,Mwanza,convenience,Ilemela,Mo-Fr 08:00-18:00; Sa-Su 08:00-15:00,Kitangiri,32.9010916,-2.4933452
mwanza_businesses.1202,1202,1202,8559764370,,,Kitangiri B,,,Mwanza,video,Ilemela,Mo-Su 09:00-21:00,Kitangiri,32.9011345,-2.4924019
mwanza_businesses.1203,1203,1203,8559772716,,,Kitangiri B,,,Mwanza,convenience,Ilemela,Mo-Su 09:00-21:00,Kitangiri,32.9010916,-2.4924019
mwanza_businesses.1204,1204,1204,8559768772,,,Kitangiri B,,,Mwanza,tailor,Ilemela,Mo-Su 09:00-21:00,Kitangiri,32.9010487,-2.4924019
mwanza_businesses.1205,1205,1205,8559749840,,,Kitangiri B,,,Mwanza,kiosk,Ilemela,Mo-Su 09:00-21:00,Kitangiri,32.900806,-2.4923742
mwanza_businesses.1206,1206,1206,8559756786,,,Kitangiri B,Chacha Family,,Mwanza,butcher,Ilemela,Mo-Su 09:00-21:00,Kitangiri,32.9008124,-2.4923362
mwanza_businesses.1207,1207,1207,8559752924,,,Kitangiri B,Dominion Shop Centre,,Mwanza,convenience,Ilemela,Mo-Su 09:00-21:00,Kitangiri,32.9007997,-2.4923077
mwanza_businesses.1208,1208,1208,8559750223,,,Kitangiri B,Jackson Classic Saloon,,Mwanza,hairdresser,Ilemela,Mo-Su 09:00-21:00,Kitangiri,32.9008124,-2.4922697
mwanza_businesses.1209,1209,1209,8559750429,,,Kitangiri B,,,Mwanza,vacant,Ilemela,,Kitangiri,32.8979588,-2.4922519
mwanza_businesses.1210,1210,1210,8559766677,,,Kitangiri B,,,Mwanza,convenience,Ilemela,Mo-Su 09:00-21:00,Kitangiri,32.9008614,-2.4922428
mwanza_businesses.1211,1211,1211,8559736727,,,Kitangiri B,Mama G,,Mwanza,convenience,Ilemela,Mo-Su 09:00-21:00,Kitangiri,32.8979588,-2.4922304
mwanza_businesses.1212,1212,1212,8559753658,,,Kitangiri B,,,Mwanza,gas,Ilemela,Mo-Sa 09:00-20:00,Kitangiri,32.8979588,-2.492209
mwanza_businesses.1213,1213,1213,8559735232,,,Kitangiri B,,,Mwanza,vacant,Ilemela,,Kitangiri,32.8979588,-2.4921876
mwanza_businesses.1214,1214,1214,8559765182,,,Kitangiri B,Ghufu,,Mwanza,video,Ilemela,Mo-Su 09:00-21:00,Kitangiri,32.8979373,-2.4921661
mwanza_businesses.1215,1215,1215,8570900675,,,Kitangiri A,,,Mwanza,greengrocer,Ilemela,,Kitangiri,32.8976171,-2.4973883
mwanza_businesses.1216,1216,1216,8570900770,,,Kitangiri Kati,,,Mwanza,hairdresser,Ilemela,Mo-Sa 09:00-17:00;Mo-Sa 08:00-18:00,Kitangiri,32.8975725,-2.4965608
mwanza_businesses.1217,1217,1217,8570900801,,,Kitangiri Kati,,,Mwanza,convenience,Ilemela,Mo-Su 09:00-21:00,Kitangiri,32.8974867,-2.4978042
mwanza_businesses.1218,1218,1218,8570900843,,,Kitangiri Kati,,,Mwanza,convenience,Ilemela,Mo-Sa 08:00-18:00,Kitangiri,32.8975511,-2.4968395
mwanza_businesses.1219,1219,1219,8570900927,,,Kitangiri Kati,Azizy Shop,,Mwanza,convenience,Ilemela,Mo-Fr 08:00-18:00; Sa-Su 08:00-15:00;Mo-Su 09:00-21:00,Kitangiri,32.8978817,-2.4934882
mwanza_businesses.1220,1220,1220,8570900968,,,Kitangiri Kati,,,Mwanza,convenience,Ilemela,Mo-Fr 09:00-17:00,Kitangiri,32.8974867,-2.4978256
mwanza_businesses.1221,1221,1221,8570901037,,,Kitangiri Kati,GSS Work Shop,0765297441,Mwanza,gas,Ilemela,Mo-Sa 08:00-18:00,Kitangiri,32.8976154,-2.4975683
mwanza_businesses.1222,1222,1222,8570901154,,,Kitangiri Kati,,,Mwanza,stationery,Ilemela,Mo-Sa 08:00-18:00,Kitangiri,32.8975511,-2.4963035
mwanza_businesses.1223,1223,1223,8559750991,,,Kitangiri B,,,Mwanza,alcohol,Ilemela,Mo-Sa 08:00-18:00,Kitangiri,32.8979373,-2.4921018
mwanza_businesses.1224,1224,1224,8520399598,,,Mwinuko,,,Mwanza,convenience,Ilemela,Mo-Su 09:00-21:00,Kitangiri,32.8929228,-2.4920959
mwanza_businesses.1225,1225,1225,8559740975,,,Kitangiri B,For Big,,Mwanza,hairdresser,Ilemela,Mo-Su 09:00-21:00,Kitangiri,32.8978729,-2.491866
mwanza_businesses.1226,1226,1226,8520399576,,,Mwinuko,,,Mwanza,convenience,Ilemela,Mo-Su 09:00-21:00,Kitangiri,32.8940226,-2.4918312
mwanza_businesses.1227,1227,1227,8559729755,,,Kitangiri B,,,Mwanza,vacant,Ilemela,,Kitangiri,32.8979802,-2.4917803
mwanza_businesses.1228,1228,1228,8559755392,,,Kitangiri B,,,Mwanza,vacant,Ilemela,,Kitangiri,32.8980017,-2.4917588
mwanza_businesses.1229,1229,1229,8559738657,,,Medical,,,Mwanza,vacant,Ilemela,Mo-Sa 09:00-17:00;Mo-Fr 08:00-18:00; Sa-Su 08:00-15:00,Kitangiri,32.8978729,-2.4916302
mwanza_businesses.1230,1230,1230,8559753061,,,Kitangiri B,,,Mwanza,vacant,Ilemela,,Kitangiri,32.8982162,-2.4916088
mwanza_businesses.1231,1231,1231,8559762159,,,Medical,,,Mwanza,convenience,Ilemela,Mo-Fr 08:00-18:00; Sa-Su 08:00-15:00,Kitangiri,32.8978944,-2.4916088
mwanza_businesses.1232,1232,1232,8559748081,,,Medical,,,Mwanza,beverages,Ilemela,Mo-Fr 08:00-18:00; Sa-Su 08:00-15:00,Kitangiri,32.8979158,-2.4915873
mwanza_businesses.1233,1233,1233,8559738615,,,Medical,,,Mwanza,vacant,Ilemela,Mo-Fr 08:00-18:00; Sa-Su 08:00-15:00,Kitangiri,32.8979373,-2.4915445
mwanza_businesses.1234,1234,1234,8559753971,,,Kitangiri B,,,Mwanza,vacant,Ilemela,,Kitangiri,32.8981733,-2.4915445
mwanza_businesses.1235,1235,1235,8559762410,,,Medical,D&R Fashion,,Mwanza,clothes,Ilemela,Mo-Fr 08:00-18:00; Sa-Su 08:00-15:00,Kitangiri,32.8977442,-2.4914587
mwanza_businesses.1236,1236,1236,8559768952,,,Medical,VIP Beauty,,Mwanza,beauty,Ilemela,Mo-Fr 08:00-18:00; Sa-Su 08:00-15:00,Kitangiri,32.8980017,-2.4914587
mwanza_businesses.1237,1237,1237,8559745152,,,Medical,Nassoro Shop,,Mwanza,vacant,Ilemela,Mo-Fr 08:00-18:00; Sa-Su 08:00-15:00,Kitangiri,32.898066,-2.4914158
mwanza_businesses.1238,1238,1238,8559752341,,,Medical,,,Mwanza,convenience,Ilemela,Mo-Fr 08:00-18:00; Sa-Su 08:00-15:00,Kitangiri,32.8980875,-2.491373
mwanza_businesses.1239,1239,1239,8559740108,,,Kitangiri B,,,Mwanza,vacant,Ilemela,,Kitangiri,32.8984523,-2.4913301
mwanza_businesses.1240,1240,1240,8559737600,,,Kitangiri B,,,Mwanza,beauty,Ilemela,Mo-Sa 09:00-20:00,Kitangiri,32.8983879,-2.4913086
mwanza_businesses.1241,1241,1241,8559768051,,,Medical,,,Mwanza,convenience,Ilemela,Mo-Su 09:00-21:00,Kitangiri,32.89886,-2.4913086
mwanza_businesses.1242,1242,1242,8559744486,,,Medical,,,Mwanza,convenience,Ilemela,Mo-Fr 08:00-18:00; Sa-Su 08:00-15:00,Kitangiri,32.8981733,-2.4912443
mwanza_businesses.1243,1243,1243,8559767310,,,Medical,,,Mwanza,convenience,Ilemela,Mo-Fr 08:00-18:00; Sa-Su 08:00-15:00,Kitangiri,32.8982162,-2.4912229
mwanza_businesses.1244,1244,1244,8559736163,,,Medical,Mama Ney Garment,,Mwanza,beauty,Ilemela,Mo-Fr 08:00-18:00; Sa-Su 08:00-15:00,Kitangiri,32.8982377,-2.49118
mwanza_businesses.1245,1245,1245,8559770272,,,Kitangiri B,,,Mwanza,vacant,Ilemela,,Kitangiri,32.8981948,-2.4915873
mwanza_businesses.1246,1246,1246,8559770768,,,Medical,,,Mwanza,clothes,Ilemela,Mo-Fr 08:00-18:00; Sa-Su 08:00-15:00,Kitangiri,32.8978729,-2.4916516
mwanza_businesses.1247,1247,1247,8559772221,,,Kitangiri B,,,Mwanza,hairdresser,Ilemela,Mo-Su 09:00-21:00,Kitangiri,32.8984737,-2.4913515
mwanza_businesses.1248,1248,1248,8570900606,Kitangiri Sokoni,,Kitangiri B,,,Mwanza,convenience,Ilemela,,Kitangiri,32.8975081,-2.491523
mwanza_businesses.1249,1249,1249,8570900612,Kitangiri Sokoni,,Kitangiri B,,,Mwanza,vacant,Ilemela,,Kitangiri,32.8973794,-2.4912015
mwanza_businesses.1250,1250,1250,8570900692,Kitangiri Madukani,,Kitangiri B,,,Mwanza,convenience,Ilemela,Mo-Su 09:00-21:00,Kitangiri,32.8964353,-2.4913944
mwanza_businesses.1251,1251,1251,8570900764,,,Medical,,,Mwanza,convenience,Ilemela,Mo-Sa 09:00-20:00,Kitangiri,32.8956842,-2.4927449
mwanza_businesses.1252,1252,1252,8570900781,Kitangiri Sokoni,,Kitangiri B,,,Mwanza,vacant,Ilemela,,Kitangiri,32.8974009,-2.4912229
mwanza_businesses.1253,1253,1253,8570900923,Kitangiri Sokoni,,Kitangiri B,,0764528196,Mwanza,agrarian,Ilemela,Mo-Su 09:00-21:00,Kitangiri,32.8974438,-2.4913944
mwanza_businesses.1254,1254,1254,8570900934,Kitangiri Madukani,,Kitangiri B,,,Mwanza,hairdresser,Ilemela,Mo-Su 09:00-21:00,Kitangiri,32.8964138,-2.491373
mwanza_businesses.1255,1255,1255,8570900953,,,Kitangiri Kati,,,Mwanza,beverages,Ilemela,Mo-Sa 08:00-18:00,Kitangiri,32.8964567,-2.4936024
mwanza_businesses.1256,1256,1256,8570900988,Kitangiri Sokoni,,Kitangiri B,,,Mwanza,vacant,Ilemela,,Kitangiri,32.897594,-2.4917588
mwanza_businesses.1257,1257,1257,8570901109,Kitangiri Sokoni,,Kitangiri B,Raha 2 Liquid,,Mwanza,beverages,Ilemela,Mo-Su 09:00-21:00,Kitangiri,32.8975296,-2.4915445
mwanza_businesses.1258,1258,1258,8570901113,Kitangiri Sokoni,,Kitangiri B,,,Mwanza,vacant,Ilemela,,Kitangiri,32.8973516,-2.4912442
mwanza_businesses.1259,1259,1259,8570901150,Kitangiri Sokoni,,kitangiri B,,,Mwanza,hairdresser,Ilemela,,Kitangiri,32.8976154,-2.4917803
mwanza_businesses.1260,1260,1260,8570901182,Kitangiri Madukani,,Kitangiri B,,,Mwanza,vacant,Ilemela,,Kitangiri,32.8974009,-2.4912015
mwanza_businesses.1261,1261,1261,8570901194,Kitangiri Sokoni,,Kitangiri B,A.J Garment,0755550803,Mwanza,tailor,Ilemela,Mo-Fr 08:00-18:00; Sa-Su 08:00-15:00,Kitangiri,32.8976154,-2.4919946
mwanza_businesses.1262,1262,1262,8570901216,,,Mwinuko,,,Mwanza,convenience,Ilemela,Mo-Su 09:00-21:00,Kitangiri,32.8939704,-2.4921234
mwanza_businesses.1263,1263,1263,8570901258,Kitangiri Madukani,,Kitangiri B,,,Mwanza,agrarian,Ilemela,Mo-Su 09:00-21:00,Kitangiri,32.8967142,-2.4909228
mwanza_businesses.1264,1264,1264,8570901269,Kitangiri Sokoni,,Kitangiri B,PM Motor SpareE Parts,,Mwanza,motorcycle_repair,Ilemela,Mo-Sa 08:00-18:00,Kitangiri,32.897594,-2.4917803
mwanza_businesses.1265,1265,1265,8570901276,Kitangiri Sokoni,,Kitangiri B,,,Mwanza,electronics,Ilemela,Mo-Fr 08:00-18:00; Sa-Su 08:00-15:00,Kitangiri,32.8975296,-2.4915659
mwanza_businesses.1266,1266,1266,8570901294,,,Medical,,,Mwanza,vacant,Ilemela,,Kitangiri,32.8950834,-2.4927449
mwanza_businesses.1267,1267,1267,8570901315,Kitangiri Madukani,,Jiwe Kuu,,,Mwanza,glaziery,Ilemela,,Kitangiri,32.896564,-2.4907941
mwanza_businesses.1268,1268,1268,8559744238,,,Kitangiri B,Khalid Maagi Mwanza Carpenter,0787685951,Mwanza,furniture,Ilemela,Mo-Sa 09:00-20:00,Kitangiri,32.9019713,-2.4916945
mwanza_businesses.1269,1269,1269,8559745855,,,Kitangiri B,,,Mwanza,convenience,Ilemela,Mo-Su 09:00-21:00,Kitangiri,32.9022288,-2.4913944
mwanza_businesses.1270,1270,1270,8559760969,,,Kitangiri B,,,Mwanza,convenience,Ilemela,Mo-Su 09:00-21:00;Mo-Sa 08:00-18:00,Kitangiri,32.9019825,-2.4913539
mwanza_businesses.1271,1271,1271,8559764369,,,Kileleni,,,Mwanza,convenience,Ilemela,Mo-Sa 09:00-20:00,Kitangiri,32.9015207,-2.4907513
mwanza_businesses.1272,1272,1272,8559756096,,,Kileleni,,,Mwanza,convenience,Ilemela,Mo-Sa 08:00-18:00,Kitangiri,32.9016725,-2.4907315
mwanza_businesses.1273,1273,1273,8559757582,,,Medical,Husna Fashion,,Mwanza,cosmetics,Ilemela,Mo-Fr 08:00-18:00; Sa-Su 08:00-15:00,Kitangiri,32.8975511,-2.49103
mwanza_businesses.1274,1274,1274,8559747215,,,Medical,Businde Store,,Mwanza,convenience,Ilemela,Mo-Fr 08:00-18:00; Sa-Su 08:00-15:00,Kitangiri,32.8974438,-2.4910085
mwanza_businesses.1275,1275,1275,8559748712,,,Medical,Kalekuna's Nafaka,,Mwanza,convenience,Ilemela,Mo-Fr 08:00-18:00; Sa-Su 08:00-15:00,Kitangiri,32.8976154,-2.4909871
mwanza_businesses.1276,1276,1276,8559755269,,,Medical,B4U,,Mwanza,video,Ilemela,Mo-Fr 08:00-18:00; Sa-Su 08:00-15:00,Kitangiri,32.8974009,-2.4909656
mwanza_businesses.1277,1277,1277,8559747146,,,Medical,,,Mwanza,convenience,Ilemela,Mo-Fr 08:00-18:00; Sa-Su 08:00-15:00,Kitangiri,32.8976369,-2.4909656
mwanza_businesses.1278,1278,1278,8559738362,,,Medical,,,Mwanza,convenience,Ilemela,Mo-Fr 08:00-18:00; Sa-Su 08:00-15:00,Kitangiri,32.8978944,-2.4909228
mwanza_businesses.1279,1279,1279,8559761912,,,Medical,,,Mwanza,convenience,Ilemela,Mo-Fr 08:00-18:00; Sa-Su 08:00-15:00,Kitangiri,32.8979373,-2.4908799
mwanza_businesses.1280,1280,1280,8559742806,,,Medical,,,Mwanza,convenience,Ilemela,Mo-Fr 08:00-18:00; Sa-Su 08:00-15:00,Kitangiri,32.8972936,-2.490837
mwanza_businesses.1281,1281,1281,8559748755,,,Medical,,,Mwanza,mobile_phone,Ilemela,Mo-Fr 08:00-18:00; Sa-Su 08:00-15:00,Kitangiri,32.8972721,-2.4908156
mwanza_businesses.1282,1282,1282,8559754479,,,Medical,,,Mwanza,convenience,Ilemela,Mo-Su 09:00-21:00,Kitangiri,32.899375,-2.4907941
mwanza_businesses.1283,1283,1283,8559740111,,,Medical,,,Mwanza,electronics,Ilemela,Mo-Fr 08:00-18:00; Sa-Su 08:00-15:00;Mo-Su 09:00-21:00,Kitangiri,32.8973579,-2.4904297
mwanza_businesses.1284,1284,1284,8559750499,Kileleni,,Kileleni,,,Mwanza,vacant,Ilemela,,Kitangiri,32.8992248,-2.4903654
mwanza_businesses.1285,1285,1285,8559763805,Kileleni,,Kileleni,,,Mwanza,hairdresser,Ilemela,Mo-Sa 09:00-20:00,Kitangiri,32.8992462,-2.4903654
mwanza_businesses.1286,1286,1286,8559763561,,,Medical,,,Mwanza,convenience,Ilemela,Mo-Su 09:00-21:00,Kitangiri,32.8974438,-2.4903225
mwanza_businesses.1287,1287,1287,8559751456,,,Medical,Gasper Shop,,Mwanza,convenience,Ilemela,Mo-Su 09:00-21:00,Kitangiri,32.8974353,-2.490294
mwanza_businesses.1288,1288,1288,4546528191,,,,ACTT Kitangiri Branch,,Mwanza,computer,Ilemela,,Kitangiri,32.8984673,-2.4901876
mwanza_businesses.1289,1289,1289,8559759643,,,Medical,,,Mwanza,convenience,Ilemela,,Kitangiri,32.8975754,-2.4901414
mwanza_businesses.1290,1290,1290,8559764233,,,Medical,,,Mwanza,stationery,Ilemela,Mo-Sa 09:00-17:00,Kitangiri,32.8972593,-2.4901138
mwanza_businesses.1291,1291,1291,8559751351,,,Medical,,,Mwanza,alcohol,Ilemela,Mo-Su 09:00-21:00,Kitangiri,32.8972778,-2.4900953
mwanza_businesses.1292,1292,1292,8559745540,,,Medical,,,Mwanza,convenience,Ilemela,Mo-Su 09:00-21:00,Kitangiri,32.8976583,-2.4900867
mwanza_businesses.1293,1293,1293,8559751882,,,Medical,,,Mwanza,convenience,Ilemela,Mo-Sa 08:00-18:00,Kitangiri,32.8973518,-2.4900214
mwanza_businesses.1294,1294,1294,8559765296,,,Medical,,,Mwanza,tailor,Ilemela,Mo-Su 09:00-21:00,Kitangiri,32.8974373,-2.4899641
mwanza_businesses.1295,1295,1295,8559746649,,,Medical,,,Mwanza,clothes,Ilemela,Mo-Su 09:00-21:00,Kitangiri,32.8974373,-2.4899524
mwanza_businesses.1296,1296,1296,8559763297,,,Medical,,,Mwanza,copyshop,Ilemela,Mo-Su 09:00-21:00,Kitangiri,32.8977442,-2.4899152
mwanza_businesses.1297,1297,1297,8559745222,,,Medical,Nkela Shop,,Mwanza,convenience,Ilemela,Mo-Su 09:00-21:00,Kitangiri,32.8974607,-2.4899055
mwanza_businesses.1298,1298,1298,8559760430,Kileleni,,,,,Mwanza,beverages,Ilemela,Mo-Su 09:00-21:00,Kitangiri,32.8985596,-2.4898938
mwanza_businesses.1299,1299,1299,8559754084,,,Medical,,,Mwanza,clothes,Ilemela,Mo-Su 09:00-21:00,Kitangiri,32.8977871,-2.4898723
mwanza_businesses.1300,1300,1300,8559752880,,,Medical,,,Mwanza,convenience,Ilemela,Mo-Su 09:00-21:00,Kitangiri,32.897807,-2.4898293
mwanza_businesses.1301,1301,1301,8559739614,,,Medical,,,Mwanza,convenience,Ilemela,Mo-Su 09:00-21:00,Kitangiri,32.8978515,-2.4897866
mwanza_businesses.1302,1302,1302,8559765944,,,Medical,,,Mwanza,car_parts,Ilemela,Mo-Su 09:00-21:00,Kitangiri,32.8974936,-2.4897334
mwanza_businesses.1303,1303,1303,8559764799,,,Medical,,,Mwanza,convenience,Ilemela,Mo-Su 09:00-21:00,Kitangiri,32.8978944,-2.4897223
mwanza_businesses.1304,1304,1304,8559755472,,,Medical,,,Mwanza,convenience,Ilemela,Mo-Su 09:00-21:00,Kitangiri,32.8979158,-2.4897008
mwanza_businesses.1305,1305,1305,8559742318,,,Medical,,,Mwanza,convenience,Ilemela,Mo-Su 09:00-21:00,Kitangiri,32.8975746,-2.4896542
mwanza_businesses.1306,1306,1306,8559763300,,,Medical,VIVA,,Mwanza,beauty,Ilemela,Mo-Su 09:00-21:00,Kitangiri,32.8976174,-2.4896542
mwanza_businesses.1307,1307,1307,8559762021,,,Medical,Nurath Stationery,,Mwanza,stationery,Ilemela,Mo-Sa 09:00-17:00,Kitangiri,32.8976817,-2.4896114
mwanza_businesses.1308,1308,1308,8559766927,Kileleni,,Kileleni,,,Mwanza,convenience,Ilemela,Mo-Su 09:00-21:00,Kitangiri,32.8984094,-2.4897008
mwanza_businesses.1309,1309,1309,8559767354,,,Medical,Kudra Gas,,Mwanza,gas,Ilemela,Mo-Sa 09:00-17:00,Kitangiri,32.8976603,-2.4896328
mwanza_businesses.1310,1310,1310,8559767981,,,Medical,Nancy Shop,,Mwanza,convenience,Ilemela,Mo-Fr 08:00-18:00; Sa-Su 08:00-15:00,Kitangiri,32.8972507,-2.4907941
mwanza_businesses.1311,1311,1311,8559770133,,,Medical,,,Mwanza,clothes,Ilemela,Mo-Su 09:00-21:00,Kitangiri,32.8977227,-2.4899366
mwanza_businesses.1312,1312,1312,8559771190,,,Medical,B4U,,Mwanza,shoes,Ilemela,Mo-Fr 08:00-18:00; Sa-Su 08:00-15:00,Kitangiri,32.8974867,-2.4910514
mwanza_businesses.1313,1313,1313,8559771621,,,Medical,,,Mwanza,convenience,Ilemela,Mo-Fr 08:00-18:00; Sa-Su 08:00-15:00,Kitangiri,32.8976583,-2.4909442
mwanza_businesses.1314,1314,1314,8559771827,,,Medical,Shikamoo Pesa Stationary,,Mwanza,stationery,Ilemela,Mo-Su 09:00-21:00,Kitangiri,32.8976798,-2.4900438
mwanza_businesses.1315,1315,1315,8559772153,,,Medical,,,Mwanza,convenience,Ilemela,Mo-Su 09:00-21:00,Kitangiri,32.8975176,-2.4897214
mwanza_businesses.1316,1316,1316,8570900822,Kitangiri Madukani,,Kitangiri B,,,Mwanza,convenience,Ilemela,Mo-Su 09:00-21:00,Kitangiri,32.8971434,-2.4910514
mwanza_businesses.1317,1317,1317,8570900994,Kitangiri Madukani,,Kitangiri B,,,Mwanza,video,Ilemela,Mo-Su 09:00-21:00,Kitangiri,32.8970575,-2.4909871
mwanza_businesses.1318,1318,1318,8570900688,Kitangiri Madukani,,Kitangiri B,,,Mwanza,furniture,Ilemela,Mo-Sa 08:00-18:00,Kitangiri,32.8967142,-2.490837
mwanza_businesses.1319,1319,1319,8570900647,Kitangiri Madukani,,Jiwe Kuu,,,Mwanza,vacant,Ilemela,,Kitangiri,32.8960919,-2.4907727
mwanza_businesses.1320,1320,1320,8559762731,,,Medical,Yohana Library,,Mwanza,video,Ilemela,Mo-Fr 08:00-18:00; Sa-Su 08:00-15:00,Kitangiri,32.8972077,-2.4907513
mwanza_businesses.1321,1321,1321,8559750432,,,Medical,KT Retail Shop,,Mwanza,convenience,Ilemela,Mo-Fr 08:00-18:00; Sa-Su 08:00-15:00,Kitangiri,32.8972292,-2.4907513
mwanza_businesses.1322,1322,1322,8570900662,Kitangiri Madukani,,Jiwe Kuu,,,Mwanza,furniture,Ilemela,,Kitangiri,32.8956199,-2.490687
mwanza_businesses.1323,1323,1323,8520399488,Madukani,,Jiwe Kuu,,,Mwanza,gas,Ilemela,,Kitangiri,32.8954053,-2.490687
mwanza_businesses.1324,1324,1324,8520399502,Madukani,,Jiwe Kuu,,,Mwanza,vacant,Ilemela,,Kitangiri,32.8955539,-2.4906831
mwanza_businesses.1325,1325,1325,8520399513,Madukani,,Jiwe Kuu,,,Mwanza,convenience,Ilemela,,Kitangiri,32.8955126,-2.4906655
mwanza_businesses.1326,1326,1326,8559749726,,,Medical,Pombe Shop,,Mwanza,alcohol,Ilemela,Mo-Fr 08:00-18:00; Sa-Su 08:00-15:00,Kitangiri,32.8972292,-2.4906441
mwanza_businesses.1327,1327,1327,8559751309,,,Medical,,,Mwanza,electronics,Ilemela,Mo-Fr 08:00-18:00; Sa-Su 08:00-15:00,Kitangiri,32.8972507,-2.4906226
mwanza_businesses.1328,1328,1328,8520399548,Madukani,,Jiwe Kuu,,,Mwanza,beverages,Ilemela,,Kitangiri,32.8953195,-2.4905798
mwanza_businesses.1329,1329,1329,8559746582,,,,,,Mwanza,car_parts,Ilemela,,Kitangiri,32.8969309,-2.4905136
mwanza_businesses.1330,1330,1330,8520399587,Madukani,,Jiwe Kuu,Mama Suhailah,,Mwanza,convenience,Ilemela,,Kitangiri,32.8950961,-2.4904955
mwanza_businesses.1331,1331,1331,8559769019,,,,,,Mwanza,clothes,Ilemela,,Kitangiri,32.8970295,-2.4904332
mwanza_businesses.1332,1332,1332,8559741290,,,,,,Mwanza,alcohol,Ilemela,,Kitangiri,32.8970573,-2.4904055
mwanza_businesses.1333,1333,1333,8559738683,,,,,,Mwanza,car_parts,Ilemela,,Kitangiri,32.8970771,-2.490379
mwanza_businesses.1334,1334,1334,4550299890,,,,,,Mwanza,beauty,Ilemela,,Kitangiri,32.8970395,-2.4903639
mwanza_businesses.1335,1335,1335,8559756344,,,,,,Mwanza,convenience,Ilemela,,Kitangiri,32.8972006,-2.4902546
mwanza_businesses.1336,1336,1336,8559764436,,,,,,Mwanza,clothes,Ilemela,,Kitangiri,32.8972219,-2.4902256
mwanza_businesses.1337,1337,1337,8559762843,,,,,,Mwanza,shoes,Ilemela,,Kitangiri,32.8972494,-2.490192
mwanza_businesses.1338,1338,1338,8520399510,,,Jiwe Kuu,,,Mwanza,convenience,Ilemela,Mo-Sa 08:00-18:00,Kitangiri,32.8946916,-2.4901557
mwanza_businesses.1339,1339,1339,8520399604,,,Mwinuko,Haya Shop,,Mwanza,convenience,Ilemela,Mo-Sa 08:00-18:00,Kitangiri,32.8944268,-2.4897779
mwanza_businesses.1340,1340,1340,8520399484,,,Mwinuko,Michael Deus,,Mwanza,convenience,Ilemela,Mo-Sa 09:00-20:00,Kitangiri,32.8926386,-2.4897758
mwanza_businesses.1341,1341,1341,8520399489,,,Kaza Moyo,,,Mwanza,hairdresser,Ilemela,Mo-Sa 09:00-20:00,Kitangiri,32.8908194,-2.489014
mwanza_businesses.1342,1342,1342,8520399537,,,Jiwe Kuu,Tumsime Saloon,,Mwanza,hairdresser,Ilemela,Mo-Su 09:00-21:00,Kitangiri,32.8930857,-2.4874182
mwanza_businesses.1343,1343,1343,8520399559,,,Jiwe Kuu,,,Mwanza,clothes,Ilemela,Mo-Sa 09:00-20:00;Mo-Su 09:00-21:00,Kitangiri,32.893065,-2.4873976
mwanza_businesses.1344,1344,1344,8520399514,,,Jiwe Kuu,,,Mwanza,convenience,Ilemela,Mo-Su 09:00-21:00,Kitangiri,32.8923368,-2.4868711
mwanza_businesses.1345,1345,1345,8570900735,,,Jiwe Kuu,,,Mwanza,convenience,Ilemela,,Kitangiri,32.8962636,-2.4907084
mwanza_businesses.1346,1346,1346,8570900742,Round About,,Jiwe Kuu,,,Mwanza,convenience,Ilemela,,Kitangiri,32.896564,-2.490687
mwanza_businesses.1347,1347,1347,8570900749,Kitangiri Madukani,,Kitangiri B,,,Mwanza,tailor,Ilemela,,Kitangiri,32.8969288,-2.4909013
mwanza_businesses.1348,1348,1348,8570900760,Kitangiri Madukani,,kitangiri B,,,Mwanza,convenience,Ilemela,Mo-Su 09:00-21:00,Kitangiri,32.896843,-2.4908156
mwanza_businesses.1349,1349,1349,8570900815,Round About,,Jiwe Kuu,,,Mwanza,video,Ilemela,,Kitangiri,32.8964567,-2.4907084
mwanza_businesses.1350,1350,1350,8570900836,,,Jiwe Kuu,,,Mwanza,stationery,Ilemela,,Kitangiri,32.8963007,-2.4906872
mwanza_businesses.1351,1351,1351,8570900902,Kitangiri Madukani,,Jiwe Kuu,,,Mwanza,vacant,Ilemela,,Kitangiri,32.8962421,-2.490687
mwanza_businesses.1352,1352,1352,8570900909,Round About,,Jiwe Kuu,,,Mwanza,convenience,Ilemela,,Kitangiri,32.8965425,-2.490687
mwanza_businesses.1353,1353,1353,8570900918,Kitangiri Madukani,,Kitangiri B,Bismillah Butcher,,Mwanza,butcher,Ilemela,Mo-Su 09:00-21:00,Kitangiri,32.8968,-2.4908156
mwanza_businesses.1354,1354,1354,8570900930,,,Kitangiri B,,,Mwanza,convenience,Ilemela,Mo-Su 09:00-21:00,Kitangiri,32.8967786,-2.4907513
mwanza_businesses.1355,1355,1355,8570900982,Round About,,Jiwe Kuu,,,Mwanza,tailor,Ilemela,,Kitangiri,32.8964782,-2.4907298
mwanza_businesses.1356,1356,1356,8570900984,Kitangiri Madukani,,Jiwe Kuu,,,Mwanza,convenience,Ilemela,,Kitangiri,32.8966713,-2.4907084
mwanza_businesses.1357,1357,1357,8570901010,,,Kitangiri B,,,Mwanza,convenience,Ilemela,Mo-Su 09:00-21:00,Kitangiri,32.8967571,-2.4907513
mwanza_businesses.1358,1358,1358,8570901066,Kitangiri Madukani,,Jiwe Kuu,,,Mwanza,glaziery,Ilemela,,Kitangiri,32.8959417,-2.4907298
mwanza_businesses.1359,1359,1359,8570901092,Kitangiri Madukani,,Kitangiri B,,,Mwanza,vacant,Ilemela,,Kitangiri,32.8967357,-2.4909228
mwanza_businesses.1360,1360,1360,8570901147,Kitangiri Madukani,,Jiwe Kuu,,,Mwanza,electronics,Ilemela,,Kitangiri,32.8965855,-2.4908156
mwanza_businesses.1361,1361,1361,8570901157,Kitangiri Madukani,,Kitangiri B,,,Mwanza,clothes,Ilemela,,Kitangiri,32.8969502,-2.4908799
mwanza_businesses.1362,1362,1362,8570901239,Round About,,Jiwe Kuu,,,Mwanza,tailor,Ilemela,,Kitangiri,32.8963923,-2.490687
mwanza_businesses.1363,1363,1363,8520399533,,,Kaza Moyo,,,Mwanza,convenience,Ilemela,Mo-Sa 08:00-18:00,Kitangiri,32.8902613,-2.4901108
mwanza_businesses.1364,1364,1364,8520399582,,,Kaza Moyo,Kanyoro Shop,,Mwanza,convenience,Ilemela,Mo-Su 09:00-21:00,Kitangiri,32.8908699,-2.489048
mwanza_businesses.1365,1365,1365,8520399535,,,Kaza Moyo,,,Mwanza,convenience,Ilemela,Mo-Su 09:00-21:00,Kitangiri,32.8906476,-2.4888939
mwanza_businesses.1366,1366,1366,8520399594,,,Kaza Moyo,,,Mwanza,convenience,Ilemela,Mo-Su 09:00-21:00,Kitangiri,32.8904072,-2.4887051
mwanza_businesses.1367,1367,1367,8520399583,,,Jiwe Kuu,,,Mwanza,convenience,Ilemela,Mo-Fr 08:00-18:00; Sa-Su 08:00-15:00,Kitangiri,32.8907102,-2.4865348
mwanza_businesses.1368,1368,1368,8520620042,,,Mihama,,,Mwanza,convenience,Ilemela,Mo-Su 09:00-21:00,Kitangiri,32.8850384,-2.485866
mwanza_businesses.1369,1369,1369,8520399511,,,Jiwe Kuu,,,Mwanza,convenience,Ilemela,Mo-Fr 08:00-18:00; Sa-Su 08:00-15:00,Kitangiri,32.8918264,-2.4854156
mwanza_businesses.1370,1370,1370,8520399558,,,Jiwe Kuu,,,Mwanza,beauty,Ilemela,Mo-Fr 08:00-18:00; Sa-Su 08:00-15:00,Kitangiri,32.8915686,-2.4854106
mwanza_businesses.1371,1371,1371,8520399557,,,Jiwe Kuu,,,Mwanza,gas,Ilemela,Mo-Fr 08:00-18:00; Sa-Su 08:00-15:00,Kitangiri,32.8915256,-2.4852954
mwanza_businesses.1372,1372,1372,8520399564,,,Jiwe Kuu,Vian Shop,,Mwanza,convenience,Ilemela,Mo-Fr 08:00-18:00; Sa-Su 08:00-15:00,Kitangiri,32.8917313,-2.4850762
mwanza_businesses.1373,1373,1373,8520399544,,,Jiwe Kuu,,,Mwanza,convenience,Ilemela,Mo-Su 09:00-21:00,Kitangiri,32.8901911,-2.4847702
mwanza_businesses.1374,1374,1374,8520399605,,,Jiwe Kuu,,,Mwanza,convenience,Ilemela,Mo-Fr 08:00-18:00; Sa-Su 08:00-15:00,Kitangiri,32.8916396,-2.4844349
mwanza_businesses.1375,1375,1375,8520399606,,,Jiwe Kuu,,,Mwanza,convenience,Ilemela,Mo-Su 09:00-21:00,Kitangiri,32.89135,-2.4842242
mwanza_businesses.1376,1376,1376,8520399588,,,jiwa kuu,,,Mwanza,convenience,Ilemela,Mo-Su 09:00-21:00,Kitangiri,32.8903556,-2.4839958
mwanza_businesses.1377,1377,1377,8520399562,,,jiwa kuu,Cecy Hair Dressing Salon,,Mwanza,hairdresser,Ilemela,Mo-Su 09:00-21:00,Kitangiri,32.8902425,-2.4838842
mwanza_businesses.1378,1378,1378,8520399585,,,jiwa kuu,,,Mwanza,convenience,Ilemela,Mo-Su 09:00-21:00,Kitangiri,32.890221,-2.4838647
mwanza_businesses.1379,1379,1379,8520399563,,,Jiwe Kuu,,,Mwanza,convenience,Ilemela,Mo-Fr 08:00-18:00; Sa-Su 08:00-15:00,Kitangiri,32.8891826,-2.4836769
mwanza_businesses.1380,1380,1380,8559761356,,,Kileleni,Chacha Butcher,,Mwanza,butcher,Ilemela,Mo-Su 09:00-21:00,Kitangiri,32.8982162,-2.4892721
mwanza_businesses.1381,1381,1381,8559740727,,,Kileleni,,,Mwanza,convenience,Ilemela,Mo-Su 09:00-21:00,Kitangiri,32.8980875,-2.4890791
mwanza_businesses.1382,1382,1382,8559751033,,,Kileleni,Ushaba Dress Salon,,Mwanza,hairdresser,Ilemela,Mo-Su 09:00-21:00,Kitangiri,32.898109,-2.4890791
mwanza_businesses.1383,1383,1383,8559745290,,,Kileleni,,,Mwanza,convenience,Ilemela,Mo-Su 09:00-21:00,Kitangiri,32.898109,-2.4890148
mwanza_businesses.1384,1384,1384,8559761428,,,Koleleni,,,Mwanza,convenience,Ilemela,Mo-Sa 08:00-18:00,Kitangiri,32.9003265,-2.4888523
mwanza_businesses.1385,1385,1385,8559765119,,,Kileleni,Mama Furaha Hair Beauty Salon,,Mwanza,hairdresser,Ilemela,Mo-Su 09:00-21:00,Kitangiri,32.8980234,-2.4886288
mwanza_businesses.1386,1386,1386,8559743552,,,Kileleni,,,Mwanza,convenience,Ilemela,Mo-Sa 09:00-20:00,Kitangiri,32.899557,-2.4886213
mwanza_businesses.1387,1387,1387,8559735118,,,Kileleni,,,Mwanza,convenience,Ilemela,Mo-Su 09:00-21:00,Kitangiri,32.9003607,-2.4885129
mwanza_businesses.1388,1388,1388,8520399509,,,Kileleni,"Stop""n"" Buy Centre",,Mwanza,convenience,Ilemela,Mo-Su 09:00-21:00,Kitangiri,32.8980017,-2.4883717
mwanza_businesses.1389,1389,1389,8559758741,,,Kileleni,,,Mwanza,tailor,Ilemela,,Kitangiri,32.9003829,-2.4883692
mwanza_businesses.1390,1390,1390,8520399519,,,Kileleni,Ester Hair Beauty Salon,,Mwanza,hairdresser,Ilemela,Mo-Su 09:00-21:00,Kitangiri,32.8979685,-2.4883494
mwanza_businesses.1391,1391,1391,8559748253,,,Kileleni,,,Mwanza,convenience,Ilemela,Mo-Sa 08:00-18:00,Kitangiri,32.8999114,-2.4881359
mwanza_businesses.1392,1392,1392,8520399497,,,Kileleni,,0767518075,Mwanza,carpet,Ilemela,Mo-Su 09:00-21:00,Kitangiri,32.8979158,-2.4880287
mwanza_businesses.1393,1393,1393,8520399521,,,Kileleni,Smart Hair Cutting Salon,,Mwanza,hairdresser,Ilemela,Mo-Su 09:00-21:00,Kitangiri,32.8978729,-2.4874499
mwanza_businesses.1394,1394,1394,8520399545,,,Kileleni,,,Mwanza,carpet,Ilemela,Mo-Su 09:00-21:00,Kitangiri,32.8978488,-2.4873874
mwanza_businesses.1395,1395,1395,8559766814,,,Kileleni,,,Mwanza,gas,Ilemela,Mo-Sa 08:00-18:00,Kitangiri,32.9001689,-2.4883503
mwanza_businesses.1396,1396,1396,8559772357,,,Kileleni,,,Mwanza,hairdresser,Ilemela,Mo-Su 09:00-21:00,Kitangiri,32.8980875,-2.4890148
mwanza_businesses.1397,1397,1397,8520620025,,,Jiwe Kuu,,,Mwanza,convenience,Ilemela,Mo-Fr 08:00-18:00; Sa-Su 08:00-15:00,Kitangiri,32.8883028,-2.4800754
mwanza_businesses.1398,1398,1398,8520399580,,,Jiwe Kuu,,,Mwanza,convenience,Ilemela,Mo-Su 09:00-21:00,Kitangiri,32.8884162,-2.4813301
mwanza_businesses.1399,1399,1399,8520612010,,,Jiwe Kuu,,,Mwanza,greengrocer,Ilemela,Mo-Fr 08:00-18:00; Sa-Su 08:00-15:00,Kitangiri,32.8885603,-2.4801826
mwanza_businesses.1400,1400,1400,8520620023,,,Jiwe Kuu,,,Mwanza,convenience,Ilemela,Mo-Fr 08:00-18:00; Sa-Su 08:00-15:00,Kitangiri,32.8885818,-2.4800968
mwanza_businesses.1401,1401,1401,8520399503,,,Jiwe Kuu,,,Mwanza,greengrocer,Ilemela,Mo-Su 09:00-21:00,Kitangiri,32.8888178,-2.4806757
mwanza_businesses.1402,1402,1402,8520399528,,,Jiwe Kuu,,,Mwanza,vacant,Ilemela,,Kitangiri,32.8888607,-2.4807185
mwanza_businesses.1403,1403,1403,8520620030,,,Jiwe Kuu,,,Mwanza,vacant,Ilemela,Mo-Su 09:00-21:00,Kitangiri,32.8891182,-2.4796252
mwanza_businesses.1404,1404,1404,8520399586,,,Jiwe Kuu,Ebeneza Saloon,,Mwanza,hairdresser,Ilemela,Mo-Su 09:00-21:00,Kitangiri,32.8893757,-2.481083
mwanza_businesses.1405,1405,1405,8520399487,,,Jiwe Kuu,,,Mwanza,convenience,Ilemela,Mo-Su 09:00-21:00,Kitangiri,32.8893971,-2.4811258
mwanza_businesses.1406,1406,1406,8520399512,,,Jiwe Kuu,Mtalii Hair Dresser,,Mwanza,hairdresser,Ilemela,Mo-Su 09:00-21:00,Kitangiri,32.8894186,-2.4811473
mwanza_businesses.1407,1407,1407,8520612013,,,Jiwe Kuu,,,Mwanza,convenience,Ilemela,Mo-Fr 08:00-18:00; Sa-Su 08:00-15:00,Kitangiri,32.8883886,-2.4802255
mwanza_businesses.1408,1408,1408,8520620020,Mihama Road,,Mihama,,,Mwanza,hardware,Ilemela,Mo-Sa 09:00-20:00,Kitangiri,32.8828526,-2.4818976
mwanza_businesses.1409,1409,1409,8520620053,Mihama Road,,Mihama,,,Mwanza,convenience,Ilemela,Mo-Sa 09:00-20:00,Kitangiri,32.8825951,-2.4818547
mwanza_businesses.1410,1410,1410,8520620040,,,Jiwe Kuu,,,Mwanza,clothes,Ilemela,Mo-Su 09:00-21:00,Kitangiri,32.8883243,-2.4801826
mwanza_businesses.1411,1411,1411,8520620037,,,Mihama,Mchaga,,Mwanza,convenience,Ilemela,Mo-Su 09:00-21:00,Kitangiri,32.8800884,-2.4797538
mwanza_businesses.1412,1412,1412,8520620031,,,Mihama,,,Mwanza,clothes,Ilemela,Mo-Sa 09:00-20:00,Kitangiri,32.8798816,-2.4796345
mwanza_businesses.1413,1413,1413,8520620021,,,Mihama,Bad Man Hair Cutting,,Mwanza,beauty,Ilemela,Mo-Sa 09:00-20:00,Kitangiri,32.8798263,-2.4795977
mwanza_businesses.1414,1414,1414,8520620017,,,Mihama,,,Mwanza,convenience,Ilemela,Mo-Sa 09:00-20:00,Kitangiri,32.8798079,-2.4795793
mwanza_businesses.1415,1415,1415,8520620036,,,Mihama,,,Mwanza,tailor,Ilemela,Mo-Sa 09:00-20:00,Kitangiri,32.8796124,-2.4794108
mwanza_businesses.1416,1416,1416,8520620018,,,Mihama,,,Mwanza,tailor,Ilemela,Mo-Sa 09:00-17:00,Kitangiri,32.8794622,-2.4793465
mwanza_businesses.1417,1417,1417,8520620058,,,Mihama,,,Mwanza,convenience,Ilemela,Mo-Su 09:00-21:00,Kitangiri,32.8794193,-2.4793251
mwanza_businesses.1418,1418,1418,8520620046,,,Mihama,,,Mwanza,video,Ilemela,Mo-Sa 09:00-20:00,Kitangiri,32.8793764,-2.4793036
mwanza_businesses.1419,1419,1419,8520620022,,,Mihama,,,Mwanza,tailor,Ilemela,Mo-Sa 09:00-17:00;Mo-Sa 09:00-20:00,Kitangiri,32.8792262,-2.4792393
mwanza_businesses.1420,1420,1420,8520620019,,,Mihama,,,Mwanza,clothes,Ilemela,Mo-Sa 09:00-20:00,Kitangiri,32.8792048,-2.4792179
mwanza_businesses.1421,1421,1421,8520612007,,,Mihama,,,Mwanza,convenience,Ilemela,Mo-Sa 09:00-20:00,Kitangiri,32.8791833,-2.4791965
mwanza_businesses.1422,1422,1422,8520612009,,,Mihama,,,Mwanza,vacant,Ilemela,,Kitangiri,32.879591,-2.4789178
mwanza_businesses.1423,1423,1423,8520620048,,,Mihama,,,Mwanza,convenience,Ilemela,Mo-Sa 08:00-18:00,Kitangiri,32.8797252,-2.4788148
mwanza_businesses.1424,1424,1424,8520620047,,,Mihama,,,Mwanza,convenience,Ilemela,Mo-Sa 09:00-20:00,Kitangiri,32.8796246,-2.4786125
mwanza_businesses.1425,1425,1425,8520620045,,,Mihama,,,Mwanza,beauty,Ilemela,Mo-Sa 09:00-20:00,Kitangiri,32.879591,-2.4785962
mwanza_businesses.1426,1426,1426,8520620060,,,Mihama,,,Mwanza,tailor,Ilemela,Mo-Sa 09:00-17:00,Kitangiri,32.8795674,-2.4785773
mwanza_businesses.1427,1427,1427,8520620033,,,Mihama,,,Mwanza,convenience,Ilemela,Mo-Sa 09:00-20:00,Kitangiri,32.8795437,-2.4785565
mwanza_businesses.1428,1428,1428,8532270538,Pasiansi Juu,,Pasiansi Juu,,,Mwanza,vacant,Ilemela,Mo-Sa 09:00-20:00,Pasiansi,32.9070997,-2.4827337
mwanza_businesses.1429,1429,1429,8532270345,Pasiansi Juu,,Pasiansi Juu,,,Mwanza,convenience,Ilemela,Mo-Sa 09:00-20:00,Pasiansi,32.9071212,-2.4827337
mwanza_businesses.1430,1430,1430,8532270507,Makongoro Avenue,,Pasiansi Juu,Lavena Supermarket,,Mwanza,supermarket,Ilemela,,Pasiansi,32.9078507,-2.4826265
mwanza_businesses.1431,1431,1431,8520399542,,,Kileleni,Fundi Viatu,0755086062,Mwanza,shoes,Ilemela,Mo-Su 09:00-21:00,Pasiansi,32.8979373,-2.4872998
mwanza_businesses.1432,1432,1432,8532270459,Makongoro Avenue,,Pasiansi Juu,,,Mwanza,tailor,Ilemela,,Pasiansi,32.9083014,-2.4817261
mwanza_businesses.1433,1433,1433,8532270340,Makongoro Avenue,,Pasiansi Juu,AF Barbershop SPA and Sauna,,Mwanza,hairdresser,Ilemela,,Pasiansi,32.9083014,-2.4817475
mwanza_businesses.1434,1434,1434,8532270314,Makongoro Avenue,,Pasiansi Juu,,,Mwanza,convenience,Ilemela,,Pasiansi,32.9083014,-2.481769
mwanza_businesses.1435,1435,1435,8532270366,Makongoro Avenue,,Pasiansi Juu,,,Mwanza,laundry,Ilemela,,Pasiansi,32.9083228,-2.4815975
mwanza_businesses.1436,1436,1436,8532270485,Makongoro Avenue,,Pasiansi Juu,,,Mwanza,vacant,Ilemela,,Pasiansi,32.9083228,-2.4816189
mwanza_businesses.1437,1437,1437,8532270475,Makongoro Avenue,,Pasiansi Juu,,,Mwanza,beverages,Ilemela,,Pasiansi,32.9084969,-2.4810416
mwanza_businesses.1438,1438,1438,8532270356,,,Pasiansi magharibi,,,Mwanza,convenience,Ilemela,Mo-Sa 09:00-20:00,Pasiansi,32.9086447,-2.4807614
mwanza_businesses.1439,1439,1439,8532270501,,,Pasiansi magharibi,,,Mwanza,convenience,Ilemela,Mo-Sa 09:00-20:00,Pasiansi,32.9086661,-2.48074
mwanza_businesses.1440,1440,1440,8532270510,Makongoro Avenue,,Pasiansi Juu,Highway Dry Cleaners,,Mwanza,clothes,Ilemela,,Pasiansi,32.9083443,-2.481576
mwanza_businesses.1441,1441,1441,8532270536,Makongoro Avenue,,Pasiansi Juu,,,Mwanza,pastry,Ilemela,,Pasiansi,32.9085159,-2.4810615
mwanza_businesses.1442,1442,1442,8532270500,,,Pasiasi Juu,,,Mwanza,convenience,Ilemela,Mo-Su 09:00-21:00,Pasiansi,32.9073787,-2.4824335
mwanza_businesses.1443,1443,1443,8532270540,,,Pasiasi Juu,,,Mwanza,convenience,Ilemela,Mo-Su 09:00-21:00,Pasiansi,32.9073572,-2.4824335
mwanza_businesses.1444,1444,1444,8532270321,Kamese,,Pasiansi Juu,,,Mwanza,convenience,Ilemela,,Pasiansi,32.9076147,-2.4823907
mwanza_businesses.1445,1445,1445,8532270477,,,Pasiasi Juu,,,Mwanza,convenience,Ilemela,Mo-Su 09:00-21:00,Pasiansi,32.907486,-2.4822835
mwanza_businesses.1446,1446,1446,8532270422,,,Pasiasi Juu,Mama Kelvin,,Mwanza,clothes,Ilemela,Mo-Su 09:00-21:00,Pasiansi,32.9074216,-2.4821334
mwanza_businesses.1447,1447,1447,8532270450,,,Pasiasi Juu,Anko Swaiba,,Mwanza,butcher,Ilemela,Mo-Su 09:00-21:00,Pasiansi,32.907443,-2.4821334
mwanza_businesses.1448,1448,1448,8532270332,,,Pasiasi Juu,,,Mwanza,convenience,Ilemela,Mo-Su 09:00-21:00,Pasiansi,32.9074645,-2.4821334
mwanza_businesses.1449,1449,1449,8532270302,,,Pasiasi Juu,,,Mwanza,cosmetics,Ilemela,Mo-Su 09:00-21:00,Pasiansi,32.9074001,-2.482112
mwanza_businesses.1450,1450,1450,8532270293,,,Pasiansi Juu,,,Mwanza,convenience,Ilemela,Mo-Sa 09:00-20:00,Pasiansi,32.9075289,-2.4820691
mwanza_businesses.1451,1451,1451,8532270358,,,Pasiansi Juu,,,Mwanza,convenience,Ilemela,Mo-Sa 09:00-20:00,Pasiansi,32.907486,-2.4820477
mwanza_businesses.1452,1452,1452,8532270304,,,Pasiansi Juu,,,Mwanza,cosmetics,Ilemela,Mo-Sa 09:00-20:00,Pasiansi,32.907443,-2.4820262
mwanza_businesses.1453,1453,1453,8532270481,Makongoro Avenue,,Pasiansi Juu,,,Mwanza,clothes,Ilemela,,Pasiansi,32.9077864,-2.4820048
mwanza_businesses.1454,1454,1454,8532270362,Kamese,,Pasiansi Juu,,,Mwanza,convenience,Ilemela,,Pasiansi,32.9078078,-2.4820048
mwanza_businesses.1455,1455,1455,8532270474,,,Pasiansi Juu,,,Mwanza,tailor,Ilemela,Mo-Sa 08:00-18:00,Pasiansi,32.9073787,-2.4819833
mwanza_businesses.1456,1456,1456,8532270414,Makongoro Avenue,,Pasiansi Juu,,,Mwanza,beauty,Ilemela,,Pasiansi,32.9080439,-2.4819619
mwanza_businesses.1457,1457,1457,8532270466,Kamese,,Pasiansi Juu,Isuda Juice Point,,Mwanza,beverages,Ilemela,,Pasiansi,32.9076345,-2.481943
mwanza_businesses.1458,1458,1458,8532270393,Sunrise,,Pasiansi Juu,,,Mwanza,cosmetics,Ilemela,Mo-Su 09:00-21:00,Pasiansi,32.9067564,-2.4818762
mwanza_businesses.1459,1459,1459,8532270443,Makongoro Avenue,,Pasiansi Juu,,,Mwanza,beauty,Ilemela,,Pasiansi,32.9082155,-2.4818762
mwanza_businesses.1460,1460,1460,8532270447,Sunrise,,Pasiansi Juu,,,Mwanza,convenience,Ilemela,Mo-Sa 09:00-20:00,Pasiansi,32.9068422,-2.4818547
mwanza_businesses.1461,1461,1461,8532270464,,,pasiansi Juu,,,Mwanza,stationery,Ilemela,Mo-Sa 09:00-20:00,Pasiansi,32.9071856,-2.4818547
mwanza_businesses.1462,1462,1462,8532270297,Makongoro Avenue,,Pasiansi Juu,,,Mwanza,clothes,Ilemela,,Pasiansi,32.9081726,-2.4818547
mwanza_businesses.1463,1463,1463,8532270329,Sunrise,,Pasiansi Juu,,,Mwanza,beauty,Ilemela,Mo-Su 09:00-21:00,Pasiansi,32.9067007,-2.4818427
mwanza_businesses.1464,1464,1464,8532270512,Sunrise,,Pasiansi Juu,,,Mwanza,beverages,Ilemela,Mo-Su 09:00-21:00,Pasiansi,32.9066739,-2.4818236
mwanza_businesses.1465,1465,1465,8532270491,Kamese,,Pasiansi Juu,Lucca Movies Point,,Mwanza,video,Ilemela,,Pasiansi,32.9076777,-2.4818005
mwanza_businesses.1466,1466,1466,8532270355,Sunrise,,Pasiansi Juu,,,Mwanza,convenience,Ilemela,Mo-Su 09:00-21:00,Pasiansi,32.9065833,-2.4817709
mwanza_businesses.1467,1467,1467,8532270342,Sunrise,,Pasiansi Juu,,,Mwanza,convenience,Ilemela,Mo-Su 09:00-21:00,Pasiansi,32.9064131,-2.4817047
mwanza_businesses.1468,1468,1468,8532270454,Kamese,,Pasiansi Juu,,,Mwanza,vacant,Ilemela,,Pasiansi,32.9077435,-2.4817047
mwanza_businesses.1469,1469,1469,8532270336,Kamese,,Pasiansi Juu,,,Mwanza,hairdresser,Ilemela,,Pasiansi,32.9077435,-2.4816832
mwanza_businesses.1470,1470,1470,8532270404,Sunrise,,Pasiansi Juu,,,Mwanza,cosmetics,Ilemela,Mo-Su 09:00-21:00,Pasiansi,32.9056835,-2.4814903
mwanza_businesses.1471,1471,1471,8532270319,sarungi,,pasiansi juu,,,Mwanza,convenience,Ilemela,Mo-Su 09:00-21:00,Pasiansi,32.9057807,-2.4813447
mwanza_businesses.1472,1472,1472,8532270437,,,Pasiansi Juu,,,Mwanza,convenience,Ilemela,Mo-Sa 09:00-20:00,Pasiansi,32.907207,-2.4807185
mwanza_businesses.1473,1473,1473,8532270420,,,Pasiansi Juu,,,Mwanza,convenience,Ilemela,Mo-Sa 09:00-20:00,Pasiansi,32.9074001,-2.4806328
mwanza_businesses.1474,1474,1474,8532270487,,,Pasiansi Polisi,,,Mwanza,convenience,Ilemela,Mo-Sa 08:00-18:00,Pasiansi,32.9064345,-2.4795395
mwanza_businesses.1475,1475,1475,8520620039,,,Bwiru Elimu,,,Mwanza,convenience,Ilemela,Mo-Sa 08:00-18:00,Pasiansi,32.8878479,-2.4727536
mwanza_businesses.1476,1476,1476,8520620024,,,Bwiru Elimu,,,Mwanza,convenience,Ilemela,Mo-Sa 09:00-20:00,Pasiansi,32.8879797,-2.4730327
mwanza_businesses.1477,1477,1477,8520620043,,,Bwiru Elimu,,,Mwanza,convenience,Ilemela,Mo-Fr 09:00-17:00,Pasiansi,32.8880155,-2.4729061
mwanza_businesses.1478,1478,1478,8520620044,,,Bwiru Elimu,,,Mwanza,convenience,Ilemela,Mo-Fr 09:00-17:00,Pasiansi,32.8881155,-2.473046
mwanza_businesses.1479,1479,1479,8520612016,Bwiru Ziwani,,Bwiru Ziwani,Maiku Dvd Shop,,Mwanza,video,Ilemela,Mo-Sa 09:00-17:00,Pasiansi,32.888758,-2.4673196
mwanza_businesses.1480,1480,1480,8520612002,Bwiru Ziwani,,Bwiru Ziwani,Zgoseni Shop,,Mwanza,kiosk,Ilemela,Mo-Sa 09:00-17:00,Pasiansi,32.8888607,-2.46732
mwanza_businesses.1481,1481,1481,8520620032,,,Bwiru Ziwani,,,Mwanza,convenience,Ilemela,Mo-Sa 08:00-18:00,Pasiansi,32.889018,-2.463481
mwanza_businesses.1482,1482,1482,8520620056,,,Bwiru Ziwani,,,Mwanza,stationery,Ilemela,Mo-Sa 08:00-18:00;24/7,Pasiansi,32.8913498,-2.4690136
mwanza_businesses.1483,1483,1483,8520399547,,,Bwiru Press,,,Mwanza,clothes,Ilemela,,Pasiansi,32.8922725,-2.4761738
mwanza_businesses.1484,1484,1484,8520399500,,,Bwiru Press,Ngocho Retail Shop,,Mwanza,beauty,Ilemela,,Pasiansi,32.8923154,-2.4762809
mwanza_businesses.1485,1485,1485,8520399499,,,Bwiru Press,Ngocho Retail Shop,0756804448,Mwanza,agrarian,Ilemela,,Pasiansi,32.892362,-2.4763238
mwanza_businesses.1486,1486,1486,8520399597,,,,,,Mwanza,convenience,Ilemela,,Pasiansi,32.8927363,-2.4766846
mwanza_businesses.1487,1487,1487,8520399575,,,,,,Mwanza,convenience,Ilemela,,Pasiansi,32.8927425,-2.4767018
mwanza_businesses.1488,1488,1488,8520399550,,,,,,Mwanza,clothes,Ilemela,,Pasiansi,32.8927511,-2.4767166
mwanza_businesses.1489,1489,1489,8520399572,,,Bwiru Press,,,Mwanza,convenience,Ilemela,Mo-Sa 08:00-18:00,Pasiansi,32.8928186,-2.4768672
mwanza_businesses.1490,1490,1490,8520399501,,,,,,Mwanza,convenience,Ilemela,,Pasiansi,32.8929943,-2.4775164
mwanza_businesses.1491,1491,1491,8520399574,,,Bwiru Press,,,Mwanza,convenience,Ilemela,Mo-Sa 09:00-20:00,Pasiansi,32.893002,-2.4775458
mwanza_businesses.1492,1492,1492,8520399526,,,,,,Mwanza,convenience,Ilemela,,Pasiansi,32.893009,-2.4775782
mwanza_businesses.1493,1493,1493,8520620055,,,Bwiru Ziwani,Lekafa Shop,,Mwanza,convenience,Ilemela,Mo-Su 09:00-21:00,Pasiansi,32.8935599,-2.4711573
mwanza_businesses.1494,1494,1494,8520399549,,,Bwiru Press,,,Mwanza,convenience,Ilemela,Mo-Su 09:00-21:00;Mo-Sa 08:00-18:00,Pasiansi,32.8939331,-2.4777112
mwanza_businesses.1495,1495,1495,8520399523,,,Bwiru Press,,,Mwanza,beauty,Ilemela,Mo-Sa 08:00-18:00,Pasiansi,32.8939591,-2.4776846
mwanza_businesses.1496,1496,1496,8520399552,,,Bwiru Bima,,,Mwanza,convenience,Ilemela,Mo-Su 09:00-21:00,Pasiansi,32.8944791,-2.4820152
mwanza_businesses.1497,1497,1497,8532270381,,,Pasiansi magharibi,,,Mwanza,convenience,Ilemela,Mo-Sa 09:00-20:00,Pasiansi,32.908709,-2.4805685
mwanza_businesses.1498,1498,1498,8532270351,,,Pasiasi Magharibi,,,Mwanza,beauty,Ilemela,Mo-Sa 09:00-20:00;Mo-Sa 09:00-17:00,Pasiansi,32.9091455,-2.4789251
mwanza_businesses.1499,1499,1499,8532270496,,,Pasiasi Magharibi,Mwajuma Shop,,Mwanza,convenience,Ilemela,Mo-Sa 08:00-18:00,Pasiansi,32.9092273,-2.4789182
mwanza_businesses.1500,1500,1500,8532270495,Zahanati Street,,Iloganzala,,,Mwanza,beauty,Ilemela,Mo-Fr 08:00-18:00; Sa-Su 08:00-15:00,Pasiansi,32.908745,-2.4738551
mwanza_businesses.1501,1501,1501,8532270399,Zahanati Street,,Iloganzala,,,Mwanza,convenience,Ilemela,Mo-Fr 08:00-18:00; Sa-Su 08:00-15:00,Pasiansi,32.9093099,-2.4740514
mwanza_businesses.1502,1502,1502,8532270350,Zahanati Street,,Iloganzala,,,Mwanza,convenience,Ilemela,Mo-Fr 08:00-18:00; Sa-Su 08:00-15:00,Pasiansi,32.9085374,-2.473837
mwanza_businesses.1503,1503,1503,8532270375,Zahanati Street,,Iloganzala,,,Mwanza,convenience,Ilemela,Mo-Fr 08:00-18:00; Sa-Su 08:00-15:00,Pasiansi,32.9086661,-2.4738585
mwanza_businesses.1504,1504,1504,8532270545,,,Iloganzala,,,Mwanza,beauty,Ilemela,Mo-Fr 08:00-18:00; Sa-Su 08:00-15:00,Pasiansi,32.9101038,-2.4733225
mwanza_businesses.1505,1505,1505,8532270390,Zahanati Street,,Iloganzala,,,Mwanza,wholesale,Ilemela,Mo-Fr 08:00-18:00; Sa-Su 08:00-15:00,Pasiansi,32.9103264,-2.4742433
mwanza_businesses.1506,1506,1506,8532270307,Zahanati Street,,Iloganzala,,,Mwanza,convenience,Ilemela,Mo-Fr 08:00-18:00; Sa-Su 08:00-15:00,Pasiansi,32.9101108,-2.4742573
mwanza_businesses.1507,1507,1507,8520399561,,,Bwiru Press,,,Mwanza,convenience,Ilemela,Mo-Fr 08:00-18:00; Sa-Su 08:00-15:00;Mo-Sa 08:00-18:00,Pasiansi,32.8962882,-2.4734527
mwanza_businesses.1508,1508,1508,8520399584,,,Bwiru Press,,,Mwanza,convenience,Ilemela,Mo-Sa 09:00-17:00,Pasiansi,32.8964384,-2.4734007
mwanza_businesses.1509,1509,1509,8520399485,,,Bwiru Press,,,Mwanza,convenience,Ilemela,Mo-Sa 08:00-18:00,Pasiansi,32.8964985,-2.4733926
mwanza_businesses.1510,1510,1510,8520399534,,,Bwiru Press,,,Mwanza,convenience,Ilemela,Mo-Fr 08:00-18:00; Sa-Su 08:00-15:00;Mo-Sa 09:00-20:00;Mo-Sa 08:00-18:00,Pasiansi,32.8965563,-2.4736688
mwanza_businesses.1511,1511,1511,8520399541,,,Bwiru Press,Majeshi Shop,,Mwanza,convenience,Ilemela,Mo-Sa 08:00-18:00,Pasiansi,32.8967435,-2.4733707
mwanza_businesses.1512,1512,1512,8520399546,,,Bwiru Press,,,Mwanza,wholesale,Ilemela,Mo-Fr 08:00-18:00; Sa-Su 08:00-15:00,Pasiansi,32.8967828,-2.4733661
mwanza_businesses.1513,1513,1513,8520399522,,,Bwiru Press,Salome Beauty Salon,,Mwanza,beauty,Ilemela,Mo-Fr 08:00-18:00; Sa-Su 08:00-15:00,Pasiansi,32.8968302,-2.4733788
mwanza_businesses.1514,1514,1514,8520399571,,,Bwiru Press,,,Mwanza,convenience,Ilemela,Mo-Fr 08:00-18:00; Sa-Su 08:00-15:00;Mo-Sa 09:00-20:00;Mo-Sa 08:00-18:00,Pasiansi,32.8969977,-2.4734262
mwanza_businesses.1515,1515,1515,8520399593,,,Bwiru Press,More Fire Stationary,,Mwanza,stationery,Ilemela,,Pasiansi,32.8974223,-2.4735584
mwanza_businesses.1516,1516,1516,8520399496,Bwiru Press,,Bwiru Press,George Stationary,,Mwanza,stationery,Ilemela,Mo-Sa 09:00-20:00,Pasiansi,32.8974438,-2.4727652
mwanza_businesses.1517,1517,1517,8520399518,Press,,Bwiru Press,BSKP Stationary,,Mwanza,stationery,Ilemela,Mo-Fr 08:00-18:00; Sa-Su 08:00-15:00,Pasiansi,32.8974522,-2.4733355
mwanza_businesses.1518,1518,1518,5613283821,,,,Q5,,Mwanza,stationery,Ilemela,,Pasiansi,32.897757,-2.4735157
mwanza_businesses.1519,1519,1519,8520399600,,,Bwiru Press,Plan B Stationary,,Mwanza,stationery,Ilemela,Mo-Fr 09:00-17:00,Pasiansi,32.8978515,-2.4733225
mwanza_businesses.1520,1520,1520,8520399493,,,Bwiru,,0715912143,Mwanza,stationery,Ilemela,Mo-Sa 09:00-20:00,Pasiansi,32.897956,-2.4732781
mwanza_businesses.1521,1521,1521,8520399599,,,Bwiru Mchangani,,,Mwanza,hairdresser,Ilemela,Mo-Su 09:00-21:00,Pasiansi,32.9005122,-2.4790893
mwanza_businesses.1522,1522,1522,8520399525,,,Bwiru Mchangani,,,Mwanza,convenience,Ilemela,Mo-Su 09:00-21:00,Pasiansi,32.9005551,-2.4790893
mwanza_businesses.1523,1523,1523,8520399529,,,Bwiru Mchangani,,,Mwanza,alcohol,Ilemela,Mo-Su 09:00-21:00,Pasiansi,32.9005766,-2.4790893
mwanza_businesses.1524,1524,1524,8520399577,,,Bwiru Mchangani,,,Mwanza,convenience,Ilemela,Mo-Su 09:00-21:00,Pasiansi,32.9007053,-2.4785105
mwanza_businesses.1525,1525,1525,8520399596,,,Bwiru Mchangani,,,Mwanza,convenience,Ilemela,Mo-Su 09:00-21:00,Pasiansi,32.9007912,-2.4788535
mwanza_businesses.1526,1526,1526,5424477221,,,,Salehe Shop,,Mwanza,convenience,Ilemela,,Pasiansi,32.9011063,-2.4790445
mwanza_businesses.1527,1527,1527,8532270325,Bwiru Ziwani,,Bwiru,,,Mwanza,convenience,Ilemela,Mo-Su 09:00-21:00,Pasiansi,32.9009492,-2.4720991
mwanza_businesses.1528,1528,1528,8532270452,Maliasili,,Pasiansi Magharibi,,,Mwanza,convenience,Ilemela,Mo-Sa 08:00-18:00,Pasiansi,32.9050201,-2.4738016
mwanza_businesses.1529,1529,1529,8532270401,Zahanati Street,,Iloganzala,,,Mwanza,convenience,Ilemela,Mo-Fr 08:00-18:00; Sa-Su 08:00-15:00,Pasiansi,32.9093957,-2.4740729
mwanza_businesses.1530,1530,1530,8532270282,Zahanati Street,,Iloganzala,Jane Arts and Culture,,Mwanza,art,Ilemela,Mo-Su 09:00-21:00,Pasiansi,32.9099536,-2.4740729
mwanza_businesses.1531,1531,1531,8532270519,Zahanati Street,,Iloganzala,,,Mwanza,vacant,Ilemela,,Pasiansi,32.9101803,-2.4742555
mwanza_businesses.1532,1532,1532,8532270406,,,Ilogazara,,,Mwanza,convenience,Ilemela,Mo-Su 09:00-21:00,Pasiansi,32.9103361,-2.4748325
mwanza_businesses.1533,1533,1533,8532270469,,,Ilogazara,,,Mwanza,convenience,Ilemela,Mo-Su 09:00-21:00,Pasiansi,32.9104838,-2.4747279
mwanza_businesses.1534,1534,1534,8532270509,Zahanati Street,,Iloganzala,,,Mwanza,vacant,Ilemela,,Pasiansi,32.9105454,-2.4743041
mwanza_businesses.1535,1535,1535,8532270535,,,Iloganzala,,,Mwanza,vacant,Ilemela,,Pasiansi,32.9105697,-2.4741947
mwanza_businesses.1536,1536,1536,8532270526,,,Pasiansi Chini,,,Mwanza,convenience,Ilemela,Mo-Su 09:00-21:00,Pasiansi,32.9106188,-2.4721006
mwanza_businesses.1537,1537,1537,8532270442,,,Iloganzala,,,Mwanza,convenience,Ilemela,Mo-Sa 08:00-18:00,Pasiansi,32.9106626,-2.4739346
mwanza_businesses.1538,1538,1538,8532270324,,,Iloganzala,,,Mwanza,convenience,Ilemela,Mo-Sa 08:00-18:00,Pasiansi,32.9106854,-2.4738095
mwanza_businesses.1539,1539,1539,8532270383,,,Iloganzala,,,Mwanza,convenience,Ilemela,Mo-Fr 08:00-18:00; Sa-Su 08:00-15:00,Pasiansi,32.9108017,-2.4734933
mwanza_businesses.1540,1540,1540,8532270523,,,Pasiansi Chini,,,Mwanza,convenience,Ilemela,Mo-Fr 09:00-17:00,Pasiansi,32.9108606,-2.4732309
mwanza_businesses.1541,1541,1541,8532270434,,,Pasiansi Chini,,,Mwanza,convenience,Ilemela,Mo-Su 09:00-21:00,Pasiansi,32.9108763,-2.473151
mwanza_businesses.1542,1542,1542,8532270313,,,Pasiansi Chini,,,Mwanza,convenience,Ilemela,Mo-Su 09:00-21:00,Pasiansi,32.9108763,-2.4731939
mwanza_businesses.1543,1543,1543,8532270461,,,Pasiansi Chini,,,Mwanza,convenience,Ilemela,Mo-Su 09:00-21:00,Pasiansi,32.9109063,-2.4721938
mwanza_businesses.1544,1544,1544,8532270458,,,Pasiansi Chini,,,Mwanza,cosmetics,Ilemela,Mo-Su 09:00-21:00,Pasiansi,32.9109046,-2.4730329
mwanza_businesses.1545,1545,1545,8532270499,,,Pasiansi Chini,,,Mwanza,butcher,Ilemela,Mo-Su 09:00-21:00,Pasiansi,32.9109192,-2.4728938
mwanza_businesses.1546,1546,1546,8532270484,,,Pasiansi Chini,,,Mwanza,convenience,Ilemela,Mo-Su 09:00-21:00,Pasiansi,32.9109406,-2.4728938
mwanza_businesses.1547,1547,1547,8532270316,Pasiansi Chini,,Pasiansi Chini,,,Mwanza,hairdresser,Ilemela,Mo-Su 09:00-21:00,Pasiansi,32.9109621,-2.4728295
mwanza_businesses.1548,1548,1548,8532270354,,,Pasiansi Chini,,,Mwanza,convenience,Ilemela,Mo-Su 09:00-21:00,Pasiansi,32.9109621,-2.4728724
mwanza_businesses.1549,1549,1549,8532270409,,,Pasiansi Chini,,,Mwanza,convenience,Ilemela,Mo-Su 09:00-21:00,Pasiansi,32.9109621,-2.4727437
mwanza_businesses.1550,1550,1550,8532270473,,,Pasiansi Chini,,,Mwanza,butcher,Ilemela,Mo-Su 09:00-21:00,Pasiansi,32.9109621,-2.4727652
mwanza_businesses.1551,1551,1551,8532270365,Pasiansi Chini,,Pasiansi,,,Mwanza,gas,Ilemela,Mo-Su 09:00-21:00,Pasiansi,32.9109807,-2.472698
mwanza_businesses.1552,1552,1552,8532270503,,,Pasiansi Chini,,,Mwanza,convenience,Ilemela,Mo-Su 09:00-21:00,Pasiansi,32.9109977,-2.4726277
mwanza_businesses.1553,1553,1553,8532270301,,,Pasiansi Chini,,,Mwanza,convenience,Ilemela,Mo-Su 09:00-21:00,Pasiansi,32.9110399,-2.4725542
mwanza_businesses.1554,1554,1554,8532270397,,,Pasiansi Chini,,,Mwanza,convenience,Ilemela,Mo-Su 09:00-21:00,Pasiansi,32.9110501,-2.4725372
mwanza_businesses.1555,1555,1555,8532270288,,,Pasiansi Chini,,,Mwanza,convenience,Ilemela,Mo-Su 09:00-21:00,Pasiansi,32.911056,-2.4725161
mwanza_businesses.1556,1556,1556,8532270542,,,Pasiansi Chini,,,Mwanza,gas,Ilemela,Mo-Su 09:00-21:00,Pasiansi,32.9109192,-2.4721435
mwanza_businesses.1557,1557,1557,8532270328,,,Pasiansi Chini,,,Mwanza,car_repair,Ilemela,Mo-Su 09:00-21:00,Pasiansi,32.910769,-2.4721435
mwanza_businesses.1558,1558,1558,8532270446,,,Pasiansi Chini,,,Mwanza,convenience,Ilemela,Mo-Su 09:00-21:00,Pasiansi,32.9107016,-2.4721177
mwanza_businesses.1559,1559,1559,8532270380,,,Pasiansi Chini,,,Mwanza,convenience,Ilemela,Mo-Su 09:00-21:00,Pasiansi,32.9109192,-2.4721006
mwanza_businesses.1560,1560,1560,8532270411,pasiansi A mashariki,,pasiansi A mashariki,,,Mwanza,furniture,Ilemela,Mo-Su 09:00-21:00,Kawekamo,32.908473,-2.4829266
mwanza_businesses.1561,1561,1561,8532270436,pasiansi A mashariki,,pasiansi A mashariki,,,Mwanza,convenience,Ilemela,Mo-Sa 08:00-18:00,Kawekamo,32.9086661,-2.4832053
mwanza_businesses.1562,1562,1562,8532270463,pasiansi,,pasiansi A mashariki,,,Mwanza,convenience,Ilemela,Mo-Sa 08:00-18:00,Kawekamo,32.9088593,-2.4826908
mwanza_businesses.1563,1563,1563,8532270363,pasiansi A mashariki,,pasiansi A mashariki,Abby Classic Wear,,Mwanza,clothes,Ilemela,Mo-Sa 09:00-20:00,Kawekamo,32.9092669,-2.4813831
mwanza_businesses.1564,1564,1564,8532270294,pasiansi A mashariki,HaloPesa;Airtel Money;Tigo Pesa;MPESA,pasiansi A mashariki,,,Mwanza,hairdresser,Ilemela,Mo-Sa 09:00-20:00,Kawekamo,32.9093089,-2.4811518
mwanza_businesses.1565,1565,1565,8532270310,pasiansi A mashariki,,pasiansi A mashariki,Kango,,Mwanza,electronics,Ilemela,Mo-Sa 09:00-20:00,Kawekamo,32.9093283,-2.4811324
mwanza_businesses.1566,1566,1566,8532270455,pasiansi A mashariki,,pasiansi A mashariki,,,Mwanza,beverages,Ilemela,Mo-Sa 09:00-20:00,Kawekamo,32.9093357,-2.4811699
mwanza_businesses.1567,1567,1567,8532270402,pasiansi A mashariki,,pasiansi A mashariki,,,Mwanza,convenience,Ilemela,Mo-Sa 08:00-18:00,Kawekamo,32.9095674,-2.4808043
mwanza_businesses.1568,1568,1568,8532270429,,,Reli,,,Mwanza,vacant,Ilemela,,Kawekamo,32.9149532,-2.4832696
mwanza_businesses.1569,1569,1569,8532270377,,,Reli,,,Mwanza,hairdresser,Ilemela,Mo-Sa 09:00-20:00,Kawekamo,32.9149961,-2.4833339
mwanza_businesses.1570,1570,1570,8532270283,,,,,,Mwanza,motorcycle_repair,Ilemela,Mo-Sa 08:00-18:00,Kawekamo,32.9153176,-2.4807027
mwanza_businesses.1571,1571,1571,8532270403,,,Reli,,,Mwanza,convenience,Ilemela,Mo-Su 09:00-21:00,Kawekamo,32.9155755,-2.4844487
mwanza_businesses.1572,1572,1572,8532270520,pasiansi A mashariki,,pasiansi A mashariki,,,Mwanza,stationery,Ilemela,Mo-Sa 09:00-17:00,Kawekamo,32.9094386,-2.4808686
mwanza_businesses.1573,1573,1573,8532270521,,,Reli,,,Mwanza,convenience,Ilemela,Mo-Sa 09:00-20:00,Kawekamo,32.9151249,-2.4832482
mwanza_businesses.1574,1574,1574,8532270533,pasiansi A mashariki,HaloPesa;Airtel Money;Tigo Pesa;MPESA;MasterCard,pasiansi A mashariki,,,Mwanza,convenience,Ilemela,Mo-Sa 09:00-20:00;Mo-Sa 08:00-18:00,Kawekamo,32.9093117,-2.4810588
mwanza_businesses.1575,1575,1575,8532270543,,,Pasiansi Mashariki,,,Mwanza,convenience,Ilemela,Mo-Su 09:00-21:00,Kawekamo,32.9095244,-2.4816403
mwanza_businesses.1576,1576,1576,8532270311,pasiansi A mashariki,,pasiansi A mashariki,,,Mwanza,carpet,Ilemela,Mo-Sa 08:00-18:00,Kawekamo,32.9095459,-2.480547
mwanza_businesses.1577,1577,1577,8532270341,pasiansi A mashariki,,pasiansi A mashariki,,,Mwanza,convenience,Ilemela,Mo-Fr 09:00-17:00,Kawekamo,32.9096532,-2.4798396
mwanza_businesses.1578,1578,1578,8532270525,Mataa,,Mashariki A,,,Mwanza,convenience,Ilemela,Mo-Sa 08:00-18:00,Kawekamo,32.9096746,-2.4793894
mwanza_businesses.1579,1579,1579,8532270471,pasiansi A mashariki,,pasiansi A mashariki,,,Mwanza,convenience,Ilemela,Mo-Sa 08:00-18:00,Kawekamo,32.9097176,-2.4803112
mwanza_businesses.1580,1580,1580,8532270382,pasiansi A mashariki,,pasiansi A mashariki,,,Mwanza,convenience,Ilemela,Mo-Sa 09:00-17:00,Kawekamo,32.9097605,-2.4796681
mwanza_businesses.1581,1581,1581,8532270367,pasiansi A mashariki,,pasiansi A mashariki,,,Mwanza,beverages,Ilemela,Mo-Fr 09:00-17:00,Kawekamo,32.9098024,-2.4797731
mwanza_businesses.1582,1582,1582,8532270511,pasiansi A mashariki,,pasiansi A mashariki,,,Mwanza,convenience,Ilemela,Mo-Fr 09:00-17:00,Kawekamo,32.9098159,-2.4797866
mwanza_businesses.1583,1583,1583,8532270287,pasiansi A mashariki,,pasiansi A mashariki,king David Haircut Salon,,Mwanza,hairdresser,Ilemela,Mo-Sa 08:00-18:00,Kawekamo,32.9098678,-2.4801611
mwanza_businesses.1584,1584,1584,8532270460,pasiansi A mashariki,HaloPesa;Airtel Money;Tigo Pesa;MPESA,pasiansi A mashariki,,,Mwanza,convenience,Ilemela,Mo-Su 09:00-21:00;Mo-Sa 08:00-18:00,Kawekamo,32.9098892,-2.4798396
mwanza_businesses.1585,1585,1585,8532270386,,,Pasiansi Mashariki,,,Mwanza,convenience,Ilemela,Mo-Su 09:00-21:00,Kawekamo,32.9099107,-2.479368
mwanza_businesses.1586,1586,1586,8532270476,pasiansi A mashariki,,pasiansi A mashariki,,,Mwanza,convenience,Ilemela,Mo-Sa 08:00-18:00,Kawekamo,32.9099321,-2.479711
mwanza_businesses.1587,1587,1587,8532270502,sokoni,,Pasiansi Mashariki,,,Mwanza,convenience,Ilemela,Mo-Fr 08:00-18:00; Sa-Su 08:00-15:00,Kawekamo,32.9099469,-2.4796574
mwanza_businesses.1588,1588,1588,8532270529,Pasiansi to kiseke Road,,Mashariki A,,,Mwanza,wholesale,Ilemela,Mo-Sa 08:00-18:00,Kawekamo,32.9099536,-2.4794108
mwanza_businesses.1589,1589,1589,8532270352,,,Pasiansi Mashariki,DMA Movie's & Assessories,,Mwanza,video,Ilemela,Mo-Su 09:00-21:00,Kawekamo,32.910018,-2.4803112
mwanza_businesses.1590,1590,1590,8532270331,,,Pasiansi Mashariki,,,Mwanza,convenience,Ilemela,Mo-Su 09:00-21:00,Kawekamo,32.9100394,-2.4797324
mwanza_businesses.1591,1591,1591,8532270456,,,Pasiansi Mashariki,,,Mwanza,hairdresser,Ilemela,Mo-Su 09:00-21:00,Kawekamo,32.9100394,-2.480547
mwanza_businesses.1592,1592,1592,8532270392,,,Pasiansi Mashariki,,,Mwanza,tailor,Ilemela,,Kawekamo,32.9100609,-2.4805256
mwanza_businesses.1593,1593,1593,8532270537,,,Pasiansi Mashariki,,,Mwanza,clothes,Ilemela,,Kawekamo,32.9099965,-2.4804613
mwanza_businesses.1594,1594,1594,8532270394,,,Pasiansi Mashariki,,,Mwanza,vacant,Ilemela,,Kawekamo,32.9102969,-2.480397
mwanza_businesses.1595,1595,1595,8532270441,,,Pasiansi Mashariki,Nunah Cosmetics,,Mwanza,cosmetics,Ilemela,Mo-Su 09:00-21:00,Kawekamo,32.9103398,-2.4803755
mwanza_businesses.1596,1596,1596,8532270308,,,Pasiansi Mashariki,,,Mwanza,convenience,Ilemela,Mo-Su 09:00-21:00,Kawekamo,32.9104686,-2.4803755
mwanza_businesses.1597,1597,1597,8532270298,,,Pasiansi Mashariki,Judy Shopping Center,,Mwanza,convenience,Ilemela,Mo-Su 09:00-21:00,Kawekamo,32.910197,-2.4803678
mwanza_businesses.1598,1598,1598,8532270418,,,Pasiansi Mashariki,Mashaallah,,Mwanza,agrarian,Ilemela,Mo-Su 09:00-21:00,Kawekamo,32.9101759,-2.4803601
mwanza_businesses.1599,1599,1599,8532270504,,,Pasiansi Mashariki,Ngenda Hair Dressing Salon,,Mwanza,hairdresser,Ilemela,Mo-Su 09:00-21:00,Kawekamo,32.9104471,-2.4803541
mwanza_businesses.1600,1600,1600,8532270444,,,Pasiansi Mashariki,Ngara Boy Loqours,,Mwanza,convenience,Ilemela,Mo-Su 09:00-21:00,Kawekamo,32.9101467,-2.4803541
mwanza_businesses.1601,1601,1601,8532270546,,,Pasiansi Mashariki,Mama P Salon,,Mwanza,hairdresser,Ilemela,Mo-Su 09:00-21:00,Kawekamo,32.9103184,-2.4803541
mwanza_businesses.1602,1602,1602,8532270326,,,Pasiansi Mashariki,,,Mwanza,convenience,Ilemela,,Kawekamo,32.9100823,-2.4803326
mwanza_businesses.1603,1603,1603,8532270359,,,Pasiansi Mashariki,,,Mwanza,vacant,Ilemela,,Kawekamo,32.9104257,-2.4803326
mwanza_businesses.1604,1604,1604,8532270410,,,Pasiansi Mashariki,,,Mwanza,clothes,Ilemela,Mo-Sa 08:00-18:00,Kawekamo,32.9107046,-2.480204
mwanza_businesses.1605,1605,1605,8532270349,,,Pasiansi Mashariki,,,Mwanza,convenience,Ilemela,,Kawekamo,32.9102755,-2.4800325
mwanza_businesses.1606,1606,1606,8532270364,,,Pasiansi Mashariki,,,Mwanza,vacant,Ilemela,,Kawekamo,32.9103184,-2.4800111
mwanza_businesses.1607,1607,1607,8532270453,,,Pasiansi Mashariki,Nyumbani Butcher,,Mwanza,butcher,Ilemela,Mo-Su 09:00-21:00,Kawekamo,32.9103404,-2.4797701
mwanza_businesses.1608,1608,1608,8532270468,,,Pasiansi Mashariki,,,Mwanza,butcher,Ilemela,Mo-Su 09:00-21:00,Kawekamo,32.9103336,-2.4797414
mwanza_businesses.1609,1609,1609,8532270518,,,Pasiansi Mashariki,Mrosso Pombe Shop,,Mwanza,beverages,Ilemela,Mo-Su 09:00-21:00,Kawekamo,32.9110399,-2.4797404
mwanza_businesses.1610,1610,1610,8532270494,,,Pasiansi Mashariki,,,Mwanza,convenience,Ilemela,,Kawekamo,32.9103378,-2.4797321
mwanza_businesses.1611,1611,1611,8532270506,,,Pasiansi Mashariki,,,Mwanza,copyshop,Ilemela,Mo-Su 09:00-21:00,Kawekamo,32.9105115,-2.4797324
mwanza_businesses.1612,1612,1612,8532270480,,,Pasiansi Mashariki,Faith Mini Super Market,,Mwanza,supermarket,Ilemela,Mo-Su 09:00-21:00,Kawekamo,32.9106617,-2.4797324
mwanza_businesses.1613,1613,1613,8532270400,,,Pasiansi Mashariki,,,Mwanza,vacant,Ilemela,,Kawekamo,32.9110265,-2.479723
mwanza_businesses.1614,1614,1614,8532270361,,,Pasiansi Mashariki,,,Mwanza,vacant,Ilemela,,Kawekamo,32.9103319,-2.4797143
mwanza_businesses.1615,1615,1615,8532270527,,,Pasiansi Mashariki,,,Mwanza,vacant,Ilemela,,Kawekamo,32.9106617,-2.479711
mwanza_businesses.1616,1616,1616,8532270357,,,Pasiansi Mashariki,,,Mwanza,convenience,Ilemela,Mo-Su 09:00-21:00,Kawekamo,32.9101038,-2.4796895
mwanza_businesses.1617,1617,1617,8532270384,,,Pasiansi Mashariki,Mnyalukolo Mini Super Market,,Mwanza,supermarket,Ilemela,Mo-Su 09:00-21:00,Kawekamo,32.9105115,-2.4796895
mwanza_businesses.1618,1618,1618,8532270374,,,Pasiansi Mashariki,,,Mwanza,wholesale,Ilemela,Mo-Sa 09:00-20:00,Kawekamo,32.910533,-2.4796895
mwanza_businesses.1619,1619,1619,8532270531,,,Pasiansi Mashariki,Temere Pombe Shop,,Mwanza,beverages,Ilemela,Mo-Su 09:00-21:00,Kawekamo,32.9107904,-2.4796895
mwanza_businesses.1620,1620,1620,8532270323,,,Pasiansi Mashariki,Manyama Butcher,,Mwanza,butcher,Ilemela,Mo-Su 09:00-21:00,Kawekamo,32.9110479,-2.4796681
mwanza_businesses.1621,1621,1621,8532270387,,,Pasiansi Mashariki,,,Mwanza,vacant,Ilemela,,Kawekamo,32.9110694,-2.4796038
mwanza_businesses.1622,1622,1622,8532270333,,,Pasiansi Mashariki,,,Mwanza,vacant,Ilemela,Mo-Su 09:00-21:00,Kawekamo,32.9103613,-2.4794323
mwanza_businesses.1623,1623,1623,8532270426,,,Pasiansi Mashariki,,,Mwanza,convenience,Ilemela,Mo-Fr 09:00-17:00,Kawekamo,32.9104035,-2.4794229
mwanza_businesses.1624,1624,1624,8532270335,Pasiansi to kiseke Road,,Mashariki A,Kituo cha Mauzo Pepsi,,Mwanza,wholesale,Ilemela,Mo-Sa 08:00-18:00,Kawekamo,32.9106832,-2.4794108
mwanza_businesses.1625,1625,1625,8532270534,,,Pasiansi,Pasiansi Beauty Point,,Mwanza,hairdresser,Ilemela,Mo-Su 09:00-21:00,Kawekamo,32.9107904,-2.479368
mwanza_businesses.1626,1626,1626,8532270292,,,Pasiansi Mashariki,A2Z Plus Stationary,,Mwanza,stationery,Ilemela,Mo-Fr 09:00-17:00,Kawekamo,32.9108407,-2.4793643
mwanza_businesses.1627,1627,1627,8532270448,,,Pasiansi Mashariki,,,Mwanza,clothes,Ilemela,Mo-Sa 09:00-20:00,Kawekamo,32.9122699,-2.4799063
mwanza_businesses.1628,1628,1628,8532270305,,,Pasiansi Mashariki,,,Mwanza,gas,Ilemela,,Kawekamo,32.9123054,-2.4798962
mwanza_businesses.1629,1629,1629,8532270514,,,Pasiansi Mashariki,,,Mwanza,clothes,Ilemela,Mo-Fr 08:00-18:00; Sa-Su 08:00-15:00,Kawekamo,32.9121637,-2.4798396
mwanza_businesses.1630,1630,1630,8532270371,,,Pasiansi Mashariki,,,Mwanza,vacant,Ilemela,,Kawekamo,32.9121128,-2.4798235
mwanza_businesses.1631,1631,1631,8532270330,,,Pasiansi Mashariki B,,,Mwanza,convenience,Ilemela,Mo-Fr 08:00-18:00; Sa-Su 08:00-15:00,Kawekamo,32.912271,-2.4795823
mwanza_businesses.1632,1632,1632,8532270407,,,Pasiansi Mashariki B,,,Mwanza,convenience,Ilemela,Mo-Sa 08:00-18:00,Kawekamo,32.9120135,-2.4794966
mwanza_businesses.1633,1633,1633,8532270295,,,Pasiansi Mashari,,,Mwanza,convenience,Ilemela,Mo-Su 09:00-21:00,Kawekamo,32.9117775,-2.4794323
mwanza_businesses.1634,1634,1634,8532270483,,,Pasiansi Mashariki,,,Mwanza,convenience,Ilemela,Mo-Su 09:00-21:00,Kawekamo,32.9117346,-2.4794323
mwanza_businesses.1635,1635,1635,8532270389,,,Pasiansi Mashariki,,,Mwanza,vacant,Ilemela,Mo-Su 09:00-21:00,Kawekamo,32.9117775,-2.4794108
mwanza_businesses.1636,1636,1636,8532270508,,,Pasiansi Mashariki,,,Mwanza,convenience,Ilemela,Mo-Su 09:00-21:00,Kawekamo,32.9116058,-2.4794108
mwanza_businesses.1637,1637,1637,8532270398,,,Pasiansi Mashariki B,,,Mwanza,vacant,Ilemela,,Kawekamo,32.9119561,-2.4793967
mwanza_businesses.1638,1638,1638,8532270490,,,Pasiansi Mashari,,,Mwanza,cosmetics,Ilemela,Mo-Su 09:00-21:00,Kawekamo,32.9116058,-2.4793894
mwanza_businesses.1639,1639,1639,8532270415,pasiansi to Nyasaka,,Mashariki A,Stive Shop,,Mwanza,convenience,Ilemela,Mo-Sa 08:00-18:00,Kawekamo,32.9118204,-2.4793465
mwanza_businesses.1640,1640,1640,8532270524,,,Pasiansi Mashariki B,,,Mwanza,hardware,Ilemela,Mo-Fr 08:00-18:00; Sa-Su 08:00-15:00,Kawekamo,32.9119706,-2.4793251
mwanza_businesses.1641,1641,1641,8532270286,,,Pasiansi Mashariki B,,,Mwanza,vacant,Ilemela,,Kawekamo,32.9120135,-2.4792179
mwanza_businesses.1642,1642,1642,8532270303,,,Pasiansi Mashariki B,,,Mwanza,hairdresser,Ilemela,Mo-Fr 08:00-18:00; Sa-Su 08:00-15:00,Kawekamo,32.9122455,-2.4791147
mwanza_businesses.1643,1643,1643,8532270421,,,Pasiansi Mashariki B,,,Mwanza,convenience,Ilemela,Mo-Fr 08:00-18:00; Sa-Su 08:00-15:00,Kawekamo,32.9122281,-2.4790893
mwanza_businesses.1644,1644,1644,8532270348,,,Pasiansi Mashariki B,,,Mwanza,vacant,Ilemela,,Kawekamo,32.9121852,-2.4790893
mwanza_businesses.1645,1645,1645,8532270396,,,Pasiansi Mashariki B,Dadaz Point,,Mwanza,clothes,Ilemela,Mo-Fr 08:00-18:00; Sa-Su 08:00-15:00,Kawekamo,32.9121852,-2.4789178
mwanza_businesses.1646,1646,1646,8532270432,,,Pasiansi Mashariki B,,,Mwanza,convenience,Ilemela,Mo-Fr 08:00-18:00; Sa-Su 08:00-15:00,Kawekamo,32.9121423,-2.4788963
mwanza_businesses.1647,1647,1647,8532270516,,,Pasiansi Mashariki B,,,Mwanza,vacant,Ilemela,Mo-Fr 08:00-18:00; Sa-Su 08:00-15:00,Kawekamo,32.9121208,-2.4788749
mwanza_businesses.1648,1648,1648,8532270372,,,Pasiansi Mashariki B,,,Mwanza,convenience,Ilemela,Mo-Fr 08:00-18:00; Sa-Su 08:00-15:00,Kawekamo,32.9121208,-2.478832
mwanza_businesses.1649,1649,1649,8532270541,,,Pasiansi Mashariki B,,,Mwanza,convenience,Ilemela,Mo-Sa 09:00-20:00;Mo-Sa 08:00-18:00,Kawekamo,32.9122066,-2.4787463
mwanza_businesses.1650,1650,1650,8532270334,,,Pasiansi Mashariki B,Serengeti Pub,,Mwanza,alcohol,Ilemela,,Kawekamo,32.9124856,-2.4776958
mwanza_businesses.1651,1651,1651,8532270451,,,Pasiansi Mashariki B,,,Mwanza,vacant,Ilemela,,Kawekamo,32.9124641,-2.4776958
mwanza_businesses.1652,1652,1652,8532270492,,,Pasiansi Mashariki B,Jasmene Hair Dress Salon,,Mwanza,hairdresser,Ilemela,Mo-Sa 09:00-20:00;Mo-Sa 08:00-18:00,Kawekamo,32.9126573,-2.4776315
mwanza_businesses.1653,1653,1653,8532270528,,,,,,Mwanza,vacant,Ilemela,Mo-Sa 08:00-18:00,Kawekamo,32.9137301,-2.4768169
mwanza_businesses.1654,1654,1654,8532270343,pasiansi mashariki A,,pasiansi mashariki A,,,Mwanza,convenience,Ilemela,Mo-Sa 08:00-18:00,Kawekamo,32.911799,-2.4734083
mwanza_businesses.1655,1655,1655,8532270472,pasiansi mashariki A,,pasiansi mashariki A,,,Mwanza,furniture,Ilemela,Mo-Sa 08:00-18:00,Kawekamo,32.9119921,-2.4746731
mwanza_businesses.1656,1656,1656,8532270498,pasiansi mashariki A,,Pasiansi Mashariki A,,,Mwanza,convenience,Ilemela,Mo-Sa 08:00-18:00,Kawekamo,32.9120994,-2.4746731
mwanza_businesses.1657,1657,1657,8532270445,pasiansi mashariki A,,Pasiansi Mashariki A,,,Mwanza,convenience,Ilemela,Mo-Sa 09:00-17:00,Kawekamo,32.9123783,-2.4742229
mwanza_businesses.1658,1658,1658,8532270353,pasiansi mashariki A,,Pasiansi Mashariki A,,,Mwanza,convenience,Ilemela,Mo-Sa 08:00-18:00,Kawekamo,32.9123783,-2.4747374
mwanza_businesses.1659,1659,1659,8532270435,pasiansi mashariki A,,Pasiansi Mashariki A,,,Mwanza,convenience,Ilemela,Mo-Sa 09:00-20:00,Kawekamo,32.9127216,-2.4737727
mwanza_businesses.1660,1660,1660,8532270327,pasiansi mashariki A,,Pasiansi Mashariki A,,,Mwanza,convenience,Ilemela,Mo-Sa 09:00-20:00,Kawekamo,32.9127645,-2.4743087
mwanza_businesses.1661,1661,1661,8532270317,pasiansi mashariki A,,Pasiansi Mashariki A,,,Mwanza,convenience,Ilemela,Mo-Sa 09:00-20:00,Kawekamo,32.9128504,-2.4741586
mwanza_businesses.1662,1662,1662,8559759312,Bigbait,,,,,Mwanza,clothes,Ilemela,Mo-Sa 08:00-18:00,Ibungilo,32.9139447,-2.4938597
mwanza_businesses.1663,1663,1663,8559740178,Bigbait,,,Irene Cosmetics,,Mwanza,cosmetics,Ilemela,,Ibungilo,32.9139233,-2.4938597
mwanza_businesses.1664,1664,1664,8559749483,Bigbait,,Kilimahewa,,,Mwanza,vacant,Ilemela,,Ibungilo,32.9139447,-2.4938382
mwanza_businesses.1665,1665,1665,8559755226,Bigbait,,Kilimahewa,,,Mwanza,vacant,Ilemela,,Ibungilo,32.9134101,-2.4936395
mwanza_businesses.1666,1666,1666,8559744375,Bigbait,,Kilimahewa,J.Lem Hair Beauty Saloon,,Mwanza,beauty,Ilemela,,Ibungilo,32.9132581,-2.4936024
mwanza_businesses.1667,1667,1667,8559769380,Bigbait,,Kilimahewa,Upendo Outfits Mwanza,,Mwanza,clothes,Ilemela,,Ibungilo,32.9134101,-2.4936276
mwanza_businesses.1668,1668,1668,8559771122,Bigbait,,Kilimahewa,Issa Classic Luear,0714718660,Mwanza,clothes,Ilemela,,Ibungilo,32.913606,-2.4937849
mwanza_businesses.1669,1669,1669,8559771328,Bigbait,,Kilimahewa,,,Mwanza,gas,Ilemela,,Ibungilo,32.9132795,-2.4936024
mwanza_businesses.1670,1670,1670,8559772537,Bigbait,,,Viva Liquors Store,0713683987,Mwanza,beverages,Ilemela,Mo-Su 09:00-21:00,Ibungilo,32.9139233,-2.4938382
mwanza_businesses.1671,1671,1671,8532270306,,,Pasiasi Juu,,,Mwanza,clothes,Ilemela,Mo-Su 09:00-21:00,Ibungilo,32.9070139,-2.4829266
mwanza_businesses.1672,1672,1672,8559738407,,,Kileleni,,,Mwanza,butcher,Ilemela,Mo-Sa 08:00-18:00,Ibungilo,32.8999114,-2.4880073
mwanza_businesses.1673,1673,1673,8536944059,Lumala,,Lumala Magharibi,,,Mwanza,vacant,Ilemela,,Ilemela,32.9171154,-2.4785279
mwanza_businesses.1674,1674,1674,8536944034,Lumala,,Lumala Magharibi,,,Mwanza,convenience,Ilemela,,Ilemela,32.9171377,-2.4785197
mwanza_businesses.1675,1675,1675,8536944108,Lumala,,Lumala Magharibi,,,Mwanza,hairdresser,Ilemela,,Ilemela,32.9171563,-2.4785197
mwanza_businesses.1676,1676,1676,8536944051,Lumala,,Lumala Magharibi,,,Mwanza,convenience,Ilemela,,Ilemela,32.9175067,-2.4785105
mwanza_businesses.1677,1677,1677,8536944086,Lumala,,Lumala Magharibi,,,Mwanza,vacant,Ilemela,,Ilemela,32.9175067,-2.4786176
mwanza_businesses.1678,1678,1678,8536944018,Lumala,,Lumala Magharibi,,,Mwanza,vacant,Ilemela,,Ilemela,32.9175282,-2.4787034
mwanza_businesses.1679,1679,1679,8536944047,Lumala,,Lumala Magharibi,,,Mwanza,hairdresser,Ilemela,,Ilemela,32.9175496,-2.4787034
mwanza_businesses.1680,1680,1680,8536944014,Lumala,,Lumala Magharibi,,,Mwanza,vacant,Ilemela,,Ilemela,32.9175711,-2.4787034
mwanza_businesses.1681,1681,1681,8536944031,Bundala,,Lumala B,,,Mwanza,hairdresser,Ilemela,Mo-Sa 08:00-18:00,Ilemela,32.9177213,-2.4784033
mwanza_businesses.1682,1682,1682,8536944007,Bundala,,Lumala B,,,Mwanza,laundry,Ilemela,Mo-Sa 08:00-18:00,Ilemela,32.9180766,-2.4791975
mwanza_businesses.1683,1683,1683,8536944050,Lumala Magharibi,,Lumala Magharibi,Uwama Vipodozi,0684477375,Mwanza,beauty,Ilemela,Mo-Fr 09:00-17:00,Ilemela,32.9212189,-2.4792608
mwanza_businesses.1684,1684,1684,8536944039,Lumala Magharibi,,Lumala Magharibi,,,Mwanza,convenience,Ilemela,,Ilemela,32.9217828,-2.4809308
mwanza_businesses.1685,1685,1685,8536944071,Lumala Magharibi,,Lumala Magharibi,,,Mwanza,kiosk,Ilemela,Mo-Su 09:00-21:00,Ilemela,32.9218717,-2.4804989
mwanza_businesses.1686,1686,1686,8536944102,Lumala Magharibi,,Lumala Magharibi,Winnie Shop,,Mwanza,convenience,Ilemela,,Ilemela,32.9221416,-2.4805685
mwanza_businesses.1687,1687,1687,8536943999,Lumala Magharibi,,Lumala Magharibi,Lumala Ebenezer,,Mwanza,convenience,Ilemela,,Ilemela,32.9222274,-2.480547
mwanza_businesses.1688,1688,1688,8536944043,Lumala Magharibi,,Lumala Magharibi,,,Mwanza,kiosk,Ilemela,Mo-Su 09:00-21:00,Ilemela,32.9223347,-2.4803326
mwanza_businesses.1689,1689,1689,8536944037,Lumala Magharibi,,Lumala Magharibi,,,Mwanza,convenience,Ilemela,,Ilemela,32.922419,-2.4804853
mwanza_businesses.1690,1690,1690,8536944028,Kiseke,,Lumala Magharibi,Kaneza,,Mwanza,convenience,Ilemela,,Ilemela,32.9228067,-2.4803541
mwanza_businesses.1691,1691,1691,8536944109,Kiseke,,Lumala Magharibi,,,Mwanza,hairdresser,Ilemela,,Ilemela,32.9231501,-2.4802255
mwanza_businesses.1692,1692,1692,8536943991,Lumala magharibi,,Lumala Magharibi,,,Mwanza,convenience,Ilemela,Mo-Sa 09:00-17:00,Ilemela,32.9241784,-2.4778306
mwanza_businesses.1693,1693,1693,8536944060,Lumala magharibi,,Lumala Magharibi,,,Mwanza,clothes,Ilemela,Mo-Sa 09:00-17:00,Ilemela,32.924919,-2.4788092
mwanza_businesses.1694,1694,1694,8536944053,Lumala magharibi,,Lumala Magharibi,,,Mwanza,butcher,Ilemela,Mo-Sa 09:00-17:00,Ilemela,32.9251109,-2.4775339
mwanza_businesses.1695,1695,1695,8536944073,,,Lumala Magharibi,Kasheto Library,0754235665,Mwanza,video,Ilemela,Mo-Sa 09:00-20:00,Ilemela,32.9293782,-2.4796764
mwanza_businesses.1696,1696,1696,8536944064,,,Lumala Magharibi,M.F Hardware,0767570851,Mwanza,hardware,Ilemela,Mo-Sa 08:00-18:00,Ilemela,32.9294125,-2.4796764
mwanza_businesses.1697,1697,1697,8536944054,,,Lumala Magharibi,Kileos Hair Cutting Saloon,,Mwanza,hairdresser,Ilemela,Mo-Su 09:00-21:00,Ilemela,32.9294517,-2.4795997
mwanza_businesses.1698,1698,1698,8536944114,Lumala Magharibi,,Lumala Magharibi,Mama Ethan Hair Dressing Saloon,,Mwanza,hairdresser,Ilemela,Mo-Sa 08:00-18:00,Ilemela,32.92164,-2.4805116
mwanza_businesses.1699,1699,1699,8536944119,Lumala Magharibi,,Lumala Magharibi,,,Mwanza,convenience,Ilemela,,Ilemela,32.9224849,-2.4804398
mwanza_businesses.1700,1700,1700,8536944123,Lumala,,Lumala Magharibi,,,Mwanza,shoes,Ilemela,,Ilemela,32.917614,-2.4788963
mwanza_businesses.1701,1701,1701,8536944126,Sober House Street,,Lumala Magharibi,,0788451123,Mwanza,convenience,Ilemela,Mo-Sa 08:00-18:00,Ilemela,32.9253817,-2.4762381
mwanza_businesses.1702,1702,1702,8536944127,Lumala Magharibi,,Lumala Magharibi,,,Mwanza,convenience,Ilemela,,Ilemela,32.9218339,-2.4810499
mwanza_businesses.1703,1703,1703,8536944130,,,Lumala Magharibi,Ebenezer Butcher,,Mwanza,butcher,Ilemela,Mo-Su 09:00-21:00,Ilemela,32.9294918,-2.479613
mwanza_businesses.1704,1704,1704,8536944133,Sober House Street,,Lumala Magharibi,Kwimba Shopping Centre,,Mwanza,convenience,Ilemela,Mo-Sa 08:00-18:00,Ilemela,32.9266047,-2.4755092
mwanza_businesses.1705,1705,1705,8536944136,Lumala,,Lumala Magharibi,,,Mwanza,clothes,Ilemela,,Ilemela,32.917614,-2.4788749
mwanza_businesses.1706,1706,1706,8536944137,Lumala magharibi,,Lumala Magharibi,,,Mwanza,beverages,Ilemela,Mo-Sa 09:00-20:00,Ilemela,32.9248202,-2.4790475
mwanza_businesses.1707,1707,1707,8536944140,,,Lumala Magharibi,Wachu Shop,,Mwanza,convenience,Ilemela,Mo-Su 09:00-21:00,Ilemela,32.9293793,-2.4795893
mwanza_businesses.1708,1708,1708,8536944146,Lumala magharibi,,Lumala Magharibi,,,Mwanza,convenience,Ilemela,Mo-Sa 08:00-18:00,Ilemela,32.9243556,-2.4777863
mwanza_businesses.1709,1709,1709,8536944148,Lumala Magharibi,,Lumala Magharibi,,,Mwanza,fuel,Ilemela,Mo-Su 09:00-21:00;24/7,Ilemela,32.9233504,-2.4800167
mwanza_businesses.1710,1710,1710,8536732847,Nyagunguru,,Nyagunguru,,,Mwanza,convenience,Ilemela,,Ilemela,32.9089665,-2.4528923
mwanza_businesses.1711,1711,1711,8536732956,,,Nyagunguru,,,Mwanza,convenience,Ilemela,Mo-Sa 08:00-18:00,Ilemela,32.9099107,-2.4481759
mwanza_businesses.1712,1712,1712,8536734204,,,Nyagunguru,,,Mwanza,kiosk,Ilemela,Mo-Sa 08:00-18:00,Ilemela,32.9102969,-2.4485404
mwanza_businesses.1713,1713,1713,8536741237,,,Nyagunguru,,,Mwanza,hairdresser,Ilemela,Mo-Sa 08:00-18:00,Ilemela,32.9098892,-2.4481759
mwanza_businesses.1714,1714,1714,8536744316,,,Nyagunguru,,,Mwanza,hairdresser,Ilemela,Mo-Sa 08:00-18:00,Ilemela,32.9103839,-2.4489147
mwanza_businesses.1715,1715,1715,8536755622,,,Nyagunguru,,,Mwanza,kiosk,Ilemela,Mo-Sa 08:00-18:00,Ilemela,32.9101687,-2.4483275
mwanza_businesses.1716,1716,1716,8536944093,,,Lumala,,,Mwanza,convenience,Ilemela,Mo-Fr 08:00-18:00; Sa-Su 08:00-15:00,Ilemela,32.9139662,-2.4734726
mwanza_businesses.1717,1717,1717,8536944002,,,Lumala,,,Mwanza,alcohol,Ilemela,Mo-Su 09:00-21:00,Ilemela,32.9140091,-2.4736227
mwanza_businesses.1718,1718,1718,8536944042,,,Lumala,,,Mwanza,convenience,Ilemela,Mo-Fr 08:00-18:00; Sa-Su 08:00-15:00,Ilemela,32.9140505,-2.4734694
mwanza_businesses.1719,1719,1719,8536944025,,,Lumala,,,Mwanza,hairdresser,Ilemela,Mo-Fr 09:00-17:00,Ilemela,32.9140949,-2.4736227
mwanza_businesses.1720,1720,1720,8536944098,,,Lumala,,,Mwanza,vacant,Ilemela,,Ilemela,32.9141164,-2.4736227
mwanza_businesses.1721,1721,1721,8536944052,,,Lumala,,,Mwanza,convenience,Ilemela,Mo-Fr 08:00-18:00; Sa-Su 08:00-15:00,Ilemela,32.9141164,-2.4734512
mwanza_businesses.1722,1722,1722,8536944008,,,Lumala,,,Mwanza,vacant,Ilemela,,Ilemela,32.9142451,-2.4736227
mwanza_businesses.1723,1723,1723,8536944089,,,Lumala,,,Mwanza,convenience,Ilemela,Mo-Su 09:00-21:00,Ilemela,32.9146528,-2.4734297
mwanza_businesses.1724,1724,1724,8536944070,,,Lumala,,,Mwanza,convenience,Ilemela,Mo-Fr 08:00-18:00; Sa-Su 08:00-15:00,Ilemela,32.9146957,-2.4734297
mwanza_businesses.1725,1725,1725,8536944010,,,Lumala,,,Mwanza,vacant,Ilemela,,Ilemela,32.9151209,-2.473314
mwanza_businesses.1726,1726,1726,8536944104,,,Sabasaba,,,Mwanza,vacant,Ilemela,,Ilemela,32.9155819,-2.4741846
mwanza_businesses.1727,1727,1727,8536944015,,,Sabasaba,,,Mwanza,convenience,Ilemela,Mo-Su 09:00-21:00,Ilemela,32.9156294,-2.4741768
mwanza_businesses.1728,1728,1728,8536944081,sabasaba to Busweru,,Lumala Mashariki,,,Mwanza,convenience,Ilemela,Mo-Sa 08:00-18:00,Ilemela,32.9161454,-2.4700795
mwanza_businesses.1729,1729,1729,8536944103,sabasaba to Busweru,,Lumala Mashariki,,,Mwanza,convenience,Ilemela,Mo-Sa 08:00-18:00,Ilemela,32.9161488,-2.4701793
mwanza_businesses.1730,1730,1730,8536944066,,,Lumala Magharibi,,,Mwanza,greengrocer,Ilemela,Mo-Sa 09:00-20:00,Ilemela,32.9161498,-2.474802
mwanza_businesses.1731,1731,1731,8536944092,sabasaba to Busweru,,Lumala Mashariki,,,Mwanza,convenience,Ilemela,Mo-Sa 08:00-18:00,Ilemela,32.9161549,-2.4697639
mwanza_businesses.1732,1732,1732,8536944041,sabasaba to Busweru,,Lumala Mashariki,,,Mwanza,convenience,Ilemela,Mo-Sa 08:00-18:00,Ilemela,32.9162192,-2.4703213
mwanza_businesses.1733,1733,1733,8536944065,,,Lumala Mashariki,Sabasaba Vifaa vya Umeme,,Mwanza,electronics,Ilemela,Mo-Fr 08:00-18:00; Sa-Su 08:00-15:00,Ilemela,32.9162407,-2.4705571
mwanza_businesses.1734,1734,1734,8536944029,Sabasaba to Busweru,,Lumala Mashariki,Soko la Wakulima Sabasaba,,Mwanza,marketplace,Ilemela,Mo-Sa 08:00-18:00,Ilemela,32.9162621,-2.4699783
mwanza_businesses.1735,1735,1735,8536944099,sabasaba to Busweru,,Lumala Mashariki,,,Mwanza,convenience,Ilemela,Mo-Sa 08:00-18:00,Ilemela,32.9162836,-2.4703213
mwanza_businesses.1736,1736,1736,8536943994,,,Sabasaba,,,Mwanza,vacant,Ilemela,,Ilemela,32.91637,-2.4747417
mwanza_businesses.1737,1737,1737,8536944030,,,Sabasaba,Alex Hair Cut Salon,,Mwanza,hairdresser,Ilemela,Mo-Su 09:00-21:00,Ilemela,32.9163703,-2.4750281
mwanza_businesses.1738,1738,1738,8536944061,sabasaba to Busweru,,Lumala Mashariki,,,Mwanza,convenience,Ilemela,Mo-Sa 08:00-18:00,Ilemela,32.9163941,-2.4703129
mwanza_businesses.1739,1739,1739,8536944077,,,Lumala Mashariki,,,Mwanza,convenience,Ilemela,Mo-Fr 08:00-18:00; Sa-Su 08:00-15:00,Ilemela,32.9164338,-2.4706857
mwanza_businesses.1740,1740,1740,8536944036,sabasaba to Busweru,,Lumala Mashariki,,,Mwanza,convenience,Ilemela,Mo-Sa 08:00-18:00,Ilemela,32.9164516,-2.4703095
mwanza_businesses.1741,1741,1741,8536944022,,,Sabasaba,,,Mwanza,convenience,Ilemela,Mo-Fr 08:00-18:00; Sa-Su 08:00-15:00,Ilemela,32.9164716,-2.4751634
mwanza_businesses.1742,1742,1742,8536944076,,,Sabasaba,Tarimo Cosmetics,,Mwanza,cosmetics,Ilemela,Mo-Fr 08:00-18:00; Sa-Su 08:00-15:00,Ilemela,32.9165662,-2.4753592
mwanza_businesses.1743,1743,1743,8536944013,sabasaba to Busweru,,Lumala Mashariki,,,Mwanza,convenience,Ilemela,Mo-Sa 08:00-18:00,Ilemela,32.9166055,-2.4702998
mwanza_businesses.1744,1744,1744,8536944048,sabasaba to Busweru,,Lumala Mashariki,,,Mwanza,convenience,Ilemela,Mo-Sa 08:00-18:00,Ilemela,32.9166484,-2.4702998
mwanza_businesses.1745,1745,1745,8536944012,,,Sabasaba,,,Mwanza,convenience,Ilemela,Mo-Fr 08:00-18:00; Sa-Su 08:00-15:00,Ilemela,32.9167229,-2.4757174
mwanza_businesses.1746,1746,1746,8536944084,,,Sabasaba,,,Mwanza,gas,Ilemela,Mo-Fr 08:00-18:00; Sa-Su 08:00-15:00,Ilemela,32.9167435,-2.475779
mwanza_businesses.1747,1747,1747,8536944111,sabasaba to Busweru,,Lumala Mashariki,,,Mwanza,convenience,Ilemela,Mo-Sa 08:00-18:00,Ilemela,32.9165196,-2.4702998
mwanza_businesses.1748,1748,1748,8536944112,,,Sabasaba,,,Mwanza,convenience,Ilemela,Mo-Sa 09:00-17:00;Mo-Fr 08:00-18:00; Sa-Su 08:00-15:00,Ilemela,32.91646,-2.4750902
mwanza_businesses.1749,1749,1749,8536944115,,,Lumala,,,Mwanza,electronics,Ilemela,Mo-Fr 09:00-17:00,Ilemela,32.9139233,-2.4736012
mwanza_businesses.1750,1750,1750,8536944132,,,Sabasaba,,,Mwanza,convenience,Ilemela,Mo-Fr 08:00-18:00; Sa-Su 08:00-15:00,Ilemela,32.9166598,-2.4755709
mwanza_businesses.1751,1751,1751,8536944141,sabasaba to Busweru,,Lumala Mashariki,,,Mwanza,convenience,Ilemela,Mo-Sa 08:00-18:00,Ilemela,32.9161549,-2.4702998
mwanza_businesses.1752,1752,1752,8536944149,,,Sabasaba,,,Mwanza,convenience,Ilemela,Mo-Fr 08:00-18:00; Sa-Su 08:00-15:00,Ilemela,32.916875,-2.4753645
mwanza_businesses.1753,1753,1753,8536944085,,,Lumala,Safari Auto Motive,,Mwanza,furniture,Ilemela,Mo-Sa 08:00-18:00,Ilemela,32.918129,-2.4687992
mwanza_businesses.1754,1754,1754,8536944106,,,Lumala Mashariki,Cake Arts,,Mwanza,kiosk,Ilemela,Mo-Sa 08:00-18:00,Ilemela,32.9187727,-2.4685205
mwanza_businesses.1755,1755,1755,8536944072,Lumala Mashariki,,Lumala Mashariki,,,Mwanza,stationery,Ilemela,Mo-Fr 09:00-17:00,Ilemela,32.919346,-2.473383
mwanza_businesses.1756,1756,1756,8536944068,,,Lumala Mashariki,Canivore Butcher Shop,,Mwanza,butcher,Ilemela,Mo-Fr 08:00-18:00; Sa-Su 08:00-15:00,Ilemela,32.9193735,-2.4684776
mwanza_businesses.1757,1757,1757,8536944087,,,Lumala Mashariki,Coachella Supermarket,,Mwanza,supermarket,Ilemela,Mo-Fr 08:00-18:00; Sa-Su 08:00-15:00,Ilemela,32.9194593,-2.4684562
mwanza_businesses.1758,1758,1758,8536944075,,,Lumala Mashariki,Fezi Man Hair Cutting Salon,,Mwanza,hairdresser,Ilemela,Mo-Su 09:00-21:00,Ilemela,32.9195552,-2.4751099
mwanza_businesses.1759,1759,1759,8536944004,,,Lumala Mashariki,The Mama's Grocery,,Mwanza,alcohol,Ilemela,Mo-Su 09:00-21:00,Ilemela,32.9195807,-2.4751354
mwanza_businesses.1760,1760,1760,8536944020,,,Lumala Mashariki,,,Mwanza,convenience,Ilemela,Mo-Su 09:00-21:00,Ilemela,32.9198027,-2.4749518
mwanza_businesses.1761,1761,1761,8536944110,,,Lumala Mashariki,Festo Shop,,Mwanza,convenience,Ilemela,Mo-Su 09:00-21:00,Ilemela,32.9198456,-2.4749089
mwanza_businesses.1762,1762,1762,8536943990,Lumala Mashariki,,Lumala Mashariki,,,Mwanza,convenience,Ilemela,Mo-Sa 09:00-20:00,Ilemela,32.9199236,-2.4729779
mwanza_businesses.1763,1763,1763,8536944016,Sabasaba to Busweru,,Lumala Mashariki,,,Mwanza,convenience,Ilemela,Mo-Sa 08:00-18:00,Ilemela,32.9199743,-2.4683276
mwanza_businesses.1764,1764,1764,8536944011,Lumala Mashariki,,Lumala Mashariki,,,Mwanza,cosmetics,Ilemela,Mo-Fr 09:00-17:00,Ilemela,32.9201283,-2.4733645
mwanza_businesses.1765,1765,1765,8536944057,Sabasaba to Busweru,,Lumala Mashariki,,,Mwanza,convenience,Ilemela,Mo-Sa 08:00-18:00,Ilemela,32.9201674,-2.4682632
mwanza_businesses.1766,1766,1766,8536944027,,,Lumala Mashariki,Makutano Grocery,,Mwanza,alcohol,Ilemela,Mo-Sa 08:00-18:00,Ilemela,32.9206443,-2.4746689
mwanza_businesses.1767,1767,1767,8536944056,,,Lumala Mashariki,Gari Banana Pombe Mpya,,Mwanza,alcohol,Ilemela,Mo-Sa 08:00-18:00,Ilemela,32.920674,-2.474655
mwanza_businesses.1768,1768,1768,8536944078,Sabasaba to Busweru,,Lumala Mashariki,,,Mwanza,hardware,Ilemela,Mo-Sa 08:00-18:00,Ilemela,32.9208755,-2.4680489
mwanza_businesses.1769,1769,1769,8536944032,Kwa Ally kisimani,,Lumala Mashariki,,,Mwanza,convenience,Ilemela,Mo-Sa 08:00-18:00,Ilemela,32.921648,-2.4695924
mwanza_businesses.1770,1770,1770,8536944006,,,Lumala,,,Mwanza,convenience,Ilemela,Mo-Fr 08:00-18:00; Sa-Su 08:00-15:00,Ilemela,32.9220128,-2.4679202
mwanza_businesses.1771,1771,1771,8536944095,,,Lumala,,,Mwanza,convenience,Ilemela,Mo-Fr 08:00-18:00; Sa-Su 08:00-15:00,Ilemela,32.9222918,-2.4680274
mwanza_businesses.1772,1772,1772,8536943996,,,Lumala,,,Mwanza,convenience,Ilemela,Mo-Fr 08:00-18:00; Sa-Su 08:00-15:00,Ilemela,32.9227164,-2.4677342
mwanza_businesses.1773,1773,1773,8536944044,,,Lumala Mashariki,,,Mwanza,vacant,Ilemela,Mo-Sa 09:00-17:00;Mo-Fr 08:00-18:00; Sa-Su 08:00-15:00,Ilemela,32.9239655,-2.4739014
mwanza_businesses.1774,1774,1774,8536944118,,,Lumala Mashariki,Msalala Shop,,Mwanza,convenience,Ilemela,Mo-Sa 08:00-18:00,Ilemela,32.9207154,-2.4746412
mwanza_businesses.1775,1775,1775,8536944120,Sabasaba to Busweru,,Lumala Mashariki,,,Mwanza,carpet,Ilemela,Mo-Sa 08:00-18:00,Ilemela,32.9176569,-2.4692065
mwanza_businesses.1776,1776,1776,8536944134,,,Lumala Mashariki,New Premium SKM Store,,Mwanza,hardware,Ilemela,Mo-Fr 08:00-18:00; Sa-Su 08:00-15:00,Ilemela,32.9199314,-2.468349
mwanza_businesses.1777,1777,1777,8536944143,,,Lumala,,,Mwanza,convenience,Ilemela,Mo-Fr 08:00-18:00; Sa-Su 08:00-15:00,Ilemela,32.9229676,-2.4678129
mwanza_businesses.1778,1778,1778,8536944147,Lumala Mashariki,,Lumala Mashariki,,,Mwanza,vacant,Ilemela,,Ilemela,32.9193493,-2.4734034
mwanza_businesses.1779,1779,1779,8536944150,,,Lumala Mashariki,,,Mwanza,convenience,Ilemela,Mo-Su 09:00-21:00,Ilemela,32.9195552,-2.4751481
mwanza_businesses.1780,1780,1780,8536943998,,,Lumala,,,Mwanza,convenience,Ilemela,Mo-Fr 08:00-18:00; Sa-Su 08:00-15:00,Ilemela,32.9135156,-2.4734297
mwanza_businesses.1781,1781,1781,8536944040,,,Lumala,,,Mwanza,hairdresser,Ilemela,Mo-Fr 08:00-18:00; Sa-Su 08:00-15:00;Mo-Fr 09:00-17:00,Ilemela,32.9137606,-2.4735924
mwanza_businesses.1782,1782,1782,8536944049,,,Lumala,,,Mwanza,vacant,Ilemela,,Ilemela,32.913537,-2.4734297
mwanza_businesses.1783,1783,1783,8536944062,,,Lumala,,,Mwanza,vacant,Ilemela,,Ilemela,32.9137027,-2.4734082
mwanza_businesses.1784,1784,1784,8536944069,Saba Saba,,Sabasaba,,,Mwanza,convenience,Ilemela,,Ilemela,32.9126358,-2.4721006
mwanza_businesses.1785,1785,1785,8536944082,,,Lumala,,,Mwanza,vacant,Ilemela,,Ilemela,32.9136294,-2.4733593
mwanza_businesses.1786,1786,1786,8536944128,,,Lumala,,,Mwanza,convenience,Ilemela,Mo-Fr 08:00-18:00; Sa-Su 08:00-15:00,Ilemela,32.9138699,-2.473612
mwanza_businesses.1787,1787,1787,8536944129,,,Lumala,,,Mwanza,alcohol,Ilemela,Mo-Su 09:00-21:00,Ilemela,32.9137761,-2.473457
mwanza_businesses.1788,1788,1788,8536944139,,,Lumala,,,Mwanza,tailor,Ilemela,Mo-Fr 09:00-17:00,Ilemela,32.9135585,-2.4734083
mwanza_businesses.1789,1789,1789,8536944145,,,Lumala,,,Mwanza,tailor,Ilemela,Mo-Fr 09:00-17:00,Ilemela,32.9137516,-2.4734448
mwanza_businesses.1790,1790,1790,8536944122,Saba Saba,,Sabasaba,,,Mwanza,clothes,Ilemela,Mo-Sa 08:00-18:00,Ilemela,32.9119706,-2.4719291
mwanza_businesses.1791,1791,1791,8536943988,sabasaba to Busweru,,Lumala Mashariki,,,Mwanza,convenience,Ilemela,Mo-Sa 08:00-18:00,Ilemela,32.9161549,-2.4703213
mwanza_businesses.1792,1792,1792,8536944005,sabasaba to Busweru,,Lumala Mashariki,,,Mwanza,convenience,Ilemela,Mo-Sa 08:00-18:00,Ilemela,32.9161549,-2.4699783
mwanza_businesses.1793,1793,1793,8536944009,sabasaba to Busweru,,Lumala Mashariki,,,Mwanza,convenience,Ilemela,Mo-Sa 08:00-18:00,Ilemela,32.9161708,-2.4697225
mwanza_businesses.1794,1794,1794,8536944116,Makanisani,,Lumala Mashariki,,,Mwanza,butcher,Ilemela,Mo-Sa 08:00-18:00,Ilemela,32.9161978,-2.4696138
mwanza_businesses.1795,1795,1795,8536944021,sabasaba to Busweru,,Lumala Mashariki,,,Mwanza,convenience,Ilemela,Mo-Sa 08:00-18:00,Ilemela,32.9162407,-2.4695066
mwanza_businesses.1796,1796,1796,8536944001,sabasaba to Busweru,,Lumala Mashariki,,,Mwanza,convenience,Ilemela,Mo-Sa 08:00-18:00,Ilemela,32.9162836,-2.4694638
mwanza_businesses.1797,1797,1797,8536944026,sabasaba to Busweru,,Lumala Mashariki,,,Mwanza,convenience,Ilemela,Mo-Sa 08:00-18:00,Ilemela,32.9163416,-2.4693198
mwanza_businesses.1798,1798,1798,8536944125,sabasaba to Busweru,,Lumala Mashariki,,,Mwanza,convenience,Ilemela,Mo-Sa 08:00-18:00,Ilemela,32.9163754,-2.4693096
mwanza_businesses.1799,1799,1799,8536943992,sabasaba to Busweru,,Lumala Mashariki,,,Mwanza,convenience,Ilemela,Mo-Sa 08:00-18:00,Ilemela,32.9164444,-2.4692234
mwanza_businesses.1800,1800,1800,8536743349,,,Butuja,,,Mwanza,convenience,Ilemela,Mo-Sa 08:00-18:00,Ilemela,32.9115796,-2.4681034
mwanza_businesses.1801,1801,1801,8536736906,,,Sabasaba,,,Mwanza,convenience,Ilemela,Mo-Sa 09:00-20:00,Ilemela,32.9152893,-2.4674244
mwanza_businesses.1802,1802,1802,8536756776,,,,,,Mwanza,furniture,Ilemela,Mo-Fr 09:00-17:00,Ilemela,32.9150838,-2.4673639
mwanza_businesses.1803,1803,1803,8536754356,,,Sabasaba,,,Mwanza,convenience,Ilemela,Mo-Fr 09:00-17:00,Ilemela,32.914754,-2.4673392
mwanza_businesses.1804,1804,1804,8536751129,,,Sabasaba,,,Mwanza,furniture,Ilemela,Mo-Fr 09:00-17:00,Ilemela,32.9158159,-2.46732
mwanza_businesses.1805,1805,1805,8536944135,pasiansi mashariki A,,Pasiansi Mashariki A,Cosmos Cars,,Mwanza,car_parts,Ilemela,Mo-Sa 08:00-18:00,Ilemela,32.9120176,-2.4718139
mwanza_businesses.1806,1806,1806,8536944138,sabasaba to Busweru,,Lumala Mashariki,,,Mwanza,convenience,Ilemela,Mo-Sa 08:00-18:00,Ilemela,32.9163265,-2.469378
mwanza_businesses.1807,1807,1807,8536944144,pasiansi mashariki A,,Pasiansi Mashariki A,,,Mwanza,convenience,Ilemela,Mo-Sa 09:00-17:00,Ilemela,32.9116067,-2.4719942
mwanza_businesses.1808,1808,1808,8536732565,,,Sabasaba,,,Mwanza,convenience,Ilemela,Mo-Fr 08:00-18:00; Sa-Su 08:00-15:00;Mo-Fr 09:00-17:00,Ilemela,32.9156694,-2.4671298
mwanza_businesses.1809,1809,1809,8536753023,,,Sabasaba,,,Mwanza,convenience,Ilemela,Mo-Su 09:00-21:00,Ilemela,32.9146227,-2.4670392
mwanza_businesses.1810,1810,1810,4426163189,,,,Sahara Media group,,Mwanza,electronics,Ilemela,,Ilemela,32.9117324,-2.4669941
mwanza_businesses.1811,1811,1811,8536746304,,,Sabasaba,,,Mwanza,convenience,Ilemela,Mo-Fr 09:00-17:00,Ilemela,32.9141238,-2.4669732
mwanza_businesses.1812,1812,1812,8536756746,,,Sabasaba,,,Mwanza,kiosk,Ilemela,Mo-Su 09:00-21:00,Ilemela,32.9142785,-2.4669644
mwanza_businesses.1813,1813,1813,8536738419,,,Sabasaba,,,Mwanza,convenience,Ilemela,Mo-Su 09:00-21:00,Ilemela,32.9141059,-2.4667834
mwanza_businesses.1814,1814,1814,8536740594,,,Sabasaba,Mbao Hair Cut,,Mwanza,hairdresser,Ilemela,Mo-Su 09:00-21:00,Ilemela,32.9140596,-2.4667767
mwanza_businesses.1815,1815,1815,8536733590,,,Sabasaba,,,Mwanza,beverages,Ilemela,Mo-Fr 09:00-17:00,Ilemela,32.9130887,-2.4665487
mwanza_businesses.1816,1816,1816,8536751812,,,Sabasaba,,,Mwanza,paint,Ilemela,Mo-Fr 09:00-17:00,Ilemela,32.9149813,-2.4664277
mwanza_businesses.1817,1817,1817,8536725154,,,Sabasaba,,,Mwanza,furniture,Ilemela,,Ilemela,32.9134512,-2.4663982
mwanza_businesses.1818,1818,1818,8536731655,,,Sabasaba,,,Mwanza,furniture,Ilemela,Mo-Fr 09:00-17:00,Ilemela,32.913713,-2.4663879
mwanza_businesses.1819,1819,1819,8536752260,,,Sabasaba,Furniture Example Bed,,Mwanza,furniture,Ilemela,Mo-Fr 09:00-17:00,Ilemela,32.9133224,-2.4663767
mwanza_businesses.1820,1820,1820,8536732117,,,Sabasaba,,,Mwanza,furniture,Ilemela,Mo-Fr 09:00-17:00,Ilemela,32.9145628,-2.4662997
mwanza_businesses.1821,1821,1821,8536756892,,,Sabasaba,,,Mwanza,furniture,Ilemela,Mo-Fr 09:00-17:00,Ilemela,32.9134727,-2.4662052
mwanza_businesses.1822,1822,1822,8536751288,,,Sabasaba,,,Mwanza,furniture,Ilemela,Mo-Fr 09:00-17:00,Ilemela,32.9147814,-2.4661861
mwanza_businesses.1823,1823,1823,8536733559,,,Sabasaba,,,Mwanza,furniture,Ilemela,Mo-Fr 09:00-17:00,Ilemela,32.9135585,-2.4661623
mwanza_businesses.1824,1824,1824,8536741318,,,Sabasaba,,,Mwanza,furniture,Ilemela,Mo-Fr 09:00-17:00,Ilemela,32.9144193,-2.4659578
mwanza_businesses.1825,1825,1825,8536756109,,,Sabasaba,,,Mwanza,furniture,Ilemela,Mo-Fr 09:00-17:00,Ilemela,32.9134093,-2.4659151
mwanza_businesses.1826,1826,1826,8536733010,,,Sabasaba,,,Mwanza,furniture,Ilemela,Mo-Fr 09:00-17:00,Ilemela,32.9135361,-2.4657768
mwanza_businesses.1827,1827,1827,8536734639,,,Balyehele,,,Mwanza,convenience,Ilemela,Mo-Sa 08:00-18:00,Ilemela,32.9121208,-2.4583804
mwanza_businesses.1828,1828,1828,8536734492,,,Balyehele,,,Mwanza,convenience,Ilemela,Mo-Sa 08:00-18:00,Ilemela,32.9121423,-2.4583804
mwanza_businesses.1829,1829,1829,5735896021,,,,Stripes Tour & Safari,,Mwanza,travel_agency,Ilemela,,Ilemela,32.9141248,-2.4583506
mwanza_businesses.1830,1830,1830,8536737738,,,Bukengwa,,,Mwanza,beverages,Ilemela,Mo-Sa 08:00-18:00,Ilemela,32.9157043,-2.4583161
mwanza_businesses.1831,1831,1831,8536737158,,,Bukengwa,,,Mwanza,vacant,Ilemela,Mo-Sa 09:00-20:00,Ilemela,32.9157257,-2.4582946
mwanza_businesses.1832,1832,1832,8536740732,,,Bukengwa,,,Mwanza,convenience,Ilemela,Mo-Sa 08:00-18:00,Ilemela,32.9156903,-2.4582939
mwanza_businesses.1833,1833,1833,8536747833,,,Bukengwa,,,Mwanza,convenience,Ilemela,Mo-Su 09:00-21:00,Ilemela,32.9157364,-2.458236
mwanza_businesses.1834,1834,1834,8536735530,,,Bukengwa,,,Mwanza,convenience,Ilemela,Mo-Sa 08:00-18:00,Ilemela,32.9157686,-2.4582089
mwanza_businesses.1835,1835,1835,8536734835,,,Balyehele,,,Mwanza,butcher,Ilemela,Mo-Sa 08:00-18:00,Ilemela,32.9117775,-2.4581017
mwanza_businesses.1836,1836,1836,8536732519,,,,,,Mwanza,gas,Ilemela,Mo-Sa 08:00-18:00,Ilemela,32.9117346,-2.4580803
mwanza_businesses.1837,1837,1837,8536754627,,,Balyehele,,,Mwanza,convenience,Ilemela,Mo-Sa 08:00-18:00,Ilemela,32.9117131,-2.4580374
mwanza_businesses.1838,1838,1838,8536755349,,,Balyehele,,,Mwanza,shoes,Ilemela,Mo-Sa 08:00-18:00,Ilemela,32.9116273,-2.4579731
mwanza_businesses.1839,1839,1839,8536733916,,,Balyehele,,,Mwanza,convenience,Ilemela,Mo-Su 09:00-21:00,Ilemela,32.9121637,-2.4578016
mwanza_businesses.1840,1840,1840,8536737436,,,Ilemela,,,Mwanza,video,Ilemela,Mo-Fr 08:00-18:00; Sa-Su 08:00-15:00,Ilemela,32.9122066,-2.4562152
mwanza_businesses.1841,1841,1841,8536744714,,,Mwambani,,,Mwanza,tailor,Ilemela,Mo-Sa 08:00-18:00,Ilemela,32.9120846,-2.4538331
mwanza_businesses.1842,1842,1842,8536747409,,,Ilemela,,,Mwanza,convenience,Ilemela,Mo-Su 09:00-21:00,Ilemela,32.9118633,-2.4563224
mwanza_businesses.1843,1843,1843,8536753916,,,Balyehele,,,Mwanza,gas,Ilemela,Mo-Sa 08:00-18:00,Ilemela,32.913065,-2.4594523
mwanza_businesses.1844,1844,1844,8536755200,,,Sabasaba,,,Mwanza,convenience,Ilemela,Mo-Fr 09:00-17:00,Ilemela,32.9131265,-2.465826
mwanza_businesses.1845,1845,1845,8536755066,,,Balyehele,,,Mwanza,convenience,Ilemela,Mo-Su 09:00-21:00,Ilemela,32.9127632,-2.4588986
mwanza_businesses.1846,1846,1846,8536754630,,,Mwambani,,,Mwanza,vacant,Ilemela,,Ilemela,32.9127924,-2.4531176
mwanza_businesses.1847,1847,1847,8536754180,,,Balyehele,,,Mwanza,gas,Ilemela,Mo-Sa 08:00-18:00,Ilemela,32.9120994,-2.4583804
mwanza_businesses.1848,1848,1848,8536740296,,,Balyehele,,,Mwanza,convenience,Ilemela,Mo-Fr 08:00-18:00; Sa-Su 08:00-15:00,Ilemela,32.9124427,-2.4586162
mwanza_businesses.1849,1849,1849,8536740173,,,Balyehele,J&B Shop,,Mwanza,convenience,Ilemela,Mo-Su 09:00-21:00,Ilemela,32.9122925,-2.4582732
mwanza_businesses.1850,1850,1850,8536740394,,,Balyehele,,,Mwanza,convenience,Ilemela,Mo-Sa 08:00-18:00,Ilemela,32.911799,-2.4570727
mwanza_businesses.1851,1851,1851,8536741312,,,Ilemela,,,Mwanza,convenience,Ilemela,Mo-Su 09:00-21:00,Ilemela,32.9118419,-2.4547574
mwanza_businesses.1852,1852,1852,8536741056,,,Mwambani,,,Mwanza,vacant,Ilemela,,Ilemela,32.9127924,-2.4531458
mwanza_businesses.1853,1853,1853,8536740746,,,Nyagunguru,,,Mwanza,convenience,Ilemela,Mo-Fr 08:00-18:00; Sa-Su 08:00-15:00,Ilemela,32.9124533,-2.447099
mwanza_businesses.1854,1854,1854,8536737401,,,Nyagunguru,,,Mwanza,convenience,Ilemela,Mo-Fr 08:00-18:00; Sa-Su 08:00-15:00,Ilemela,32.9125593,-2.4463882
mwanza_businesses.1855,1855,1855,8536742915,Sokoni,,Mwambani,,,Mwanza,vacant,Ilemela,,Ilemela,32.9121637,-2.4535997
mwanza_businesses.1856,1856,1856,8536743266,,,Ilemela,,,Mwanza,convenience,Ilemela,Mo-Fr 08:00-18:00; Sa-Su 08:00-15:00,Ilemela,32.911799,-2.4563224
mwanza_businesses.1857,1857,1857,8536743345,,,Mwambani,,,Mwanza,stationery,Ilemela,Mo-Sa 08:00-18:00,Ilemela,32.9122281,-2.4537284
mwanza_businesses.1858,1858,1858,8536743346,,,Mwambani,,,Mwanza,vacant,Ilemela,,Ilemela,32.9127642,-2.4531176
mwanza_businesses.1859,1859,1859,8536744283,,,Ilemela,,,Mwanza,convenience,Ilemela,Mo-Su 09:00-21:00,Ilemela,32.9118241,-2.4563138
mwanza_businesses.1860,1860,1860,8536745086,,,Balyehele,,,Mwanza,hardware,Ilemela,Mo-Su 09:00-21:00,Ilemela,32.9122496,-2.4564724
mwanza_businesses.1861,1861,1861,8536747572,,,Mwambani,Mama Eliza,,Mwanza,tailor,Ilemela,Mo-Sa 08:00-18:00,Ilemela,32.9122496,-2.4537284
mwanza_businesses.1862,1862,1862,8536747658,,,Mwambani,,,Mwanza,convenience,Ilemela,Mo-Su 09:00-21:00,Ilemela,32.9125669,-2.4536526
mwanza_businesses.1863,1863,1863,8536747776,Sokoni,,Kahasa,,,Mwanza,convenience,Ilemela,Mo-Su 09:00-21:00,Ilemela,32.9119277,-2.4540071
mwanza_businesses.1864,1864,1864,8536749386,,,Ilemela,,,Mwanza,convenience,Ilemela,Mo-Su 09:00-21:00,Ilemela,32.9119561,-2.4553659
mwanza_businesses.1865,1865,1865,8536750284,,,Ilemela,,,Mwanza,cosmetics,Ilemela,Mo-Sa 09:00-20:00,Ilemela,32.9117775,-2.4562152
mwanza_businesses.1866,1866,1866,8536750529,,,Balyehele,,,Mwanza,convenience,Ilemela,Mo-Sa 08:00-18:00,Ilemela,32.9117775,-2.4570727
mwanza_businesses.1867,1867,1867,8536751457,,,Balyehele,,,Mwanza,gas,Ilemela,Mo-Sa 08:00-18:00,Ilemela,32.9131203,-2.460696
mwanza_businesses.1868,1868,1868,8536752606,,,Ilemela,,,Mwanza,hairdresser,Ilemela,Mo-Fr 08:00-18:00; Sa-Su 08:00-15:00,Ilemela,32.9119424,-2.4554749
mwanza_businesses.1869,1869,1869,8536734938,,,Balyehele,,,Mwanza,convenience,Ilemela,Mo-Sa 08:00-18:00,Ilemela,32.9131004,-2.4606761
mwanza_businesses.1870,1870,1870,8536737064,,,Balyehele,,,Mwanza,furniture,Ilemela,Mo-Sa 08:00-18:00,Ilemela,32.913006,-2.4593967
mwanza_businesses.1871,1871,1871,8536739329,,,Kahasa,,,Mwanza,clothes,Ilemela,Mo-Su 09:00-21:00,Ilemela,32.913301,-2.459195
mwanza_businesses.1872,1872,1872,8536739796,,,,,,Mwanza,hairdresser,Ilemela,,Ilemela,32.9126358,-2.4587663
mwanza_businesses.1873,1873,1873,8536739447,,,Balyehele,Mlanyi Hardware,,Mwanza,hardware,Ilemela,Mo-Su 09:00-21:00,Ilemela,32.9125285,-2.458702
mwanza_businesses.1874,1874,1874,8536740047,,,Balyehele,,,Mwanza,convenience,Ilemela,Mo-Su 09:00-21:00,Ilemela,32.9121423,-2.4576515
mwanza_businesses.1875,1875,1875,8536737507,,,Balyehele,,,Mwanza,gas,Ilemela,Mo-Sa 08:00-18:00,Ilemela,32.9118204,-2.4570941
mwanza_businesses.1876,1876,1876,8536732625,,,Ilemela,,,Mwanza,butcher,Ilemela,Mo-Sa 09:00-20:00,Ilemela,32.9119277,-2.4563009
mwanza_businesses.1877,1877,1877,8536737055,,,Mwambani,,,Mwanza,beverages,Ilemela,Mo-Su 09:00-21:00,Ilemela,32.9120564,-2.4537712
mwanza_businesses.1878,1878,1878,8536732619,Sokoni,,Mwambani,,,Mwanza,kiosk,Ilemela,Mo-Fr 08:00-18:00; Sa-Su 08:00-15:00;Mo-Su 09:00-21:00,Ilemela,32.9118848,-2.4537069
mwanza_businesses.1879,1879,1879,8536741596,,,Mwambani,,,Mwanza,tailor,Ilemela,Mo-Sa 08:00-18:00,Ilemela,32.9120994,-2.4537712
mwanza_businesses.1880,1880,1880,8536742896,,,Mwambani,,,Mwanza,beverages,Ilemela,Mo-Sa 09:00-20:00,Ilemela,32.9121353,-2.4538204
mwanza_businesses.1881,1881,1881,8536743724,,,Balyehele,,,Mwanza,beverages,Ilemela,Mo-Su 09:00-21:00,Ilemela,32.9121852,-2.4579302
mwanza_businesses.1882,1882,1882,8536744138,,,Mwambani,,,Mwanza,convenience,Ilemela,Mo-Sa 09:00-20:00,Ilemela,32.9121208,-2.4537712
mwanza_businesses.1883,1883,1883,8536746393,,,Balyehele,,,Mwanza,convenience,Ilemela,Mo-Sa 08:00-18:00,Ilemela,32.9120135,-2.4579302
mwanza_businesses.1884,1884,1884,8536750068,,,Nyagunguru,,,Mwanza,convenience,Ilemela,Mo-Fr 08:00-18:00; Sa-Su 08:00-15:00,Ilemela,32.9124122,-2.4465562
mwanza_businesses.1885,1885,1885,8536751632,,,Mwambani,,,Mwanza,convenience,Ilemela,Mo-Sa 09:00-20:00,Ilemela,32.9121099,-2.4538204
mwanza_businesses.1886,1886,1886,8536751968,,,Balyehele,,,Mwanza,convenience,Ilemela,Mo-Sa 08:00-18:00,Ilemela,32.913022,-2.4594523
mwanza_businesses.1887,1887,1887,8536753780,,,Mwambani,Mponeja,,Mwanza,butcher,Ilemela,Mo-Sa 08:00-18:00,Ilemela,32.9121852,-2.4537498
mwanza_businesses.1888,1888,1888,8536756681,,,Balyehele,Man Hunter Hair Cutz Saloon,,Mwanza,hairdresser,Ilemela,Mo-Sa 08:00-18:00,Ilemela,32.912035,-2.4580374
mwanza_businesses.1889,1889,1889,8536737500,Kahasa,,Kahasa,,,Mwanza,convenience,Ilemela,Mo-Sa 08:00-18:00,Ilemela,32.9166698,-2.4555077
mwanza_businesses.1890,1890,1890,8536734804,Kahasa,,Kahasa,,,Mwanza,cosmetics,Ilemela,Mo-Sa 08:00-18:00,Ilemela,32.9166913,-2.4555291
mwanza_businesses.1891,1891,1891,8536746819,,,kahasa,,,Mwanza,convenience,Ilemela,Mo-Su 09:00-21:00,Ilemela,32.9166913,-2.4558293
mwanza_businesses.1892,1892,1892,8536740120,Kahasa,,Kahasa,,,Mwanza,hairdresser,Ilemela,Mo-Sa 08:00-18:00,Ilemela,32.9169059,-2.4554434
mwanza_businesses.1893,1893,1893,8536737623,Kahasa,,Kahasa,,,Mwanza,gas,Ilemela,Mo-Sa 09:00-17:00;Mo-Sa 08:00-18:00,Ilemela,32.9169703,-2.4554005
mwanza_businesses.1894,1894,1894,8536749227,Kahasa,,Kahasa,,,Mwanza,kiosk,Ilemela,Mo-Sa 08:00-18:00,Ilemela,32.9170132,-2.4553576
mwanza_businesses.1895,1895,1895,8536737868,Kahasa,,Kahasa,,,Mwanza,convenience,Ilemela,Mo-Sa 08:00-18:00,Ilemela,32.9170775,-2.4553362
mwanza_businesses.1896,1896,1896,8536732508,,,kahasa,,,Mwanza,video,Ilemela,Mo-Su 09:00-21:00,Ilemela,32.917099,-2.4558078
mwanza_businesses.1897,1897,1897,8536739488,,,Kahasa,,,Mwanza,clothes,Ilemela,Mo-Sa 09:00-20:00,Ilemela,32.9171205,-2.456451
mwanza_businesses.1898,1898,1898,8536747401,,,kahasa,Tedy Beuty Salon,,Mwanza,hairdresser,Ilemela,Mo-Su 09:00-21:00,Ilemela,32.9171205,-2.455915
mwanza_businesses.1899,1899,1899,8536731828,,,kahasa,,,Mwanza,convenience,Ilemela,Mo-Su 09:00-21:00,Ilemela,32.9171419,-2.455915
mwanza_businesses.1900,1900,1900,8536740006,,,Kahasa,,,Mwanza,convenience,Ilemela,Mo-Su 09:00-21:00,Ilemela,32.9171634,-2.4567726
mwanza_businesses.1901,1901,1901,8536750470,,,Bukengwa,,,Mwanza,hairdresser,Ilemela,Mo-Sa 08:00-18:00,Ilemela,32.9172239,-2.457248
mwanza_businesses.1902,1902,1902,8536745077,,,Mwambani,,,Mwanza,convenience,Ilemela,Mo-Fr 08:00-18:00; Sa-Su 08:00-15:00,Ilemela,32.9174093,-2.4523877
mwanza_businesses.1903,1903,1903,8536706815,,,Mwambani,,,Mwanza,video,Ilemela,Mo-Su 09:00-21:00,Ilemela,32.9174315,-2.4523432
mwanza_businesses.1904,1904,1904,8536750258,,,Kahasa,,,Mwanza,clothes,Ilemela,Mo-Su 09:00-21:00,Ilemela,32.9175711,-2.4565582
mwanza_businesses.1905,1905,1905,8536745369,,,Kahasa,,,Mwanza,alcohol,Ilemela,Mo-Sa 08:00-18:00,Ilemela,32.9183435,-2.4542214
mwanza_businesses.1906,1906,1906,8536747890,,,Kahasa,,,Mwanza,alcohol,Ilemela,Mo-Sa 08:00-18:00,Ilemela,32.918365,-2.4542643
mwanza_businesses.1907,1907,1907,8536739122,,,Kahasa,,,Mwanza,convenience,Ilemela,Mo-Sa 08:00-18:00,Ilemela,32.918365,-2.4542
mwanza_businesses.1908,1908,1908,8536747908,,,Kahasa,,,Mwanza,hairdresser,Ilemela,Mo-Sa 08:00-18:00,Ilemela,32.9184079,-2.4543501
mwanza_businesses.1909,1909,1909,8536733392,,,Kahasa,,,Mwanza,vacant,Ilemela,,Ilemela,32.9184723,-2.4545216
mwanza_businesses.1910,1910,1910,8536733193,,,Kahasa,,,Mwanza,convenience,Ilemela,Mo-Sa 08:00-18:00,Ilemela,32.9184723,-2.4544787
mwanza_businesses.1911,1911,1911,8536724160,,,Kahasa,,,Mwanza,convenience,Ilemela,Mo-Sa 08:00-18:00,Ilemela,32.9184937,-2.454543
mwanza_businesses.1912,1912,1912,8536739823,,,Kahasa,,,Mwanza,alcohol,Ilemela,Mo-Sa 08:00-18:00,Ilemela,32.9184937,-2.4545216
mwanza_businesses.1913,1913,1913,8536738762,,,Kahasa,,,Mwanza,vacant,Ilemela,,Ilemela,32.9186869,-2.4548646
mwanza_businesses.1914,1914,1914,8536750790,,,Kahasa,,,Mwanza,vacant,Ilemela,,Ilemela,32.9186869,-2.454886
mwanza_businesses.1915,1915,1915,8536654496,,,Kahasa,,,Mwanza,vacant,Ilemela,,Ilemela,32.9187083,-2.4549074
mwanza_businesses.1916,1916,1916,8536731156,,,Bukengwa,Mkoma Shop,0672786523,Mwanza,convenience,Ilemela,Mo-Sa 08:00-18:00,Ilemela,32.9218119,-2.4576475
mwanza_businesses.1917,1917,1917,8536752551,,,kahasa,,,Mwanza,electronics,Ilemela,Mo-Su 09:00-21:00,Ilemela,32.9171205,-2.4558936
mwanza_businesses.1918,1918,1918,8536752867,,,Kahasa,,,Mwanza,convenience,Ilemela,Mo-Sa 09:00-20:00,Ilemela,32.9170662,-2.4563868
mwanza_businesses.1919,1919,1919,8536753157,,,Kahasa,,,Mwanza,vacant,Ilemela,,Ilemela,32.9187083,-2.4548646
mwanza_businesses.1920,1920,1920,8536754424,,,Kahasa,,,Mwanza,houseware,Ilemela,Mo-Sa 08:00-18:00,Ilemela,32.9174852,-2.4565367
mwanza_businesses.1921,1921,1921,8536755494,,,Kahasa,Abdul Hair Cutz Salon,,Mwanza,hairdresser,Ilemela,Mo-Su 09:00-21:00,Ilemela,32.917099,-2.4557864
mwanza_businesses.1922,1922,1922,8536755787,Kahasa,,Kahasa,,,Mwanza,wholesale,Ilemela,Mo-Sa 08:00-18:00,Ilemela,32.9166913,-2.4555077
mwanza_businesses.1923,1923,1923,8536747525,,,Nyagunguru,J.I,,Mwanza,convenience,Ilemela,Mo-Su 09:00-21:00,Ilemela,32.9059196,-2.4526136
mwanza_businesses.1924,1924,1924,8536746769,,,Nyagunguru,,,Mwanza,convenience,Ilemela,Mo-Su 09:00-21:00,Ilemela,32.9069924,-2.4526136
mwanza_businesses.1925,1925,1925,8536744420,,,Nyagunguru,,,Mwanza,convenience,Ilemela,Mo-Su 09:00-21:00,Ilemela,32.9073358,-2.4527422
mwanza_businesses.1926,1926,1926,8536731834,,,Balyehele,,,Mwanza,wholesale,Ilemela,Mo-Fr 08:00-18:00; Sa-Su 08:00-15:00,Ilemela,32.9106188,-2.4555291
mwanza_businesses.1927,1927,1927,8536747328,,,Nyagunguru,,,Mwanza,convenience,Ilemela,Mo-Sa 09:00-20:00,Ilemela,32.9106188,-2.4504912
mwanza_businesses.1928,1928,1928,8536739243,,,Ilemela,,,Mwanza,convenience,Ilemela,Mo-Sa 09:00-20:00;Mo-Sa 08:00-18:00,Ilemela,32.9107606,-2.4510443
mwanza_businesses.1929,1929,1929,8536751568,,,Nyagunguru,,,Mwanza,greengrocer,Ilemela,,Ilemela,32.910769,-2.4515202
mwanza_businesses.1930,1930,1930,8536737479,,,Mwambani,,,Mwanza,beverages,Ilemela,Mo-Sa 08:00-18:00,Ilemela,32.9109621,-2.4508771
mwanza_businesses.1931,1931,1931,8536751811,,,Balyehele,,,Mwanza,convenience,Ilemela,Mo-Sa 08:00-18:00,Ilemela,32.9113758,-2.4557864
mwanza_businesses.1932,1932,1932,8536744940,,,Balyehele,,,Mwanza,convenience,Ilemela,Mo-Sa 08:00-18:00,Ilemela,32.91152,-2.4561294
mwanza_businesses.1933,1933,1933,8536744739,,,Balyehele,,,Mwanza,convenience,Ilemela,Mo-Sa 08:00-18:00,Ilemela,32.9115456,-2.4562991
mwanza_businesses.1934,1934,1934,8536735196,,,Ilemela,,,Mwanza,electronics,Ilemela,Mo-Fr 08:00-18:00; Sa-Su 08:00-15:00,Ilemela,32.9118633,-2.4547788
mwanza_businesses.1935,1935,1935,8536735935,,,Ilemela,,,Mwanza,tailor,Ilemela,Mo-Su 09:00-21:00,Ilemela,32.9118848,-2.4563224
mwanza_businesses.1936,1936,1936,8536733668,,,Balyehele,,,Mwanza,convenience,Ilemela,Mo-Su 09:00-21:00,Ilemela,32.912035,-2.457137
mwanza_businesses.1937,1937,1937,8536734913,,,Balyehele,,,Mwanza,convenience,Ilemela,Mo-Su 09:00-21:00;Mo-Fr 09:00-17:00,Ilemela,32.9121423,-2.4564724
mwanza_businesses.1938,1938,1938,8536726703,,,Ilemela,,,Mwanza,video,Ilemela,Mo-Sa 09:00-20:00,Ilemela,32.9122066,-2.4562366
mwanza_businesses.1939,1939,1939,8536749395,,,Mwambani,,,Mwanza,beauty,Ilemela,Mo-Sa 09:00-20:00,Ilemela,32.9142237,-2.4536212
mwanza_businesses.1940,1940,1940,8536743745,,,Mwambani,,,Mwanza,vacant,Ilemela,,Ilemela,32.9142931,-2.453854
mwanza_businesses.1941,1941,1941,8536737654,,,Kah,,,Mwanza,vacant,Ilemela,,Ilemela,32.9143235,-2.453996
mwanza_businesses.1942,1942,1942,8536742552,,,Kahasa,,,Mwanza,vacant,Ilemela,,Ilemela,32.9143235,-2.4539814
mwanza_businesses.1943,1943,1943,8536744641,,,Kahasa,,,Mwanza,vacant,Ilemela,,Ilemela,32.9143235,-2.4539668
mwanza_businesses.1944,1944,1944,8536732871,,,Kahasa,A and GC Saloon,,Mwanza,beauty,Ilemela,Mo-Sa 09:00-20:00,Ilemela,32.9143381,-2.4540106
mwanza_businesses.1945,1945,1945,8536740914,,,Kah,Fahari Shop,,Mwanza,convenience,Ilemela,Mo-Sa 09:00-20:00,Ilemela,32.9143381,-2.4540544
mwanza_businesses.1946,1946,1946,8536746915,,,Mwambani,,,Mwanza,convenience,Ilemela,Mo-Sa 08:00-18:00,Ilemela,32.9157901,-2.4499767
mwanza_businesses.1947,1947,1947,8536752014,,,Mwambani,,,Mwanza,convenience,Ilemela,Mo-Sa 08:00-18:00,Ilemela,32.9109621,-2.45092
mwanza_businesses.1948,1948,1948,8536753459,,,Nyagunguru,,,Mwanza,convenience,Ilemela,Mo-Sa 09:00-20:00,Ilemela,32.9105544,-2.4502983
mwanza_businesses.1949,1949,1949,8536753484,,,Ilemela,,,Mwanza,convenience,Ilemela,Mo-Sa 09:00-20:00;Mo-Sa 08:00-18:00,Ilemela,32.9107261,-2.4509629
mwanza_businesses.1950,1950,1950,8536753614,,,Ilemela,,,Mwanza,convenience,Ilemela,Mo-Sa 09:00-20:00,Ilemela,32.9108119,-2.4510915
mwanza_businesses.1951,1951,1951,8536736263,,,Ilemela,,,Mwanza,convenience,Ilemela,Mo-Fr 09:00-17:00,Ilemela,32.9116273,-2.4559365
mwanza_businesses.1952,1952,1952,8536740501,,,Ilemela,,,Mwanza,hairdresser,Ilemela,Mo-Su 09:00-21:00;Mo-Fr 09:00-17:00,Ilemela,32.9117346,-2.4561294
mwanza_businesses.1953,1953,1953,8536739422,,,Mwambani,,,Mwanza,jewelry,Ilemela,Mo-Sa 09:00-20:00,Ilemela,32.9134625,-2.4529859
mwanza_businesses.1954,1954,1954,8536732455,,,Mwambani,Tina Saloon,,Mwanza,beauty,Ilemela,Mo-Sa 09:00-20:00,Ilemela,32.9134625,-2.4529422
mwanza_businesses.1955,1955,1955,8536748138,,,Mwambani,Zaidi Shop,,Mwanza,convenience,Ilemela,Mo-Su 09:00-21:00,Ilemela,32.9134771,-2.4529713
mwanza_businesses.1956,1956,1956,8536755697,,,Mwambani,,,Mwanza,convenience,Ilemela,Mo-Fr 08:00-18:00; Sa-Su 08:00-15:00,Ilemela,32.9160252,-2.4531193
mwanza_businesses.1957,1957,1957,8536755704,,,Nyagunguru,Nchabilonga Shop,,Mwanza,convenience,Ilemela,Mo-Su 09:00-21:00,Ilemela,32.9070568,-2.4526136
mwanza_businesses.1958,1958,1958,8536756178,,,Balyehele,,,Mwanza,convenience,Ilemela,Mo-Sa 08:00-18:00,Ilemela,32.9116015,-2.456313
mwanza_businesses.1959,1959,1959,8536756294,,,Mwambani,,,Mwanza,convenience,Ilemela,Mo-Su 09:00-21:00,Ilemela,32.9148459,-2.4538355
mwanza_businesses.1960,1960,1960,8520657053,,,Nundu,,,Mwanza,vacant,Ilemela,,Mecco,32.9430413,-2.532725
mwanza_businesses.1961,1961,1961,8520657033,,,Mecco kusini,JCM,,Mwanza,stationery,Ilemela,Mo-Sa 08:00-18:00,Mecco,32.9437896,-2.534404
mwanza_businesses.1962,1962,1962,8520657063,,,Nundu,,,Mwanza,clothes,Ilemela,Mo-Su 09:00-21:00,Mecco,32.9454615,-2.5328735
mwanza_businesses.1963,1963,1963,8502941017,Machinjioni,,,Moree Shop,,Mwanza,beverages,Ilemela,,Mecco,32.9471562,-2.5338851
mwanza_businesses.1964,1964,1964,8520657076,,,Majanini,,,Mwanza,bag,Ilemela,Mo-Sa 09:00-20:00,Mecco,32.9476976,-2.5336039
mwanza_businesses.1965,1965,1965,4401609291,,,,Mtesigwa Furniture,,Mwanza,furniture,Ilemela,,Mecco,32.9485677,-2.5375877
mwanza_businesses.1966,1966,1966,7182558100,,,,TFSR Cymru - SIDO,,Mwanza,workshop,Ilemela,,Mecco,32.9679681,-2.5389273
mwanza_businesses.1967,1967,1967,4553468992,,,,Simba Gin,,Mwanza,beverages,Ilemela,,Mecco,32.9686033,-2.5393679
mwanza_businesses.1968,1968,1968,8520657116,,,Nundu,,,Mwanza,beauty,Ilemela,Mo-Su 09:00-21:00,Mecco,32.944479,-2.5322963
mwanza_businesses.1969,1969,1969,8520663644,,,Majanini,Masanja Electronics,,Mwanza,electronics,Ilemela,Mo-Sa 09:00-17:00,Mecco,32.9476698,-2.533503
mwanza_businesses.1970,1970,1970,8520663682,,,Majanini,,,Mwanza,carpet,Ilemela,Mo-Sa 09:00-20:00,Mecco,32.9477205,-2.5337279
mwanza_businesses.1971,1971,1971,8520663709,,,Nundu,,,Mwanza,convenience,Ilemela,Mo-Su 09:00-21:00,Mecco,32.944479,-2.532232
mwanza_businesses.1972,1972,1972,8520663736,Nundu,,Mecco,Mama Jane Shop,,Mwanza,convenience,Ilemela,Mo-Su 09:00-21:00,Mecco,32.9473536,-2.5333895
mwanza_businesses.1973,1973,1973,8520663774,,,Majanini,,,Mwanza,carpet,Ilemela,Mo-Sa 09:00-17:00,Mecco,32.9477205,-2.5335898
mwanza_businesses.1974,1974,1974,8520663812,Nundu,,Mecco,,,Mwanza,books,Ilemela,Mo-Su 09:00-21:00,Mecco,32.9466677,-2.5331538
mwanza_businesses.1975,1975,1975,8520663865,,,Majanini,,,Mwanza,convenience,Ilemela,Mo-Sa 09:00-20:00,Mecco,32.9477707,-2.5338659
mwanza_businesses.1976,1976,1976,8520663903,Nundu,,Mecco,,,Mwanza,convenience,Ilemela,Mo-Su 09:00-21:00,Mecco,32.9464316,-2.5331109
mwanza_businesses.1977,1977,1977,8520663919,Nundu,,Mecco,Uhai Clothes Shop,,Mwanza,clothes,Ilemela,Mo-Fr 09:00-17:00,Mecco,32.9474401,-2.5331752
mwanza_businesses.1978,1978,1978,8520663994,,,Majanini,,,Mwanza,convenience,Ilemela,Mo-Sa 09:00-17:00,Mecco,32.947762,-2.532725
mwanza_businesses.1979,1979,1979,8520664050,,,,Dardy Stationary,,Mwanza,stationery,Ilemela,Mo-Su 09:00-21:00,Mecco,32.9479551,-2.5322749
mwanza_businesses.1980,1980,1980,8520664073,,,Nundu,,,Mwanza,convenience,Ilemela,Mo-Su 09:00-21:00,Mecco,32.9454872,-2.5328735
mwanza_businesses.1981,1981,1981,8520664085,,,,Eden Barber Shop,,Mwanza,hairdresser,Ilemela,Mo-Sa 09:00-20:00,Mecco,32.9477835,-2.5325321
mwanza_businesses.1982,1982,1982,8520664124,,,Mecco kusini,James Gas Supply,,Mwanza,gas,Ilemela,Mo-Sa 08:00-18:00,Mecco,32.9437923,-2.5343542
mwanza_businesses.1983,1983,1983,8520664152,,,Majanini,,,Mwanza,convenience,Ilemela,Mo-Sa 09:00-20:00,Mecco,32.9476762,-2.5333467
mwanza_businesses.1984,1984,1984,8520664170,,,,Maggy Brown,,Mwanza,clothes,Ilemela,Mo-Su 09:00-21:00,Mecco,32.9479271,-2.532297
mwanza_businesses.1985,1985,1985,8520664228,Nundu,,Mecco,,,Mwanza,convenience,Ilemela,Mo-Su 09:00-21:00,Mecco,32.9473543,-2.5331323
mwanza_businesses.1986,1986,1986,8520664281,Nundu,,Mecco,Mawinai Shop,,Mwanza,convenience,Ilemela,Mo-Su 09:00-21:00,Mecco,32.9474401,-2.5336468
mwanza_businesses.1987,1987,1987,8520664284,,,,,,Mwanza,hairdresser,Ilemela,Mo-Su 09:00-21:00;Mo-Fr 09:00-17:00,Mecco,32.947854,-2.5322605
mwanza_businesses.1988,1988,1988,8520664319,,,Majanini,,,Mwanza,car_parts,Ilemela,Mo-Sa 08:00-18:00,Mecco,32.9477835,-2.5329394
mwanza_businesses.1989,1989,1989,8520664373,,,Majanini,,,Mwanza,electronics,Ilemela,Mo-Sa 09:00-20:00,Mecco,32.9477205,-2.5338157
mwanza_businesses.1990,1990,1990,8520664383,,,Majanini,,,Mwanza,tailor,Ilemela,Mo-Sa 08:00-18:00,Mecco,32.9496202,-2.5326674
mwanza_businesses.1991,1991,1991,8520664410,,,Majanini,,,Mwanza,convenience,Ilemela,Mo-Sa 08:00-18:00,Mecco,32.9477707,-2.5327235
mwanza_businesses.1992,1992,1992,8520664436,,,Majanini,Salma Hair Dress Salon,,Mwanza,hairdresser,Ilemela,Mo-Sa 08:00-18:00,Mecco,32.9498434,-2.5326178
mwanza_businesses.1993,1993,1993,8520664451,,,Nundu,,,Mwanza,beauty,Ilemela,Mo-Su 09:00-21:00,Mecco,32.9437065,-2.5324678
mwanza_businesses.1994,1994,1994,8520663744,,,Buzuruga Mashariki,,,Mwanza,convenience,Ilemela,Mo-Sa 08:00-18:00,Mecco,32.940456,-2.5346449
mwanza_businesses.1995,1995,1995,8520664070,,,Buzuruga Mashariki,Suzana Shop,,Mwanza,convenience,Ilemela,Mo-Sa 09:00-20:00,Mecco,32.9404664,-2.53459
mwanza_businesses.1996,1996,1996,8520663835,,,Buzuruga Mashariki,,,Mwanza,clothes,Ilemela,Mo-Sa 08:00-18:00,Mecco,32.9404879,-2.5348044
mwanza_businesses.1997,1997,1997,8520664095,,,Buzuruga Mashariki,Mama Mary Shop,,Mwanza,bag,Ilemela,Mo-Sa 08:00-18:00,Mecco,32.940494,-2.5341698
mwanza_businesses.1998,1998,1998,8520663924,,,Buzuruga Mashariki,Busungu Shop,,Mwanza,clothes,Ilemela,Mo-Su 09:00-21:00,Mecco,32.9405093,-2.53459
mwanza_businesses.1999,1999,1999,8520663794,,,Buzuruga Mashariki,Exodus Stationery,,Mwanza,stationery,Ilemela,Mo-Fr 07:00-14:00,Mecco,32.9406166,-2.5348044
mwanza_businesses.2000,2000,2000,8520663637,,,Buzuruga Mashariki,,,Mwanza,clothes,Ilemela,Mo-Sa 08:00-18:00,Mecco,32.9406532,-2.5346026
mwanza_businesses.2001,2001,2001,8520663913,,,Buzuruga Mashariki,,,Mwanza,tailor,Ilemela,Mo-Sa 08:00-18:00,Mecco,32.940659,-2.5341763
mwanza_businesses.2002,2002,2002,8520664114,,,Buzuruga Mashariki,,,Mwanza,clothes,Ilemela,Mo-Sa 08:00-18:00,Mecco,32.9406595,-2.53444
mwanza_businesses.2003,2003,2003,8520657105,,,Buzuruga Mashariki,,,Mwanza,clothes,Ilemela,Mo-Sa 08:00-18:00,Mecco,32.9407239,-2.53444
mwanza_businesses.2004,2004,2004,8520664036,,,Buzuruga Mashariki,Nyehunge Express,,Mwanza,travel_agency,Ilemela,Mo-Fr 08:00-18:00; Sa-Su 08:00-15:00,Mecco,32.9407239,-2.5348258
mwanza_businesses.2005,2005,2005,8520663618,,,Buzuruga Mashariki,Nyaneko Express,,Mwanza,travel_agency,Ilemela,Mo-Fr 08:00-18:00; Sa-Su 08:00-15:00,Mecco,32.9407883,-2.5348473
mwanza_businesses.2006,2006,2006,8520663620,,,Buzuruga Mashariki,,,Mwanza,clothes,Ilemela,Mo-Sa 09:00-20:00;Mo-Sa 08:00-18:00,Mecco,32.9408312,-2.5342042
mwanza_businesses.2007,2007,2007,8520657110,,,Buzuruga Mashariki,,,Mwanza,bed,Ilemela,Mo-Sa 08:00-18:00,Mecco,32.9408965,-2.5348863
mwanza_businesses.2008,2008,2008,8520663946,Buzurugamaahariki,,Buzuruga Mashariki,Isamilo Express,,Mwanza,travel_agency,Ilemela,Mo-Fr 08:00-18:00; Sa-Su 08:00-15:00,Mecco,32.9408956,-2.5348687
mwanza_businesses.2009,2009,2009,8520663688,,,Buzuruga Mashariki,,,Mwanza,convenience,Ilemela,Mo-Sa 09:00-20:00,Mecco,32.9409385,-2.5347829
mwanza_businesses.2010,2010,2010,8520664119,,,Buzuruga Mashariki,Hanscna Arts,,Mwanza,art,Ilemela,Mo-Sa 08:00-18:00,Mecco,32.9409385,-2.5345686
mwanza_businesses.2011,2011,2011,8520657038,,,Buzuruga Mashariki,Wasafi Shop,,Mwanza,convenience,Ilemela,Mo-Sa 08:00-18:00,Mecco,32.9409814,-2.5344828
mwanza_businesses.2012,2012,2012,8520663779,,,Buzuruga Mashariki,,,Mwanza,clothes,Ilemela,Mo-Sa 08:00-18:00,Mecco,32.9410028,-2.5350831
mwanza_businesses.2013,2013,2013,8520663854,,,Buzuruga Mashariki,Ally's Express,,Mwanza,travel_agency,Ilemela,Mo-Fr 08:00-18:00; Sa-Su 08:00-15:00,Mecco,32.9410243,-2.5349759
mwanza_businesses.2014,2014,2014,8520664014,,,Buzuruga Mashariki,,,Mwanza,clothes,Ilemela,Mo-Sa 08:00-18:00,Mecco,32.9410243,-2.5350402
mwanza_businesses.2015,2015,2015,8520663751,,,Buzuruga Mashariki,,,Mwanza,convenience,Ilemela,Mo-Sa 08:00-18:00,Mecco,32.9410549,-2.534302
mwanza_businesses.2016,2016,2016,8520664129,,,Buzuruga Mashariki,Princess K Fashion,,Mwanza,clothes,Ilemela,Mo-Sa 08:00-18:00,Mecco,32.94107,-2.5342263
mwanza_businesses.2017,2017,2017,8520663721,,,Buzuruga Mashariki,,,Mwanza,convenience,Ilemela,Mo-Sa 09:00-20:00;Mo-Sa 08:00-18:00,Mecco,32.9410887,-2.5344185
mwanza_businesses.2018,2018,2018,8520664167,,,Buzuruga Mashariki,,,Mwanza,convenience,Ilemela,Mo-Sa 09:00-20:00,Mecco,32.9412405,-2.5342819
mwanza_businesses.2019,2019,2019,8520663832,,,Buzuruga Mashariki,Juma Shop,,Mwanza,convenience,Ilemela,Mo-Sa 08:00-18:00,Mecco,32.9412555,-2.5345412
mwanza_businesses.2020,2020,2020,8520663629,,,Buzuruga Mashariki,Suzana Shopping,,Mwanza,bag,Ilemela,Mo-Sa 08:00-18:00,Mecco,32.9412555,-2.534444
mwanza_businesses.2021,2021,2021,8520663986,,,Buzuruga Mashariki,Sam Stationery,,Mwanza,stationery,Ilemela,Mo-Sa 08:00-18:00,Mecco,32.9412694,-2.534333
mwanza_businesses.2022,2022,2022,8520663703,,,Buzuruga Mashariki,,,Mwanza,convenience,Ilemela,Mo-Sa 08:00-18:00,Mecco,32.9414105,-2.5348473
mwanza_businesses.2023,2023,2023,8520664004,,,Mecco Kusini,Palm Zone,,Mwanza,convenience,Ilemela,Mo-Sa 08:00-18:00,Mecco,32.9414609,-2.5342911
mwanza_businesses.2024,2024,2024,8520664211,,,Buzuruga Mashariki,,,Mwanza,beverages,Ilemela,Mo-Sa 08:00-18:00,Mecco,32.9405737,-2.5348044
mwanza_businesses.2025,2025,2025,8520664221,,,Buzuruga Mashariki,,,Mwanza,clothes,Ilemela,Mo-Sa 08:00-18:00,Mecco,32.9405771,-2.5341698
mwanza_businesses.2026,2026,2026,8520664301,,,Buzuruga Mashariki,Zuberi Express,,Mwanza,travel_agency,Ilemela,Mo-Fr 08:00-18:00; Sa-Su 08:00-15:00,Mecco,32.9406595,-2.5348258
mwanza_businesses.2027,2027,2027,8520664340,,,Buzuruga Mashariki,,,Mwanza,convenience,Ilemela,Mo-Sa 08:00-18:00,Mecco,32.9409814,-2.5348901
mwanza_businesses.2028,2028,2028,8520664362,,,Buzurugamaahariki,Kisale Express,,Mwanza,travel_agency,Ilemela,Mo-Fr 07:00-14:00;Mo-Fr 08:00-16:00,Mecco,32.9410218,-2.5351325
mwanza_businesses.2029,2029,2029,8520664421,,,Mecco Kusini,Tausi Beauty,,Mwanza,beauty,Ilemela,Mo-Sa 08:00-18:00,Mecco,32.9414609,-2.5342723
mwanza_businesses.2030,2030,2030,8520664439,,,Buzuruga Mashariki,,,Mwanza,convenience,Ilemela,Mo-Sa 08:00-18:00,Mecco,32.9407668,-2.5342042
mwanza_businesses.2031,2031,2031,8520664453,,,Buzuruga Mashariki,Ally's Express,,Mwanza,travel_agency,Ilemela,Mo-Fr 08:00-18:00; Sa-Su 08:00-15:00,Mecco,32.9409385,-2.5348687
mwanza_businesses.2032,2032,2032,8520664455,,,Buzuruga Mashariki,,,Mwanza,convenience,Ilemela,Mo-Sa 08:00-18:00,Mecco,32.9409639,-2.5342414
mwanza_businesses.2033,2033,2033,8520664289,,,Buzurugamaahariki,Zuberi Express,,Mwanza,travel_agency,Ilemela,Mo-Fr 07:00-14:00;Mo-Fr 08:00-16:00,Mecco,32.9402733,-2.5354046
mwanza_businesses.2034,2034,2034,8520664448,,,Buzurugamaahariki,,,Mwanza,convenience,Ilemela,Mo-Sa 08:00-18:00,Mecco,32.9402733,-2.5354475
mwanza_businesses.2035,2035,2035,8520663782,,,Buzurugamaahariki,,,Mwanza,shoes,Ilemela,Mo-Sa 08:00-18:00,Mecco,32.9402947,-2.535426
mwanza_businesses.2036,2036,2036,8520663873,,,Buzurugamaahariki,Batco Safaris,,Mwanza,travel_agency,Ilemela,Mo-Fr 07:00-14:00; Sa-Su 17:00-21:00,Mecco,32.9403377,-2.535426
mwanza_businesses.2037,2037,2037,8520664237,,,Buzurugamaahariki,,,Mwanza,convenience,Ilemela,Mo-Sa 08:00-18:00,Mecco,32.9403377,-2.5354689
mwanza_businesses.2038,2038,2038,8520663729,,,Buzurugamaahariki,,,Mwanza,convenience,Ilemela,Mo-Sa 08:00-18:00,Mecco,32.9403806,-2.5354689
mwanza_businesses.2039,2039,2039,8520664198,,,Buzurugamaahariki,Dar Lux Express,,Mwanza,travel_agency,Ilemela,Mo-Fr 07:00-14:00; Sa-Su 17:00-21:00,Mecco,32.9403806,-2.535426
mwanza_businesses.2040,2040,2040,8520663819,,,Buzurugamaahariki,Matty Home Appliances,,Mwanza,houseware,Ilemela,Mo-Sa 08:00-18:00,Mecco,32.940402,-2.5354689
mwanza_businesses.2041,2041,2041,8520663911,,,Buzurugamaahariki,Manchester United Booking Office,,Mwanza,travel_agency,Ilemela,Mo-Fr 07:00-14:00; Sa-Su 17:00-21:00,Mecco,32.9404235,-2.5354475
mwanza_businesses.2042,2042,2042,8520663888,,,Buzurugamaahariki,Mwana Lubricants,0763887399,Mwanza,car_parts,Ilemela,Mo-Sa 08:00-18:00,Mecco,32.9404449,-2.5354904
mwanza_businesses.2043,2043,2043,8520663759,,,Buzuruga Mashariki,,,Mwanza,clothes,Ilemela,Mo-Sa 08:00-18:00,Mecco,32.9404664,-2.5354904
mwanza_businesses.2044,2044,2044,8520664327,,,Buzurugamaahariki,Nyehunge Express,,Mwanza,travel_agency,Ilemela,Mo-Fr 07:00-14:00; Sa-Su 17:00-21:00,Mecco,32.9404664,-2.5354689
mwanza_businesses.2045,2045,2045,8520664196,,,Buzurugamaahariki,,,Mwanza,convenience,Ilemela,Mo-Sa 08:00-18:00,Mecco,32.9404879,-2.5355118
mwanza_businesses.2046,2046,2046,8520664445,,,Buzurugamaahariki,Hai Auto Parts,0764414857,Mwanza,car_parts,Ilemela,Mo-Sa 08:00-18:00,Mecco,32.9405093,-2.5354904
mwanza_businesses.2047,2047,2047,8520664028,,,Buzurugamaahariki,,,Mwanza,convenience,Ilemela,Mo-Sa 08:00-18:00,Mecco,32.9405308,-2.5355118
mwanza_businesses.2048,2048,2048,8520663870,,,Buzurugamaahariki,Tyres and Battery,,Mwanza,car_parts,Ilemela,Mo-Sa 08:00-18:00,Mecco,32.9405737,-2.5355118
mwanza_businesses.2049,2049,2049,8520664105,,,Buzurugamaahariki,,,Mwanza,convenience,Ilemela,Mo-Sa 08:00-18:00,Mecco,32.9405737,-2.5354904
mwanza_businesses.2050,2050,2050,8520664309,,,Buzurugamaahariki,Kalamu Technologies,,Mwanza,electronics,Ilemela,Mo-Fr 07:00-14:00; Sa-Su 17:00-21:00,Mecco,32.9405722,-2.5354748
mwanza_businesses.2051,2051,2051,8520663893,,,Buzurugamaahariki,Jamila Express,,Mwanza,travel_agency,Ilemela,Mo-Fr 07:00-14:00;Mo-Fr 08:00-16:00,Mecco,32.9405945,-2.5354732
mwanza_businesses.2052,2052,2052,8520664219,,,Buzurugamaahariki,Elly Express,,Mwanza,travel_agency,Ilemela,Mo-Fr 07:00-14:00; Sa-Su 17:00-21:00,Mecco,32.9406166,-2.5354904
mwanza_businesses.2053,2053,2053,8520664249,,,Buzurugamaahariki,Bolt and Nuts,,Mwanza,car_parts,Ilemela,Mo-Sa 08:00-18:00,Mecco,32.9406166,-2.5355118
mwanza_businesses.2054,2054,2054,8520657096,,,Buzurugamaahariki,,,Mwanza,convenience,Ilemela,Mo-Sa 08:00-18:00,Mecco,32.9406381,-2.5354689
mwanza_businesses.2055,2055,2055,8520664431,,,Buzurugamaahariki,,,Mwanza,car_parts,Ilemela,Mo-Sa 08:00-18:00,Mecco,32.9406595,-2.5355118
mwanza_businesses.2056,2056,2056,8520664127,,,Buzurugamaahariki,,,Mwanza,hairdresser,Ilemela,,Mecco,32.940917,-2.5356618
mwanza_businesses.2057,2057,2057,8520664157,,,Buzurugamaahariki,,,Mwanza,beverages,Ilemela,Mo-Sa 08:00-18:00,Mecco,32.940917,-2.5355975
mwanza_businesses.2058,2058,2058,8520664286,,,Buzurugamaahariki,,,Mwanza,beverages,Ilemela,Mo-Sa 08:00-18:00,Mecco,32.9409385,-2.5354475
mwanza_businesses.2059,2059,2059,8520663802,,,Buzurugamaahariki,Freedom Booking,,Mwanza,travel_agency,Ilemela,Mo-Fr 07:00-14:00;Mo-Fr 08:00-16:00,Mecco,32.9409426,-2.5355643
mwanza_businesses.2060,2060,2060,8520664145,,,Buzurugamaahariki,,,Mwanza,beverages,Ilemela,Mo-Sa 08:00-18:00,Mecco,32.940943,-2.5355061
mwanza_businesses.2061,2061,2061,8520663938,,,Buzurugamaahariki,,,Mwanza,beverages,Ilemela,Mo-Sa 08:00-18:00,Mecco,32.9409599,-2.535426
mwanza_businesses.2062,2062,2062,8520664401,,,Buzurugamaahariki,George Town Booking,,Mwanza,travel_agency,Ilemela,Mo-Fr 07:00-14:00;Mo-Fr 08:00-16:00,Mecco,32.9409599,-2.5353832
mwanza_businesses.2063,2063,2063,8520664354,,,Buzurugamaahariki,,,Mwanza,beverages,Ilemela,Mo-Sa 08:00-18:00,Mecco,32.9409814,-2.5353403
mwanza_businesses.2064,2064,2064,8520663764,,,Buzurugamaahariki,Kisale Express,,Mwanza,travel_agency,Ilemela,Mo-Fr 07:00-14:00;Mo-Fr 08:00-16:00,Mecco,32.9409864,-2.5352915
mwanza_businesses.2065,2065,2065,8520664378,,,Buzurugamaahariki,,,Mwanza,convenience,Ilemela,Mo-Sa 08:00-18:00,Mecco,32.9409909,-2.5352694
mwanza_businesses.2066,2066,2066,8520663797,,,Buzurugamaahariki,,,Mwanza,electronics,Ilemela,Mo-Sa 08:00-18:00,Mecco,32.939887,-2.5351474
mwanza_businesses.2067,2067,2067,8520663676,,,Buzuruga Mashariki,,,Mwanza,beverages,Ilemela,Mo-Sa 08:00-18:00,Mecco,32.939887,-2.5351045
mwanza_businesses.2068,2068,2068,8520663666,,,Buzuruga Mashariki,,,Mwanza,beverages,Ilemela,Mo-Sa 08:00-18:00,Mecco,32.9399085,-2.5349116
mwanza_businesses.2069,2069,2069,8520663716,,,Buzuruga Mashariki,Premier Line Express,,Mwanza,travel_agency,Ilemela,Mo-Fr 08:00-18:00; Sa-Su 08:00-15:00,Mecco,32.93993,-2.5351259
mwanza_businesses.2070,2070,2070,8520663858,,,Buzuruga Mashariki,Zakaria Air Bus,,Mwanza,travel_agency,Ilemela,Mo-Fr 07:00-14:00;Mo-Fr 08:00-16:00,Mecco,32.93993,-2.5349973
mwanza_businesses.2071,2071,2071,8520664108,,,Buzuruga Mashariki,Premier Betting,,Mwanza,bookmaker,Ilemela,Mo-Fr 08:00-18:00; Sa-Su 08:00-15:00,Mecco,32.93993,-2.5347401
mwanza_businesses.2072,2072,2072,8520663941,,,Buzuruga Mashariki,,,Mwanza,convenience,Ilemela,Mo-Sa 08:00-18:00,Mecco,32.93993,-2.5348258
mwanza_businesses.2073,2073,2073,8520664031,,,Buzuruga Mashariki,,,Mwanza,electronics,Ilemela,Mo-Sa 08:00-18:00,Mecco,32.93993,-2.5348687
mwanza_businesses.2074,2074,2074,8520663848,,,Buzuruga Mashariki,,,Mwanza,convenience,Ilemela,Mo-Sa 08:00-18:00,Mecco,32.9399514,-2.534933
mwanza_businesses.2075,2075,2075,8520663768,,,Buzuruga Mashariki,,,Mwanza,beverages,Ilemela,Mo-Sa 08:00-18:00,Mecco,32.9399514,-2.5350187
mwanza_businesses.2076,2076,2076,8520657113,,,Buzuruga Mashariki,,,Mwanza,convenience,Ilemela,Mo-Sa 08:00-18:00,Mecco,32.9399514,-2.5349116
mwanza_businesses.2077,2077,2077,8520663706,,,Buzuruga Mashariki,,,Mwanza,cosmetics,Ilemela,Mo-Sa 08:00-18:00,Mecco,32.9399514,-2.5348687
mwanza_businesses.2078,2078,2078,8520657061,,,Buzuruga Mashariki,,,Mwanza,greengrocer,Ilemela,Mo-Sa 08:00-18:00,Mecco,32.940026,-2.5345405
mwanza_businesses.2079,2079,2079,8520663979,,,Buzuruga Mashariki,,,Mwanza,clothes,Ilemela,Mo-Sa 08:00-18:00,Mecco,32.9400802,-2.5347401
mwanza_businesses.2080,2080,2080,8520664160,,,Buzuruga Mashariki,,,Mwanza,houseware,Ilemela,Mo-Sa 08:00-18:00,Mecco,32.9400857,-2.5344808
mwanza_businesses.2081,2081,2081,8520663691,,,Buzuruga Mashariki,Isamilo Express,,Mwanza,travel_agency,Ilemela,Mo-Fr 08:00-18:00; Sa-Su 08:00-15:00,Mecco,32.9401231,-2.5347615
mwanza_businesses.2082,2082,2082,8520663860,,,Buzuruga Mashariki,,,Mwanza,clothes,Ilemela,Mo-Sa 08:00-18:00,Mecco,32.9401255,-2.534441
mwanza_businesses.2083,2083,2083,8520663990,,,Buzuruga Mashariki,Johannes Shop,,Mwanza,bag,Ilemela,Mo-Sa 08:00-18:00,Mecco,32.9401653,-2.5344012
mwanza_businesses.2084,2084,2084,8520664009,,,Buzuruga Mashariki,,,Mwanza,clothes,Ilemela,Mo-Sa 08:00-18:00,Mecco,32.9401875,-2.5347615
mwanza_businesses.2085,2085,2085,8520664016,,,Buzuruga Mashariki,,,Mwanza,convenience,Ilemela,Mo-Sa 08:00-18:00,Mecco,32.9402304,-2.5347615
mwanza_businesses.2086,2086,2086,8520663651,,,Buzuruga Mashariki,,,Mwanza,convenience,Ilemela,Mo-Sa 08:00-18:00,Mecco,32.9402733,-2.5347615
mwanza_businesses.2087,2087,2087,8520657099,,,Buzuruga Mashariki,Johanvia Express,,Mwanza,travel_agency,Ilemela,Mo-Fr 08:00-18:00; Sa-Su 08:00-15:00,Mecco,32.9403162,-2.5347829
mwanza_businesses.2088,2088,2088,8520664184,,,Buzuruga Mashariki,,,Mwanza,bakery,Ilemela,Mo-Sa 08:00-18:00,Mecco,32.9399085,-2.5350187
mwanza_businesses.2089,2089,2089,8520664224,,,Buzurugamashariki,,,Mwanza,convenience,Ilemela,Mo-Sa 08:00-18:00,Mecco,32.93993,-2.5351688
mwanza_businesses.2090,2090,2090,8520664252,,,Buzuruga Mashariki,,,Mwanza,cosmetics,Ilemela,Mo-Sa 08:00-18:00,Mecco,32.940166,-2.5347615
mwanza_businesses.2091,2091,2091,8520664266,,,Buzuruga Mashariki,,,Mwanza,bed,Ilemela,Mo-Sa 08:00-18:00,Mecco,32.9399085,-2.5349544
mwanza_businesses.2092,2092,2092,8520664275,,,Buzuruga Mashariki,,,Mwanza,convenience,Ilemela,Mo-Sa 08:00-18:00,Mecco,32.9399514,-2.5349544
mwanza_businesses.2093,2093,2093,8520664304,,,Buzuruga Mashariki,,,Mwanza,convenience,Ilemela,Mo-Sa 08:00-18:00,Mecco,32.9399514,-2.5349759
mwanza_businesses.2094,2094,2094,8520664343,,,Buzuruga Mashariki,,,Mwanza,shoes,Ilemela,Mo-Sa 08:00-18:00,Mecco,32.9399605,-2.5348184
mwanza_businesses.2095,2095,2095,8520664357,,,Buzuruga Mashariki,Hussein Hardware,,Mwanza,hardware,Ilemela,Mo-Sa 08:00-18:00,Mecco,32.9399085,-2.5350616
mwanza_businesses.2096,2096,2096,8520664434,,,Buzuruga Mashariki,,,Mwanza,beverages,Ilemela,Mo-Sa 08:00-18:00,Mecco,32.93993,-2.5347829
mwanza_businesses.2097,2097,2097,8520663770,,,Buzuruga Mashariki,,,Mwanza,houseware,Ilemela,Mo-Sa 08:00-18:00,Mecco,32.9402654,-2.5341283
mwanza_businesses.2098,2098,2098,8520657072,,,Buzuruga Mashariki,,,Mwanza,beauty,Ilemela,Mo-Sa 08:00-18:00,Mecco,32.9403693,-2.5341283
mwanza_businesses.2099,2099,2099,8520664277,,,Buzuruga Mashariki,,,Mwanza,convenience,Ilemela,Mo-Sa 08:00-18:00,Mecco,32.940145,-2.5341202
mwanza_businesses.2100,2100,2100,8520664407,,,Buzuruga Mashariki,,,Mwanza,beverages,Ilemela,Mo-Sa 08:00-18:00,Mecco,32.940054,-2.5341202
mwanza_businesses.2101,2101,2101,8520657086,,,Buzuruga Mashariki,Rising Salon,,Mwanza,hairdresser,Ilemela,,Mecco,32.9406302,-2.5339687
mwanza_businesses.2102,2102,2102,8520664315,,,Buzuruga Mashariki,,,Mwanza,clothes,Ilemela,Mo-Sa 09:00-20:00,Mecco,32.9404786,-2.5339536
mwanza_businesses.2103,2103,2103,8520664311,,,Buzuruga Mashariki,,,Mwanza,hairdresser,Ilemela,Mo-Sa 09:00-20:00,Mecco,32.9405392,-2.5339536
mwanza_businesses.2104,2104,2104,8520664057,,,Buzuruga Mashariki,Basanewa Secretarial Services,,Mwanza,copyshop,Ilemela,Mo-Sa 09:00-20:00,Mecco,32.9404179,-2.5339384
mwanza_businesses.2105,2105,2105,8520663951,,,Buzuruga Mashariki,Jamaica fashion,,Mwanza,beauty,Ilemela,Mo-Sa 08:00-18:00,Mecco,32.9401696,-2.5335912
mwanza_businesses.2106,2106,2106,8520663731,,,Buzuruga Mashariki,RM Computer Stationery,,Mwanza,stationery,Ilemela,Mo-Sa 08:00-18:00,Mecco,32.9400999,-2.5335896
mwanza_businesses.2107,2107,2107,8520663899,,,Buzuruga Mashariki,Ellie Gas supply,,Mwanza,gas,Ilemela,Mo-Sa 08:00-18:00,Mecco,32.9401249,-2.5334493
mwanza_businesses.2108,2108,2108,8520663808,,,Buzuruga Mashariki,Challie shop,,Mwanza,beauty,Ilemela,Mo-Sa 08:00-18:00,Mecco,32.9401167,-2.5333559
mwanza_businesses.2109,2109,2109,8520663784,,,Majanini,,,Mwanza,butcher,Ilemela,Mo-Sa 08:00-18:00,Mecco,32.9490924,-2.5319104
mwanza_businesses.2110,2110,2110,8520663875,,,Majanini,,,Mwanza,convenience,Ilemela,Mo-Sa 09:00-20:00,Mecco,32.9491568,-2.5319104
mwanza_businesses.2111,2111,2111,8520663746,,,Mecco Mashariki,,,Mwanza,hairdresser,Ilemela,Mo-Sa 08:00-18:00,Mecco,32.9497399,-2.5318023
mwanza_businesses.2112,2112,2112,8520663929,,,Mecco Mashariki,,,Mwanza,convenience,Ilemela,Mo-Sa 08:00-18:00,Mecco,32.9497618,-2.5318023
mwanza_businesses.2113,2113,2113,8520657101,,,Mecco Mashariki,,,Mwanza,convenience,Ilemela,Mo-Sa 08:00-18:00,Mecco,32.9497837,-2.531801
mwanza_businesses.2114,2114,2114,8520663837,,,Mecco Mashariki,,,Mwanza,convenience,Ilemela,Mo-Sa 08:00-18:00,Mecco,32.9498685,-2.5318078
mwanza_businesses.2115,2115,2115,8520663844,,,Mecco Mashariki,,,Mwanza,hairdresser,Ilemela,Mo-Sa 08:00-18:00,Mecco,32.9498986,-2.531816
mwanza_businesses.2116,2116,2116,8520663936,,,Mecco Mashariki,,,Mwanza,vacant,Ilemela,,Mecco,32.9500368,-2.5318023
mwanza_businesses.2117,2117,2117,8520663830,,,,Anna Vipodozi,,Mwanza,beauty,Ilemela,Mo-Sa 09:00-20:00,Mecco,32.9501076,-2.532084
mwanza_businesses.2118,2118,2118,8520663791,,,,,,Mwanza,convenience,Ilemela,Mo-Sa 09:00-20:00,Mecco,32.9503283,-2.5319901
mwanza_businesses.2119,2119,2119,8520663807,,,,Bon & Pat Stationary,,Mwanza,stationery,Ilemela,Mo-Fr 08:00-18:00; Sa-Su 08:00-15:00,Mecco,32.9509297,-2.5321645
mwanza_businesses.2120,2120,2120,8520663898,,,mecco mashariki,,,Mwanza,stationery,Ilemela,Mo-Fr 08:00-18:00; Sa-Su 08:00-15:00,Mecco,32.9516342,-2.5319214
mwanza_businesses.2121,2121,2121,8520657071,,,mecco mashariki,,,Mwanza,hairdresser,Ilemela,Mo-Fr 08:00-18:00; Sa-Su 08:00-15:00,Mecco,32.9517961,-2.5319104
mwanza_businesses.2122,2122,2122,8520663988,,,,,,Mwanza,convenience,Ilemela,Mo-Su 09:00-21:00,Mecco,32.9519788,-2.5321291
mwanza_businesses.2123,2123,2123,8520663662,,,Majanini,Beauty Salon,,Mwanza,hairdresser,Ilemela,Mo-Sa 08:00-18:00,Mecco,32.9519875,-2.5321158
mwanza_businesses.2124,2124,2124,8520663701,,,,,,Mwanza,convenience,Ilemela,Mo-Su 09:00-21:00,Mecco,32.9526562,-2.5320953
mwanza_businesses.2125,2125,2125,8520664065,,,,,,Mwanza,clothes,Ilemela,Mo-Su 09:00-21:00,Mecco,32.953036,-2.5320383
mwanza_businesses.2126,2126,2126,8520663739,,,,,,Mwanza,convenience,Ilemela,Mo-Su 09:00-21:00,Mecco,32.9530738,-2.5320383
mwanza_businesses.2127,2127,2127,8520657107,,,,,,Mwanza,convenience,Ilemela,Mo-Su 09:00-21:00,Mecco,32.9534071,-2.5321424
mwanza_businesses.2128,2128,2128,8520663974,,,Majanini,,,Mwanza,convenience,Ilemela,Mo-Sa 09:00-20:00,Mecco,32.9534845,-2.5320718
mwanza_businesses.2129,2129,2129,8520664080,,,,Mabura Butcher,,Mwanza,butcher,Ilemela,Mo-Fr 09:00-17:00,Mecco,32.9530549,-2.5320383
mwanza_businesses.2130,2130,2130,8520664117,,,mecco mashariki,,,Mwanza,convenience,Ilemela,Mo-Fr 08:00-18:00; Sa-Su 08:00-15:00,Mecco,32.951839,-2.5319319
mwanza_businesses.2131,2131,2131,8520664154,,,Mecco Mashariki,,,Mwanza,vacant,Ilemela,,Mecco,32.9507454,-2.5319019
mwanza_businesses.2132,2132,2132,8520664209,,,,Phillips Hollywood Saloon,,Mwanza,hairdresser,Ilemela,Mo-Su 09:00-21:00,Mecco,32.9502938,-2.5319901
mwanza_businesses.2133,2133,2133,8520664247,,,,,,Mwanza,tailor,Ilemela,Mo-Fr 08:00-18:00; Sa-Su 08:00-15:00,Mecco,32.949965,-2.5321043
mwanza_businesses.2134,2134,2134,8520664254,,,Mecco Mashariki,,,Mwanza,beverages,Ilemela,Mo-Sa 08:00-18:00,Mecco,32.9497153,-2.5317969
mwanza_businesses.2135,2135,2135,8520664261,,,,,,Mwanza,convenience,Ilemela,Mo-Fr 08:00-18:00; Sa-Su 08:00-15:00,Mecco,32.9499584,-2.5320633
mwanza_businesses.2136,2136,2136,8520664299,,,,Bon& Pat Beakary,,Mwanza,bakery,Ilemela,Mo-Fr 08:00-18:00; Sa-Su 08:00-15:00,Mecco,32.9509082,-2.5321645
mwanza_businesses.2137,2137,2137,8520664314,,,Mecco Mashariki,,,Mwanza,clothes,Ilemela,Mo-Sa 08:00-18:00,Mecco,32.9507166,-2.5318876
mwanza_businesses.2138,2138,2138,8520664345,,,Mecco Mashariki,,,Mwanza,clothes,Ilemela,Mo-Sa 08:00-18:00,Mecco,32.9498467,-2.5318037
mwanza_businesses.2139,2139,2139,8520664376,,,,,,Mwanza,clothes,Ilemela,,Mecco,32.9478693,-2.5321248
mwanza_businesses.2140,2140,2140,8520664391,,,Nundu,,,Mwanza,furniture,Ilemela,Mo-Su 09:00-21:00,Mecco,32.9444575,-2.532039
mwanza_businesses.2141,2141,2141,8520657077,,,Buzuruga Mashariki,,,Mwanza,clothes,Ilemela,Mo-Sa 08:00-18:00,Mecco,32.9407421,-2.5318197
mwanza_businesses.2142,2142,2142,8520664443,,,,,,Mwanza,stationery,Ilemela,Mo-Fr 08:00-18:00; Sa-Su 08:00-15:00,Mecco,32.950311,-2.5319901
mwanza_businesses.2143,2143,2143,8520663950,,,Buzurugamaahariki,David Auto Spare Parts,,Mwanza,car_repair,Ilemela,Mo-Sa 08:00-18:00,Mecco,32.9398441,-2.5353617
mwanza_businesses.2144,2144,2144,8520664132,,,Buzurugamaahariki,,,Mwanza,beverages,Ilemela,Mo-Sa 08:00-18:00,Mecco,32.939887,-2.5352331
mwanza_businesses.2145,2145,2145,8520664175,,,Buzuruga Mashariki,,,Mwanza,cosmetics,Ilemela,Mo-Sa 08:00-18:00,Mecco,32.939887,-2.5353832
mwanza_businesses.2146,2146,2146,8520664041,,,Buzurugamashariki,Jamila Express,,Mwanza,travel_agency,Ilemela,Mo-Fr 07:00-14:00; Sa-Su 17:00-21:00,Mecco,32.9399085,-2.535276
mwanza_businesses.2147,2147,2147,8520657032,,,Buzurugamashariki,Super Sami,,Mwanza,travel_agency,Ilemela,Mo-Fr 07:00-14:00; Sa-Su 17:00-21:00,Mecco,32.93993,-2.5352331
mwanza_businesses.2148,2148,2148,6830052685,,,,Senrun garage,,Mwanza,car_repair,Ilemela,,Mecco,32.9400088,-2.5356211
mwanza_businesses.2149,2149,2149,8520663964,,,Buzurugamaahariki,Kiyaya Tour and Super Sami,,Mwanza,travel_agency,Ilemela,Mo-Fr 07:00-14:00;Mo-Fr 08:00-16:00,Mecco,32.9401016,-2.5354046
mwanza_businesses.2150,2150,2150,8520664213,,,Buzurugamaahariki,,,Mwanza,beverages,Ilemela,Mo-Sa 08:00-18:00,Mecco,32.9401016,-2.535426
mwanza_businesses.2151,2151,2151,8520664055,,,Buzurugamaahariki,Sabuni Express,,Mwanza,travel_agency,Ilemela,Mo-Fr 07:00-14:00; Sa-Su 17:00-21:00,Mecco,32.9401445,-2.5354046
mwanza_businesses.2152,2152,2152,8520664122,,,Buzurugamaahariki,,,Mwanza,beverages,Ilemela,Mo-Sa 08:00-18:00,Mecco,32.940166,-2.535426
mwanza_businesses.2153,2153,2153,8520657046,,,Buzurugamaahariki,Champion Express,,Mwanza,travel_agency,Ilemela,Mo-Fr 07:00-14:00; Sa-Su 17:00-21:00,Mecco,32.9401875,-2.5354046
mwanza_businesses.2154,2154,2154,8520664419,,,Buzurugamaahariki,Kirowi Motors,0713226560,Mwanza,car_parts,Ilemela,Mo-Sa 08:00-18:00,Mecco,32.9402089,-2.5354475
mwanza_businesses.2155,2155,2155,8520663878,,,Buzuruga Mashariki,,,Mwanza,cosmetics,Ilemela,Mo-Su 09:00-21:00,Mecco,32.9419899,-2.5292737
mwanza_businesses.2156,2156,2156,8520664007,,,Buzuruga Mashariki,,,Mwanza,convenience,Ilemela,Mo-Su 09:00-21:00,Mecco,32.9419899,-2.5292523
mwanza_businesses.2157,2157,2157,8520663923,,,,,,Mwanza,convenience,Ilemela,Mo-Sa 08:00-18:00,Mecco,32.9424315,-2.5269688
mwanza_businesses.2158,2158,2158,8520663755,,,,,,Mwanza,furniture,Ilemela,Mo-Sa 08:00-18:00,Mecco,32.9424315,-2.5268673
mwanza_businesses.2159,2159,2159,8520664176,Shule stand,,Buzuruga Mashariki,,,Mwanza,beauty,Ilemela,Mo-Su 09:00-21:00,Mecco,32.9407668,-2.5316103
mwanza_businesses.2160,2160,2160,8520663760,Shule stand,,Buzuruga Mashariki,,,Mwanza,convenience,Ilemela,Mo-Su 09:00-21:00,Mecco,32.9407883,-2.5316103
mwanza_businesses.2161,2161,2161,8520663904,,,Buzuruga Mashariki,,,Mwanza,motorcycle_repair,Ilemela,Mo-Fr 09:00-17:00,Mecco,32.9411441,-2.5311046
mwanza_businesses.2162,2162,2162,8520663813,,,Buzuruga Mashariki,,,Mwanza,furniture,Ilemela,Mo-Sa 09:00-20:00,Mecco,32.9415874,-2.5313043
mwanza_businesses.2163,2163,2163,8520664267,,,Buzuruga Mashariki,,,Mwanza,furniture,Ilemela,Mo-Su 09:00-21:00,Mecco,32.941668,-2.5313316
mwanza_businesses.2164,2164,2164,8520664412,,,Buzuruga Mashariki,,,Mwanza,motorcycle_repair,Ilemela,Mo-Fr 09:00-17:00,Mecco,32.9415178,-2.5313102
mwanza_businesses.2165,2165,2165,8520664420,Buzuruga Stand,,Buzuruga Mashariki,,,Mwanza,alcohol,Ilemela,Mo-Su 09:00-21:00,Mecco,32.9407024,-2.5316746
mwanza_businesses.2166,2166,2166,4404883994,,,,Wauza Furniture,,Mwanza,furniture,Ilemela,,Mecco,32.9410418,-2.531408
mwanza_businesses.2167,2167,2167,8520664003,,,Buzuruga Mashariki,Unique,,Mwanza,beauty,Ilemela,Mo-Sa 08:00-18:00,Mecco,32.940671,-2.5317841
mwanza_businesses.2168,2168,2168,8520657109,,,Malulu,,,Mwanza,convenience,Ilemela,Mo-Sa 08:00-18:00;24/7,Mecco,32.9410458,-2.521385
mwanza_businesses.2169,2169,2169,8520664210,,,Malulu,,,Mwanza,furniture,Ilemela,Mo-Sa 08:00-18:00;24/7,Mecco,32.9411316,-2.521535
mwanza_businesses.2170,2170,2170,8520664353,,,Malulu,,,Mwanza,convenience,Ilemela,Mo-Sa 09:00-20:00;24/7,Mecco,32.9417109,-2.5230999
mwanza_businesses.2171,2171,2171,8520663702,,,Malulu,,,Mwanza,convenience,Ilemela,,Mecco,32.94187,-2.5231853
mwanza_businesses.2172,2172,2172,8520664339,,,Malulu,,,Mwanza,convenience,Ilemela,24/7,Mecco,32.9419794,-2.523147
mwanza_businesses.2173,2173,2173,8520663937,,,malulu,,,Mwanza,video,Ilemela,Mo-Fr 08:00-18:00; Sa-Su 08:00-15:00,Mecco,32.9419899,-2.5233357
mwanza_businesses.2174,2174,2174,8520664300,,,Malulu,,,Mwanza,convenience,Ilemela,Mo-Sa 09:00-20:00;24/7,Mecco,32.942183,-2.5228427
mwanza_businesses.2175,2175,2175,8520663663,,,malulu,,,Mwanza,convenience,Ilemela,Mo-Fr 08:00-18:00; Sa-Su 08:00-15:00,Mecco,32.9423761,-2.5230356
mwanza_businesses.2176,2176,2176,8520663793,,,Malulu,,,Mwanza,convenience,Ilemela,Mo-Sa 09:00-20:00;Mo-Sa 08:00-18:00;24/7,Mecco,32.9423761,-2.5230142
mwanza_businesses.2177,2177,2177,8520664171,,,malulu,,,Mwanza,convenience,Ilemela,Mo-Fr 08:00-18:00; Sa-Su 08:00-15:00,Mecco,32.9425263,-2.5230356
mwanza_businesses.2178,2178,2178,8520663845,,,Malulu,,,Mwanza,convenience,Ilemela,Mo-Sa 09:00-20:00,Mecco,32.9425263,-2.5230142
mwanza_businesses.2179,2179,2179,8520664262,Malulu,,Malulu,The Kamanga's Shopping Centre,0742131340,Mwanza,convenience,Ilemela,Mo-Sa 09:00-20:00,Mecco,32.9425478,-2.5228427
mwanza_businesses.2180,2180,2180,8520664248,,,malulu,,,Mwanza,convenience,Ilemela,Mo-Fr 08:00-18:00; Sa-Su 08:00-15:00,Mecco,32.9426765,-2.5231428
mwanza_businesses.2181,2181,2181,8520663831,,,malulu,,,Mwanza,convenience,Ilemela,Mo-Fr 08:00-18:00; Sa-Su 08:00-15:00,Mecco,32.9427716,-2.5232011
mwanza_businesses.2182,2182,2182,8520657047,,,Nundu,,,Mwanza,convenience,Ilemela,Mo-Fr 08:00-18:00; Sa-Su 08:00-15:00,Mecco,32.9434699,-2.5317237
mwanza_businesses.2183,2183,2183,8520663638,,,Nundu,,,Mwanza,alcohol,Ilemela,Mo-Fr 08:00-18:00; Sa-Su 08:00-15:00,Mecco,32.9435349,-2.5317175
mwanza_businesses.2184,2184,2184,8520663769,,,Nundu,,,Mwanza,convenience,Ilemela,Mo-Su 09:00-21:00,Mecco,32.9437494,-2.5316532
mwanza_businesses.2185,2185,2185,8520664276,,,Nundu,,,Mwanza,convenience,Ilemela,Mo-Su 09:00-21:00,Mecco,32.9438353,-2.5316746
mwanza_businesses.2186,2186,2186,8520663677,,,Nundu,,,Mwanza,beauty,Ilemela,Mo-Su 09:00-21:00,Mecco,32.9438567,-2.5316746
mwanza_businesses.2187,2187,2187,8520664290,,,Nundu,,,Mwanza,convenience,Ilemela,Mo-Su 09:00-21:00,Mecco,32.9440284,-2.5319104
mwanza_businesses.2188,2188,2188,8520663881,,,Nundu,Omera Furniture,,Mwanza,furniture,Ilemela,Mo-Sa 08:00-18:00,Mecco,32.9440928,-2.5310958
mwanza_businesses.2189,2189,2189,8520664094,,,Nundu,,,Mwanza,convenience,Ilemela,Mo-Su 09:00-21:00,Mecco,32.9441571,-2.5316961
mwanza_businesses.2190,2190,2190,8520663692,,,Nundu,,,Mwanza,convenience,Ilemela,Mo-Su 09:00-21:00,Mecco,32.9441786,-2.5316961
mwanza_businesses.2191,2191,2191,8520657100,,,Nundu,,,Mwanza,hairdresser,Ilemela,Mo-Su 09:00-21:00,Mecco,32.9442215,-2.5316961
mwanza_businesses.2192,2192,2192,8520664185,,,Nundu,,,Mwanza,stationery,Ilemela,Mo-Su 09:00-21:00,Mecco,32.9442644,-2.5316961
mwanza_businesses.2193,2193,2193,8520657085,,,Nundu,,,Mwanza,beauty,Ilemela,Mo-Su 09:00-21:00,Mecco,32.9442859,-2.5316961
mwanza_businesses.2194,2194,2194,8520663967,,,Nundu,,,Mwanza,convenience,Ilemela,Mo-Fr 08:00-18:00; Sa-Su 08:00-15:00,Mecco,32.9443288,-2.5305385
mwanza_businesses.2195,2195,2195,8520657106,Nundu RC,,Mecco,,,Mwanza,convenience,Ilemela,Mo-Sa 08:00-18:00,Mecco,32.9443288,-2.5305599
mwanza_businesses.2196,2196,2196,8520664024,Nundu RC,,Mecco,Shine Girl,,Mwanza,hairdresser,Ilemela,Mo-Sa 08:00-18:00,Mecco,32.9443471,-2.5304341
mwanza_businesses.2197,2197,2197,8520663987,Nundu RC,,Mecco,Nasibu,,Mwanza,hairdresser,Ilemela,Mo-Sa 08:00-18:00,Mecco,32.9443485,-2.5303158
mwanza_businesses.2198,2198,2198,8520663699,Nundu RC,,Mecco,,,Mwanza,convenience,Ilemela,Mo-Sa 08:00-18:00,Mecco,32.9443502,-2.5304527
mwanza_businesses.2199,2199,2199,8520663783,,,Nundu,,,Mwanza,convenience,Ilemela,Mo-Su 09:00-21:00,Mecco,32.9450031,-2.531771
mwanza_businesses.2200,2200,2200,8520664115,Nundu,,Mecco,,,Mwanza,convenience,Ilemela,Mo-Sa 08:00-18:00,Mecco,32.9450798,-2.5304099
mwanza_businesses.2201,2201,2201,8520663928,,,Nundu,,,Mwanza,vacant,Ilemela,,Mecco,32.9452515,-2.5317175
mwanza_businesses.2202,2202,2202,8520664109,,,Nundu,,,Mwanza,clothes,Ilemela,Mo-Su 09:00-21:00,Mecco,32.9454021,-2.5317054
mwanza_businesses.2203,2203,2203,8520663972,,,Nundu,,,Mwanza,convenience,Ilemela,Mo-Fr 08:00-18:00; Sa-Su 08:00-15:00,Mecco,32.9461956,-2.531053
mwanza_businesses.2204,2204,2204,8520664207,Nundu,,Mecco,Wity and Win cosmetics,,Mwanza,cosmetics,Ilemela,Mo-Sa 08:00-18:00,Mecco,32.9461956,-2.5311387
mwanza_businesses.2205,2205,2205,8520663790,,,Nundu,,,Mwanza,convenience,Ilemela,Mo-Fr 08:00-18:00; Sa-Su 08:00-15:00,Mecco,32.94626,-2.5311387
mwanza_businesses.2206,2206,2206,8520663821,,,Nundu,,,Mwanza,convenience,Ilemela,Mo-Fr 08:00-18:00; Sa-Su 08:00-15:00,Mecco,32.9463243,-2.5314817
mwanza_businesses.2207,2207,2207,8520664344,,,Nundu,Wasafi Classic Barbershop,,Mwanza,hairdresser,Ilemela,Mo-Su 09:00-21:00,Mecco,32.9448834,-2.5317873
mwanza_businesses.2208,2208,2208,8520664367,,,Nundu,,,Mwanza,clothes,Ilemela,Mo-Fr 08:00-18:00; Sa-Su 08:00-15:00,Mecco,32.9461956,-2.5314817
mwanza_businesses.2209,2209,2209,8520664369,,,Nundu,Sikonge Shop,,Mwanza,furniture,Ilemela,Mo-Sa 08:00-18:00,Mecco,32.9444361,-2.530517
mwanza_businesses.2210,2210,2210,8520664382,,,Nundu,,,Mwanza,convenience,Ilemela,Mo-Su 09:00-21:00,Mecco,32.9450031,-2.5317322
mwanza_businesses.2211,2211,2211,8520664389,,,Nundu,,,Mwanza,convenience,Ilemela,Mo-Fr 08:00-18:00; Sa-Su 08:00-15:00,Mecco,32.9462814,-2.5310315
mwanza_businesses.2212,2212,2212,8520664427,,,Nundu,,,Mwanza,convenience,Ilemela,Mo-Fr 08:00-18:00; Sa-Su 08:00-15:00,Mecco,32.9462385,-2.5312459
mwanza_businesses.2213,2213,2213,8520664435,,,Nundu,,,Mwanza,clothes,Ilemela,Mo-Su 09:00-21:00,Mecco,32.945494,-2.5317054
mwanza_businesses.2214,2214,2214,8520663847,,,Nundu,,,Mwanza,convenience,Ilemela,Mo-Su 09:00-21:00,Mecco,32.9435203,-2.5297328
mwanza_businesses.2215,2215,2215,8520657054,,,Nundu,John Mahitaji ya Nyumbani,,Mwanza,convenience,Ilemela,Mo-Sa 08:00-18:00,Mecco,32.9442024,-2.529302
mwanza_businesses.2216,2216,2216,8520663876,,,Nundu,,,Mwanza,convenience,Ilemela,Mo-Fr 08:00-18:00; Sa-Su 08:00-15:00,Mecco,32.9443932,-2.5293809
mwanza_businesses.2217,2217,2217,8520657034,,,Nundu,,,Mwanza,convenience,Ilemela,Mo-Fr 08:00-18:00; Sa-Su 08:00-15:00,Mecco,32.9444146,-2.5292094
mwanza_businesses.2218,2218,2218,8520657069,,,Nundu,,,Mwanza,convenience,Ilemela,Mo-Fr 08:00-18:00; Sa-Su 08:00-15:00,Mecco,32.9445219,-2.5295095
mwanza_businesses.2219,2219,2219,8520663726,,,Nundu,,,Mwanza,convenience,Ilemela,Mo-Fr 08:00-18:00; Sa-Su 08:00-15:00,Mecco,32.9447917,-2.5259615
mwanza_businesses.2220,2220,2220,8520663694,,,Nundu,Kemugesi Photo Copy Studio,,Mwanza,copyshop,Ilemela,Mo-Su 09:00-21:00,Mecco,32.9448223,-2.5291451
mwanza_businesses.2221,2221,2221,8520663732,,,Nundu,,,Mwanza,clothes,Ilemela,Mo-Fr 08:00-18:00; Sa-Su 08:00-15:00,Mecco,32.9448223,-2.5289093
mwanza_businesses.2222,2222,2222,8520663914,,,Nundu,Baraka Butcher,,Mwanza,butcher,Ilemela,Mo-Sa 08:00-18:00,Mecco,32.9448438,-2.5287164
mwanza_businesses.2223,2223,2223,8520663810,,,Nundu,,,Mwanza,convenience,Ilemela,Mo-Su 09:00-21:00,Mecco,32.9448652,-2.5221352
mwanza_businesses.2224,2224,2224,8520663823,,,Nundu,,,Mwanza,convenience,Ilemela,Mo-Fr 08:00-18:00; Sa-Su 08:00-15:00,Mecco,32.9448652,-2.5288235
mwanza_businesses.2225,2225,2225,8520663908,,,Nundgu,,,Mwanza,convenience,Ilemela,,Mecco,32.9448867,-2.5275373
mwanza_businesses.2226,2226,2226,8520663719,,,Nundu,,,Mwanza,convenience,Ilemela,Mo-Su 09:00-21:00,Mecco,32.9449511,-2.5221138
mwanza_businesses.2227,2227,2227,8520663625,,,Nundu,,,Mwanza,convenience,Ilemela,Mo-Fr 08:00-18:00; Sa-Su 08:00-15:00,Mecco,32.944994,-2.5288235
mwanza_businesses.2228,2228,2228,8520663785,,,Nundu,,,Mwanza,vacant,Ilemela,,Mecco,32.944994,-2.5288021
mwanza_businesses.2229,2229,2229,8520663640,,,Nundu,,,Mwanza,convenience,Ilemela,Mo-Fr 08:00-18:00; Sa-Su 08:00-15:00,Mecco,32.944994,-2.5292094
mwanza_businesses.2230,2230,2230,8520663672,,,Nundu,,,Mwanza,video,Ilemela,Mo-Sa 09:00-20:00,Mecco,32.9450598,-2.5271789
mwanza_businesses.2231,2231,2231,8520663817,Nundu,,Mecco,,,Mwanza,art,Ilemela,,Mecco,32.9450583,-2.5264869
mwanza_businesses.2232,2232,2232,8520663711,,,Nundu,,,Mwanza,convenience,Ilemela,,Mecco,32.9450798,-2.5264655
mwanza_businesses.2233,2233,2233,8520657081,,,Nundu,,,Mwanza,vacant,Ilemela,,Mecco,32.945113,-2.5271789
mwanza_businesses.2234,2234,2234,8520663752,,,Nundu,,,Mwanza,vacant,Ilemela,,Mecco,32.9451227,-2.5292308
mwanza_businesses.2235,2235,2235,8520657049,,,Nundu,Chady Shady Barbers Center,,Mwanza,hairdresser,Ilemela,Mo-Fr 08:00-18:00; Sa-Su 08:00-15:00,Mecco,32.94523,-2.5290808
mwanza_businesses.2236,2236,2236,8520663952,,,Nundu,,,Mwanza,convenience,Ilemela,Mo-Fr 08:00-18:00; Sa-Su 08:00-15:00,Mecco,32.9448223,-2.5290165
mwanza_businesses.2237,2237,2237,8520663957,,,Nundu,,,Mwanza,video,Ilemela,Mo-Su 09:00-21:00,Mecco,32.9450043,-2.5285227
mwanza_businesses.2238,2238,2238,8520663999,,,Nundgu,,,Mwanza,convenience,Ilemela,,Mecco,32.9442215,-2.527473
mwanza_businesses.2239,2239,2239,8520664052,,,Nundu,,,Mwanza,hairdresser,Ilemela,Mo-Fr 08:00-18:00; Sa-Su 08:00-15:00,Mecco,32.9444952,-2.5261627
mwanza_businesses.2240,2240,2240,8520664058,,,Nundu,,,Mwanza,vacant,Ilemela,,Mecco,32.9450154,-2.5290593
mwanza_businesses.2241,2241,2241,8520664090,,,Nundu,,,Mwanza,vacant,Ilemela,Mo-Sa 09:00-20:00,Mecco,32.9451397,-2.5271789
mwanza_businesses.2242,2242,2242,8520664104,Malulu,,Malulu,Shex West Hair Cutting Saloon,,Mwanza,hairdresser,Ilemela,Mo-Sa 09:00-20:00,Mecco,32.9434705,-2.5233571
mwanza_businesses.2243,2243,2243,8520664142,,,Nundu,,,Mwanza,beauty,Ilemela,Mo-Fr 08:00-18:00; Sa-Su 08:00-15:00,Mecco,32.9445669,-2.5256431
mwanza_businesses.2244,2244,2244,8520664148,,,Nundu,,,Mwanza,hairdresser,Ilemela,Mo-Fr 08:00-18:00; Sa-Su 08:00-15:00,Mecco,32.9450093,-2.5288983
mwanza_businesses.2245,2245,2245,8520664150,,,Nundu,,,Mwanza,beauty,Ilemela,Mo-Su 09:00-21:00,Mecco,32.9450099,-2.5285013
mwanza_businesses.2246,2246,2246,8520664180,,,Nundu,,,Mwanza,vacant,Ilemela,,Mecco,32.9451663,-2.5271789
mwanza_businesses.2247,2247,2247,8520664202,,,Nundu,,,Mwanza,convenience,Ilemela,Mo-Fr 08:00-18:00; Sa-Su 08:00-15:00,Mecco,32.9448223,-2.5289522
mwanza_businesses.2248,2248,2248,8520664227,,,Nundu,,,Mwanza,vacant,Ilemela,,Mecco,32.9460314,-2.5211712
mwanza_businesses.2249,2249,2249,8520664234,,,Nundgu,,,Mwanza,convenience,Ilemela,,Mecco,32.9451442,-2.5263583
mwanza_businesses.2250,2250,2250,8520664240,,,Nundu,,,Mwanza,convenience,Ilemela,Mo-Fr 08:00-18:00; Sa-Su 08:00-15:00,Mecco,32.9448438,-2.5287592
mwanza_businesses.2251,2251,2251,8520664259,,,Nundu,,,Mwanza,convenience,Ilemela,Mo-Fr 08:00-18:00; Sa-Su 08:00-15:00,Mecco,32.9444146,-2.5292523
mwanza_businesses.2252,2252,2252,8520664292,,,,,,Mwanza,vacant,Ilemela,,Mecco,32.9444146,-2.529188
mwanza_businesses.2253,2253,2253,8520664330,,,Nundu,,,Mwanza,convenience,Ilemela,Mo-Fr 08:00-18:00; Sa-Su 08:00-15:00,Mecco,32.9444146,-2.5287807
mwanza_businesses.2254,2254,2254,8520664371,,,Nundu,,,Mwanza,furniture,Ilemela,Mo-Fr 09:00-17:00,Mecco,32.9441759,-2.5299651
mwanza_businesses.2255,2255,2255,8520664384,,,Nundu,Mama Junior Shop,,Mwanza,convenience,Ilemela,Mo-Fr 08:00-18:00; Sa-Su 08:00-15:00,Mecco,32.944994,-2.5287807
mwanza_businesses.2256,2256,2256,8520664386,,,Nundu,Abdul shop,,Mwanza,convenience,Ilemela,Mo-Sa 08:00-18:00,Mecco,32.9441843,-2.5294109
mwanza_businesses.2257,2257,2257,8520663668,,,Mecco,,,Mwanza,cosmetics,Ilemela,Mo-Su 09:00-21:00,Mecco,32.9475238,-2.5315371
mwanza_businesses.2258,2258,2258,8520663653,,,Mecco,,,Mwanza,convenience,Ilemela,Mo-Su 09:00-21:00,Mecco,32.9471827,-2.5315246
mwanza_businesses.2259,2259,2259,8520657062,,,Mecco,,,Mwanza,clothes,Ilemela,Mo-Su 09:00-21:00,Mecco,32.9472685,-2.5315246
mwanza_businesses.2260,2260,2260,8520664086,,,Mecco,,,Mwanza,convenience,Ilemela,Mo-Sa 09:00-20:00,Mecco,32.947247,-2.5315246
mwanza_businesses.2261,2261,2261,8520664071,,,Mecco,,,Mwanza,clothes,Ilemela,Mo-Su 09:00-21:00,Mecco,32.9472256,-2.5315246
mwanza_businesses.2262,2262,2262,8520663995,,,Mecco,,,Mwanza,beauty,Ilemela,Mo-Su 09:00-21:00,Mecco,32.9473606,-2.5315239
mwanza_businesses.2263,2263,2263,8520663828,,,Mecco,,,Mwanza,convenience,Ilemela,Mo-Su 09:00-21:00,Mecco,32.9475059,-2.5315193
mwanza_businesses.2264,2264,2264,8520663745,,,Mecco,,,Mwanza,cosmetics,Ilemela,Mo-Sa 08:00-18:00,Mecco,32.9476762,-2.5314603
mwanza_businesses.2265,2265,2265,8520664161,,,Mecco,,,Mwanza,alcohol,Ilemela,Mo-Su 09:00-21:00,Mecco,32.9475303,-2.5314493
mwanza_businesses.2266,2266,2266,8520664253,,,Mecco,,,Mwanza,convenience,Ilemela,Mo-Su 09:00-21:00,Mecco,32.9475043,-2.5313844
mwanza_businesses.2267,2267,2267,8520657114,,,Mecco,,,Mwanza,hardware,Ilemela,Mo-Sa 08:00-18:00,Mecco,32.9476547,-2.5313531
mwanza_businesses.2268,2268,2268,8520664215,,,Mecco,,,Mwanza,convenience,Ilemela,Mo-Su 09:00-21:00,Mecco,32.9474872,-2.5313009
mwanza_businesses.2269,2269,2269,8520663707,,,Mecco,,,Mwanza,convenience,Ilemela,Mo-Su 09:00-21:00,Mecco,32.9475186,-2.5312988
mwanza_businesses.2270,2270,2270,8520664305,,,Mecco,JB Electronics,,Mwanza,electronics,Ilemela,Mo-Sa 08:00-18:00,Mecco,32.9476762,-2.5312673
mwanza_businesses.2271,2271,2271,8520663889,,,Mecco,,,Mwanza,cosmetics,Ilemela,Mo-Su 09:00-21:00,Mecco,32.9475059,-2.5311981
mwanza_businesses.2272,2272,2272,8520664153,mecco to kahangai,,Nundu,Ether Garmenty,,Mwanza,clothes,Ilemela,Mo-Sa 08:00-18:00,Mecco,32.9469681,-2.5310315
mwanza_businesses.2273,2273,2273,8520664336,,,Mecco,,,Mwanza,butcher,Ilemela,Mo-Su 09:00-21:00,Mecco,32.9475323,-2.5310211
mwanza_businesses.2274,2274,2274,8520664245,,,Mecco,,,Mwanza,butcher,Ilemela,Mo-Su 09:00-21:00,Mecco,32.9478478,-2.5309672
mwanza_businesses.2275,2275,2275,8520663737,,,Mecco,,,Mwanza,convenience,Ilemela,Mo-Su 09:00-21:00,Mecco,32.9473114,-2.5308386
mwanza_businesses.2276,2276,2276,8520664264,,,Mecco,,,Mwanza,convenience,Ilemela,Mo-Su 09:00-21:00,Mecco,32.9478264,-2.5307743
mwanza_businesses.2277,2277,2277,8520663772,,,Mecco,,,Mwanza,cosmetics,Ilemela,Mo-Fr 09:00-17:00,Mecco,32.9479122,-2.5307528
mwanza_businesses.2278,2278,2278,8520663939,,,Mecco,,,Mwanza,convenience,Ilemela,Mo-Fr 08:00-18:00; Sa-Su 08:00-15:00,Mecco,32.9477307,-2.5307215
mwanza_businesses.2279,2279,2279,8520664189,,,Mecco,,,Mwanza,clothes,Ilemela,Mo-Su 09:00-21:00,Mecco,32.9478693,-2.53071
mwanza_businesses.2280,2280,2280,8520664397,,,Mecco,,,Mwanza,houseware,Ilemela,Mo-Sa 08:00-18:00,Mecco,32.9476822,-2.5311981
mwanza_businesses.2281,2281,2281,4400101790,,,,Meremeta Shop,,Mwanza,beauty,Ilemela,,Mecco,32.9470173,-2.5313207
mwanza_businesses.2282,2282,2282,4400101791,,,,Mai Shop,,Mwanza,clothes,Ilemela,,Mecco,32.9470404,-2.5311994
mwanza_businesses.2283,2283,2283,4400125290,,,,,,Mwanza,copyshop,Ilemela,,Mecco,32.9470238,-2.5310597
mwanza_businesses.2284,2284,2284,4400125389,,,,3 Bothers Barbershop,,Mwanza,cosmetics,Ilemela,,Mecco,32.9474243,-2.5315033
mwanza_businesses.2285,2285,2285,8520663757,,,Gedeli Kivukoni,,,Mwanza,convenience,Ilemela,Mo-Sa 09:00-20:00;Mo-Su 09:00-21:00,Mecco,32.9534184,-2.5305358
mwanza_businesses.2286,2286,2286,8520663749,,,Gedeli Kivukoni,,,Mwanza,convenience,Ilemela,Mo-Sa 08:00-18:00,Mecco,32.9560135,-2.5301323
mwanza_businesses.2287,2287,2287,8520663734,,,Gedeli kivukoni,,,Mwanza,convenience,Ilemela,Mo-Sa 08:00-18:00,Mecco,32.956624,-2.5301312
mwanza_businesses.2288,2288,2288,8520663787,,,Mecco,,,Mwanza,hardware,Ilemela,Mo-Sa 08:00-18:00,Mecco,32.9484701,-2.5297668
mwanza_businesses.2289,2289,2289,8520663657,,,Mecco Majanini,,,Mwanza,convenience,Ilemela,Mo-Sa 08:00-18:00,Mecco,32.9541135,-2.5291237
mwanza_businesses.2290,2290,2290,8520657103,,,Gedeli kivukoni,,,Mwanza,vacant,Ilemela,,Mecco,32.9556554,-2.5290002
mwanza_businesses.2291,2291,2291,8520657066,,,Mecco Majanini,,,Mwanza,convenience,Ilemela,Mo-Sa 08:00-18:00,Mecco,32.9544783,-2.5286735
mwanza_businesses.2292,2292,2292,8520663696,Mwambani,,Mwambani,,,Mwanza,hairdresser,Ilemela,Mo-Sa 09:00-20:00,Mecco,32.9491372,-2.525946
mwanza_businesses.2293,2293,2293,8520657074,,,Kang'ae,,,Mwanza,convenience,Ilemela,Mo-Sa 08:00-18:00,Mecco,32.9509592,-2.5251793
mwanza_businesses.2294,2294,2294,8520657036,,,Nundu B,,,Mwanza,convenience,Ilemela,Mo-Su 09:00-21:00,Mecco,32.9480839,-2.5169904
mwanza_businesses.2295,2295,2295,8520663825,,,Mecco Majanini,,,Mwanza,convenience,Ilemela,Mo-Sa 08:00-18:00,Mecco,32.9544139,-2.5280304
mwanza_businesses.2296,2296,2296,8520663839,,,,,,Mwanza,convenience,Ilemela,,Mecco,32.9492837,-2.5261194
mwanza_businesses.2297,2297,2297,8520663901,,,Mwambani,,,Mwanza,convenience,Ilemela,Mo-Su 09:00-21:00,Mecco,32.9506159,-2.5254365
mwanza_businesses.2298,2298,2298,8520663992,,,Agape,,,Mwanza,convenience,Ilemela,Mo-Sa 08:00-18:00,Mecco,32.9514098,-2.5300026
mwanza_businesses.2299,2299,2299,8520664021,,,Gedeli Kivukoni,,,Mwanza,vacant,Ilemela,,Mecco,32.9567286,-2.5297206
mwanza_businesses.2300,2300,2300,8520664066,,,Nundu,Baraka Shop,,Mwanza,convenience,Ilemela,Mo-Sa 08:00-18:00,Mecco,32.9474831,-2.5171404
mwanza_businesses.2301,2301,2301,8520664075,,,Mwambani,,,Mwanza,vacant,Ilemela,,Mecco,32.9503155,-2.5258867
mwanza_businesses.2302,2302,2302,8520664083,,,,,,Mwanza,convenience,Ilemela,Mo-Su 09:00-21:00,Mecco,32.9516349,-2.5279022
mwanza_businesses.2303,2303,2303,8520664112,,,Gedeli kivukoni,,,Mwanza,vacant,Ilemela,,Mecco,32.9556294,-2.5290962
mwanza_businesses.2304,2304,2304,8520664120,,,,,,Mwanza,convenience,Ilemela,Mo-Fr 08:00-18:00; Sa-Su 08:00-15:00,Mecco,32.949652,-2.5281546
mwanza_businesses.2305,2305,2305,8520664135,,,Kangae,,,Mwanza,convenience,Ilemela,Mo-Sa 09:00-20:00,Mecco,32.9504842,-2.520769
mwanza_businesses.2306,2306,2306,8520664165,,,Mwambani,,,Mwanza,vacant,Ilemela,,Mecco,32.9499507,-2.5266155
mwanza_businesses.2307,2307,2307,8520664173,,,Mecco Majanini,,,Mwanza,hairdresser,Ilemela,Mo-Sa 08:00-18:00,Mecco,32.9541135,-2.5291451
mwanza_businesses.2308,2308,2308,8520664204,,,Mecco,,,Mwanza,convenience,Ilemela,Mo-Sa 08:00-18:00,Mecco,32.9485857,-2.5296976
mwanza_businesses.2309,2309,2309,8520664242,,,,,,Mwanza,butcher,Ilemela,Mo-Fr 08:00-18:00; Sa-Su 08:00-15:00;Mo-Sa 08:00-18:00,Mecco,32.9516376,-2.5279515
mwanza_businesses.2310,2310,2310,8520664256,,,Gedeli kivukoni,,,Mwanza,vacant,Ilemela,,Mecco,32.9556294,-2.5290713
mwanza_businesses.2311,2311,2311,8520663863,,,Mecco,,,Mwanza,convenience,Ilemela,Mo-Fr 09:00-17:00,Mecco,32.9475474,-2.5304099
mwanza_businesses.2312,2312,2312,8520664317,,,Kangae,,,Mwanza,convenience,Ilemela,Mo-Sa 09:00-20:00,Mecco,32.9504871,-2.5208062
mwanza_businesses.2313,2313,2313,8520664333,,,Gedeli Kivukoni,,,Mwanza,convenience,Ilemela,Mo-Sa 08:00-18:00,Mecco,32.9572678,-2.5296167
mwanza_businesses.2314,2314,2314,8520664347,,,,,,Mwanza,convenience,Ilemela,Mo-Fr 08:00-18:00; Sa-Su 08:00-15:00,Mecco,32.9516335,-2.5278133
mwanza_businesses.2315,2315,2315,8520664392,,,Kangae,,,Mwanza,convenience,Ilemela,Mo-Sa 09:00-20:00,Mecco,32.9504228,-2.5227784
mwanza_businesses.2316,2316,2316,8520664409,,,Mwambani,Frank Shop,,Mwanza,convenience,Ilemela,Mo-Fr 08:00-18:00; Sa-Su 08:00-15:00,Mecco,32.9504013,-2.5258009
mwanza_businesses.2317,2317,2317,8520664438,,,Mecco Majanini,,,Mwanza,kiosk,Ilemela,Mo-Sa 09:00-17:00;Mo-Sa 08:00-18:00,Mecco,32.9541177,-2.5290993
mwanza_businesses.2318,2318,2318,6832439885,,,,Buchere's Butcher,,Mwanza,butcher,Ilemela,,Mecco,32.9480209,-2.5320346
mwanza_businesses.2319,2319,2319,8520657041,,,,Mayanja Hardware,,Mwanza,hardware,Ilemela,Mo-Su 09:00-21:00,Mecco,32.9478722,-2.5320194
mwanza_businesses.2320,2320,2320,8520663815,,,Majanini,,,Mwanza,convenience,Ilemela,Mo-Su 09:00-21:00,Mecco,32.9486181,-2.5320154
mwanza_businesses.2321,2321,2321,8520663777,,,,Amina Beauty Saloon,,Mwanza,beauty,Ilemela,Mo-Su 09:00-21:00,Mecco,32.9478698,-2.5320021
mwanza_businesses.2322,2322,2322,8520664232,,,Majanini,,,Mwanza,convenience,Ilemela,Mo-Su 09:00-21:00,Mecco,32.9486576,-2.532001
mwanza_businesses.2323,2323,2323,8520663632,,,,,,Mwanza,convenience,Ilemela,Mo-Su 09:00-21:00,Mecco,32.9478858,-2.5319381
mwanza_businesses.2324,2324,2324,8520664088,,,Majanini,Win Kidoti Salon,,Mwanza,hairdresser,Ilemela,Mo-Sa 09:00-20:00,Mecco,32.9481912,-2.5319104
mwanza_businesses.2325,2325,2325,8520664178,,,Majanini,Mama Lydia,,Mwanza,tailor,Ilemela,Mo-Sa 08:00-18:00,Mecco,32.9482126,-2.531889
mwanza_businesses.2326,2326,2326,8520663670,,,Majanini,,,Mwanza,stationery,Ilemela,Mo-Sa 08:00-18:00,Mecco,32.9482126,-2.5318676
mwanza_businesses.2327,2327,2327,8520663852,,,Majanini,,,Mwanza,alcohol,Ilemela,Mo-Su 09:00-21:00,Mecco,32.9484272,-2.5318461
mwanza_businesses.2328,2328,2328,8520664103,,,Majanini,,,Mwanza,convenience,Ilemela,Mo-Sa 09:00-20:00,Mecco,32.9480826,-2.5318267
mwanza_businesses.2329,2329,2329,8520663922,,,Majanini,Elko Shop,,Mwanza,convenience,Ilemela,Mo-Sa 09:00-20:00,Mecco,32.9479987,-2.5318214
mwanza_businesses.2330,2330,2330,8520664110,,,Mecco,,,Mwanza,convenience,Ilemela,Mo-Sa 08:00-18:00,Mecco,32.949028,-2.5316532
mwanza_businesses.2331,2331,2331,8520664217,,,Mecco,Vunja Bei,,Mwanza,electronics,Ilemela,Mo-Sa 08:00-18:00,Mecco,32.948792,-2.5316532
mwanza_businesses.2332,2332,2332,8520664321,,,Mecco,,,Mwanza,cosmetics,Ilemela,Mo-Sa 08:00-18:00,Mecco,32.9487062,-2.5316532
mwanza_businesses.2333,2333,2333,8520663800,,,Mecco,,,Mwanza,shoes,Ilemela,Mo-Sa 08:00-18:00,Mecco,32.9487705,-2.5316532
mwanza_businesses.2334,2334,2334,8520663693,,,Mecco,Kamwene Shop,,Mwanza,convenience,Ilemela,Mo-Sa 08:00-18:00,Mecco,32.9489422,-2.5316318
mwanza_businesses.2335,2335,2335,8520657093,,,Mecco,,,Mwanza,alcohol,Ilemela,Mo-Su 09:00-21:00,Mecco,32.9480988,-2.5316204
mwanza_businesses.2336,2336,2336,8520664269,,,Mecco,,,Mwanza,convenience,Ilemela,Mo-Fr 09:00-17:00,Mecco,32.9482556,-2.531612
mwanza_businesses.2337,2337,2337,8520663997,,,Mecco,Rs,,Mwanza,clothes,Ilemela,Mo-Sa 09:00-20:00,Mecco,32.9482341,-2.5316103
mwanza_businesses.2338,2338,2338,8520663754,,,Mecco,,,Mwanza,convenience,Ilemela,Mo-Fr 09:00-17:00,Mecco,32.9483101,-2.5316067
mwanza_businesses.2339,2339,2339,8520663761,,,Mecco,Mama Neema Shop,,Mwanza,convenience,Ilemela,Mo-Sa 09:00-20:00,Mecco,32.9483341,-2.5316067
mwanza_businesses.2340,2340,2340,8520663686,,,Mecco,,,Mwanza,copyshop,Ilemela,Mo-Su 09:00-21:00,Mecco,32.9481032,-2.5316043
mwanza_businesses.2341,2341,2341,8520657078,,,Mecco,,,Mwanza,convenience,Ilemela,Mo-Su 09:00-21:00,Mecco,32.9482116,-2.531601
mwanza_businesses.2342,2342,2342,8520663868,,,Mecco,,,Mwanza,convenience,Ilemela,Mo-Su 09:00-21:00,Mecco,32.9478764,-2.5315951
mwanza_businesses.2343,2343,2343,8520664360,,,Majanini,,,Mwanza,convenience,Ilemela,Mo-Sa 09:00-20:00,Mecco,32.9484057,-2.5318461
mwanza_businesses.2344,2344,2344,8520664414,,,Majanini,,,Mwanza,convenience,Ilemela,Mo-Sa 09:00-20:00,Mecco,32.9481066,-2.5318582
mwanza_businesses.2345,2345,2345,8520664429,,,Mecco,,,Mwanza,hardware,Ilemela,Mo-Su 09:00-21:00,Mecco,32.9480276,-2.5315704
mwanza_businesses.2346,2346,2346,8553310240,,,Nyashana,,,Mwanza,convenience,Nyamagana,Mo-Su 09:00-21:00,Isamilo,32.9169648,-2.512523
mwanza_businesses.2347,2347,2347,8553312829,,,Nyashana,,,Mwanza,vacant,Nyamagana,,Isamilo,32.9167109,-2.5106273
mwanza_businesses.2348,2348,2348,8553312917,nyashana,,Mbugani,,,Mwanza,convenience,Nyamagana,Mo-Sa 09:00-20:00,Isamilo,32.9176522,-2.5109306
mwanza_businesses.2349,2349,2349,8553312995,,,Nyashana,,,Mwanza,vacant,Nyamagana,,Isamilo,32.9166898,-2.5106273
mwanza_businesses.2350,2350,2350,8553313148,,,Nyashana,,,Mwanza,vacant,Nyamagana,,Isamilo,32.9166802,-2.5114955
mwanza_businesses.2351,2351,2351,8553313545,,,Nyashana,,,Mwanza,convenience,Nyamagana,Mo-Sa 09:00-20:00,Isamilo,32.9176804,-2.5109306
mwanza_businesses.2352,2352,2352,8553313925,,,Nyashana,,,Mwanza,vacant,Nyamagana,,Isamilo,32.9166665,-2.5114683
mwanza_businesses.2353,2353,2353,8553314859,,,Nyashana,,,Mwanza,vacant,Nyamagana,,Isamilo,32.916732,-2.5106484
mwanza_businesses.2354,2354,2354,8553315566,,,Nyashana,,,Mwanza,vacant,Nyamagana,,Isamilo,32.9166763,-2.5106068
mwanza_businesses.2355,2355,2355,8553317408,,,nyashana,,,Mwanza,vacant,Nyamagana,,Isamilo,32.9167517,-2.510685
mwanza_businesses.2356,2356,2356,8553317561,,,Nyashana,,,Mwanza,vacant,Nyamagana,,Isamilo,32.9166529,-2.511441
mwanza_businesses.2357,2357,2357,8553317571,,,Nyashana,,,Mwanza,vacant,Nyamagana,,Isamilo,32.9166392,-2.5114274
mwanza_businesses.2358,2358,2358,8553310165,,,Nyashana,,,Mwanza,convenience,Nyamagana,Mo-Sa 09:00-20:00,Isamilo,32.9183975,-2.5086502
mwanza_businesses.2359,2359,2359,8553314477,,,Nyashana,,,Mwanza,convenience,Nyamagana,Mo-Su 09:00-21:00,Isamilo,32.9191596,-2.5115428
mwanza_businesses.2360,2360,2360,8553317258,,,Nyashana,,,Mwanza,vacant,Nyamagana,,Isamilo,32.9191596,-2.5115649
mwanza_businesses.2361,2361,2361,8553310002,,,Nyanshana,,,Mwanza,convenience,Nyamagana,Mo-Su 09:00-21:00,Isamilo,32.9204249,-2.5089086
mwanza_businesses.2362,2362,2362,8553310155,,,Nyanshana,,,Mwanza,convenience,Nyamagana,24/7,Isamilo,32.9203646,-2.5104722
mwanza_businesses.2363,2363,2363,8553310557,,,Nyanshana,,,Mwanza,convenience,Nyamagana,24/7,Isamilo,32.9206546,-2.5086032
mwanza_businesses.2364,2364,2364,8553310788,,,Nyanshana,,,Mwanza,convenience,Nyamagana,24/7,Isamilo,32.920636,-2.5091068
mwanza_businesses.2365,2365,2365,8553310833,,,Nyashana,,,Mwanza,clothes,Nyamagana,,Isamilo,32.9206395,-2.510152
mwanza_businesses.2366,2366,2366,8553311146,,,Nyashana,,,Mwanza,convenience,Nyamagana,Mo-Su 09:00-21:00,Isamilo,32.9207099,-2.510318
mwanza_businesses.2367,2367,2367,8553311464,,,Nyanshana,,,Mwanza,convenience,Nyamagana,24/7,Isamilo,32.9206908,-2.5094486
mwanza_businesses.2368,2368,2368,8553311629,,,Nyashana,,,Mwanza,kiosk,Nyamagana,Mo-Su 09:00-21:00,Isamilo,32.9206743,-2.5094222
mwanza_businesses.2369,2369,2369,8553311865,,,Nyashana,,,Mwanza,kiosk,Nyamagana,Mo-Su 09:00-21:00,Isamilo,32.920661,-2.5097232
mwanza_businesses.2370,2370,2370,8553312097,,,Nyashana,,,Mwanza,convenience,Nyamagana,Mo-Fr 09:00-17:00,Isamilo,32.921133,-2.5083727
mwanza_businesses.2371,2371,2371,8553312498,,,Nyashana,,,Mwanza,convenience,Nyamagana,Mo-Su 09:00-21:00,Isamilo,32.920715,-2.510342
mwanza_businesses.2372,2372,2372,8553312572,,,Nyashana,,,Mwanza,kiosk,Nyamagana,Mo-Su 09:00-21:00,Isamilo,32.9206743,-2.5093903
mwanza_businesses.2373,2373,2373,8553312649,,,Nyashana,,,Mwanza,convenience,Nyamagana,Mo-Su 09:00-21:00,Isamilo,32.9206395,-2.5101734
mwanza_businesses.2374,2374,2374,8553313695,,,Nyanshana,Mastiola Stationary,,Mwanza,stationery,Nyamagana,Mo-Sa 08:00-18:00,Isamilo,32.920982,-2.5121312
mwanza_businesses.2375,2375,2375,8553313851,,,Nyanshana,,,Mwanza,convenience,Nyamagana,24/7,Isamilo,32.9204804,-2.5103279
mwanza_businesses.2376,2376,2376,8553314554,,,Nyanshana,,,Mwanza,convenience,Nyamagana,Mo-Su 09:00-21:00,Isamilo,32.9200602,-2.5107093
mwanza_businesses.2377,2377,2377,8553314565,,,Nyanshana,,,Mwanza,convenience,Nyamagana,Mo-Sa 09:00-20:00;24/7,Isamilo,32.9206453,-2.50867
mwanza_businesses.2378,2378,2378,8553315166,,,Nyashana,Jose Butcher,,Mwanza,butcher,Nyamagana,Mo-Sa 08:00-18:00,Isamilo,32.9202583,-2.5108283
mwanza_businesses.2379,2379,2379,8553315176,,,Nyashana,,,Mwanza,hardware,Nyamagana,Mo-Sa 08:00-18:00,Isamilo,32.9202318,-2.5107951
mwanza_businesses.2380,2380,2380,8553316173,,,Nyashana,,,Mwanza,kiosk,Nyamagana,Mo-Su 09:00-21:00,Isamilo,32.920661,-2.5097875
mwanza_businesses.2381,2381,2381,8553316258,,,Nyashana,,,Mwanza,kiosk,Nyamagana,Mo-Su 09:00-21:00,Isamilo,32.920661,-2.5097661
mwanza_businesses.2382,2382,2382,8553316577,,,Nyanshana,,,Mwanza,convenience,Nyamagana,24/7,Isamilo,32.9209526,-2.5094341
mwanza_businesses.2383,2383,2383,8553316947,,,Nyashana,,,Mwanza,kiosk,Nyamagana,Mo-Su 09:00-21:00,Isamilo,32.9206725,-2.5094513
mwanza_businesses.2384,2384,2384,8553317721,,,Nyashana,,,Mwanza,convenience,Nyamagana,Mo-Su 09:00-21:00;Mo-Sa 08:00-18:00;24/7,Isamilo,32.9192799,-2.5091708
mwanza_businesses.2385,2385,2385,8553317853,,,Nyashana,,,Mwanza,convenience,Nyamagana,Mo-Sa 08:00-18:00;24/7,Isamilo,32.9193818,-2.5095442
mwanza_businesses.2386,2386,2386,8553318019,,,Nyanshana,Mistiola Stationary,,Mwanza,stationery,Nyamagana,Mo-Sa 08:00-18:00,Isamilo,32.9210297,-2.5121579
mwanza_businesses.2387,2387,2387,8553318173,,,Nyashana,,,Mwanza,convenience,Nyamagana,Mo-Su 09:00-21:00,Isamilo,32.9206926,-2.5102835
mwanza_businesses.2388,2388,2388,8553318250,,,Nyashana,DVD,,Mwanza,video,Nyamagana,Mo-Sa 08:00-18:00,Isamilo,32.9203391,-2.5107308
mwanza_businesses.2389,2389,2389,8553302982,,,Nyanshana,,,Mwanza,convenience,Nyamagana,Mo-Su 09:00-21:00,Isamilo,32.925446,-2.5085871
mwanza_businesses.2390,2390,2390,8553311158,Kasuku,,Nyashana,,,Mwanza,convenience,Nyamagana,Mo-Su 09:00-21:00,Isamilo,32.922931,-2.5099985
mwanza_businesses.2391,2391,2391,8553312185,Kasuku,,Nyashana,,,Mwanza,kiosk,Nyamagana,Mo-Fr 09:00-17:00,Isamilo,32.9224979,-2.5092275
mwanza_businesses.2392,2392,2392,8553314246,Kasuku,,Nyashana,,,Mwanza,convenience,Nyamagana,Mo-Su 09:00-21:00,Isamilo,32.9225019,-2.5096659
mwanza_businesses.2393,2393,2393,8553315253,,,Nyashana,,,Mwanza,vacant,Nyamagana,,Isamilo,32.9225494,-2.5078493
mwanza_businesses.2394,2394,2394,8553315483,Kasuku,,Nyashana,,,Mwanza,convenience,Nyamagana,Mo-Su 09:00-21:00;Mo-Fr 09:00-17:00,Isamilo,32.9234405,-2.5093537
mwanza_businesses.2395,2395,2395,8553316184,,,Nyashana,,,Mwanza,vacant,Nyamagana,,Isamilo,32.9222158,-2.5079314
mwanza_businesses.2396,2396,2396,8553316336,,,Nyashana,,,Mwanza,vacant,Nyamagana,,Isamilo,32.9219531,-2.5082864
mwanza_businesses.2397,2397,2397,8571610397,Nela,,Nela,,,Mwanza,houseware,Nyamagana,,Isamilo,32.9041171,-2.5154469
mwanza_businesses.2398,2398,2398,8571613393,Nela,,Nela,,,Mwanza,convenience,Nyamagana,,Isamilo,32.9040313,-2.5155112
mwanza_businesses.2399,2399,2399,8571611723,,,Isamilo,,,Mwanza,beverages,Nyamagana,,Isamilo,32.8999979,-2.5137452
mwanza_businesses.2400,2400,2400,8571609222,Nela,,Nela,,,Mwanza,convenience,Nyamagana,,Isamilo,32.9006064,-2.5135309
mwanza_businesses.2401,2401,2401,8571607669,Nela,,Nela,,,Mwanza,convenience,Nyamagana,,Isamilo,32.9008121,-2.5133189
mwanza_businesses.2402,2402,2402,8571607073,Nela,,Nela,,,Mwanza,convenience,Nyamagana,,Isamilo,32.9008944,-2.5132714
mwanza_businesses.2403,2403,2403,8571608722,Nela,,Nela,,,Mwanza,convenience,Nyamagana,,Isamilo,32.9009308,-2.5132382
mwanza_businesses.2404,2404,2404,8571613495,Nela,,Nela,,,Mwanza,convenience,Nyamagana,,Isamilo,32.9007268,-2.5134962
mwanza_businesses.2405,2405,2405,8571614294,Nela,,Nela,,,Mwanza,convenience,Nyamagana,,Isamilo,32.9007697,-2.5134104
mwanza_businesses.2406,2406,2406,4402530089,,,,,,Mwanza,car,Nyamagana,,Isamilo,32.8994372,-2.5142499
mwanza_businesses.2407,2407,2407,4432784795,,,,Red Cross Eyes Clinic,,Mwanza,optician,Nyamagana,,Isamilo,32.8999036,-2.5139061
mwanza_businesses.2408,2408,2408,8532228842,Nela,,Nela,,,Mwanza,car_parts,Nyamagana,Mo-Sa 08:00-18:00,Isamilo,32.8991633,-2.5144811
mwanza_businesses.2409,2409,2409,8532227192,Nela,,Nela,,,Mwanza,stationery,Nyamagana,,Isamilo,32.9030013,-2.5155327
mwanza_businesses.2410,2410,2410,8571602533,Nela,,Nela,,,Mwanza,stationery,Nyamagana,,Isamilo,32.902397,-2.5108209
mwanza_businesses.2411,2411,2411,8571606053,Nela,,Nela,Mini supermarket,,Mwanza,supermarket,Nyamagana,Mo-Sa 09:00-20:00,Isamilo,32.9022717,-2.510645
mwanza_businesses.2412,2412,2412,8571606220,Nela,,Nela,,,Mwanza,convenience,Nyamagana,,Isamilo,32.9016022,-2.510538
mwanza_businesses.2413,2413,2413,8571606913,Nela,,Nela,,,Mwanza,convenience,Nyamagana,,Isamilo,32.9023923,-2.5107552
mwanza_businesses.2414,2414,2414,8571607158,,,Nela,,,Mwanza,convenience,Nyamagana,Mo-Fr 08:00-18:00; Sa-Su 08:00-15:00,Isamilo,32.9025078,-2.5104521
mwanza_businesses.2415,2415,2415,8571608371,,,Nela,,,Mwanza,convenience,Nyamagana,Mo-Fr 08:00-18:00;Sa-Su 08:00-15:00,Isamilo,32.901628,-2.5102592
mwanza_businesses.2416,2416,2416,8571608662,Nela,,Nela,,,Mwanza,convenience,Nyamagana,,Isamilo,32.9017138,-2.5105807
mwanza_businesses.2417,2417,2417,8571609257,,,,,,Mwanza,convenience,Nyamagana,Mo-Fr 08:00-18:00; Sa-Su 08:00-15:00,Isamilo,32.9021645,-2.5103663
mwanza_businesses.2418,2418,2418,8571609610,,,Nela,,,Mwanza,convenience,Nyamagana,Mo-Fr 08:00-18:00; Sa-Su 08:00-15:00,Isamilo,32.9023147,-2.5104092
mwanza_businesses.2419,2419,2419,8571611688,Nela,,Nela,,,Mwanza,butcher,Nyamagana,Mo-Sa 08:00-18:00,Isamilo,32.9019713,-2.5105807
mwanza_businesses.2420,2420,2420,8571606306,,,Lake,,,Mwanza,convenience,Nyamagana,Mo-Sa 08:00-18:00,Isamilo,32.9108334,-2.5067006
mwanza_businesses.2421,2421,2421,8571610200,,,Lake,,,Mwanza,beverages,Nyamagana,Mo-Sa 08:00-18:00,Isamilo,32.9108119,-2.5067143
mwanza_businesses.2422,2422,2422,8571614132,,,Lake,,,Mwanza,convenience,Nyamagana,Mo-Sa 09:00-17:00,Isamilo,32.9106617,-2.5063362
mwanza_businesses.2423,2423,2423,8571610105,,,Lake,Mtema Shop,,Mwanza,convenience,Nyamagana,Mo-Fr 09:00-17:00,Isamilo,32.9075503,-2.5087157
mwanza_businesses.2424,2424,2424,8571610524,,,,,,Mwanza,convenience,Nyamagana,Mo-Sa 08:00-18:00,Isamilo,32.909212,-2.5111627
mwanza_businesses.2425,2425,2425,8571609096,Nela,,Nela,,,Mwanza,convenience,Nyamagana,,Isamilo,32.9013705,-2.5104735
mwanza_businesses.2426,2426,2426,8571611818,Nela,,Nela,,,Mwanza,convenience,Nyamagana,,Isamilo,32.9012632,-2.5104735
mwanza_businesses.2427,2427,2427,8571607830,Nela,,Nela,,,Mwanza,convenience,Nyamagana,Mo-Sa 09:00-20:00,Isamilo,32.9010916,-2.5104092
mwanza_businesses.2428,2428,2428,8571610806,,,Nela,Mama Vero Saloon,,Mwanza,beauty,Nyamagana,,Isamilo,32.9005763,-2.510285
mwanza_businesses.2429,2429,2429,8571606818,,,Nela,,,Mwanza,fabric,Nyamagana,Mo-Sa 09:00-20:00,Isamilo,32.9011774,-2.5101734
mwanza_businesses.2430,2430,2430,8571608468,,,Nela,,,Mwanza,tailor,Nyamagana,Mo-Sa 09:00-20:00,Isamilo,32.9010701,-2.510152
mwanza_businesses.2431,2431,2431,8571611209,,,Nela,,,Mwanza,tailor,Nyamagana,Mo-Sa 09:00-20:00,Isamilo,32.9011559,-2.510152
mwanza_businesses.2432,2432,2432,8571612252,,,Nela,,,Mwanza,stationery,Nyamagana,Mo-Sa 09:00-20:00,Isamilo,32.9010057,-2.510152
mwanza_businesses.2433,2433,2433,8571610329,Seleman,,Nela,,,Mwanza,butcher,Nyamagana,,Isamilo,32.9007488,-2.5100748
mwanza_businesses.2434,2434,2434,8571609550,Seleman,,Nela,,,Mwanza,convenience,Nyamagana,,Isamilo,32.9007483,-2.5100019
mwanza_businesses.2435,2435,2435,8571612379,Nera,,Nela,,,Mwanza,hardware,Nyamagana,,Isamilo,32.9004049,-2.5097447
mwanza_businesses.2436,2436,2436,8571607855,,,Nela,,,Mwanza,convenience,Nyamagana,Mo-Sa 09:00-20:00,Isamilo,32.9010412,-2.5096529
mwanza_businesses.2437,2437,2437,8571602253,Nela,,Nela,,,Mwanza,fabric,Nyamagana,,Isamilo,32.900362,-2.5095089
mwanza_businesses.2438,2438,2438,8571608849,Nela,,Nela,,,Mwanza,hardware,Nyamagana,,Isamilo,32.9003835,-2.5089301
mwanza_businesses.2439,2439,2439,8571609355,Seleman,,Nela,Kasamoto,,Mwanza,greengrocer,Nyamagana,,Isamilo,32.900877,-2.5089086
mwanza_businesses.2440,2440,2440,8571606473,Nera,,Nela,,,Mwanza,convenience,Nyamagana,,Isamilo,32.9004264,-2.5087586
mwanza_businesses.2441,2441,2441,8571609130,,,Nela,Eva Glan Beauty Nails,,Mwanza,beauty,Nyamagana,Mo-Sa 09:00-20:00,Isamilo,32.9010916,-2.5086942
mwanza_businesses.2442,2442,2442,8571609832,Seleman,,Nela,,,Mwanza,gas,Nyamagana,,Isamilo,32.9009199,-2.5086514
mwanza_businesses.2443,2443,2443,8571610045,,,Nela,,,Mwanza,convenience,Nyamagana,Mo-Sa 09:00-17:00;Mo-Sa 09:00-20:00,Isamilo,32.901113,-2.5085656
mwanza_businesses.2444,2444,2444,8571608789,Kenyatta,,Nela,,,Mwanza,cosmetics,Nyamagana,Mo-Sa 08:00-18:00,Isamilo,32.9004264,-2.5080726
mwanza_businesses.2445,2445,2445,8571612099,Makongoro,,Nela,,,Mwanza,hairdresser,Nyamagana,Mo-Sa 08:00-18:00,Isamilo,32.9009628,-2.5077939
mwanza_businesses.2446,2446,2446,8571612507,,,Nela,,,Mwanza,tailor,Nyamagana,Mo-Sa 09:00-20:00,Isamilo,32.9010057,-2.5100019
mwanza_businesses.2447,2447,2447,8571612610,,,Nela,Chidy Nails,0758444844/0787656391,Mwanza,beauty,Nyamagana,Mo-Sa 09:00-17:00;Mo-Sa 09:00-20:00,Isamilo,32.9010487,-2.510152
mwanza_businesses.2448,2448,2448,8571612669,,,Nela,,,Mwanza,convenience,Nyamagana,Mo-Sa 09:00-20:00,Isamilo,32.9010057,-2.5100448
mwanza_businesses.2449,2449,2449,8571612832,,,Nela,,,Mwanza,convenience,Nyamagana,Mo-Sa 09:00-20:00,Isamilo,32.9010701,-2.509466
mwanza_businesses.2450,2450,2450,8571613299,,,Nela,,,Mwanza,tailor,Nyamagana,Mo-Sa 09:00-20:00,Isamilo,32.9011989,-2.5101734
mwanza_businesses.2451,2451,2451,8571613340,,,Nela,,,Mwanza,convenience,Nyamagana,Mo-Sa 09:00-20:00,Isamilo,32.9010131,-2.5098801
mwanza_businesses.2452,2452,2452,8571613427,Seleman,,Nela,,,Mwanza,convenience,Nyamagana,,Isamilo,32.9008341,-2.5097661
mwanza_businesses.2453,2453,2453,8571613555,Nela,,Nela,,,Mwanza,clothes,Nyamagana,,Isamilo,32.9011989,-2.5104521
mwanza_businesses.2454,2454,2454,8571613717,Nela,,Nela,,,Mwanza,convenience,Nyamagana,,Isamilo,32.9014778,-2.510495
mwanza_businesses.2455,2455,2455,8571614207,,,Nela,,,Mwanza,convenience,Nyamagana,,Isamilo,32.9007225,-2.5103222
mwanza_businesses.2456,2456,2456,8571614260,,,Nela,,,Mwanza,stationery,Nyamagana,Mo-Sa 08:00-18:00,Isamilo,32.9014778,-2.5102377
mwanza_businesses.2457,2457,2457,8571614490,,,Nela,Victory Shop,,Mwanza,clothes,Nyamagana,,Isamilo,32.9004264,-2.5102806
mwanza_businesses.2458,2458,2458,8571614515,,,Nela,,,Mwanza,convenience,Nyamagana,Mo-Sa 09:00-20:00,Isamilo,32.9011345,-2.5089515
mwanza_businesses.2459,2459,2459,8571614843,Nela,,Nela,,,Mwanza,hardware,Nyamagana,,Isamilo,32.9003835,-2.5086085
mwanza_businesses.2460,2460,2460,4402530189,,,,,,Mwanza,furniture,Nyamagana,,Isamilo,32.9004111,-2.5099424
mwanza_businesses.2461,2461,2461,8532206100,,,Capri Point,BGY Hardware,0620806666,Mwanza,hardware,Nyamagana,Mo-Sa 08:00-18:00,Nyamagana,32.9008588,-2.5260506
mwanza_businesses.2462,2462,2462,8532205705,,,Capri Point,Lubricants And Batteries,0789325277,Mwanza,wholesale,Nyamagana,Mo-Sa 08:00-18:00,Nyamagana,32.9008013,-2.5258896
mwanza_businesses.2463,2463,2463,8532206303,,,Capri Point,Bonasera Grill House,,Mwanza,supermarket,Nyamagana,Mo-Sa 09:00-20:00;Mo-Su 09:00-21:00,Nyamagana,32.8964259,-2.5246959
mwanza_businesses.2464,2464,2464,8532206804,,,Capri Point,Total Min Supermarket,,Mwanza,supermarket,Nyamagana,24/7,Nyamagana,32.8999954,-2.5235949
mwanza_businesses.2465,2465,2465,8532215214,Gamal Nasser Road,,Gamal Nasser,,,Mwanza,clothes,Nyamagana,Mo-Fr 08:00-18:00; Sa-Su 08:00-15:00;Mo-Fr 08:00-18:00; Sa-Su 08:00-15:00,Nyamagana,32.8943968,-2.5241074
mwanza_businesses.2466,2466,2466,8532227059,,,Capri Point,Usinipite Mwokozi Shop,,Mwanza,convenience,Nyamagana,Mo-Su 09:00-21:00,Nyamagana,32.8909636,-2.5264441
mwanza_businesses.2467,2467,2467,8532227094,,,Capri Point,CFK,,Mwanza,convenience,Nyamagana,Mo-Sa 08:00-18:00,Nyamagana,32.8943866,-2.5241092
mwanza_businesses.2468,2468,2468,8532227655,,,Capri Point,,,Mwanza,beauty,Nyamagana,Mo-Sa 08:00-18:00,Nyamagana,32.8943072,-2.5242283
mwanza_businesses.2469,2469,2469,8532228555,Gamal Nasser Road,,Gamal Nasser,,,Mwanza,vacant,Nyamagana,Mo-Fr 08:00-18:00; Sa-Su 08:00-15:00,Nyamagana,32.8943324,-2.5242146
mwanza_businesses.2470,2470,2470,8532228764,,,Nyamagana Magharibi,,,Mwanza,convenience,Nyamagana,Mo-Su 09:00-21:00,Nyamagana,32.8917789,-2.5233786
mwanza_businesses.2471,2471,2471,8532229172,Gamal Nasser Road,,Gamal Nasser,,,Mwanza,convenience,Nyamagana,Mo-Fr 08:00-18:00; Sa-Su 08:00-15:00,Nyamagana,32.8943539,-2.5241717
mwanza_businesses.2472,2472,2472,8532229192,,,Nyamagana Magharibi,,,Mwanza,convenience,Nyamagana,Mo-Su 09:00-21:00,Nyamagana,32.8917789,-2.5233143
mwanza_businesses.2473,2473,2473,8532206271,,,Capri Point,,,Mwanza,hardware,Nyamagana,Mo-Sa 08:00-18:00,Nyamagana,32.9007407,-2.5257689
mwanza_businesses.2474,2474,2474,8532205880,,,Capri Point,New Geita Eng Work,,Mwanza,car,Nyamagana,Mo-Sa 08:00-18:00,Nyamagana,32.9007422,-2.5257543
mwanza_businesses.2475,2475,2475,8532206049,,,Capri Point,Mwanza Huduma Company LTD,,Mwanza,hardware,Nyamagana,Mo-Sa 08:00-18:00,Nyamagana,32.900618,-2.5254184
mwanza_businesses.2476,2476,2476,8532206445,,,Capri Point,,,Mwanza,vacant,Nyamagana,,Nyamagana,32.9005984,-2.525204
mwanza_businesses.2477,2477,2477,8532206785,,,Capri Point,Total,,Mwanza,car_parts,Nyamagana,Mo-Sa 08:00-18:00,Nyamagana,32.9004996,-2.5249594
mwanza_businesses.2478,2478,2478,8532206220,,,Capri Point,Michelin Superdoll,06 89547219,Mwanza,car,Nyamagana,Mo-Sa 08:00-18:00,Nyamagana,32.9004635,-2.5246886
mwanza_businesses.2479,2479,2479,8532206288,,,Capri Point,Gupta Autos LTD,2542446,Mwanza,car_parts,Nyamagana,Mo-Sa 09:00-20:00,Nyamagana,32.9004303,-2.5246385
mwanza_businesses.2480,2480,2480,8532205897,,,Capri Point,Farmers Centres LTD,0767402202,Mwanza,agrarian,Nyamagana,Mo-Sa 08:00-18:00,Nyamagana,32.9003644,-2.5244696
mwanza_businesses.2481,2481,2481,8532206855,,,Capri Point,Manji's Tools & Hardware,,Mwanza,hardware,Nyamagana,Mo-Sa 08:00-18:00,Nyamagana,32.9004816,-2.5249774
mwanza_businesses.2482,2482,2482,8532207013,,,Capri Point,ALAF Mabati,,Mwanza,hardware,Nyamagana,Mo-Sa 08:00-18:00,Nyamagana,32.9006407,-2.5254184
mwanza_businesses.2483,2483,2483,8532207186,,,Capri Point,Michelin Superdoll,,Mwanza,car_repair,Nyamagana,Mo-Sa 08:00-18:00,Nyamagana,32.9004274,-2.5246886
mwanza_businesses.2484,2484,2484,8532207238,,,Capri Point,,,Mwanza,vacant,Nyamagana,,Nyamagana,32.9007172,-2.525801
mwanza_businesses.2485,2485,2485,8532207083,Rumumba Road,,Makoroboi,,,Mwanza,convenience,Nyamagana,Mo-Sa 08:00-18:00,Nyamagana,32.9011562,-2.5214096
mwanza_businesses.2486,2486,2486,8532203781,Rumumba Road,,Makoroboi,,,Mwanza,clothes,Nyamagana,Mo-Sa 08:00-18:00,Nyamagana,32.9013221,-2.521485
mwanza_businesses.2487,2487,2487,8532206909,Rumumba Road,,Rumumba,Jerus Electronics Supply,,Mwanza,electronics,Nyamagana,Mo-Sa 08:00-18:00,Nyamagana,32.9013276,-2.521878
mwanza_businesses.2488,2488,2488,8532207054,Rumumba Road,,Makoroboi,Asha Beauty,,Mwanza,cosmetics,Nyamagana,Mo-Sa 08:00-18:00,Nyamagana,32.9013372,-2.521485
mwanza_businesses.2489,2489,2489,8532206880,Rumumba Road,,Rumumba,,,Mwanza,fabric,Nyamagana,Mo-Sa 08:00-18:00,Nyamagana,32.9014938,-2.5219348
mwanza_businesses.2490,2490,2490,8532203775,Rumumba Road,,Rumumba,,,Mwanza,fabric,Nyamagana,Mo-Sa 08:00-18:00,Nyamagana,32.9015866,-2.5218653
mwanza_businesses.2491,2491,2491,8532206341,Rumumba Road,,Rumumba,,,Mwanza,houseware,Nyamagana,Mo-Sa 08:00-18:00,Nyamagana,32.9011989,-2.5218994
mwanza_businesses.2492,2492,2492,8532206118,Rumumba Road,,Rumumba,Jadu Electrical,,Mwanza,electronics,Nyamagana,Mo-Sa 08:00-18:00,Nyamagana,32.9011989,-2.5219637
mwanza_businesses.2493,2493,2493,8532205521,Rumumba Road,,Makoroboi,Sylvester Electricals,,Mwanza,electronics,Nyamagana,Mo-Sa 08:00-18:00,Nyamagana,32.9011864,-2.5214247
mwanza_businesses.2494,2494,2494,8532205776,Rumumba Road,,Rumumba,Kings Computer,,Mwanza,hardware,Nyamagana,Mo-Sa 08:00-18:00,Nyamagana,32.9011774,-2.5218994
mwanza_businesses.2495,2495,2495,8532227528,,,Kamanga,,,Mwanza,bookmaker,Nyamagana,Mo-Su 09:00-21:00,Nyamagana,32.8955727,-2.5197248
mwanza_businesses.2496,2496,2496,8532227286,,,Kamanga,,,Mwanza,beverages,Nyamagana,Mo-Fr 08:00-18:00; Sa-Su 08:00-15:00,Nyamagana,32.8958181,-2.520139
mwanza_businesses.2497,2497,2497,8532227638,,,Kamanga,,,Mwanza,stationery,Nyamagana,Mo-Fr 09:00-17:00,Nyamagana,32.8958344,-2.5202059
mwanza_businesses.2498,2498,2498,8532227211,,,Kamanga,,,Mwanza,beverages,Nyamagana,Mo-Fr 08:00-18:00; Sa-Su 08:00-15:00,Nyamagana,32.8961152,-2.5201631
mwanza_businesses.2499,2499,2499,8532228377,,,Kamanga,,,Mwanza,convenience,Nyamagana,Mo-Sa 08:00-18:00,Nyamagana,32.8965855,-2.5202274
mwanza_businesses.2500,2500,2500,8532227473,,,Kamanga,,,Mwanza,books,Nyamagana,Mo-Sa 08:00-18:00,Nyamagana,32.8966713,-2.5200559
mwanza_businesses.2501,2501,2501,8532227340,,,Kamanga,,,Mwanza,hairdresser,Nyamagana,Mo-Sa 08:00-18:00,Nyamagana,32.8967142,-2.5199701
mwanza_businesses.2502,2502,2502,8532227156,,,Kamanga,,,Mwanza,books,Nyamagana,Mo-Sa 08:00-18:00,Nyamagana,32.8967357,-2.5198844
mwanza_businesses.2503,2503,2503,8532228322,,,Kamanga,,,Mwanza,vacant,Nyamagana,,Nyamagana,32.8967357,-2.5199487
mwanza_businesses.2504,2504,2504,8532227583,,,Capri Point,Barbershop,,Mwanza,hairdresser,Nyamagana,Mo-Su 09:00-21:00,Nyamagana,32.8968709,-2.5201259
mwanza_businesses.2505,2505,2505,8532203730,,,Capri Point,,,Mwanza,clothes,Nyamagana,Mo-Su 09:00-21:00,Nyamagana,32.8974284,-2.5233774
mwanza_businesses.2506,2506,2506,8532226929,,,Capri Point,Mrejesho Store,,Mwanza,supermarket,Nyamagana,Mo-Sa 08:00-18:00,Nyamagana,32.8975296,-2.5226712
mwanza_businesses.2507,2507,2507,8532227355,,,Capri Point,Marejesho Store,,Mwanza,beverages,Nyamagana,Mo-Sa 08:00-18:00,Nyamagana,32.8975511,-2.5226069
mwanza_businesses.2508,2508,2508,4549223691,,,,Marejesho Store,,Mwanza,convenience,Nyamagana,,Nyamagana,32.8976358,-2.5225201
mwanza_businesses.2509,2509,2509,4441885294,,,,Jambo Gallery,,Mwanza,craft,Nyamagana,,Nyamagana,32.8978485,-2.522515
mwanza_businesses.2510,2510,2510,8532227540,,,Capri Point,,,Mwanza,beverages,Nyamagana,Mo-Su 09:00-21:00,Nyamagana,32.898168,-2.5216799
mwanza_businesses.2511,2511,2511,4399712891,,,,,,Mwanza,bakery,Nyamagana,,Nyamagana,32.8983393,-2.5214678
mwanza_businesses.2512,2512,2512,4759226025,,,,Fortes Africa,,Mwanza,travel_agency,Nyamagana,,Nyamagana,32.8987713,-2.5219639
mwanza_businesses.2513,2513,2513,8532227363,BR ya Station,,Capri Point,SGL Garage,,Mwanza,car_repair,Nyamagana,Mo-Sa 08:00-18:00,Nyamagana,32.89886,-2.5205918
mwanza_businesses.2514,2514,2514,4549211896,,,,Bookspot,,Mwanza,books,Nyamagana,,Nyamagana,32.8988658,-2.522091
mwanza_businesses.2515,2515,2515,4468114789,,,,Sitta Supermarket,,Mwanza,supermarket,Nyamagana,,Nyamagana,32.8992498,-2.5210748
mwanza_businesses.2516,2516,2516,8532228508,,,Kamanga,,,Mwanza,convenience,Nyamagana,Mo-Fr 08:00-18:00; Sa-Su 08:00-15:00,Nyamagana,32.8962209,-2.5201182
mwanza_businesses.2517,2517,2517,8532228579,,,Capri Point,Lema Food Bread,,Mwanza,bakery,Nyamagana,Mo-Sa 08:00-18:00,Nyamagana,32.8974747,-2.5227931
mwanza_businesses.2518,2518,2518,8532228673,,,Kamanga,,,Mwanza,vacant,Nyamagana,,Nyamagana,32.8966928,-2.520013
mwanza_businesses.2519,2519,2519,8532228753,,,Kamanga,,,Mwanza,convenience,Nyamagana,Mo-Fr 08:00-18:00; Sa-Su 08:00-15:00,Nyamagana,32.8958532,-2.5201915
mwanza_businesses.2520,2520,2520,8532228806,,,Kamanga,,,Mwanza,convenience,Nyamagana,Mo-Su 09:00-21:00,Nyamagana,32.8957922,-2.5199493
mwanza_businesses.2521,2521,2521,8532228990,,,Kamanga,,,Mwanza,books,Nyamagana,Mo-Sa 08:00-18:00,Nyamagana,32.8968,-2.5198201
mwanza_businesses.2522,2522,2522,8532229006,,,Capri Point,,,Mwanza,convenience,Nyamagana,Mo-Sa 08:00-18:00,Nyamagana,32.8975725,-2.5226283
mwanza_businesses.2523,2523,2523,8532229046,,,Kamanga,,,Mwanza,wholesale,Nyamagana,Mo-Sa 09:00-20:00;Mo-Su 09:00-21:00,Nyamagana,32.8955629,-2.5197212
mwanza_businesses.2524,2524,2524,8532229071,,,Kamanga,,,Mwanza,cosmetics,Nyamagana,Mo-Sa 08:00-18:00,Nyamagana,32.8966069,-2.5201845
mwanza_businesses.2525,2525,2525,8532229180,,,Kamanga,,,Mwanza,butcher,Nyamagana,Mo-Su 09:00-21:00;Mo-Sa 08:00-18:00,Nyamagana,32.8953825,-2.519709
mwanza_businesses.2526,2526,2526,3944159481,,,,Halotel,,Mwanza,mobile_phone,Nyamagana,,Nyamagana,32.8990146,-2.5205012
mwanza_businesses.2527,2527,2527,2179507615,,,,Shumanns (Land Rover),,Mwanza,car_repair,Nyamagana,,Nyamagana,32.8990426,-2.5204596
mwanza_businesses.2528,2528,2528,8532206182,,,Capri Point,DAR Ceramica CenterUltimate Buildings Solutions,0786865304,Mwanza,hardware,Nyamagana,Mo-Sa 08:00-18:00,Nyamagana,32.8993447,-2.5213547
mwanza_businesses.2529,2529,2529,2361395365,,,,Airtel,,Mwanza,mobile_phone,Nyamagana,,Nyamagana,32.899697,-2.5205277
mwanza_businesses.2530,2530,2530,4453879205,,,,Zola,,Mwanza,electronics,Nyamagana,,Nyamagana,32.8998561,-2.5227494
mwanza_businesses.2531,2531,2531,8532203803,Kenyatta Road,,Makoroboi,,,Mwanza,copyshop,Nyamagana,Mo-Sa 08:00-18:00,Nyamagana,32.8999106,-2.5221878
mwanza_businesses.2532,2532,2532,8532206141,Kenyatta Road,,Makoroboi,,,Mwanza,car_parts,Nyamagana,Mo-Sa 08:00-18:00,Nyamagana,32.8999106,-2.5221559
mwanza_businesses.2533,2533,2533,8532205970,Kenyatta Road,,Makoroboi,,,Mwanza,bag,Nyamagana,Mo-Sa 08:00-18:00,Nyamagana,32.8999266,-2.5222037
mwanza_businesses.2534,2534,2534,8532206363,Kenyatta Road,,Makoroboi,,,Mwanza,electronics,Nyamagana,Mo-Sa 08:00-18:00,Nyamagana,32.8999426,-2.5222516
mwanza_businesses.2535,2535,2535,8532206189,Kenyatta Road,,Makoroboi,,,Mwanza,houseware,Nyamagana,Mo-Sa 08:00-18:00,Nyamagana,32.8999745,-2.5222995
mwanza_businesses.2536,2536,2536,8532205798,Rumumba Road,,Makoroboi,Kauja Houseware,,Mwanza,houseware,Nyamagana,Mo-Sa 08:00-18:00,Nyamagana,32.9000225,-2.5222835
mwanza_businesses.2537,2537,2537,8532206752,,,Capri Point,Shayona Computer & Accessories,0764151397,Mwanza,vacant,Nyamagana,,Nyamagana,32.899893,-2.5227433
mwanza_businesses.2538,2538,2538,4547799892,,,,,,Mwanza,mobile_phone,Nyamagana,,Nyamagana,32.9000641,-2.5222527
mwanza_businesses.2539,2539,2539,8532206931,Rumumba Road,,Makoroboi,Kishan Industrial Shop,,Mwanza,motorcycle,Nyamagana,Mo-Sa 08:00-18:00,Nyamagana,32.9001183,-2.5222516
mwanza_businesses.2540,2540,2540,8532207221,Kenyatta Road,,Makoroboi,Mshua Shop,,Mwanza,convenience,Nyamagana,Mo-Sa 08:00-18:00,Nyamagana,32.8995466,-2.5208705
mwanza_businesses.2541,2541,2541,8532207322,,,Capri Point,Sitta Mini Supermarket,0768881771,Mwanza,supermarket,Nyamagana,Mo-Su 09:00-21:00;Mo-Sa 08:00-18:00,Nyamagana,32.8993447,-2.5213385
mwanza_businesses.2542,2542,2542,8532207330,Rumumba Road,,Makoroboi,,,Mwanza,houseware,Nyamagana,Mo-Sa 08:00-18:00,Nyamagana,32.9000704,-2.5222676
mwanza_businesses.2543,2543,2543,8532226937,BR ya Station,,Capri Point,,,Mwanza,car_parts,Nyamagana,Mo-Sa 08:00-18:00,Nyamagana,32.8988814,-2.5207204
mwanza_businesses.2544,2544,2544,8532205805,,,Makoroboi,,,Mwanza,convenience,Nyamagana,Mo-Fr 08:00-18:00; Sa-Su 08:00-15:00,Nyamagana,32.9003191,-2.5196914
mwanza_businesses.2545,2545,2545,8532206196,,,Makoroboi,,,Mwanza,convenience,Nyamagana,Mo-Fr 08:00-18:00; Sa-Su 08:00-15:00,Nyamagana,32.9002547,-2.5196914
mwanza_businesses.2546,2546,2546,8532205791,,,Makoroboi,Mgonja Sport Center,,Mwanza,supermarket,Nyamagana,Mo-Sa 09:00-17:00;Mo-Su 09:00-21:00,Nyamagana,32.8997397,-2.520013
mwanza_businesses.2547,2547,2547,8532228829,,,Nyamagana magharibi,,,Mwanza,convenience,Nyamagana,Mo-Sa 08:00-18:00,Nyamagana,32.8994678,-2.5197732
mwanza_businesses.2548,2548,2548,8532206924,,,Capri Point,Bonjour,,Mwanza,supermarket,Nyamagana,24/7,Nyamagana,32.8990241,-2.5210536
mwanza_businesses.2549,2549,2549,8532206732,Rumumba Road,,Rumumba,Trish Outlet Store,,Mwanza,clothes,Nyamagana,Mo-Sa 08:00-18:00,Nyamagana,32.9012203,-2.5219852
mwanza_businesses.2550,2550,2550,8532207308,Rumumba Road,,Makoroboi,,,Mwanza,clothes,Nyamagana,Mo-Sa 08:00-18:00,Nyamagana,32.9010959,-2.5215452
mwanza_businesses.2551,2551,2551,8532205920,Rumumba Road,,Makoroboi,,,Mwanza,clothes,Nyamagana,Mo-Sa 08:00-18:00,Nyamagana,32.9011864,-2.5216808
mwanza_businesses.2552,2552,2552,8532205948,Rumumba Road,,Rumumba,Africab Houseware,,Mwanza,houseware,Nyamagana,Mo-Sa 08:00-18:00,Nyamagana,32.9011774,-2.521878
mwanza_businesses.2553,2553,2553,8532205869,Rumumba Road,,Makoroboi,Stone Decoration,,Mwanza,paint,Nyamagana,Mo-Sa 08:00-18:00,Nyamagana,32.9006352,-2.5220752
mwanza_businesses.2554,2554,2554,8532205573,Rumumba Road,,Makoroboi,Mama Vet Center,,Mwanza,houseware,Nyamagana,Mo-Sa 08:00-18:00,Nyamagana,32.9002762,-2.5221996
mwanza_businesses.2555,2555,2555,8532207255,Rumumba Road,,Makoroboi,You & Me Phones,,Mwanza,mobile_phone,Nyamagana,Mo-Sa 08:00-18:00,Nyamagana,32.9009843,-2.5219852
mwanza_businesses.2556,2556,2556,8532207228,Rumumba Road,,Makoroboi,,,Mwanza,houseware,Nyamagana,Mo-Sa 08:00-18:00,Nyamagana,32.9009628,-2.5218994
mwanza_businesses.2557,2557,2557,8532207003,Rumumba Road,,Makoroboi,KAT Computer Accessories,,Mwanza,electronics,Nyamagana,Mo-Sa 08:00-18:00,Nyamagana,32.9007697,-2.5220924
mwanza_businesses.2558,2558,2558,8532198770,Rumumba Road,,Makoroboi,,,Mwanza,convenience,Nyamagana,Mo-Sa 08:00-18:00,Nyamagana,32.9007483,-2.5220066
mwanza_businesses.2559,2559,2559,8532203752,Rumumba Road,,Makoroboi,,,Mwanza,bag,Nyamagana,Mo-Sa 08:00-18:00,Nyamagana,32.9011261,-2.5215753
mwanza_businesses.2560,2560,2560,8532206090,Rumumba Road,,Makoroboi,Hassan Shop,,Mwanza,convenience,Nyamagana,Mo-Sa 08:00-18:00,Nyamagana,32.9010959,-2.5215603
mwanza_businesses.2561,2561,2561,8532206313,Rumumba Road,,Makoroboi,Africab Electricals,,Mwanza,electronics,Nyamagana,Mo-Sa 08:00-18:00,Nyamagana,32.9010916,-2.5219852
mwanza_businesses.2562,2562,2562,8532205723,Rumumba Road,,Makoroboi,Africab Houseware,,Mwanza,houseware,Nyamagana,Mo-Sa 08:00-18:00,Nyamagana,32.9010916,-2.5219423
mwanza_businesses.2563,2563,2563,8532206169,Rumumba Road,,Makoroboi,Kange Electronics,,Mwanza,electronics,Nyamagana,Mo-Sa 08:00-18:00,Nyamagana,32.9010701,-2.5218994
mwanza_businesses.2564,2564,2564,8532205550,Rumumba Road,,Makoroboi,Katuta Salon Equipments,,Mwanza,hairdresser,Nyamagana,Mo-Sa 08:00-18:00,Nyamagana,32.900924,-2.52202
mwanza_businesses.2565,2565,2565,8532206435,Rumumba Road,,Makoroboi,Stone Electricals,,Mwanza,electronics,Nyamagana,Mo-Sa 08:00-18:00,Nyamagana,32.9007912,-2.5220924
mwanza_businesses.2566,2566,2566,8532206039,Rumumba Road,,Makoroboi,,,Mwanza,clothes,Nyamagana,Mo-Sa 08:00-18:00,Nyamagana,32.9007483,-2.5219423
mwanza_businesses.2567,2567,2567,8532205544,Rumumba Road,,Rumumba,Mama John Vitenge,,Mwanza,fabric,Nyamagana,Mo-Sa 08:00-18:00,Nyamagana,32.9015422,-2.5219423
mwanza_businesses.2568,2568,2568,8532206111,Rumumba Road,,Rumumba,,,Mwanza,fabric,Nyamagana,Mo-Sa 08:00-18:00,Nyamagana,32.9016098,-2.5219232
mwanza_businesses.2569,2569,2569,8532206282,Rumumba Road,,Rumumba,Costel Electricals,,Mwanza,electronics,Nyamagana,Mo-Sa 08:00-18:00,Nyamagana,32.9015851,-2.5219209
mwanza_businesses.2570,2570,2570,8532205940,Rumumba Road,,Rumumba,Brother's Computers,,Mwanza,electronics,Nyamagana,Mo-Sa 08:00-18:00,Nyamagana,32.9015207,-2.5218994
mwanza_businesses.2571,2571,2571,8532205717,,,Lumumba,,,Mwanza,wholesale,Nyamagana,Mo-Fr 08:00-18:00; Sa-Su 08:00-15:00,Nyamagana,32.9016924,-2.5218351
mwanza_businesses.2572,2572,2572,8532205891,Rumumba Road,,Rumumba,,,Mwanza,fabric,Nyamagana,Mo-Sa 08:00-18:00,Nyamagana,32.9015634,-2.5218305
mwanza_businesses.2573,2573,2573,8532206849,,,Lumumba,,,Mwanza,clothes,Nyamagana,Mo-Fr 08:00-18:00; Sa-Su 08:00-15:00,Nyamagana,32.9017353,-2.5217923
mwanza_businesses.2574,2574,2574,8532207077,Rumumba Road,,Rumumba,Gwebes Hardware,,Mwanza,hardware,Nyamagana,Mo-Sa 08:00-18:00,Nyamagana,32.9015636,-2.5218994
mwanza_businesses.2575,2575,2575,8532207249,,,Lumumba,,,Mwanza,clothes,Nyamagana,Mo-Fr 08:00-18:00; Sa-Su 08:00-15:00,Nyamagana,32.9017138,-2.5218137
mwanza_businesses.2576,2576,2576,8532203815,,,Makoroboi,Victoria Houseware,,Mwanza,houseware,Nyamagana,Mo-Fr 08:00-18:00; Sa-Su 08:00-15:00,Nyamagana,32.9024005,-2.5201845
mwanza_businesses.2577,2577,2577,8532205983,,,Makoroboi,Gupta Spare Parts,,Mwanza,car_parts,Nyamagana,Mo-Fr 08:00-18:00; Sa-Su 08:00-15:00,Nyamagana,32.902422,-2.5201416
mwanza_businesses.2578,2578,2578,8532206869,,,Makoroboi,Ocean Kiss,,Mwanza,bed,Nyamagana,Mo-Fr 08:00-18:00; Sa-Su 08:00-15:00,Nyamagana,32.9024649,-2.520013
mwanza_businesses.2579,2579,2579,8532206302,,,Makoroboi,Shayona Traders,,Mwanza,car_parts,Nyamagana,Mo-Fr 08:00-18:00; Sa-Su 08:00-15:00,Nyamagana,32.9024649,-2.5200559
mwanza_businesses.2580,2580,2580,8532205761,,,Makoroboi,,,Mwanza,bed,Nyamagana,Mo-Fr 08:00-18:00; Sa-Su 08:00-15:00,Nyamagana,32.9025292,-2.5199487
mwanza_businesses.2581,2581,2581,8532207043,,,Makoroboi,Dreams Unlimited,,Mwanza,bed,Nyamagana,Mo-Fr 08:00-18:00; Sa-Su 08:00-15:00,Nyamagana,32.9025936,-2.5198201
mwanza_businesses.2582,2582,2582,8532205736,,,Makoroboi,Jambo Houseware,,Mwanza,houseware,Nyamagana,Mo-Fr 08:00-18:00; Sa-Su 08:00-15:00,Nyamagana,32.9026365,-2.5196914
mwanza_businesses.2583,2583,2583,8532205664,,,Lumumba,,,Mwanza,clothes,Nyamagana,Mo-Sa 09:00-17:00;Mo-Fr 08:00-18:00; Sa-Su 08:00-15:00,Nyamagana,32.9017138,-2.5215993
mwanza_businesses.2584,2584,2584,8532205821,,,Lumumba,,,Mwanza,clothes,Nyamagana,Mo-Fr 08:00-18:00; Sa-Su 08:00-15:00,Nyamagana,32.9017997,-2.5215136
mwanza_businesses.2585,2585,2585,8532206212,,,Lumumba,,,Mwanza,clothes,Nyamagana,Mo-Fr 08:00-18:00; Sa-Su 08:00-15:00,Nyamagana,32.9017997,-2.5214921
mwanza_businesses.2586,2586,2586,8532206385,,,Lumumba,,,Mwanza,cosmetics,Nyamagana,Mo-Fr 08:00-18:00; Sa-Su 08:00-15:00,Nyamagana,32.9018855,-2.5214278
mwanza_businesses.2587,2587,2587,8532206334,,,Lumumba,Lumumba Jeweles,,Mwanza,beauty,Nyamagana,Mo-Fr 08:00-18:00; Sa-Su 08:00-15:00,Nyamagana,32.9018855,-2.5214064
mwanza_businesses.2588,2588,2588,8532203796,,,Lumumba,,,Mwanza,clothes,Nyamagana,Mo-Sa 09:00-17:00;Mo-Fr 08:00-18:00; Sa-Su 08:00-15:00,Nyamagana,32.901907,-2.5213635
mwanza_businesses.2589,2589,2589,8532205740,,,Lumumba,,,Mwanza,cosmetics,Nyamagana,Mo-Fr 08:00-18:00; Sa-Su 08:00-15:00,Nyamagana,32.9019284,-2.5213206
mwanza_businesses.2590,2590,2590,8532206162,,,Lumumba,,,Mwanza,shoes,Nyamagana,Mo-Fr 08:00-18:00; Sa-Su 08:00-15:00,Nyamagana,32.9017997,-2.5213206
mwanza_businesses.2591,2591,2591,8532206725,,,Lumumba,,,Mwanza,shoes,Nyamagana,Mo-Fr 08:00-18:00; Sa-Su 08:00-15:00,Nyamagana,32.9017138,-2.5212992
mwanza_businesses.2592,2592,2592,8532205565,,,Lumumba,,,Mwanza,shoes,Nyamagana,Mo-Fr 08:00-18:00; Sa-Su 08:00-15:00,Nyamagana,32.9017353,-2.5212992
mwanza_businesses.2593,2593,2593,8532205991,,,Lumumba,Lumumba Jeweles,,Mwanza,jewelry,Nyamagana,Mo-Fr 08:00-18:00; Sa-Su 08:00-15:00,Nyamagana,32.9019499,-2.5212778
mwanza_businesses.2594,2594,2594,8532205768,,,Lumumba,,,Mwanza,shoes,Nyamagana,Mo-Fr 08:00-18:00; Sa-Su 08:00-15:00,Nyamagana,32.9016495,-2.5212563
mwanza_businesses.2595,2595,2595,8532206134,,,Lumumba,,,Mwanza,shoes,Nyamagana,Mo-Fr 08:00-18:00; Sa-Su 08:00-15:00,Nyamagana,32.9018211,-2.5212563
mwanza_businesses.2596,2596,2596,8532205913,,,Lumumba,,,Mwanza,shoes,Nyamagana,Mo-Fr 08:00-18:00; Sa-Su 08:00-15:00,Nyamagana,32.9017782,-2.5212135
mwanza_businesses.2597,2597,2597,8532198814,,,Makoroboi,Infinix Mobile,,Mwanza,mobile_phone,Nyamagana,Mo-Fr 08:00-18:00; Sa-Su 08:00-15:00,Nyamagana,32.9019713,-2.5212135
mwanza_businesses.2598,2598,2598,8532205594,,,Makoroboi,,,Mwanza,shoes,Nyamagana,Mo-Fr 08:00-18:00; Sa-Su 08:00-15:00,Nyamagana,32.9019928,-2.5212135
mwanza_businesses.2599,2599,2599,8532206060,,,Lumumba,,,Mwanza,shoes,Nyamagana,Mo-Fr 08:00-18:00; Sa-Su 08:00-15:00,Nyamagana,32.9017138,-2.5212135
mwanza_businesses.2600,2600,2600,8532206306,,,Lumumba,,,Mwanza,shoes,Nyamagana,Mo-Fr 08:00-18:00; Sa-Su 08:00-15:00,Nyamagana,32.9017568,-2.5212135
mwanza_businesses.2601,2601,2601,8532206028,,,Makoroboi,Mandara Collection,,Mwanza,cosmetics,Nyamagana,Mo-Fr 08:00-18:00; Sa-Su 08:00-15:00,Nyamagana,32.9019822,-2.5210638
mwanza_businesses.2602,2602,2602,8532206423,,,Makoroboi,,,Mwanza,shoes,Nyamagana,Mo-Fr 08:00-18:00; Sa-Su 08:00-15:00,Nyamagana,32.9019922,-2.5210064
mwanza_businesses.2603,2603,2603,8532205634,,,,,,Mwanza,shoes,Nyamagana,Mo-Fr 08:00-18:00; Sa-Su 08:00-15:00,Nyamagana,32.902009,-2.5209784
mwanza_businesses.2604,2604,2604,8532206764,,,Makoroboi,,,Mwanza,beverages,Nyamagana,Mo-Fr 08:00-18:00; Sa-Su 08:00-15:00,Nyamagana,32.9014349,-2.5207418
mwanza_businesses.2605,2605,2605,8532206775,,,Lumumba,,,Mwanza,shoes,Nyamagana,Mo-Fr 08:00-18:00; Sa-Su 08:00-15:00,Nyamagana,32.9017997,-2.5212349
mwanza_businesses.2606,2606,2606,8532206873,,,Lumumba,,,Mwanza,shoes,Nyamagana,Mo-Fr 08:00-18:00; Sa-Su 08:00-15:00,Nyamagana,32.9018211,-2.5213421
mwanza_businesses.2607,2607,2607,8532206902,,,Lumumba,,,Mwanza,bag,Nyamagana,Mo-Fr 08:00-18:00; Sa-Su 08:00-15:00,Nyamagana,32.9018211,-2.5214707
mwanza_businesses.2608,2608,2608,8532198792,,,Lumumba,,,Mwanza,shoes,Nyamagana,Mo-Fr 08:00-18:00; Sa-Su 08:00-15:00,Nyamagana,32.9016709,-2.5212563
mwanza_businesses.2609,2609,2609,8532206953,,,Lumumba,,,Mwanza,shoes,Nyamagana,Mo-Fr 08:00-18:00; Sa-Su 08:00-15:00,Nyamagana,32.9018641,-2.5212563
mwanza_businesses.2610,2610,2610,8532207025,,,Lumumba,,,Mwanza,shoes,Nyamagana,Mo-Fr 08:00-18:00; Sa-Su 08:00-15:00,Nyamagana,32.9016924,-2.5212778
mwanza_businesses.2611,2611,2611,8532207099,,,Makoroboi,,,Mwanza,shoes,Nyamagana,Mo-Fr 08:00-18:00; Sa-Su 08:00-15:00,Nyamagana,32.9019713,-2.5211706
mwanza_businesses.2612,2612,2612,8532207127,,,Makoroboi,,,Mwanza,cosmetics,Nyamagana,Mo-Fr 08:00-18:00; Sa-Su 08:00-15:00,Nyamagana,32.9019928,-2.521192
mwanza_businesses.2613,2613,2613,8532207166,,,Makoroboi,,,Mwanza,mobile_phone,Nyamagana,Mo-Fr 08:00-18:00; Sa-Su 08:00-15:00,Nyamagana,32.9019857,-2.5207484
mwanza_businesses.2614,2614,2614,8532207176,,,Lumumba,,,Mwanza,shoes,Nyamagana,Mo-Fr 08:00-18:00; Sa-Su 08:00-15:00,Nyamagana,32.9017782,-2.5213206
mwanza_businesses.2615,2615,2615,8532207197,,,Lumumba,,,Mwanza,mobile_phone,Nyamagana,Mo-Fr 08:00-18:00; Sa-Su 08:00-15:00,Nyamagana,32.9017353,-2.5215779
mwanza_businesses.2616,2616,2616,8532207273,,,Makoroboi,,,Mwanza,clothes,Nyamagana,Mo-Fr 08:00-18:00; Sa-Su 08:00-15:00,Nyamagana,32.9019713,-2.5212349
mwanza_businesses.2617,2617,2617,8532207301,,,Lumumba,,,Mwanza,shoes,Nyamagana,Mo-Fr 08:00-18:00; Sa-Su 08:00-15:00,Nyamagana,32.901628,-2.5212349
mwanza_businesses.2618,2618,2618,8532207352,,,Lumumba,,,Mwanza,shoes,Nyamagana,Mo-Fr 08:00-18:00; Sa-Su 08:00-15:00,Nyamagana,32.9018426,-2.5212563
mwanza_businesses.2619,2619,2619,8532205963,,,Makoroboi,,,Mwanza,clothes,Nyamagana,Mo-Fr 08:00-18:00; Sa-Su 08:00-15:00,Nyamagana,32.9020625,-2.5209787
mwanza_businesses.2620,2620,2620,8532205586,,,Makoroboi,Nono Supermarket,,Mwanza,supermarket,Nyamagana,Mo-Fr 08:00-18:00; Sa-Su 08:00-15:00,Nyamagana,32.9021645,-2.5207204
mwanza_businesses.2621,2621,2621,8532206201,,,,,,Mwanza,bed,Nyamagana,Mo-Fr 08:00-18:00; Sa-Su 08:00-15:00,Nyamagana,32.9020259,-2.5207082
mwanza_businesses.2622,2622,2622,4401712091,,,,Nono supermarket,,Mwanza,supermarket,Nyamagana,,Nyamagana,32.9021027,-2.520683
mwanza_businesses.2623,2623,2623,8532206153,,,Makoroboi,Glass House,,Mwanza,electronics,Nyamagana,Mo-Fr 08:00-18:00; Sa-Su 08:00-15:00,Nyamagana,32.9022143,-2.5206468
mwanza_businesses.2624,2624,2624,8532206375,,,Makoroboi,,,Mwanza,bed,Nyamagana,Mo-Fr 08:00-18:00; Sa-Su 08:00-15:00,Nyamagana,32.9019963,-2.520145
mwanza_businesses.2625,2625,2625,8532206943,,,Makoroboi,Tanfoam Arusha,,Mwanza,bed,Nyamagana,Mo-Fr 08:00-18:00; Sa-Su 08:00-15:00,Nyamagana,32.902379,-2.5202059
mwanza_businesses.2626,2626,2626,8532207117,,,Makoroboi,Shayona Grocery LTD,,Mwanza,convenience,Nyamagana,Mo-Fr 08:00-18:00; Sa-Su 08:00-15:00,Nyamagana,32.9021859,-2.5206775
mwanza_businesses.2627,2627,2627,4550271891,,,,,,Mwanza,beverages,Nyamagana,,Nyamagana,32.8995153,-2.5223751
mwanza_businesses.2628,2628,2628,8532205601,,,Capri Point,,,Mwanza,electronics,Nyamagana,Mo-Sa 08:00-18:00,Nyamagana,32.8998775,-2.5228807
mwanza_businesses.2629,2629,2629,8532205997,,,Capri Point,,,Mwanza,vacant,Nyamagana,,Nyamagana,32.8998775,-2.5229061
mwanza_businesses.2630,2630,2630,8532205643,,,Capri Point,,,Mwanza,vacant,Nyamagana,,Nyamagana,32.899893,-2.5227612
mwanza_businesses.2631,2631,2631,8532206017,,,Capri Point,Bata Shop,,Mwanza,clothes,Nyamagana,Mo-Sa 08:00-18:00,Nyamagana,32.8999029,-2.5229061
mwanza_businesses.2632,2632,2632,8532206979,,,Capri Point,R.D Hardware,,Mwanza,hardware,Nyamagana,Mo-Sa 09:00-17:00,Nyamagana,32.899987,-2.5231577
mwanza_businesses.2633,2633,2633,8532207379,,,Capri Point,Curtains and More Shop,,Mwanza,clothes,Nyamagana,Mo-Sa 08:00-18:00,Nyamagana,32.899987,-2.5231886
mwanza_businesses.2634,2634,2634,8532205847,,,Capri Point,,,Mwanza,clothes,Nyamagana,Mo-Sa 08:00-18:00,Nyamagana,32.900052,-2.5233128
mwanza_businesses.2635,2635,2635,8532206239,,,Capri Point,,,Mwanza,vacant,Nyamagana,,Nyamagana,32.900052,-2.5233238
mwanza_businesses.2636,2636,2636,8532207106,Rumumba Road,,Makoroboi,,,Mwanza,electronics,Nyamagana,Mo-Sa 08:00-18:00,Nyamagana,32.9002547,-2.5221996
mwanza_businesses.2637,2637,2637,4546573490,Karuta Street,,,ACTT,,Mwanza,computer,Nyamagana,,Nyamagana,32.9006001,-2.5221209
mwanza_businesses.2638,2638,2638,4401712090,,,,,,Mwanza,furniture,Nyamagana,,Nyamagana,32.8999354,-2.5221388
mwanza_businesses.2639,2639,2639,8532226993,,,,,,Mwanza,butcher,Nyamagana,Mo-Fr 08:00-18:00; Sa-Su 08:00-15:00;Mo-Sa 09:00-20:00;Mo-Su 09:00-21:00,Nyamagana,32.8961177,-2.5201657
mwanza_businesses.2640,2640,2640,8532227047,,,Kamanga,,,Mwanza,wholesale,Nyamagana,Mo-Fr 08:00-18:00; Sa-Su 08:00-15:00,Nyamagana,32.8965017,-2.5200605
mwanza_businesses.2641,2641,2641,8532226728,,,Kamanga,,,Mwanza,books,Nyamagana,Mo-Sa 08:00-18:00,Nyamagana,32.8965855,-2.5201845
mwanza_businesses.2642,2642,2642,8532226861,,,Kamanga,,,Mwanza,hairdresser,Nyamagana,Mo-Sa 08:00-18:00,Nyamagana,32.8966284,-2.5201416
mwanza_businesses.2643,2643,2643,8532226914,,,Kamanga,,,Mwanza,convenience,Nyamagana,Mo-Sa 08:00-18:00,Nyamagana,32.8968215,-2.5197772
mwanza_businesses.2644,2644,2644,8532226783,,,Kamanga,,,Mwanza,vacant,Nyamagana,,Nyamagana,32.896843,-2.5197557
mwanza_businesses.2645,2645,2645,2362871065,,,,Precision Air,,Mwanza,travel_agency,Nyamagana,,Nyamagana,32.8983629,-2.5185966
mwanza_businesses.2646,2646,2646,4547748390,,,,Elite computers,,Mwanza,computer,Nyamagana,,Nyamagana,32.8984771,-2.5189516
mwanza_businesses.2647,2647,2647,2450531552,,,,Kuku Poa,,Mwanza,butcher,Nyamagana,,Nyamagana,32.8986858,-2.5196116
mwanza_businesses.2648,2648,2648,2362873233,,,,Air Tanzania,,Mwanza,travel_agency,Nyamagana,,Nyamagana,32.8987037,-2.5187788
mwanza_businesses.2649,2649,2649,4547748489,,,,Fastjet,,Mwanza,ticket,Nyamagana,,Nyamagana,32.8987962,-2.5190337
mwanza_businesses.2650,2650,2650,8532215208,,,Nyamagana Magharibi,The Coffe Shop,,Mwanza,mobile_phone,Nyamagana,Mo-Sa 09:00-17:00,Nyamagana,32.8988921,-2.5189943
mwanza_businesses.2651,2651,2651,8532227033,,,Nyamagana magharibi,Home house center,,Mwanza,furniture,Nyamagana,Mo-Sa 08:00-18:00,Nyamagana,32.8991407,-2.5194391
mwanza_businesses.2652,2652,2652,2360718166,,,,,,Mwanza,convenience,Nyamagana,,Nyamagana,32.8993272,-2.5196786
mwanza_businesses.2653,2653,2653,2449358364,,,,Royal Oven Bakery,,Mwanza,bakery,Nyamagana,,Nyamagana,32.899396,-2.5192499
mwanza_businesses.2654,2654,2654,8532226944,,,Nyamagana magharibi,,,Mwanza,agrarian,Nyamagana,Mo-Sa 08:00-18:00,Nyamagana,32.8994314,-2.5192407
mwanza_businesses.2655,2655,2655,8532227087,,,Kamanga,,,Mwanza,beverages,Nyamagana,Mo-Sa 08:00-18:00,Nyamagana,32.8964353,-2.5185553
mwanza_businesses.2656,2656,2656,8532227102,,,Kamanga,,,Mwanza,gas,Nyamagana,Mo-Fr 08:00-18:00; Sa-Su 08:00-15:00,Nyamagana,32.8956361,-2.5195823
mwanza_businesses.2657,2657,2657,8532227143,Regional Drive,,Capri Point,,,Mwanza,travel_agency,Nyamagana,Mo-Sa 08:00-18:00,Nyamagana,32.8984051,-2.5188009
mwanza_businesses.2658,2658,2658,8532227220,,,Kamanga,,,Mwanza,convenience,Nyamagana,Mo-Sa 08:00-18:00,Nyamagana,32.896376,-2.5186466
mwanza_businesses.2659,2659,2659,8532227271,,,Nyamagana Magharibi,JBL Phone and Accesories,,Mwanza,mobile_phone,Nyamagana,Mo-Sa 09:00-17:00,Nyamagana,32.8988425,-2.5189943
mwanza_businesses.2660,2660,2660,8532227458,Regional Drive,,Capri Point,,,Mwanza,electronics,Nyamagana,Mo-Sa 08:00-18:00,Nyamagana,32.8983381,-2.5185999
mwanza_businesses.2661,2661,2661,8532227514,,,Nyamagana Magharibi,,,Mwanza,stationery,Nyamagana,Mo-Fr 09:00-17:00,Nyamagana,32.8988177,-2.5190315
mwanza_businesses.2662,2662,2662,8532227559,,,Nyamagana magharibi,Sumsung,,Mwanza,wholesale,Nyamagana,Mo-Sa 08:00-18:00,Nyamagana,32.8994723,-2.5195831
mwanza_businesses.2663,2663,2663,8532227588,,,Nyamagana magharibi,,,Mwanza,beauty,Nyamagana,Mo-Sa 09:00-17:00;Mo-Sa 08:00-18:00,Nyamagana,32.8992735,-2.5192998
mwanza_businesses.2664,2664,2664,8532227648,,,Nyamagana magharibi,,,Mwanza,beverages,Nyamagana,Mo-Sa 08:00-18:00,Nyamagana,32.8989244,-2.518641
mwanza_businesses.2665,2665,2665,8532228548,,,Capri Point,,,Mwanza,copyshop,Nyamagana,Mo-Su 09:00-21:00,Nyamagana,32.8984102,-2.5191532
mwanza_businesses.2666,2666,2666,8532228569,,,Nyamagana magharibi,,,Mwanza,beverages,Nyamagana,Mo-Sa 09:00-17:00,Nyamagana,32.8993478,-2.5195514
mwanza_businesses.2667,2667,2667,8532228684,,,Nyamagana Magharibi,J.J.M Phone,,Mwanza,mobile_phone,Nyamagana,Mo-Sa 09:00-17:00,Nyamagana,32.8989914,-2.5189571
mwanza_businesses.2668,2668,2668,8532228737,,,Capri Point,,,Mwanza,copyshop,Nyamagana,Mo-Fr 08:00-18:00; Sa-Su 08:00-15:00,Nyamagana,32.8978449,-2.519436
mwanza_businesses.2669,2669,2669,8532228812,,,Capri Point,Ndege Insurance Bookers,,Mwanza,travel_agency,Nyamagana,Mo-Su 09:00-21:00;Mo-Fr 09:00-17:00,Nyamagana,32.8981542,-2.5193032
mwanza_businesses.2670,2670,2670,8532228923,,,Kamanga,,,Mwanza,butcher,Nyamagana,Mo-Sa 08:00-18:00,Nyamagana,32.8964217,-2.5185918
mwanza_businesses.2671,2671,2671,8532229021,,,Nyamagana Magharibi,,,Mwanza,convenience,Nyamagana,Mo-Fr 09:00-17:00,Nyamagana,32.8993922,-2.5191947
mwanza_businesses.2672,2672,2672,8532229098,Regional Drive,,Capri Point,Bhatt,,Mwanza,electronics,Nyamagana,Mo-Sa 08:00-18:00,Nyamagana,32.8983045,-2.5185162
mwanza_businesses.2673,2673,2673,8532229111,,,Kamanga,,,Mwanza,convenience,Nyamagana,Mo-Sa 08:00-18:00,Nyamagana,32.8964689,-2.5184865
mwanza_businesses.2674,2674,2674,8532229165,,,Nyamagana magharibi,Vodacom,,Mwanza,mobile_phone,Nyamagana,Mo-Sa 08:00-18:00,Nyamagana,32.8990749,-2.5193235
mwanza_businesses.2675,2675,2675,8575522680,,,,,,Mwanza,hairdresser,Nyamagana,,Nyamagana,32.8980439,-2.5193391
mwanza_businesses.2676,2676,2676,8575522681,,,,,,Mwanza,convenience,Nyamagana,,Nyamagana,32.8980768,-2.5193237
mwanza_businesses.2677,2677,2677,2016376055,,,,Vodacom,,Mwanza,convenience,Nyamagana,,Nyamagana,32.8990178,-2.5195251
mwanza_businesses.2678,2678,2678,4402490892,,,,,,Mwanza,mobile_phone,Nyamagana,,Nyamagana,32.8988862,-2.5189442
mwanza_businesses.2679,2679,2679,4406743001,,,,Winnie Supermarket,,Mwanza,supermarket,Nyamagana,,Nyamagana,32.8993287,-2.5198046
mwanza_businesses.2680,2680,2680,8532206356,,,Makoroboi,Protas,,Mwanza,supermarket,Nyamagana,Mo-Su 09:00-21:00,Nyamagana,32.8997827,-2.5199487
mwanza_businesses.2681,2681,2681,8532203787,,,Makoroboi,,,Mwanza,convenience,Nyamagana,Mo-Fr 08:00-18:00; Sa-Su 08:00-15:00,Nyamagana,32.9001993,-2.5197191
mwanza_businesses.2682,2682,2682,8532205628,,,Makoroboi,,,Mwanza,convenience,Nyamagana,Mo-Su 09:00-21:00,Nyamagana,32.9001689,-2.5197129
mwanza_businesses.2683,2683,2683,8532205730,,,Makoroboi,,,Mwanza,convenience,Nyamagana,Mo-Fr 08:00-18:00; Sa-Su 08:00-15:00,Nyamagana,32.9002118,-2.5197129
mwanza_businesses.2684,2684,2684,8532198805,,,Makoroboi,,,Mwanza,clothes,Nyamagana,Mo-Su 09:00-21:00,Nyamagana,32.9002397,-2.5196993
mwanza_businesses.2685,2685,2685,8532206938,,,Makoroboi,,,Mwanza,clothes,Nyamagana,Mo-Fr 08:00-18:00; Sa-Su 08:00-15:00,Nyamagana,32.9003368,-2.5196799
mwanza_businesses.2686,2686,2686,8532207337,,,Makoroboi,,,Mwanza,clothes,Nyamagana,Mo-Su 09:00-21:00,Nyamagana,32.9003228,-2.5196786
mwanza_businesses.2687,2687,2687,8532206418,,,Makoroboi,,,Mwanza,clothes,Nyamagana,Mo-Su 09:00-21:00,Nyamagana,32.900126,-2.51967
mwanza_businesses.2688,2688,2688,8532206862,,,Makoroboi,,,Mwanza,clothes,Nyamagana,Mo-Fr 08:00-18:00; Sa-Su 08:00-15:00,Nyamagana,32.900362,-2.51967
mwanza_businesses.2689,2689,2689,8532205954,,,Makoroboi,,,Mwanza,clothes,Nyamagana,Mo-Fr 08:00-18:00; Sa-Su 08:00-15:00,Nyamagana,32.9004049,-2.5196486
mwanza_businesses.2690,2690,2690,8532207385,,,Makoroboi,Alpha Com Shop,,Mwanza,mobile_phone,Nyamagana,Mo-Sa 09:00-17:00;Mo-Su 09:00-21:00,Nyamagana,32.9000616,-2.5196271
mwanza_businesses.2691,2691,2691,8532206295,,,Makoroboi,,,Mwanza,clothes,Nyamagana,Mo-Fr 08:00-18:00; Sa-Su 08:00-15:00,Nyamagana,32.9004033,-2.5196155
mwanza_businesses.2692,2692,2692,8532206074,,,Makoroboi,,,Mwanza,electronics,Nyamagana,Mo-Su 09:00-21:00,Nyamagana,32.8999972,-2.5195843
mwanza_businesses.2693,2693,2693,8532226867,,,Nyamagana Magharibi,JJJ city Saloon,,Mwanza,hairdresser,Nyamagana,Mo-Sa 09:00-20:00,Nyamagana,32.8997953,-2.5192712
mwanza_businesses.2694,2694,2694,8532228514,,,Nyamagana Magharibi,,,Mwanza,electronics,Nyamagana,Mo-Fr 09:00-17:00,Nyamagana,32.8998749,-2.5192235
mwanza_businesses.2695,2695,2695,8532206759,,,Makoroboi,,,Mwanza,stationery,Nyamagana,Mo-Fr 08:00-18:00; Sa-Su 08:00-15:00,Nyamagana,32.9001904,-2.5191984
mwanza_businesses.2696,2696,2696,8532228943,,,Nyamagana magharibi,JSA,,Mwanza,beauty,Nyamagana,Mo-Sa 08:00-18:00,Nyamagana,32.8995855,-2.5195378
mwanza_businesses.2697,2697,2697,8532228996,,,Nyamagana Magharibi,,,Mwanza,bag,Nyamagana,,Nyamagana,32.8997315,-2.5192087
mwanza_businesses.2698,2698,2698,8532229077,,,Nyamagana magharibi,,,Mwanza,electronics,Nyamagana,Mo-Sa 08:00-18:00,Nyamagana,32.899652,-2.5193556
mwanza_businesses.2699,2699,2699,1968157109,,,,Tigo,,Mwanza,mobile_phone,Nyamagana,,Nyamagana,32.8997668,-2.5199725
mwanza_businesses.2700,2700,2700,4402489398,,,,,,Mwanza,electronics,Nyamagana,,Nyamagana,32.9001103,-2.5195634
mwanza_businesses.2701,2701,2701,4402490693,,,,,,Mwanza,clothes,Nyamagana,,Nyamagana,32.9003789,-2.519509
mwanza_businesses.2702,2702,2702,8532206325,Pramukh Swami Street,,Makoroboi,,,Mwanza,clothes,Nyamagana,Mo-Sa 08:00-18:00,Nyamagana,32.9017138,-2.5196914
mwanza_businesses.2703,2703,2703,8532206835,,,Makoroboi,,,Mwanza,clothes,Nyamagana,Mo-Su 09:00-21:00,Nyamagana,32.9010916,-2.5196914
mwanza_businesses.2704,2704,2704,8532203743,Pramukh Swami Street,,Makoroboi,,,Mwanza,clothes,Nyamagana,Mo-Sa 08:00-18:00,Nyamagana,32.9016978,-2.519672
mwanza_businesses.2705,2705,2705,8532206268,,,Makoroboi,,,Mwanza,bag,Nyamagana,Mo-Su 09:00-21:00,Nyamagana,32.9010916,-2.51967
mwanza_businesses.2706,2706,2706,8532205877,,,Makoroboi,,,Mwanza,beauty,Nyamagana,Mo-Su 09:00-21:00,Nyamagana,32.9010916,-2.5196486
mwanza_businesses.2707,2707,2707,8532198783,Pramukh Swami Street,,Makoroboi,,,Mwanza,clothes,Nyamagana,Mo-Sa 08:00-18:00,Nyamagana,32.9017138,-2.5195628
mwanza_businesses.2708,2708,2708,8532205683,Pramukh Swami Street,,Makoroboi,,,Mwanza,clothes,Nyamagana,Mo-Sa 08:00-18:00,Nyamagana,32.9017353,-2.5195628
mwanza_businesses.2709,2709,2709,4547704190,,,,Mwanza fashion,,Mwanza,clothes,Nyamagana,,Nyamagana,32.9017226,-2.5195538
mwanza_businesses.2710,2710,2710,8532206273,Pramukh Swami Street,,Makoroboi,,,Mwanza,clothes,Nyamagana,Mo-Sa 08:00-18:00,Nyamagana,32.9017353,-2.5195414
mwanza_businesses.2711,2711,2711,8532206046,,,Makoroboi,,,Mwanza,bag,Nyamagana,Mo-Fr 09:00-17:00,Nyamagana,32.9010701,-2.5194985
mwanza_businesses.2712,2712,2712,8532205755,,,Makoroboi,,,Mwanza,clothes,Nyamagana,Mo-Su 09:00-21:00,Nyamagana,32.9010701,-2.5194771
mwanza_businesses.2713,2713,2713,8532206217,,,Makoroboi,,,Mwanza,clothes,Nyamagana,Mo-Su 09:00-21:00,Nyamagana,32.9010617,-2.5194587
mwanza_businesses.2714,2714,2714,8532205678,,,Makoroboi,,,Mwanza,beauty,Nyamagana,Mo-Su 09:00-21:00,Nyamagana,32.9016733,-2.5193989
mwanza_businesses.2715,2715,2715,8532206817,,,Makoroboi,,,Mwanza,clothes,Nyamagana,Mo-Su 09:00-21:00,Nyamagana,32.9016951,-2.5193989
mwanza_businesses.2716,2716,2716,8532198759,,,Makoroboi,,,Mwanza,clothes,Nyamagana,Mo-Su 09:00-21:00,Nyamagana,32.9012203,-2.5193699
mwanza_businesses.2717,2717,2717,5246950554,,,,Makoroboi,,Mwanza,clothes,Nyamagana,,Nyamagana,32.9015866,-2.519351
mwanza_businesses.2718,2718,2718,8532206052,,,Makoroboi,,,Mwanza,clothes,Nyamagana,Mo-Su 09:00-21:00,Nyamagana,32.9012203,-2.5193484
mwanza_businesses.2719,2719,2719,8532205656,,,Makoroboi,,,Mwanza,clothes,Nyamagana,Mo-Su 09:00-21:00,Nyamagana,32.9012203,-2.519327
mwanza_businesses.2720,2720,2720,8532206992,,,Makoroboi,,,Mwanza,beauty,Nyamagana,Mo-Su 09:00-21:00,Nyamagana,32.9016297,-2.5193662
mwanza_businesses.2721,2721,2721,8532207010,,,Makoroboi,,,Mwanza,clothes,Nyamagana,Mo-Su 09:00-21:00,Nyamagana,32.9010701,-2.5195199
mwanza_businesses.2722,2722,2722,8532207067,,,Makoroboi,,,Mwanza,clothes,Nyamagana,Mo-Su 09:00-21:00,Nyamagana,32.901202,-2.5193837
mwanza_businesses.2723,2723,2723,8532207112,,,Makoroboi,,,Mwanza,clothes,Nyamagana,Mo-Su 09:00-21:00,Nyamagana,32.9010842,-2.5194587
mwanza_businesses.2724,2724,2724,8532207139,,,Makoroboi,,,Mwanza,clothes,Nyamagana,Mo-Su 09:00-21:00,Nyamagana,32.9017169,-2.5194206
mwanza_businesses.2725,2725,2725,8532207189,,,Makoroboi,,,Mwanza,convenience,Nyamagana,Mo-Su 09:00-21:00,Nyamagana,32.9013062,-2.5193056
mwanza_businesses.2726,2726,2726,8532207211,Pramukh Swami Street,,Makoroboi,,,Mwanza,clothes,Nyamagana,Mo-Sa 08:00-18:00,Nyamagana,32.9017313,-2.5196545
mwanza_businesses.2727,2727,2727,8532207240,Pramukh Swami Street,,Makoroboi,,,Mwanza,clothes,Nyamagana,Mo-Sa 08:00-18:00,Nyamagana,32.9017138,-2.5195414
mwanza_businesses.2728,2728,2728,8532207292,,,Makoroboi,,,Mwanza,bag,Nyamagana,Mo-Su 09:00-21:00,Nyamagana,32.9013276,-2.5192841
mwanza_businesses.2729,2729,2729,8532207314,Pramukh Swami Street,,Makoroboi,,,Mwanza,clothes,Nyamagana,Mo-Sa 08:00-18:00,Nyamagana,32.9017138,-2.5195843
mwanza_businesses.2730,2730,2730,8532205580,,,Makoroboi,,,Mwanza,clothes,Nyamagana,Mo-Su 09:00-21:00,Nyamagana,32.9008341,-2.51967
mwanza_businesses.2731,2731,2731,8532207090,,,Makoroboi,,,Mwanza,convenience,Nyamagana,Mo-Fr 08:00-18:00; Sa-Su 08:00-15:00,Nyamagana,32.9004264,-2.5196271
mwanza_businesses.2732,2732,2732,8532205557,,,Makoroboi,,,Mwanza,clothes,Nyamagana,Mo-Fr 08:00-18:00; Sa-Su 08:00-15:00,Nyamagana,32.9004368,-2.5196155
mwanza_businesses.2733,2733,2733,8532206125,,,Makoroboi,,,Mwanza,clothes,Nyamagana,Mo-Fr 08:00-18:00; Sa-Su 08:00-15:00,Nyamagana,32.9004478,-2.5195628
mwanza_businesses.2734,2734,2734,8532198778,,,Makoroboi,,,Mwanza,clothes,Nyamagana,Mo-Fr 08:00-18:00; Sa-Su 08:00-15:00,Nyamagana,32.9004908,-2.5195414
mwanza_businesses.2735,2735,2735,8532203810,,,Makoroboi,,,Mwanza,convenience,Nyamagana,Mo-Fr 08:00-18:00; Sa-Su 08:00-15:00,Nyamagana,32.9005122,-2.5194985
mwanza_businesses.2736,2736,2736,8532206442,,,Makoroboi,,,Mwanza,clothes,Nyamagana,Mo-Fr 08:00-18:00; Sa-Su 08:00-15:00,Nyamagana,32.9004908,-2.5194985
mwanza_businesses.2737,2737,2737,8532205650,,,Makoroboi,,,Mwanza,convenience,Nyamagana,Mo-Fr 08:00-18:00; Sa-Su 08:00-15:00,Nyamagana,32.9005337,-2.5194771
mwanza_businesses.2738,2738,2738,8532207183,,,Makoroboi,,,Mwanza,clothes,Nyamagana,Mo-Su 09:00-21:00,Nyamagana,32.9007483,-2.5194556
mwanza_businesses.2739,2739,2739,8532206782,,,Makoroboi,,,Mwanza,clothes,Nyamagana,Mo-Fr 08:00-18:00; Sa-Su 08:00-15:00;Mo-Fr 08:00-18:00; Sa-Su 08:00-15:00,Nyamagana,32.9005337,-2.5194556
mwanza_businesses.2740,2740,2740,8532205826,,,Makoroboi,,,Mwanza,clothes,Nyamagana,Mo-Su 09:00-21:00,Nyamagana,32.9007697,-2.5194342
mwanza_businesses.2741,2741,2741,8532206148,,,Makoroboi,,,Mwanza,shoes,Nyamagana,Mo-Fr 08:00-18:00; Sa-Su 08:00-15:00,Nyamagana,32.9005337,-2.5194342
mwanza_businesses.2742,2742,2742,8532206958,,,Makoroboi,,,Mwanza,convenience,Nyamagana,Mo-Fr 08:00-18:00; Sa-Su 08:00-15:00,Nyamagana,32.9005551,-2.5194128
mwanza_businesses.2743,2743,2743,8532206370,,,Makoroboi,,,Mwanza,convenience,Nyamagana,Mo-Fr 08:00-18:00; Sa-Su 08:00-15:00,Nyamagana,32.9005766,-2.5193913
mwanza_businesses.2744,2744,2744,8532206392,,,Makoroboi,,,Mwanza,bag,Nyamagana,Mo-Su 09:00-21:00,Nyamagana,32.9008126,-2.5193913
mwanza_businesses.2745,2745,2745,8532205977,,,Makoroboi,,,Mwanza,clothes,Nyamagana,Mo-Fr 08:00-18:00; Sa-Su 08:00-15:00,Nyamagana,32.9005766,-2.5193699
mwanza_businesses.2746,2746,2746,8532205528,,,Makoroboi,,,Mwanza,clothes,Nyamagana,Mo-Fr 08:00-18:00; Sa-Su 08:00-15:00,Nyamagana,32.900641,-2.5192841
mwanza_businesses.2747,2747,2747,8532207061,,,Makoroboi,,,Mwanza,convenience,Nyamagana,Mo-Fr 08:00-18:00; Sa-Su 08:00-15:00,Nyamagana,32.9006445,-2.5192722
mwanza_businesses.2748,2748,2748,8532203759,,,Makoroboi,,,Mwanza,clothes,Nyamagana,Mo-Fr 08:00-18:00; Sa-Su 08:00-15:00,Nyamagana,32.9006624,-2.5192627
mwanza_businesses.2749,2749,2749,8532206097,,,Makoroboi,,,Mwanza,clothes,Nyamagana,Mo-Su 09:00-21:00,Nyamagana,32.9008397,-2.5192276
mwanza_businesses.2750,2750,2750,8532206993,,,Makoroboi,,,Mwanza,shoes,Nyamagana,Mo-Fr 08:00-18:00; Sa-Su 08:00-15:00,Nyamagana,32.9007053,-2.5192198
mwanza_businesses.2751,2751,2751,8532205702,,,Makoroboi,,,Mwanza,clothes,Nyamagana,Mo-Fr 08:00-18:00; Sa-Su 08:00-15:00,Nyamagana,32.9007053,-2.5191984
mwanza_businesses.2752,2752,2752,8532205837,,,Makoroboi,,,Mwanza,clothes,Nyamagana,Mo-Fr 08:00-18:00; Sa-Su 08:00-15:00,Nyamagana,32.9007483,-2.5191555
mwanza_businesses.2753,2753,2753,8532207235,,,Makoroboi,,,Mwanza,clothes,Nyamagana,Mo-Su 09:00-21:00,Nyamagana,32.9008341,-2.5196914
mwanza_businesses.2754,2754,2754,8532207262,,,Makoroboi,,,Mwanza,clothes,Nyamagana,Mo-Fr 08:00-18:00; Sa-Su 08:00-15:00,Nyamagana,32.9004693,-2.5195628
mwanza_businesses.2755,2755,2755,8532207358,,,Makoroboi,,,Mwanza,beauty,Nyamagana,Mo-Su 09:00-21:00,Nyamagana,32.9007912,-2.5194128
mwanza_businesses.2756,2756,2756,8532207370,,,Makoroboi,,,Mwanza,clothes,Nyamagana,Mo-Fr 08:00-18:00; Sa-Su 08:00-15:00,Nyamagana,32.9007483,-2.5191341
mwanza_businesses.2757,2757,2757,8532227380,,,,,,Mwanza,mobile_phone,Nyamagana,Mo-Sa 08:00-18:00,Nyamagana,32.9025117,-2.5191379
mwanza_businesses.2758,2758,2758,8532227009,,,,,+2557367351201,Mwanza,supermarket,Nyamagana,Mo-Sa 08:00-18:00,Nyamagana,32.9025527,-2.5193306
mwanza_businesses.2759,2759,2759,4999557722,Liberty Street,,,Lwempisi building,,Mwanza,outdoor,Nyamagana,,Nyamagana,32.9026006,-2.5193513
mwanza_businesses.2760,2760,2760,8532203744,,,Makoroboi,,,Mwanza,houseware,Nyamagana,Mo-Fr 08:00-18:00; Sa-Su 08:00-15:00,Nyamagana,32.9026151,-2.51967
mwanza_businesses.2761,2761,2761,8532227279,,,,,,Mwanza,travel_agency,Nyamagana,Mo-Sa 08:00-18:00,Nyamagana,32.9026463,-2.5192484
mwanza_businesses.2762,2762,2762,8532206081,,,Makoroboi,,,Mwanza,stationery,Nyamagana,Mo-Fr 08:00-18:00; Sa-Su 08:00-15:00,Nyamagana,32.9026794,-2.51967
mwanza_businesses.2763,2763,2763,8532215215,,,,,,Mwanza,furniture,Nyamagana,Mo-Fr 09:00-17:00,Nyamagana,32.9026859,-2.5194275
mwanza_businesses.2764,2764,2764,8532227435,,,,,0755954592,Mwanza,hardware,Nyamagana,Mo-Sa 09:00-17:00,Nyamagana,32.9027103,-2.5194452
mwanza_businesses.2765,2765,2765,8532227149,,,,,,Mwanza,cosmetics,Nyamagana,Mo-Sa 08:00-18:00,Nyamagana,32.902742,-2.5189951
mwanza_businesses.2766,2766,2766,4401772490,,,,Semira electronics,,Mwanza,electronics,Nyamagana,,Nyamagana,32.9027477,-2.5193887
mwanza_businesses.2767,2767,2767,8532227197,,,,,0762221197,Mwanza,electronics,Nyamagana,Mo-Sa 09:00-20:00,Nyamagana,32.9027533,-2.5194452
mwanza_businesses.2768,2768,2768,8532227575,,,,,,Mwanza,convenience,Nyamagana,Mo-Sa 08:00-18:00,Nyamagana,32.9027597,-2.51937
mwanza_businesses.2769,2769,2769,8532226830,,,,,,Mwanza,bakery,Nyamagana,Mo-Sa 08:00-18:00,Nyamagana,32.9027653,-2.5189626
mwanza_businesses.2770,2770,2770,8532228369,,,Kwame Nkuruma,Ramsay Matelephone,,Mwanza,mobile_phone,Nyamagana,Mo-Sa 08:00-18:00,Nyamagana,32.9027846,-2.5190007
mwanza_businesses.2771,2771,2771,8532227204,,,,,,Mwanza,electronics,Nyamagana,Mo-Sa 08:00-18:00,Nyamagana,32.9028511,-2.5190698
mwanza_businesses.2772,2772,2772,8532227333,,,Kwame Nkuruma,,,Mwanza,shoes,Nyamagana,Mo-Sa 08:00-18:00,Nyamagana,32.9028494,-2.5190591
mwanza_businesses.2773,2773,2773,8532228423,,,,,,Mwanza,clothes,Nyamagana,Mo-Sa 08:00-18:00,Nyamagana,32.9028726,-2.5190912
mwanza_businesses.2774,2774,2774,8532227632,,,,,,Mwanza,stationery,Nyamagana,Mo-Sa 08:00-18:00,Nyamagana,32.9028979,-2.5190591
mwanza_businesses.2775,2775,2775,8532226776,,,kwame Nkuruma,,,Mwanza,furniture,Nyamagana,Mo-Sa 08:00-18:00,Nyamagana,32.9028979,-2.5190914
mwanza_businesses.2776,2776,2776,8532227387,,,,,,Mwanza,clothes,Nyamagana,Mo-Sa 08:00-18:00,Nyamagana,32.9029155,-2.5191126
mwanza_businesses.2777,2777,2777,8532201415,,,,,,Mwanza,convenience,Nyamagana,Mo-Sa 08:00-18:00,Nyamagana,32.9029369,-2.5190483
mwanza_businesses.2778,2778,2778,8532226962,,,,,,Mwanza,convenience,Nyamagana,Mo-Sa 08:00-18:00,Nyamagana,32.9029584,-2.5190055
mwanza_businesses.2779,2779,2779,8532226955,,,Kirumba,,,Mwanza,vacant,Nyamagana,,Nyamagana,32.9029624,-2.5189624
mwanza_businesses.2780,2780,2780,8532227120,,,,,,Mwanza,copyshop,Nyamagana,Mo-Sa 08:00-18:00,Nyamagana,32.9029799,-2.5189626
mwanza_businesses.2781,2781,2781,8532226901,,,,,,Mwanza,clothes,Nyamagana,Mo-Sa 08:00-18:00,Nyamagana,32.9030013,-2.5189197
mwanza_businesses.2782,2782,2782,8532228526,,,,,,Mwanza,motorcycle_repair,Nyamagana,Mo-Sa 08:00-18:00,Nyamagana,32.9026365,-2.5188554
mwanza_businesses.2783,2783,2783,8532228611,,,,,,Mwanza,beverages,Nyamagana,Mo-Sa 08:00-18:00,Nyamagana,32.9027827,-2.5193815
mwanza_businesses.2784,2784,2784,8532228660,,,,,,Mwanza,copyshop,Nyamagana,Mo-Sa 08:00-18:00,Nyamagana,32.9024953,-2.5190443
mwanza_businesses.2785,2785,2785,8532228715,,,,,,Mwanza,mobile_phone,Nyamagana,Mo-Fr 09:00-17:00,Nyamagana,32.9024667,-2.5192733
mwanza_businesses.2786,2786,2786,8532227625,,,,,,Mwanza,copyshop,Nyamagana,Mo-Sa 08:00-18:00,Nyamagana,32.9026151,-2.5187482
mwanza_businesses.2787,2787,2787,8532228792,,,,,,Mwanza,travel_agency,Nyamagana,Mo-Sa 08:00-18:00,Nyamagana,32.9025097,-2.519302
mwanza_businesses.2788,2788,2788,8532228799,,,,,,Mwanza,furniture,Nyamagana,Mo-Sa 08:00-18:00,Nyamagana,32.9027836,-2.5190228
mwanza_businesses.2789,2789,2789,8532228854,,,,,,Mwanza,agrarian,Nyamagana,Mo-Sa 09:00-17:00,Nyamagana,32.902565,-2.5191674
mwanza_businesses.2790,2790,2790,8532228953,,,Kwame Nkuruma,,,Mwanza,carpet,Nyamagana,Mo-Sa 08:00-18:00,Nyamagana,32.902744,-2.5189194
mwanza_businesses.2791,2791,2791,8532229032,,,,,,Mwanza,convenience,Nyamagana,Mo-Sa 08:00-18:00,Nyamagana,32.9026091,-2.5191926
mwanza_businesses.2792,2792,2792,8532229039,,,,,,Mwanza,clothes,Nyamagana,Mo-Sa 08:00-18:00,Nyamagana,32.9026151,-2.5187911
mwanza_businesses.2793,2793,2793,8532229089,,,,,,Mwanza,clothes,Nyamagana,Mo-Sa 08:00-18:00,Nyamagana,32.9024667,-2.5190299
mwanza_businesses.2794,2794,2794,8532229173,,,,,,Mwanza,clothes,Nyamagana,Mo-Sa 08:00-18:00,Nyamagana,32.9026395,-2.5193275
mwanza_businesses.2795,2795,2795,8532229198,,,,,,Mwanza,convenience,Nyamagana,Mo-Sa 08:00-18:00,Nyamagana,32.9029155,-2.5190698
mwanza_businesses.2796,2796,2796,8532206250,Pramukh Swami Street,,Makoroboi,,,Mwanza,electronics,Nyamagana,Mo-Sa 08:00-18:00,Nyamagana,32.9017782,-2.5193913
mwanza_businesses.2797,2797,2797,8532226854,,,,,,Mwanza,agrarian,Nyamagana,Mo-Sa 08:00-18:00,Nyamagana,32.9018076,-2.5188961
mwanza_businesses.2798,2798,2798,8532206738,Pramukh Swami Street,,Makoroboi,,,Mwanza,furniture,Nyamagana,Mo-Sa 08:00-18:00,Nyamagana,32.9018211,-2.5193699
mwanza_businesses.2799,2799,2799,8532206447,Pramukh Swami Street,,Makoroboi,,,Mwanza,hardware,Nyamagana,Mo-Sa 08:00-18:00,Nyamagana,32.9018211,-2.5193056
mwanza_businesses.2800,2800,2800,8532206175,Pramukh Swami Street,,Makoroboi,,,Mwanza,tailor,Nyamagana,Mo-Sa 08:00-18:00,Nyamagana,32.9018211,-2.5192413
mwanza_businesses.2801,2801,2801,8532205782,Pramukh Swami Street,,Makoroboi,,,Mwanza,car_parts,Nyamagana,Mo-Sa 08:00-18:00,Nyamagana,32.9018641,-2.5192841
mwanza_businesses.2802,2802,2802,8532206892,Pramukh Swami Street,,Makoroboi,,,Mwanza,bed,Nyamagana,Mo-Sa 08:00-18:00,Nyamagana,32.9018641,-2.5192413
mwanza_businesses.2803,2803,2803,8532206079,,,Makoroboi,,,Mwanza,hardware,Nyamagana,Mo-Fr 08:00-18:00; Sa-Su 08:00-15:00,Nyamagana,32.9018855,-2.5196486
mwanza_businesses.2804,2804,2804,8532227227,,,,,,Mwanza,beverages,Nyamagana,Mo-Sa 08:00-18:00,Nyamagana,32.9019399,-2.5189951
mwanza_businesses.2805,2805,2805,8532207217,,,Makoroboi,ETG Input Trading Company,,Mwanza,convenience,Nyamagana,Mo-Fr 08:00-18:00; Sa-Su 08:00-15:00,Nyamagana,32.9019499,-2.5194556
mwanza_businesses.2806,2806,2806,8532205533,,,Makoroboi,ETG store,,Mwanza,bed,Nyamagana,Mo-Fr 08:00-18:00; Sa-Su 08:00-15:00,Nyamagana,32.9019499,-2.5194128
mwanza_businesses.2807,2807,2807,8532226801,,,,,,Mwanza,electronics,Nyamagana,Mo-Sa 08:00-18:00,Nyamagana,32.9019692,-2.5189079
mwanza_businesses.2808,2808,2808,8532205858,,,Makoroboi,,,Mwanza,clothes,Nyamagana,Mo-Fr 08:00-18:00; Sa-Su 08:00-15:00,Nyamagana,32.9020357,-2.5193913
mwanza_businesses.2809,2809,2809,8532226770,,,,,,Mwanza,electronics,Nyamagana,Mo-Sa 08:00-18:00,Nyamagana,32.902076,-2.5190938
mwanza_businesses.2810,2810,2810,8532206320,,,Makoroboi,,,Mwanza,car_parts,Nyamagana,Mo-Fr 08:00-18:00; Sa-Su 08:00-15:00,Nyamagana,32.9021724,-2.5194405
mwanza_businesses.2811,2811,2811,8532207287,,,Makoroboi,,,Mwanza,vacant,Nyamagana,Mo-Fr 08:00-18:00; Sa-Su 08:00-15:00,Nyamagana,32.9021859,-2.5194556
mwanza_businesses.2812,2812,2812,8532205927,,,Makoroboi,,,Mwanza,bed,Nyamagana,Mo-Fr 08:00-18:00; Sa-Su 08:00-15:00,Nyamagana,32.9022162,-2.5194623
mwanza_businesses.2813,2813,2813,8532206887,,,,Akshar Stationary,,Mwanza,stationery,Nyamagana,Mo-Fr 08:00-18:00; Sa-Su 08:00-15:00,Nyamagana,32.9023147,-2.5194771
mwanza_businesses.2814,2814,2814,4402529689,,,,,,Mwanza,beauty,Nyamagana,,Nyamagana,32.9023227,-2.5191773
mwanza_businesses.2815,2815,2815,8532226823,,,,,,Mwanza,alcohol,Nyamagana,Mo-Su 09:00-21:00,Nyamagana,32.902352,-2.5192304
mwanza_businesses.2816,2816,2816,8532227249,,,,,,Mwanza,cosmetics,Nyamagana,Mo-Sa 08:00-18:00,Nyamagana,32.9023576,-2.5188983
mwanza_businesses.2817,2817,2817,8532207268,,,Makoroboi,Cello Houseware,,Mwanza,houseware,Nyamagana,Mo-Fr 08:00-18:00; Sa-Su 08:00-15:00;Mo-Sa 08:00-18:00,Nyamagana,32.9024163,-2.5195724
mwanza_businesses.2818,2818,2818,8532227064,,,,,,Mwanza,mobile_phone,Nyamagana,Mo-Sa 08:00-18:00,Nyamagana,32.902438,-2.5190299
mwanza_businesses.2819,2819,2819,8532227327,,,,,,Mwanza,motorcycle_repair,Nyamagana,Mo-Sa 08:00-18:00,Nyamagana,32.9023126,-2.5192112
mwanza_businesses.2820,2820,2820,8532227357,,,,,,Mwanza,bookmaker,Nyamagana,Mo-Sa 08:00-18:00,Nyamagana,32.9019379,-2.5189602
mwanza_businesses.2821,2821,2821,8532227491,,,,,,Mwanza,hardware,Nyamagana,Mo-Sa 08:00-18:00,Nyamagana,32.9021444,-2.5191451
mwanza_businesses.2822,2822,2822,8532227546,,,,,,Mwanza,clothes,Nyamagana,Mo-Sa 08:00-18:00,Nyamagana,32.9024005,-2.5189411
mwanza_businesses.2823,2823,2823,8532227568,,,,,,Mwanza,beverages,Nyamagana,Mo-Sa 08:00-18:00,Nyamagana,32.902422,-2.5189626
mwanza_businesses.2824,2824,2824,8532227657,,,,,,Mwanza,beauty,Nyamagana,Mo-Sa 08:00-18:00,Nyamagana,32.901836,-2.5188535
mwanza_businesses.2825,2825,2825,8532227681,,,,,,Mwanza,convenience,Nyamagana,Mo-Sa 09:00-17:00,Nyamagana,32.9022087,-2.5191588
mwanza_businesses.2826,2826,2826,8532228362,,,,,,Mwanza,tailor,Nyamagana,Mo-Sa 08:00-18:00,Nyamagana,32.902379,-2.5189197
mwanza_businesses.2827,2827,2827,8532228429,,,,,,Mwanza,agrarian,Nyamagana,Mo-Fr 09:00-17:00,Nyamagana,32.9020246,-2.5190938
mwanza_businesses.2828,2828,2828,8532228471,,,,,,Mwanza,clothes,Nyamagana,Mo-Sa 08:00-18:00,Nyamagana,32.9021102,-2.519128
mwanza_businesses.2829,2829,2829,8532228604,,,,,,Mwanza,books,Nyamagana,Mo-Sa 09:00-17:00,Nyamagana,32.9022374,-2.5191874
mwanza_businesses.2830,2830,2830,8532228983,,,,,,Mwanza,bed,Nyamagana,Mo-Sa 08:00-18:00,Nyamagana,32.9017934,-2.5189386
mwanza_businesses.2831,2831,2831,8532229008,,,,,,Mwanza,art,Nyamagana,Mo-Sa 08:00-18:00,Nyamagana,32.9019855,-2.5188472
mwanza_businesses.2832,2832,2832,8532229142,,,,,,Mwanza,hairdresser,Nyamagana,Mo-Sa 08:00-18:00,Nyamagana,32.9023443,-2.5188849
mwanza_businesses.2833,2833,2833,8532206789,,,Makoroboi,,,Mwanza,beauty,Nyamagana,Mo-Su 09:00-21:00,Nyamagana,32.9012307,-2.5192039
mwanza_businesses.2834,2834,2834,8532206224,,,Makoroboi,,,Mwanza,convenience,Nyamagana,Mo-Su 09:00-21:00,Nyamagana,32.9017335,-2.5191756
mwanza_businesses.2835,2835,2835,8532207016,,,Makoroboi,,,Mwanza,beauty,Nyamagana,Mo-Su 09:00-21:00,Nyamagana,32.9012632,-2.5191555
mwanza_businesses.2836,2836,2836,8532205832,,,Makoroboi,Roshan Tyres And Tubes,,Mwanza,car_parts,Nyamagana,Mo-Su 09:00-21:00,Nyamagana,32.9016676,-2.5191493
mwanza_businesses.2837,2837,2837,8532205932,,,Makoroboi,,,Mwanza,fabric,Nyamagana,Mo-Su 09:00-21:00,Nyamagana,32.9016413,-2.5191361
mwanza_businesses.2838,2838,2838,8532207364,,,Makoroboi,,,Mwanza,clothes,Nyamagana,Mo-Su 09:00-21:00,Nyamagana,32.9012632,-2.5191341
mwanza_businesses.2839,2839,2839,8532203764,,,Makoroboi,,,Mwanza,clothes,Nyamagana,Mo-Su 09:00-21:00,Nyamagana,32.9012203,-2.5191341
mwanza_businesses.2840,2840,2840,8532206102,,,Makoroboi,,,Mwanza,beauty,Nyamagana,Mo-Su 09:00-21:00,Nyamagana,32.9012847,-2.5191126
mwanza_businesses.2841,2841,2841,8532206840,Nyerere Road,,Makoroboi,,,Mwanza,convenience,Nyamagana,Mo-Sa 08:00-18:00,Nyamagana,32.9015207,-2.5191126
mwanza_businesses.2842,2842,2842,8532206964,,,Makoroboi,,,Mwanza,clothes,Nyamagana,Mo-Su 09:00-21:00,Nyamagana,32.9012418,-2.5191126
mwanza_businesses.2843,2843,2843,8532206003,,,Makoroboi,,,Mwanza,clothes,Nyamagana,Mo-Su 09:00-21:00,Nyamagana,32.9012847,-2.5190912
mwanza_businesses.2844,2844,2844,8532205607,Nyerere Road,,Makoroboi,,,Mwanza,fabric,Nyamagana,Mo-Sa 08:00-18:00,Nyamagana,32.9014564,-2.5190912
mwanza_businesses.2845,2845,2845,8532205882,Nyerere Road,,Makoroboi,MRC Auto Parts,,Mwanza,car_parts,Nyamagana,Mo-Sa 08:00-18:00,Nyamagana,32.9014778,-2.5190912
mwanza_businesses.2846,2846,2846,8532205707,Nyerere Road,,Makoroboi,,,Mwanza,houseware,Nyamagana,Mo-Sa 08:00-18:00,Nyamagana,32.9015207,-2.5190912
mwanza_businesses.2847,2847,2847,8532206398,,,Makoroboi,,,Mwanza,clothes,Nyamagana,Mo-Su 09:00-21:00,Nyamagana,32.9012418,-2.5190912
mwanza_businesses.2848,2848,2848,8532206970,,,Makoroboi,,,Mwanza,convenience,Nyamagana,Mo-Fr 08:00-18:00; Sa-Su 08:00-15:00,Nyamagana,32.9010057,-2.5190912
mwanza_businesses.2849,2849,2849,4547727389,,,,MRC Autos,,Mwanza,car_parts,Nyamagana,,Nyamagana,32.9014931,-2.5190878
mwanza_businesses.2850,2850,2850,8532206009,,,Makoroboi,,,Mwanza,clothes,Nyamagana,Mo-Fr 08:00-18:00; Sa-Su 08:00-15:00,Nyamagana,32.9009843,-2.5190698
mwanza_businesses.2851,2851,2851,8532205853,,,Makoroboi,,,Mwanza,clothes,Nyamagana,Mo-Su 09:00-21:00,Nyamagana,32.9013062,-2.5190698
mwanza_businesses.2852,2852,2852,8532206245,Nyerere Road,,Makoroboi,,,Mwanza,stationery,Nyamagana,Mo-Sa 08:00-18:00,Nyamagana,32.9014349,-2.5190698
mwanza_businesses.2853,2853,2853,8532206811,,,Makoroboi,,,Mwanza,clothes,Nyamagana,Mo-Fr 08:00-18:00; Sa-Su 08:00-15:00;Mo-Su 09:00-21:00,Nyamagana,32.9012632,-2.5190698
mwanza_businesses.2854,2854,2854,8532203792,,,Makoroboi,,,Mwanza,convenience,Nyamagana,Mo-Fr 08:00-18:00; Sa-Su 08:00-15:00,Nyamagana,32.9012632,-2.5190483
mwanza_businesses.2855,2855,2855,8532206131,,,Makoroboi,,,Mwanza,clothes,Nyamagana,Mo-Su 09:00-21:00,Nyamagana,32.9013062,-2.5190483
mwanza_businesses.2856,2856,2856,8532206717,,,Makoroboi,,,Mwanza,clothes,Nyamagana,Mo-Fr 08:00-18:00; Sa-Su 08:00-15:00;Mo-Su 09:00-21:00,Nyamagana,32.9012632,-2.5190269
mwanza_businesses.2857,2857,2857,8532207167,Nyerere Road,,Makoroboi,,,Mwanza,clothes,Nyamagana,Mo-Sa 08:00-18:00,Nyamagana,32.9012203,-2.5190055
mwanza_businesses.2858,2858,2858,8532207119,,,Makoroboi,,,Mwanza,convenience,Nyamagana,Mo-Su 09:00-21:00,Nyamagana,32.9013606,-2.5189876
mwanza_businesses.2859,2859,2859,8532205587,Nyerere Road,,Makoroboi,,,Mwanza,bag,Nyamagana,Mo-Sa 08:00-18:00,Nyamagana,32.9011774,-2.518984
mwanza_businesses.2860,2860,2860,8532205984,Nyerere Road,,Makoroboi,,,Mwanza,clothes,Nyamagana,Mo-Sa 08:00-18:00,Nyamagana,32.9011989,-2.518984
mwanza_businesses.2861,2861,2861,8532206766,,,Makoroboi,,,Mwanza,convenience,Nyamagana,Mo-Fr 08:00-18:00; Sa-Su 08:00-15:00,Nyamagana,32.9012847,-2.5189626
mwanza_businesses.2862,2862,2862,8532205635,Nyerere Road,,Makoroboi,SD Stationery,,Mwanza,stationery,Nyamagana,Mo-Sa 08:00-18:00,Nyamagana,32.9012203,-2.5189626
mwanza_businesses.2863,2863,2863,8532206203,Nyerere Road,,Makoroboi,,,Mwanza,bag,Nyamagana,Mo-Sa 08:00-18:00,Nyamagana,32.9012418,-2.5189411
mwanza_businesses.2864,2864,2864,8532206945,Nyerere Road,,Makoroboi,,,Mwanza,houseware,Nyamagana,Mo-Sa 08:00-18:00,Nyamagana,32.9011774,-2.5189411
mwanza_businesses.2865,2865,2865,8532206030,Nyerere Road,,Makoroboi,,,Mwanza,shoes,Nyamagana,Mo-Sa 08:00-18:00,Nyamagana,32.9012203,-2.5189411
mwanza_businesses.2866,2866,2866,8532205812,Nyerere Road,,Makoroboi,,,Mwanza,convenience,Nyamagana,Mo-Sa 08:00-18:00,Nyamagana,32.9011989,-2.5189197
mwanza_businesses.2867,2867,2867,8532207344,Nyerere Road,,Makoroboi,,,Mwanza,clothes,Nyamagana,Mo-Sa 08:00-18:00,Nyamagana,32.9011774,-2.5189197
mwanza_businesses.2868,2868,2868,8532228823,,,,,,Mwanza,cosmetics,Nyamagana,Mo-Sa 08:00-18:00,Nyamagana,32.9017508,-2.5189244
mwanza_businesses.2869,2869,2869,8532227292,,,Nyamagana Magharibi,,,Mwanza,convenience,Nyamagana,Mo-Sa 08:00-18:00,Nyamagana,32.8998749,-2.5191758
mwanza_businesses.2870,2870,2870,8532227132,,,Nyamagana magharibi,,,Mwanza,travel_agency,Nyamagana,Mo-Sa 08:00-18:00,Nyamagana,32.8995748,-2.5191592
mwanza_businesses.2871,2871,2871,8532228539,,,Nyamagana magharibi,Rich Table,0766215301,Mwanza,convenience,Nyamagana,Mo-Sa 08:00-18:00,Nyamagana,32.900021,-2.5191404
mwanza_businesses.2872,2872,2872,8532227479,,,Nyamagana magharibi,Julys salon,0623245678,Mwanza,hairdresser,Nyamagana,Mo-Sa 08:00-18:00,Nyamagana,32.8997054,-2.5191373
mwanza_businesses.2873,2873,2873,8532228648,,,Nyamagana magharibi,,,Mwanza,cosmetics,Nyamagana,Mo-Sa 08:00-18:00,Nyamagana,32.8996857,-2.519085
mwanza_businesses.2874,2874,2874,8532228328,,,Nyamagana magharibi,,,Mwanza,art,Nyamagana,Mo-Sa 09:00-17:00,Nyamagana,32.8997351,-2.5190781
mwanza_businesses.2875,2875,2875,8532227370,,,Nyamagana magharibi,,,Mwanza,convenience,Nyamagana,Mo-Sa 09:00-17:00;Mo-Sa 08:00-18:00,Nyamagana,32.8996968,-2.5190698
mwanza_businesses.2876,2876,2876,8532227261,,,Nyamagana magharibi,,,Mwanza,bakery,Nyamagana,Mo-Sa 08:00-18:00,Nyamagana,32.9000187,-2.5190269
mwanza_businesses.2877,2877,2877,8532207038,,,Makoroboi,,,Mwanza,wholesale,Nyamagana,Mo-Fr 08:00-18:00; Sa-Su 08:00-15:00,Nyamagana,32.9003099,-2.5190249
mwanza_businesses.2878,2878,2878,8532226975,,,Nyamagana magharibi,,,Mwanza,books,Nyamagana,Mo-Sa 09:00-17:00,Nyamagana,32.8998423,-2.5190118
mwanza_businesses.2879,2879,2879,8532228353,,,Nyamagana magharibi,,,Mwanza,craft,Nyamagana,Mo-Sa 08:00-18:00,Nyamagana,32.8995895,-2.5190055
mwanza_businesses.2880,2880,2880,8532227187,,,Nyamagana magharibi,,,Mwanza,beverages,Nyamagana,Mo-Fr 08:00-18:00; Sa-Su 08:00-15:00;Mo-Sa 08:00-18:00,Nyamagana,32.8996543,-2.5189989
mwanza_businesses.2881,2881,2881,8532206915,,,Makoroboi,,,Mwanza,wholesale,Nyamagana,Mo-Fr 08:00-18:00; Sa-Su 08:00-15:00,Nyamagana,32.9003451,-2.5189896
mwanza_businesses.2882,2882,2882,8532227424,,,Nyamagana magharibi,,,Mwanza,bag,Nyamagana,Mo-Sa 08:00-18:00,Nyamagana,32.8998537,-2.5189817
mwanza_businesses.2883,2883,2883,8532227108,,,Nyamagana magharibi,,,Mwanza,kiosk,Nyamagana,Mo-Sa 08:00-18:00,Nyamagana,32.899644,-2.51898
mwanza_businesses.2884,2884,2884,8532227346,,,Nyamagana magharibi,Sumuni Artist,0765438897,Mwanza,art,Nyamagana,Mo-Sa 08:00-18:00,Nyamagana,32.8996884,-2.5189659
mwanza_businesses.2885,2885,2885,8532226891,,,Nyamagana magharibi,Rose Salon,,Mwanza,beauty,Nyamagana,Mo-Fr 08:00-18:00; Sa-Su 08:00-15:00,Nyamagana,32.9000831,-2.5189626
mwanza_businesses.2886,2886,2886,8532228594,,,Nyamagana magharibi,,,Mwanza,shoes,Nyamagana,Mo-Sa 08:00-18:00,Nyamagana,32.8995607,-2.5189379
mwanza_businesses.2887,2887,2887,8532206347,,,Makoroboi,,,Mwanza,wholesale,Nyamagana,Mo-Fr 08:00-18:00; Sa-Su 08:00-15:00,Nyamagana,32.9003804,-2.5189368
mwanza_businesses.2888,2888,2888,8532227053,,,Nyamagana magharibi,,,Mwanza,electronics,Nyamagana,Mo-Sa 08:00-18:00,Nyamagana,32.8995829,-2.5189237
mwanza_businesses.2889,2889,2889,8532227534,,,Nyamagana magharibi,,,Mwanza,kiosk,Nyamagana,Mo-Sa 08:00-18:00,Nyamagana,32.8995976,-2.518918
mwanza_businesses.2890,2890,2890,8532227024,,,Nyamagana Magharibi,,,Mwanza,hardware,Nyamagana,Mo-Sa 08:00-18:00,Nyamagana,32.8999702,-2.5189099
mwanza_businesses.2891,2891,2891,8532226969,,,Nyamagana Magharibi,,,Mwanza,electronics,Nyamagana,Mo-Sa 08:00-18:00,Nyamagana,32.8999668,-2.5188683
mwanza_businesses.2892,2892,2892,8532228483,,,Nyamagana Magharibi,,,Mwanza,wholesale,Nyamagana,Mo-Sa 08:00-18:00,Nyamagana,32.9001267,-2.5188044
mwanza_businesses.2893,2893,2893,8532227316,,,Nyamagana Magharibi,,,Mwanza,cosmetics,Nyamagana,Mo-Sa 08:00-18:00,Nyamagana,32.9000147,-2.5188044
mwanza_businesses.2894,2894,2894,8532227077,,,Nyamagana Magharibi,,,Mwanza,convenience,Nyamagana,Mo-Sa 08:00-18:00,Nyamagana,32.9002066,-2.5187565
mwanza_businesses.2895,2895,2895,8532227448,,,Nyamagana Magharibi,,,Mwanza,electronics,Nyamagana,Mo-Sa 08:00-18:00,Nyamagana,32.9001297,-2.5187034
mwanza_businesses.2896,2896,2896,8532227669,,,Nyamagana Magharibi,,,Mwanza,mobile_phone,Nyamagana,Mo-Sa 08:00-18:00,Nyamagana,32.8997359,-2.518672
mwanza_businesses.2897,2897,2897,8532226813,,,Nyamagana Magharibi,,,Mwanza,electronics,Nyamagana,Mo-Sa 08:00-18:00,Nyamagana,32.8997607,-2.5186596
mwanza_businesses.2898,2898,2898,8532228477,,,Nyamagana Magharibi,,,Mwanza,convenience,Nyamagana,Mo-Sa 08:00-18:00,Nyamagana,32.8998351,-2.5186472
mwanza_businesses.2899,2899,2899,8532227016,,,Nyamagana magharibi,Sumsung,,Mwanza,electronics,Nyamagana,Mo-Sa 08:00-18:00,Nyamagana,32.900148,-2.5185149
mwanza_businesses.2900,2900,2900,8532226804,,,Nyamagana Magharibi,Phone Shop,,Mwanza,mobile_phone,Nyamagana,Mo-Sa 09:00-17:00,Nyamagana,32.8998855,-2.5184952
mwanza_businesses.2901,2901,2901,8532227044,,,Nyamagana Magharibi,,,Mwanza,electronics,Nyamagana,Mo-Sa 09:00-17:00,Nyamagana,32.8999408,-2.5184777
mwanza_businesses.2902,2902,2902,8532228758,,,Nyamagana magharibi,,,Mwanza,clothes,Nyamagana,Mo-Sa 08:00-18:00,Nyamagana,32.8998641,-2.5190189
mwanza_businesses.2903,2903,2903,8532228836,,,Nyamagana magharibi,,,Mwanza,hardware,Nyamagana,Mo-Sa 08:00-18:00,Nyamagana,32.8996539,-2.5189411
mwanza_businesses.2904,2904,2904,8532228859,,,,,,Mwanza,wholesale,Nyamagana,Mo-Sa 09:00-17:00,Nyamagana,32.8999619,-2.5187872
mwanza_businesses.2905,2905,2905,8532228890,,,Nyamagana magharibi,,,Mwanza,beverages,Nyamagana,Mo-Sa 08:00-18:00,Nyamagana,32.899815,-2.5189235
mwanza_businesses.2906,2906,2906,8532228967,,,Nyamagana Magharibi,,,Mwanza,stationery,Nyamagana,Mo-Sa 08:00-18:00,Nyamagana,32.9000307,-2.5188523
mwanza_businesses.2907,2907,2907,8532229052,,,Nyamagana magharibi,,,Mwanza,books,Nyamagana,Mo-Sa 08:00-18:00,Nyamagana,32.8997614,-2.5190453
mwanza_businesses.2908,2908,2908,8532229101,,,Nyamagana Magharibi,,,Mwanza,books,Nyamagana,Mo-Sa 08:00-18:00,Nyamagana,32.9001746,-2.5187884
mwanza_businesses.2909,2909,2909,8532229131,,,Nyamagana Magharibi,Paint Me Saloon,,Mwanza,hairdresser,Nyamagana,Mo-Sa 08:00-18:00,Nyamagana,32.8997111,-2.5186224
mwanza_businesses.2910,2910,2910,8532229186,,,Nyamagana magharibi,,,Mwanza,greengrocer,Nyamagana,Mo-Sa 08:00-18:00,Nyamagana,32.8997485,-2.5191033
mwanza_businesses.2911,2911,2911,2362991086,,,,Zantel,,Mwanza,convenience,Nyamagana,,Nyamagana,32.9000191,-2.5187857
mwanza_businesses.2912,2912,2912,8532206454,,,Makoroboi,,,Mwanza,clothes,Nyamagana,Mo-Fr 08:00-18:00; Sa-Su 08:00-15:00,Nyamagana,32.9007697,-2.5191126
mwanza_businesses.2913,2913,2913,8532198790,,,Makoroboi,,,Mwanza,clothes,Nyamagana,Mo-Fr 08:00-18:00; Sa-Su 08:00-15:00,Nyamagana,32.9007483,-2.5190912
mwanza_businesses.2914,2914,2914,8532206403,,,Makoroboi,,,Mwanza,clothes,Nyamagana,Mo-Fr 08:00-18:00; Sa-Su 08:00-15:00,Nyamagana,32.9007268,-2.5190698
mwanza_businesses.2915,2915,2915,8532205613,,,Makoroboi,,,Mwanza,clothes,Nyamagana,Mo-Fr 08:00-18:00; Sa-Su 08:00-15:00,Nyamagana,32.9008703,-2.5190604
mwanza_businesses.2916,2916,2916,8532207144,,,Makoroboi,,,Mwanza,cosmetics,Nyamagana,Mo-Fr 08:00-18:00; Sa-Su 08:00-15:00,Nyamagana,32.9008912,-2.5190601
mwanza_businesses.2917,2917,2917,8532207195,,,Makoroboi,,,Mwanza,clothes,Nyamagana,Mo-Fr 08:00-18:00; Sa-Su 08:00-15:00,Nyamagana,32.9008555,-2.5190483
mwanza_businesses.2918,2918,2918,8532198760,,,Makoroboi,,,Mwanza,shoes,Nyamagana,Mo-Fr 08:00-18:00; Sa-Su 08:00-15:00,Nyamagana,32.9007053,-2.5190483
mwanza_businesses.2919,2919,2919,8532207023,,,Makoroboi,,,Mwanza,clothes,Nyamagana,Mo-Fr 08:00-18:00; Sa-Su 08:00-15:00,Nyamagana,32.9008343,-2.5190425
mwanza_businesses.2920,2920,2920,8532206743,,,Makoroboi,,,Mwanza,shoes,Nyamagana,Mo-Fr 08:00-18:00; Sa-Su 08:00-15:00,Nyamagana,32.900809,-2.5190328
mwanza_businesses.2921,2921,2921,8532206180,,,Makoroboi,,,Mwanza,shoes,Nyamagana,Mo-Fr 08:00-18:00; Sa-Su 08:00-15:00,Nyamagana,32.9006624,-2.5190269
mwanza_businesses.2922,2922,2922,8532206230,,,Makoroboi,,,Mwanza,beauty,Nyamagana,Mo-Fr 08:00-18:00; Sa-Su 08:00-15:00,Nyamagana,32.900877,-2.5190269
mwanza_businesses.2923,2923,2923,8532205788,,,Makoroboi,,,Mwanza,cosmetics,Nyamagana,Mo-Fr 08:00-18:00; Sa-Su 08:00-15:00,Nyamagana,32.9006195,-2.5190055
mwanza_businesses.2924,2924,2924,8532206921,,,Makoroboi,,,Mwanza,clothes,Nyamagana,Mo-Fr 08:00-18:00; Sa-Su 08:00-15:00,Nyamagana,32.900598,-2.5190055
mwanza_businesses.2925,2925,2925,8532205889,,,Makoroboi,,,Mwanza,clothes,Nyamagana,Mo-Fr 08:00-18:00; Sa-Su 08:00-15:00,Nyamagana,32.9005766,-2.518984
mwanza_businesses.2926,2926,2926,8532206353,,,Makoroboi,,,Mwanza,shoes,Nyamagana,Mo-Fr 08:00-18:00; Sa-Su 08:00-15:00,Nyamagana,32.9005551,-2.518984
mwanza_businesses.2927,2927,2927,8532205960,,,Makoroboi,,,Mwanza,clothes,Nyamagana,Mo-Fr 08:00-18:00; Sa-Su 08:00-15:00,Nyamagana,32.9007053,-2.518984
mwanza_businesses.2928,2928,2928,8532205563,,,Makoroboi,,,Mwanza,clothes,Nyamagana,Mo-Fr 08:00-18:00; Sa-Su 08:00-15:00,Nyamagana,32.9006624,-2.5189626
mwanza_businesses.2929,2929,2929,8532206795,,,Makoroboi,,,Mwanza,clothes,Nyamagana,Mo-Fr 08:00-18:00; Sa-Su 08:00-15:00,Nyamagana,32.9006839,-2.5189626
mwanza_businesses.2930,2930,2930,8532206425,,,Makoroboi,,,Mwanza,clothes,Nyamagana,Mo-Fr 08:00-18:00; Sa-Su 08:00-15:00,Nyamagana,32.900641,-2.5189411
mwanza_businesses.2931,2931,2931,8532207096,,,Nyamagana,,,Mwanza,clothes,Nyamagana,Mo-Fr 08:00-18:00; Sa-Su 08:00-15:00,Nyamagana,32.9006195,-2.5189411
mwanza_businesses.2932,2932,2932,8532206058,,,Makoroboi,,,Mwanza,books,Nyamagana,Mo-Fr 08:00-18:00; Sa-Su 08:00-15:00,Nyamagana,32.9005766,-2.5189197
mwanza_businesses.2933,2933,2933,8532207073,,,Makoroboi,,,Mwanza,clothes,Nyamagana,Mo-Fr 08:00-18:00; Sa-Su 08:00-15:00,Nyamagana,32.900598,-2.5189197
mwanza_businesses.2934,2934,2934,8532203737,,,Makoroboi,,,Mwanza,cosmetics,Nyamagana,Mo-Fr 08:00-18:00; Sa-Su 08:00-15:00,Nyamagana,32.9004716,-2.518823
mwanza_businesses.2935,2935,2935,8532205904,,,Makoroboi,,,Mwanza,bag,Nyamagana,Mo-Fr 08:00-18:00; Sa-Su 08:00-15:00,Nyamagana,32.9004958,-2.5187794
mwanza_businesses.2936,2936,2936,8532205714,,,Makoroboi,,,Mwanza,cosmetics,Nyamagana,Mo-Fr 08:00-18:00; Sa-Su 08:00-15:00,Nyamagana,32.9005122,-2.5187268
mwanza_businesses.2937,2937,2937,8532206847,,,Makoroboi,,,Mwanza,cosmetics,Nyamagana,Mo-Fr 08:00-18:00; Sa-Su 08:00-15:00,Nyamagana,32.9005337,-2.5186839
mwanza_businesses.2938,2938,2938,8532206280,,,Makoroboi,,,Mwanza,books,Nyamagana,Mo-Fr 08:00-18:00; Sa-Su 08:00-15:00,Nyamagana,32.9006503,-2.5186762
mwanza_businesses.2939,2939,2939,8532205685,,,Makoroboi,S.H. Amon,,Mwanza,cosmetics,Nyamagana,Mo-Fr 08:00-18:00; Sa-Su 08:00-15:00,Nyamagana,32.9005766,-2.518641
mwanza_businesses.2940,2940,2940,8532201401,,,Kwame Nkuruma,,,Mwanza,vacant,Nyamagana,,Nyamagana,32.9008542,-2.5184733
mwanza_businesses.2941,2941,2941,8532207320,,,Makoroboi,,,Mwanza,shoes,Nyamagana,Mo-Fr 08:00-18:00; Sa-Su 08:00-15:00,Nyamagana,32.9005766,-2.5190055
mwanza_businesses.2942,2942,2942,8532226779,,,,,,Mwanza,clothes,Nyamagana,Mo-Sa 08:00-18:00,Nyamagana,32.900723,-2.5184123
mwanza_businesses.2943,2943,2943,8532227074,,,,,,Mwanza,clothes,Nyamagana,Mo-Sa 08:00-18:00,Nyamagana,32.9007449,-2.5183794
mwanza_businesses.2944,2944,2944,8532227184,,,,,,Mwanza,vacant,Nyamagana,,Nyamagana,32.9007888,-2.5184079
mwanza_businesses.2945,2945,2945,8532227476,,,,,,Mwanza,mobile_phone,Nyamagana,Mo-Sa 08:00-18:00,Nyamagana,32.9008792,-2.5184983
mwanza_businesses.2946,2946,2946,8532228724,,,,,,Mwanza,mobile_phone,Nyamagana,Mo-Sa 08:00-18:00,Nyamagana,32.9007598,-2.5184386
mwanza_businesses.2947,2947,2947,8532228910,,,,,,Mwanza,pastry,Nyamagana,Mo-Sa 08:00-18:00,Nyamagana,32.9008314,-2.5184625
mwanza_businesses.2948,2948,2948,8532229153,Kwame Nkuruma,,Kwame Nkuruma,New Look Jewelles Gold & Sliver smith,,Mwanza,vacant,Nyamagana,,Nyamagana,32.9007888,-2.5184733
mwanza_businesses.2949,2949,2949,8532227467,,,,,,Mwanza,bed,Nyamagana,Mo-Sa 08:00-18:00,Nyamagana,32.901694,-2.5188961
mwanza_businesses.2950,2950,2950,8532227040,,,,,,Mwanza,electronics,Nyamagana,Mo-Sa 08:00-18:00,Nyamagana,32.9016373,-2.5188819
mwanza_businesses.2951,2951,2951,4402530190,,,,Dunia ya warembo shop,,Mwanza,beauty,Nyamagana,,Nyamagana,32.9016796,-2.5188557
mwanza_businesses.2952,2952,2952,4405809200,,,,Samsung store,,Mwanza,mobile_phone,Nyamagana,,Nyamagana,32.9009863,-2.5188531
mwanza_businesses.2953,2953,2953,8532228931,,,,,,Mwanza,mobile_phone,Nyamagana,Mo-Sa 08:00-18:00,Nyamagana,32.9015747,-2.5188501
mwanza_businesses.2954,2954,2954,8532206109,,,Makoroboi,,,Mwanza,convenience,Nyamagana,Mo-Fr 08:00-18:00; Sa-Su 08:00-15:00,Nyamagana,32.9010695,-2.5188393
mwanza_businesses.2955,2955,2955,8532205662,,,Makoroboi,,,Mwanza,convenience,Nyamagana,Mo-Fr 08:00-18:00; Sa-Su 08:00-15:00,Nyamagana,32.9009843,-2.518834
mwanza_businesses.2956,2956,2956,8532227521,,,,,,Mwanza,hairdresser,Nyamagana,Mo-Sa 08:00-18:00,Nyamagana,32.9014778,-2.5188125
mwanza_businesses.2957,2957,2957,8532228691,,,,,,Mwanza,electronics,Nyamagana,Mo-Sa 08:00-18:00,Nyamagana,32.9014349,-2.5187911
mwanza_businesses.2958,2958,2958,8532227600,,,,,,Mwanza,stationery,Nyamagana,Mo-Fr 09:00-17:00,Nyamagana,32.901392,-2.5187696
mwanza_businesses.2959,2959,2959,8532227095,,,Liberty,,,Mwanza,bookmaker,Nyamagana,Mo-Sa 08:00-18:00,Nyamagana,32.9014778,-2.5187053
mwanza_businesses.2960,2960,2960,8532228636,,,Liberty,,,Mwanza,copyshop,Nyamagana,Mo-Sa 09:00-17:00,Nyamagana,32.9014993,-2.5187053
mwanza_businesses.2961,2961,2961,8532227174,,,Liberty,,,Mwanza,books,Nyamagana,Mo-Sa 08:00-18:00,Nyamagana,32.901392,-2.5187053
mwanza_businesses.2962,2962,2962,8532227411,,,Mosque,,,Mwanza,convenience,Nyamagana,Mo-Sa 08:00-18:00,Nyamagana,32.9015207,-2.5186839
mwanza_businesses.2963,2963,2963,8532227051,,,,,,Mwanza,clothes,Nyamagana,Mo-Sa 08:00-18:00,Nyamagana,32.9014582,-2.5186256
mwanza_businesses.2964,2964,2964,8532226811,,,Liberty,,,Mwanza,mobile_phone,Nyamagana,Mo-Sa 08:00-18:00,Nyamagana,32.9014778,-2.5186196
mwanza_businesses.2965,2965,2965,8532227238,,,Liberty,,,Mwanza,clothes,Nyamagana,Mo-Sa 08:00-18:00,Nyamagana,32.9015012,-2.5186174
mwanza_businesses.2966,2966,2966,8532228340,,,,,,Mwanza,fabric,Nyamagana,Mo-Sa 08:00-18:00,Nyamagana,32.9010921,-2.5186042
mwanza_businesses.2967,2967,2967,8532228700,,,Mosque,,,Mwanza,books,Nyamagana,Mo-Sa 08:00-18:00,Nyamagana,32.9014349,-2.5185982
mwanza_businesses.2968,2968,2968,8532228769,,,,,,Mwanza,travel_agency,Nyamagana,Mo-Sa 08:00-18:00,Nyamagana,32.9010651,-2.5185908
mwanza_businesses.2969,2969,2969,8532226878,,,,,,Mwanza,beverages,Nyamagana,Mo-Sa 08:00-18:00,Nyamagana,32.9010381,-2.5185773
mwanza_businesses.2970,2970,2970,8532227666,,,,,,Mwanza,copyshop,Nyamagana,Mo-Sa 08:00-18:00,Nyamagana,32.9014349,-2.5185767
mwanza_businesses.2971,2971,2971,8532227304,,,,,,Mwanza,cosmetics,Nyamagana,Mo-Sa 08:00-18:00,Nyamagana,32.9009976,-2.5185638
mwanza_businesses.2972,2972,2972,8532228392,,,,,,Mwanza,electronics,Nyamagana,Mo-Sa 08:00-18:00,Nyamagana,32.9015488,-2.5185532
mwanza_businesses.2973,2973,2973,8532228448,,,,,,Mwanza,beverages,Nyamagana,Mo-Sa 08:00-18:00,Nyamagana,32.9016755,-2.5185532
mwanza_businesses.2974,2974,2974,8532228878,,,,,,Mwanza,convenience,Nyamagana,Mo-Sa 08:00-18:00,Nyamagana,32.9016031,-2.5185532
mwanza_businesses.2975,2975,2975,8532226931,,,,,,Mwanza,stationery,Nyamagana,Mo-Sa 08:00-18:00,Nyamagana,32.9014401,-2.5185351
mwanza_businesses.2976,2976,2976,8532229065,,,Liberty,,,Mwanza,mobile_phone,Nyamagana,Mo-Sa 08:00-18:00,Nyamagana,32.9013491,-2.5187053
mwanza_businesses.2977,2977,2977,8532229119,,,,,,Mwanza,books,Nyamagana,Mo-Sa 08:00-18:00,Nyamagana,32.9013491,-2.5187482
mwanza_businesses.2978,2978,2978,8532229129,,,Mosque,,,Mwanza,copyshop,Nyamagana,Mo-Sa 08:00-18:00,Nyamagana,32.9014134,-2.5185124
mwanza_businesses.2979,2979,2979,4402530889,,,,,,Mwanza,beverages,Nyamagana,,Nyamagana,32.9010838,-2.5188761
mwanza_businesses.2980,2980,2980,8532228366,,,Nyamagana Mashariki,,,Mwanza,clothes,Nyamagana,Mo-Fr 09:00-17:00,Nyamagana,32.9017627,-2.5175119
mwanza_businesses.2981,2981,2981,8532228621,,,,,,Mwanza,clothes,Nyamagana,Mo-Sa 08:00-18:00,Nyamagana,32.9017661,-2.5184447
mwanza_businesses.2982,2982,2982,8532227531,,,,,,Mwanza,convenience,Nyamagana,Mo-Sa 08:00-18:00,Nyamagana,32.9018204,-2.5182637
mwanza_businesses.2983,2983,2983,8532228756,,,kwame Nkuruma,Tata Kuku Tools & Hardware,,Mwanza,hardware,Nyamagana,Mo-Sa 08:00-18:00,Nyamagana,32.901857,-2.5180268
mwanza_businesses.2984,2984,2984,8532228325,,,,,,Mwanza,convenience,Nyamagana,Mo-Sa 08:00-18:00,Nyamagana,32.9019087,-2.5183576
mwanza_businesses.2985,2985,2985,8532227080,,,kwame Nkuruma,Magie Shop,,Mwanza,beauty,Nyamagana,Mo-Sa 08:00-18:00,Nyamagana,32.9019167,-2.5178195
mwanza_businesses.2986,2986,2986,8532226972,,,,,,Mwanza,convenience,Nyamagana,Mo-Sa 08:00-18:00,Nyamagana,32.9019238,-2.5184331
mwanza_businesses.2987,2987,2987,8532227506,,,Kwame Nkuruma,,,Mwanza,vacant,Nyamagana,,Nyamagana,32.9019321,-2.517835
mwanza_businesses.2988,2988,2988,8532228541,,,Nyamagana Mashariki,,,Mwanza,stationery,Nyamagana,Mo-Sa 09:00-20:00,Nyamagana,32.9019427,-2.5175569
mwanza_businesses.2989,2989,2989,8532228730,,,Nyamagana Mashariki,,,Mwanza,convenience,Nyamagana,Mo-Sa 09:00-20:00,Nyamagana,32.9020458,-2.5176335
mwanza_businesses.2990,2990,2990,8532227026,,,Nyamagana Mashariki,,,Mwanza,beauty,Nyamagana,Mo-Fr 09:00-17:00,Nyamagana,32.9020448,-2.5176112
mwanza_businesses.2991,2991,2991,8532226864,,,Liberty,,,Mwanza,convenience,Nyamagana,Mo-Sa 08:00-18:00,Nyamagana,32.9020427,-2.5181511
mwanza_businesses.2992,2992,2992,8532226731,,,Liberty,,,Mwanza,books,Nyamagana,Mo-Sa 09:00-17:00,Nyamagana,32.9020572,-2.5181909
mwanza_businesses.2993,2993,2993,8532227159,,,kwame Nkuruma,Baby Land,,Mwanza,clothes,Nyamagana,Mo-Sa 08:00-18:00,Nyamagana,32.9020691,-2.5182142
mwanza_businesses.2994,2994,2994,8532227343,,,Liberty,,,Mwanza,convenience,Nyamagana,Mo-Sa 08:00-18:00,Nyamagana,32.9020786,-2.5182337
mwanza_businesses.2995,2995,2995,8532227585,,,,,,Mwanza,craft,Nyamagana,Mo-Sa 08:00-18:00,Nyamagana,32.9021084,-2.5186196
mwanza_businesses.2996,2996,2996,8532226745,,,,,,Mwanza,books,Nyamagana,Mo-Sa 08:00-18:00,Nyamagana,32.902147,-2.5186774
mwanza_businesses.2997,2997,2997,8532226785,,,kwame Nkuruma,,,Mwanza,convenience,Nyamagana,Mo-Sa 08:00-18:00,Nyamagana,32.9021543,-2.5180317
mwanza_businesses.2998,2998,2998,8532228502,,,,,,Mwanza,electronics,Nyamagana,Mo-Sa 08:00-18:00,Nyamagana,32.9021856,-2.518716
mwanza_businesses.2999,2999,2999,8532228432,,,Kwame Nkuruma,,,Mwanza,clothes,Nyamagana,Mo-Sa 08:00-18:00,Nyamagana,32.9021886,-2.5180694
mwanza_businesses.3000,3000,3000,8532215204,,,Nyamagana Mashariki,,,Mwanza,copyshop,Nyamagana,Mo-Sa 09:00-17:00,Nyamagana,32.90223,-2.5176065
mwanza_businesses.3001,3001,3001,8532215200,,,Nyamagana Mashariki,,,Mwanza,clothes,Nyamagana,Mo-Sa 09:00-20:00,Nyamagana,32.9023361,-2.5177407
mwanza_businesses.3002,3002,3002,8532228733,,,Nyamagana Mashariki,,,Mwanza,stationery,Nyamagana,Mo-Fr 09:00-17:00,Nyamagana,32.9023576,-2.5176978
mwanza_businesses.3003,3003,3003,8532227267,,,Nyamagana Mashariki,,,Mwanza,bakery,Nyamagana,Mo-Sa 09:00-17:00,Nyamagana,32.902379,-2.5177407
mwanza_businesses.3004,3004,3004,8532226839,,,Nyamagana Mashariki,,,Mwanza,clothes,Nyamagana,Mo-Su 09:00-21:00,Nyamagana,32.9024067,-2.5177008
mwanza_businesses.3005,3005,3005,8532228505,,,,,,Mwanza,bed,Nyamagana,Mo-Sa 08:00-18:00,Nyamagana,32.9024942,-2.5184847
mwanza_businesses.3006,3006,3006,8532226842,,,Nyamagana Mashariki,,,Mwanza,beauty,Nyamagana,Mo-Sa 09:00-20:00,Nyamagana,32.9024982,-2.5175833
mwanza_businesses.3007,3007,3007,8532227099,,,kwame Nkuruma,,,Mwanza,vacant,Nyamagana,,Nyamagana,32.9025507,-2.5185553
mwanza_businesses.3008,3008,3008,8532228489,,,Nyamagana Mashariki,,,Mwanza,alcohol,Nyamagana,Mo-Sa 09:00-20:00,Nyamagana,32.9025727,-2.5177979
mwanza_businesses.3009,3009,3009,8532226721,,,,,,Mwanza,bed,Nyamagana,Mo-Sa 08:00-18:00,Nyamagana,32.9025907,-2.5185233
mwanza_businesses.3010,3010,3010,8532227256,,,Nyamagana Mashariki,,,Mwanza,bed,Nyamagana,Mo-Fr 09:00-17:00,Nyamagana,32.9027009,-2.5178264
mwanza_businesses.3011,3011,3011,8532227641,,,Nyamagana Mashariki,,,Mwanza,car_repair,Nyamagana,Mo-Fr 09:00-17:00,Nyamagana,32.9027438,-2.5178479
mwanza_businesses.3012,3012,3012,8532227264,,,Nyamagana Mashariki,,,Mwanza,wholesale,Nyamagana,Mo-Fr 09:00-17:00,Nyamagana,32.9028296,-2.5178693
mwanza_businesses.3013,3013,3013,8532228862,,,kwame Nkuruma,,,Mwanza,convenience,Nyamagana,Mo-Sa 08:00-18:00,Nyamagana,32.9021507,-2.5180505
mwanza_businesses.3014,3014,3014,8532228940,,,Liberty,,,Mwanza,clothes,Nyamagana,Mo-Sa 08:00-18:00,Nyamagana,32.9020427,-2.5181119
mwanza_businesses.3015,3015,3015,8532228976,,,Liberty,,,Mwanza,clothes,Nyamagana,Mo-Sa 08:00-18:00,Nyamagana,32.9022187,-2.5187318
mwanza_businesses.3016,3016,3016,8532228993,,,kwame Nkuruma,Suleiman,,Mwanza,convenience,Nyamagana,Mo-Sa 08:00-18:00,Nyamagana,32.9020932,-2.518178
mwanza_businesses.3017,3017,3017,8532229049,,,Liberty,,,Mwanza,agrarian,Nyamagana,Mo-Sa 08:00-18:00,Nyamagana,32.9020786,-2.5182766
mwanza_businesses.3018,3018,3018,8532229104,,,Nyamagana Mashariki,,,Mwanza,bookmaker,Nyamagana,Mo-Su 09:00-21:00,Nyamagana,32.9024563,-2.517558
mwanza_businesses.3019,3019,3019,8532229158,,,Nyamagana Mashariki,,,Mwanza,wholesale,Nyamagana,Mo-Fr 09:00-17:00,Nyamagana,32.9022018,-2.5176206
mwanza_businesses.3020,3020,3020,4404172490,,,,,,Mwanza,jewelry,Nyamagana,,Nyamagana,32.9020017,-2.5176102
mwanza_businesses.3021,3021,3021,4404175089,,,,,,Mwanza,jewelry,Nyamagana,,Nyamagana,32.9020713,-2.5174513
mwanza_businesses.3022,3022,3022,8532227021,,,Nyamagana Mashariki,Victoria Bookshop,,Mwanza,books,Nyamagana,Mo-Sa 08:00-18:00,Nyamagana,32.899332,-2.5175263
mwanza_businesses.3023,3023,3023,8532227445,,,Nyamagana Mashariki,National Housing,,Mwanza,stationery,Nyamagana,,Nyamagana,32.899375,-2.5175692
mwanza_businesses.3024,3024,3024,8532227635,,,Nyamagana Mashariki,,,Mwanza,stationery,Nyamagana,Mo-Sa 08:00-18:00,Nyamagana,32.899375,-2.5176121
mwanza_businesses.3025,3025,3025,8532227579,,,Nyamagana Mashariki,,,Mwanza,books,Nyamagana,Mo-Sa 08:00-18:00,Nyamagana,32.8993789,-2.5175896
mwanza_businesses.3026,3026,3026,8532226966,,,Nyamagana Mashariki,,,Mwanza,convenience,Nyamagana,Mo-Sa 08:00-18:00,Nyamagana,32.8993964,-2.517805
mwanza_businesses.3027,3027,3027,8532227390,,,Nyamagana Mashariki,,,Mwanza,books,Nyamagana,Mo-Sa 08:00-18:00,Nyamagana,32.8994179,-2.5177835
mwanza_businesses.3028,3028,3028,8532226766,,,Nyamagana Mashariki,,,Mwanza,stationery,Nyamagana,Mo-Sa 08:00-18:00,Nyamagana,32.8995037,-2.5175906
mwanza_businesses.3029,3029,3029,8532226951,,,Nyamagana Mashariki,,,Mwanza,stationery,Nyamagana,Mo-Sa 08:00-18:00,Nyamagana,32.8995895,-2.5177621
mwanza_businesses.3030,3030,3030,8532227564,,,Nyamagana Mashariki,Prinseco LTD,,Mwanza,electronics,Nyamagana,Mo-Sa 08:00-18:00,Nyamagana,32.8996754,-2.5177407
mwanza_businesses.3031,3031,3031,8532227454,,,Nyamagana Mashariki,,,Mwanza,bed,Nyamagana,Mo-Sa 08:00-18:00,Nyamagana,32.8997397,-2.517955
mwanza_businesses.3032,3032,3032,8532227323,,,Nyamagana Mashariki,,,Mwanza,electronics,Nyamagana,Mo-Sa 08:00-18:00,Nyamagana,32.8998041,-2.5179336
mwanza_businesses.3033,3033,3033,8532226874,,,Nyamagana Mashariki,Gama Bookshop and Stationery,,Mwanza,books,Nyamagana,Mo-Sa 08:00-18:00,Nyamagana,32.899847,-2.5175692
mwanza_businesses.3034,3034,3034,4400885390,,,,,,Mwanza,department_store,Nyamagana,,Nyamagana,32.8999305,-2.5183671
mwanza_businesses.3035,3035,3035,8532226748,,,Nyamagana Mashariki,St. Dominic Mini Market,,Mwanza,convenience,Nyamagana,Mo-Fr 08:00-18:00; Sa-Su 08:00-15:00,Nyamagana,32.8999329,-2.5180408
mwanza_businesses.3036,3036,3036,8532227193,,,Nyamagana Mashariki,Gamba Barber Shop,,Mwanza,hairdresser,Nyamagana,Mo-Sa 08:00-18:00,Nyamagana,32.8999543,-2.5175692
mwanza_businesses.3037,3037,3037,8532227604,,,Nyamagana Mashariki,,,Mwanza,cosmetics,Nyamagana,Mo-Sa 08:00-18:00,Nyamagana,32.9000187,-2.5180622
mwanza_businesses.3038,3038,3038,8532227139,,,Nyamagana Mashariki,,,Mwanza,wholesale,Nyamagana,Mo-Sa 08:00-18:00,Nyamagana,32.9001045,-2.5177407
mwanza_businesses.3039,3039,3039,8532228336,,,Nyamagana Mashariki,,,Mwanza,stationery,Nyamagana,Mo-Sa 08:00-18:00,Nyamagana,32.8995037,-2.5176335
mwanza_businesses.3040,3040,3040,8532228466,,,Nyamagana Mashariki,,,Mwanza,convenience,Nyamagana,Mo-Sa 08:00-18:00,Nyamagana,32.8995037,-2.5178479
mwanza_businesses.3041,3041,3041,8532228480,,,Nyamagana Mashariki,,,Mwanza,hardware,Nyamagana,Mo-Sa 08:00-18:00,Nyamagana,32.8992462,-2.5175049
mwanza_businesses.3042,3042,3042,8532228522,,,Nyamagana Mashariki,,,Mwanza,convenience,Nyamagana,Mo-Sa 08:00-18:00,Nyamagana,32.8997183,-2.5179122
mwanza_businesses.3043,3043,3043,8532227442,,,Nyamagana Magharibi,,,Mwanza,convenience,Nyamagana,,Nyamagana,32.8999592,-2.5184117
mwanza_businesses.3044,3044,3044,8532228599,,,Nyamagana Mashariki,,,Mwanza,stationery,Nyamagana,Mo-Sa 08:00-18:00,Nyamagana,32.9001474,-2.5177621
mwanza_businesses.3045,3045,3045,8532228666,,,Nyamagana magharibi,,,Mwanza,wholesale,Nyamagana,Mo-Sa 08:00-18:00,Nyamagana,32.9001217,-2.5184098
mwanza_businesses.3046,3046,3046,8532228670,,,Nyamagana Mashariki,,,Mwanza,houseware,Nyamagana,Mo-Sa 08:00-18:00,Nyamagana,32.8992033,-2.5175049
mwanza_businesses.3047,3047,3047,8532228694,,,Nyamagana Magharibi,,,Mwanza,mobile_phone,Nyamagana,Mo-Sa 08:00-18:00,Nyamagana,32.8999344,-2.5184365
mwanza_businesses.3048,3048,3048,8532228711,,,Nyamagana,,,Mwanza,books,Nyamagana,Mo-Sa 08:00-18:00,Nyamagana,32.8997612,-2.5175263
mwanza_businesses.3049,3049,3049,8532228721,,,Nyamagana Mashariki,,,Mwanza,convenience,Nyamagana,Mo-Sa 08:00-18:00,Nyamagana,32.9001474,-2.5181694
mwanza_businesses.3050,3050,3050,8532228765,,,Nyamagana Mashariki,SerengetIi Bookshop,,Mwanza,books,Nyamagana,Mo-Sa 08:00-18:00,Nyamagana,32.8996325,-2.5177835
mwanza_businesses.3051,3051,3051,8532228788,,,Nyamagana Mashariki,Six Office Stationery And Computer,,Mwanza,stationery,Nyamagana,Mo-Sa 08:00-18:00,Nyamagana,32.8996539,-2.5176764
mwanza_businesses.3052,3052,3052,8532228843,,,Nyamagana Mashariki,Gunda Bookshop,,Mwanza,books,Nyamagana,Mo-Sa 08:00-18:00,Nyamagana,32.8998041,-2.5175477
mwanza_businesses.3053,3053,3053,8532228856,,,Nyamagana Mashariki,,,Mwanza,convenience,Nyamagana,Mo-Sa 08:00-18:00,Nyamagana,32.8994179,-2.5178264
mwanza_businesses.3054,3054,3054,8532228897,,,Nyamagana Mashariki,,,Mwanza,clothes,Nyamagana,Mo-Sa 08:00-18:00,Nyamagana,32.8996754,-2.5179336
mwanza_businesses.3055,3055,3055,8532228919,,,Nyamagana Mashariki,,,Mwanza,houseware,Nyamagana,Mo-Sa 08:00-18:00,Nyamagana,32.8997612,-2.5179765
mwanza_businesses.3056,3056,3056,8532228987,,,Nyamagana magharibi,,,Mwanza,kiosk,Nyamagana,Mo-Sa 08:00-18:00,Nyamagana,32.8984805,-2.5181983
mwanza_businesses.3057,3057,3057,8532229043,,,Nyamagana Mashariki,,,Mwanza,books,Nyamagana,Mo-Sa 08:00-18:00,Nyamagana,32.8994514,-2.5176632
mwanza_businesses.3058,3058,3058,8532229068,,,Nyamagana Mashariki,KD Hardware,,Mwanza,hardware,Nyamagana,Mo-Sa 08:00-18:00,Nyamagana,32.9001689,-2.518148
mwanza_businesses.3059,3059,3059,4400864192,,,,Vodacom,,Mwanza,mobile_phone,Nyamagana,,Nyamagana,32.9000409,-2.5181061
mwanza_businesses.3060,3060,3060,8532229095,,,Nyamagana Mashariki,,,Mwanza,clothes,Nyamagana,Mo-Sa 08:00-18:00,Nyamagana,32.9005766,-2.5183623
mwanza_businesses.3061,3061,3061,4279883189,,,,Serengeti Expedition,,Mwanza,travel_agency,Nyamagana,,Nyamagana,32.9005739,-2.5183597
mwanza_businesses.3062,3062,3062,8532227500,,,,,,Mwanza,clothes,Nyamagana,Mo-Sa 08:00-18:00,Nyamagana,32.9007449,-2.5183465
mwanza_businesses.3063,3063,3063,8532228960,,,Nyamagana Mashariki,Nyambusi Entreprises,,Mwanza,books,Nyamagana,Mo-Sa 08:00-18:00,Nyamagana,32.9004908,-2.5183409
mwanza_businesses.3064,3064,3064,4401670499,,,,Hussein Gift Shop,,Mwanza,gift,Nyamagana,,Nyamagana,32.9004508,-2.5183286
mwanza_businesses.3065,3065,3065,8532227177,,,Nyamagana Mashariki,Hussein Gift Centre,,Mwanza,clothes,Nyamagana,Mo-Sa 08:00-18:00,Nyamagana,32.9004478,-2.5183195
mwanza_businesses.3066,3066,3066,8532227470,,,Nyamagana Mashariki,,,Mwanza,stationery,Nyamagana,Mo-Sa 08:00-18:00,Nyamagana,32.9005766,-2.5183195
mwanza_businesses.3067,3067,3067,8532226885,,,Nyamagana Mashariki,Mwanza Toner And Cartridge Supply,0785608354,Mwanza,copyshop,Nyamagana,Mo-Fr 08:00-18:00; Sa-Su 08:00-15:00,Nyamagana,32.9004049,-2.518298
mwanza_businesses.3068,3068,3068,5476285724,,,,New look jewellers,,Mwanza,jewelry,Nyamagana,,Nyamagana,32.9003746,-2.518289
mwanza_businesses.3069,3069,3069,8532227497,,,Nyamagana Mashariki,,,Mwanza,convenience,Nyamagana,Mo-Sa 08:00-18:00,Nyamagana,32.9005766,-2.5182766
mwanza_businesses.3070,3070,3070,8532228532,,,Nyamagana Mashariki,Ladies Fashion,,Mwanza,beauty,Nyamagana,Mo-Sa 08:00-18:00,Nyamagana,32.9006195,-2.5182552
mwanza_businesses.3071,3071,3071,8532227612,,,Kwame Nkuruma,Palim Classic Fashion,,Mwanza,clothes,Nyamagana,Mo-Sa 08:00-18:00,Nyamagana,32.9008378,-2.5182445
mwanza_businesses.3072,3072,3072,8532227258,,,,,,Mwanza,clothes,Nyamagana,Mo-Sa 08:00-18:00,Nyamagana,32.9008073,-2.5182414
mwanza_businesses.3073,3073,3073,8532228350,Kwame Nkuruma,,Kwame Nkuruma,,,Mwanza,alcohol,Nyamagana,Mo-Sa 08:00-18:00,Nyamagana,32.9008542,-2.5182118
mwanza_businesses.3074,3074,3074,8532227231,,,Nyamagana Mashariki,,,Mwanza,convenience,Nyamagana,Mo-Sa 08:00-18:00,Nyamagana,32.9002333,-2.5181909
mwanza_businesses.3075,3075,3075,8532228881,,,Nyamagana Mashariki,,,Mwanza,convenience,Nyamagana,Mo-Sa 08:00-18:00,Nyamagana,32.900598,-2.5181909
mwanza_businesses.3076,3076,3076,8532227689,,,,,,Mwanza,clothes,Nyamagana,Mo-Sa 08:00-18:00,Nyamagana,32.9008275,-2.5181816
mwanza_businesses.3077,3077,3077,8532227415,,,Nyamagana Mashariki,Dragon Mabati,0627887999,Mwanza,houseware,Nyamagana,24/7,Nyamagana,32.9002118,-2.5181694
mwanza_businesses.3078,3078,3078,8532228451,,,Nyamagana Mashariki,,,Mwanza,convenience,Nyamagana,Mo-Sa 08:00-18:00,Nyamagana,32.9005551,-2.5181694
mwanza_businesses.3079,3079,3079,8532228511,Kwame Nkuruma,,Kwame Nkuruma,,,Mwanza,clothes,Nyamagana,Mo-Sa 08:00-18:00,Nyamagana,32.9008869,-2.5181301
mwanza_businesses.3080,3080,3080,8532227660,,,Nyamagana Mashariki,,,Mwanza,hardware,Nyamagana,Mo-Sa 08:00-18:00,Nyamagana,32.9004693,-2.5181265
mwanza_businesses.3081,3081,3081,8532228780,,,,,,Mwanza,bed,Nyamagana,Mo-Sa 08:00-18:00,Nyamagana,32.9008704,-2.5181173
mwanza_businesses.3082,3082,3082,7118869594,,,,Mitaa ya saloon,,Mwanza,hairdresser,Nyamagana,,Nyamagana,32.9007891,-2.5180855
mwanza_businesses.3083,3083,3083,8532228535,Kwame Nkuruma,,Kwame Nkuruma,,,Mwanza,vacant,Nyamagana,,Nyamagana,32.9009196,-2.5180811
mwanza_businesses.3084,3084,3084,8532227313,,,,,,Mwanza,paint,Nyamagana,Mo-Sa 08:00-18:00,Nyamagana,32.9008964,-2.5180741
mwanza_businesses.3085,3085,3085,8532228833,,,,,,Mwanza,art,Nyamagana,Mo-Sa 08:00-18:00,Nyamagana,32.9009426,-2.5180612
mwanza_businesses.3086,3086,3086,8532226888,,,,,,Mwanza,convenience,Nyamagana,Mo-Sa 08:00-18:00,Nyamagana,32.9008767,-2.5180502
mwanza_businesses.3087,3087,3087,8532228639,,,Nyamagana Mashariki,Amufaddal Photo Studio,,Mwanza,stationery,Nyamagana,Mo-Sa 08:00-18:00,Nyamagana,32.9002762,-2.5180408
mwanza_businesses.3088,3088,3088,8532229122,,,Nyamagana Mashariki,Fama Sport Centre,,Mwanza,clothes,Nyamagana,Mo-Sa 08:00-18:00,Nyamagana,32.9002118,-2.5180194
mwanza_businesses.3089,3089,3089,8532229149,,,Nyamagana Mashariki,,,Mwanza,beverages,Nyamagana,Mo-Sa 08:00-18:00,Nyamagana,32.9002547,-2.5182337
mwanza_businesses.3090,3090,3090,8532229177,,,Nyamagana Mashariki,Kotecha,,Mwanza,craft,Nyamagana,Mo-Sa 08:00-18:00,Nyamagana,32.9005337,-2.5183623
mwanza_businesses.3091,3091,3091,1968157636,,,,Zantel,,Mwanza,mobile_phone,Nyamagana,,Nyamagana,32.900255,-2.5182067
mwanza_businesses.3092,3092,3092,1990676899,,,,Zantel,,Mwanza,convenience,Nyamagana,,Nyamagana,32.900246,-2.5182117
mwanza_businesses.3093,3093,3093,8532228645,,,,,,Mwanza,books,Nyamagana,Mo-Fr 09:00-17:00,Nyamagana,32.901392,-2.5181909
mwanza_businesses.3094,3094,3094,8532228457,,,,,,Mwanza,convenience,Nyamagana,Mo-Sa 08:00-18:00,Nyamagana,32.9011989,-2.5181265
mwanza_businesses.3095,3095,3095,8532227555,,,,,,Mwanza,bag,Nyamagana,Mo-Sa 08:00-18:00,Nyamagana,32.9011598,-2.5181101
mwanza_businesses.3096,3096,3096,8532226941,,,Jushua Nkomo,,,Mwanza,stationery,Nyamagana,Mo-Sa 08:00-18:00,Nyamagana,32.9010531,-2.5181054
mwanza_businesses.3097,3097,3097,8532228404,,,Jushua Nkomo,,,Mwanza,beverages,Nyamagana,Mo-Fr 09:00-17:00,Nyamagana,32.9010057,-2.5180837
mwanza_businesses.3098,3098,3098,8532227368,,,,,,Mwanza,stationery,Nyamagana,Mo-Sa 08:00-18:00,Nyamagana,32.9009905,-2.5180741
mwanza_businesses.3099,3099,3099,8532227170,,,kwame Nkuruma,,,Mwanza,car,Nyamagana,Mo-Sa 08:00-18:00,Nyamagana,32.9013457,-2.5178779
mwanza_businesses.3100,3100,3100,8532228904,,,Kwame Nkuruma,,,Mwanza,carpet,Nyamagana,Mo-Sa 08:00-18:00,Nyamagana,32.9011233,-2.5178387
mwanza_businesses.3101,3101,3101,8532228553,,,Kwame Nkuruma,Mandy Collection,,Mwanza,clothes,Nyamagana,Mo-Sa 08:00-18:00,Nyamagana,32.9011756,-2.5177864
mwanza_businesses.3102,3102,3102,8532228718,,,kwame Nkuruma,,,Mwanza,vacant,Nyamagana,,Nyamagana,32.901071,-2.5177864
mwanza_businesses.3103,3103,3103,8532227092,,,kwame Nkuruma,,,Mwanza,convenience,Nyamagana,Mo-Sa 08:00-18:00,Nyamagana,32.9016164,-2.5177379
mwanza_businesses.3104,3104,3104,8532227331,,,kwame Nkuruma,Hamidu shop,,Mwanza,convenience,Nyamagana,Mo-Sa 08:00-18:00,Nyamagana,32.9016386,-2.5177185
mwanza_businesses.3105,3105,3105,8532227224,,,Kwame Nkuruma,,,Mwanza,beauty,Nyamagana,Mo-Sa 08:00-18:00,Nyamagana,32.9014885,-2.517681
mwanza_businesses.3106,3106,3106,8532227518,,,Kwame Nkuruma,,,Mwanza,carpet,Nyamagana,Mo-Sa 08:00-18:00,Nyamagana,32.9015385,-2.517681
mwanza_businesses.3107,3107,3107,8532228874,,,kwame Nkuruma,Quneeney,,Mwanza,bakery,Nyamagana,Mo-Sa 08:00-18:00,Nyamagana,32.9015135,-2.517681
mwanza_businesses.3108,3108,3108,8532226741,,,Kwame Nkuruma,,,Mwanza,clothes,Nyamagana,Mo-Sa 08:00-18:00,Nyamagana,32.9013821,-2.5176573
mwanza_businesses.3109,3109,3109,8532227494,Kwame Nkuruma,,Kwame Nkuruma,,,Mwanza,vacant,Nyamagana,,Nyamagana,32.9010428,-2.5176486
mwanza_businesses.3110,3110,3110,8532227653,,,kwame Nkuruma,,,Mwanza,vacant,Nyamagana,Mo-Sa 08:00-18:00,Nyamagana,32.9014134,-2.5176435
mwanza_businesses.3111,3111,3111,8532228818,,,Kwame Nkuruma,,,Mwanza,convenience,Nyamagana,Mo-Sa 08:00-18:00,Nyamagana,32.9013615,-2.5176303
mwanza_businesses.3112,3112,3112,8532228396,Kwame Nkuruma,,Kwame Nkuruma,,,Mwanza,furniture,Nyamagana,Mo-Sa 08:00-18:00,Nyamagana,32.9010181,-2.5176239
mwanza_businesses.3113,3113,3113,8532228388,,,Kwame Nkuruma,,,Mwanza,alcohol,Nyamagana,Mo-Sa 08:00-18:00,Nyamagana,32.9012018,-2.5176034
mwanza_businesses.3114,3114,3114,8532227549,Kwame Nkuruma,,Kwame Nkuruma,F2 Internet Cafe,,Mwanza,copyshop,Nyamagana,Mo-Sa 08:00-18:00,Nyamagana,32.9010487,-2.5175477
mwanza_businesses.3115,3115,3115,8532228826,Kwame Nkuruma,,kwame Nkuruma,Z,,Mwanza,clothes,Nyamagana,Mo-Sa 08:00-18:00,Nyamagana,32.9010921,-2.5175376
mwanza_businesses.3116,3116,3116,8532228343,Kwame Nkuruma,,Kwame Nkuruma,Little Teddy,,Mwanza,car_parts,Nyamagana,Mo-Sa 08:00-18:00,Nyamagana,32.9010675,-2.5175253
mwanza_businesses.3117,3117,3117,8532228474,,,Nyamagana Mashariki,,,Mwanza,wholesale,Nyamagana,Mo-Su 09:00-21:00,Nyamagana,32.9011219,-2.5173413
mwanza_businesses.3118,3118,3118,8532227572,,,kwame Nkuruma,Moses Erectronics,,Mwanza,electronics,Nyamagana,Mo-Sa 08:00-18:00,Nyamagana,32.9012418,-2.517119
mwanza_businesses.3119,3119,3119,8532227353,,,Nyamagana Mashariki,,,Mwanza,convenience,Nyamagana,Mo-Fr 09:00-17:00,Nyamagana,32.9012011,-2.5171405
mwanza_businesses.3120,3120,3120,8532227123,,,Nyamagana Mashariki,,,Mwanza,alcohol,Nyamagana,Mo-Su 09:00-21:00,Nyamagana,32.9011333,-2.5172273
mwanza_businesses.3121,3121,3121,8532227360,,,kwame Nkuruma,,,Mwanza,vacant,Nyamagana,,Nyamagana,32.9011559,-2.5173119
mwanza_businesses.3122,3122,3122,8532226934,,,Kwame Nkuruma,,,Mwanza,vacant,Nyamagana,,Nyamagana,32.901113,-2.5173119
mwanza_businesses.3123,3123,3123,8532227253,,,Nyamagana Mashariki,,,Mwanza,beauty,Nyamagana,Mo-Sa 09:00-20:00,Nyamagana,32.9011155,-2.5173282
mwanza_businesses.3124,3124,3124,8532226827,,,kwame Nkuruma,,,Mwanza,vacant,Nyamagana,,Nyamagana,32.901113,-2.5173334
mwanza_businesses.3125,3125,3125,8532227466,,,kwame Nkuruma,,,Mwanza,vacant,Nyamagana,,Nyamagana,32.9010916,-2.5173548
mwanza_businesses.3126,3126,3126,8532227463,,,Nyamagana Mashariki,,,Mwanza,hardware,Nyamagana,Mo-Su 09:00-21:00,Nyamagana,32.9014243,-2.5174219
mwanza_businesses.3127,3127,3127,8532226960,,,Kwame Nkuruma,,,Mwanza,clothes,Nyamagana,Mo-Sa 08:00-18:00,Nyamagana,32.9015616,-2.5174435
mwanza_businesses.3128,3128,3128,8532228576,,,Nyamagana Mashariki,,,Mwanza,hairdresser,Nyamagana,Mo-Fr 09:00-17:00,Nyamagana,32.9012511,-2.5174095
mwanza_businesses.3129,3129,3129,8532228796,,,kwame Nkuruma,,,Mwanza,beauty,Nyamagana,Mo-Sa 08:00-18:00,Nyamagana,32.9015352,-2.5174567
mwanza_businesses.3130,3130,3130,4400885490,,,,Baby Classic Shop,,Mwanza,clothes,Nyamagana,,Nyamagana,32.9009269,-2.5173429
mwanza_businesses.3131,3131,3131,4404167193,,,,,,Mwanza,clothes,Nyamagana,,Nyamagana,32.9011436,-2.517342
mwanza_businesses.3132,3132,3132,8532228358,,,Nyamagana Mashariki,,,Mwanza,bed,Nyamagana,Mo-Sa 08:00-18:00,Nyamagana,32.9006624,-2.5179122
mwanza_businesses.3133,3133,3133,8532228972,,,Nyamagana Mashariki,,,Mwanza,stationery,Nyamagana,Mo-Sa 08:00-18:00,Nyamagana,32.900598,-2.5178907
mwanza_businesses.3134,3134,3134,8532227245,,,Nyamagana Mashariki,,,Mwanza,clothes,Nyamagana,Mo-Sa 08:00-18:00,Nyamagana,32.9002976,-2.5178479
mwanza_businesses.3135,3135,3135,8532228544,,,Nyamagana Mashariki,Pangani Music,,Mwanza,video,Nyamagana,Mo-Sa 08:00-18:00,Nyamagana,32.9003191,-2.5178479
mwanza_businesses.3136,3136,3136,8532227083,,,Nyamagana Mashariki,Namwa Stationery,,Mwanza,stationery,Nyamagana,Mo-Sa 08:00-18:00,Nyamagana,32.9003557,-2.5178195
mwanza_businesses.3137,3137,3137,8532226882,Kwame Nkuruma,,Kwame Nkuruma,,,Mwanza,vacant,Nyamagana,,Nyamagana,32.9009404,-2.5178171
mwanza_businesses.3138,3138,3138,8532226819,,,Nyamagana Mashariki,,,Mwanza,cosmetics,Nyamagana,Mo-Sa 08:00-18:00,Nyamagana,32.9002762,-2.517805
mwanza_businesses.3139,3139,3139,8532227375,,,Nyamagana Mashariki,,,Mwanza,clothes,Nyamagana,Mo-Sa 08:00-18:00,Nyamagana,32.9003219,-2.5177979
mwanza_businesses.3140,3140,3140,8532228930,Kwame Nkuruma,,Kwame Nkuruma,Nevada City Fashion,,Mwanza,clothes,Nyamagana,Mo-Sa 08:00-18:00,Nyamagana,32.9009584,-2.5177631
mwanza_businesses.3141,3141,3141,8532227013,,,Nyamagana Mashariki,,,Mwanza,houseware,Nyamagana,Mo-Sa 08:00-18:00,Nyamagana,32.9007483,-2.5177621
mwanza_businesses.3142,3142,3142,4400885589,,,,Barmeda Cable Office,,Mwanza,electronics,Nyamagana,,Nyamagana,32.9003285,-2.5177381
mwanza_businesses.3143,3143,3143,8532227300,,,Nyamagana,Iramba Bookhouse,,Mwanza,books,Nyamagana,Mo-Sa 08:00-18:00,Nyamagana,32.9002727,-2.5177297
mwanza_businesses.3144,3144,3144,8532201395,,,Nyamagana Mashariki,,,Mwanza,bed,Nyamagana,Mo-Sa 08:00-18:00,Nyamagana,32.9007912,-2.5177192
mwanza_businesses.3145,3145,3145,8532227307,,,Nyamagana Mashariki,,,Mwanza,hardware,Nyamagana,Mo-Sa 08:00-18:00,Nyamagana,32.9007697,-2.5176764
mwanza_businesses.3146,3146,3146,8532228663,,,Nyamagana Mashariki,,,Mwanza,beauty,Nyamagana,Mo-Sa 08:00-18:00,Nyamagana,32.9008126,-2.5176549
mwanza_businesses.3147,3147,3147,8532227431,,,Nyamagana Mashariki,,,Mwanza,convenience,Nyamagana,Mo-Sa 08:00-18:00,Nyamagana,32.9003191,-2.5176335
mwanza_businesses.3148,3148,3148,8532227621,,,Nyamagana Mashariki,,,Mwanza,hairdresser,Nyamagana,Mo-Sa 08:00-18:00,Nyamagana,32.9002834,-2.5176141
mwanza_businesses.3149,3149,3149,8532228655,,,Nyamagana Mashariki,,,Mwanza,books,Nyamagana,Mo-Sa 08:00-18:00,Nyamagana,32.9003191,-2.5175906
mwanza_businesses.3150,3150,3150,8532227677,,,Nyamagana Mashariki,,,Mwanza,tailor,Nyamagana,Mo-Sa 08:00-18:00,Nyamagana,32.9003406,-2.5175263
mwanza_businesses.3151,3151,3151,4400864491,,,,Frola Beauty Salon,,Mwanza,cosmetics,Nyamagana,,Nyamagana,32.9003595,-2.517514
mwanza_businesses.3152,3152,3152,8532227147,,,Nyamagana Mashariki,,,Mwanza,clothes,Nyamagana,Mo-Sa 08:00-18:00,Nyamagana,32.9006504,-2.5174896
mwanza_businesses.3153,3153,3153,8532229138,,,Nyamagana Mashariki,,,Mwanza,books,Nyamagana,Mo-Sa 08:00-18:00,Nyamagana,32.900641,-2.5178479
mwanza_businesses.3154,3154,3154,8532229161,,,Nyamagana Mashariki,,,Mwanza,convenience,Nyamagana,Mo-Sa 08:00-18:00,Nyamagana,32.9004478,-2.5178264
mwanza_businesses.3155,3155,3155,8578728555,,,Nyamagana Mashariki,,,Mwanza,tailor,Nyamagana,Mo-Sa 08:00-18:00,Nyamagana,32.9004814,-2.517679
mwanza_businesses.3156,3156,3156,4400885489,,,,,,Mwanza,clothes,Nyamagana,,Nyamagana,32.90086,-2.5174674
mwanza_businesses.3157,3157,3157,8532228742,,,Nyamagana Mashariki,,,Mwanza,wholesale,Nyamagana,Mo-Sa 09:00-17:00;Mo-Fr 08:00-18:00; Sa-Su 08:00-15:00,Nyamagana,32.9015603,-2.5174649
mwanza_businesses.3158,3158,3158,8532229116,,,Nyamagana Mashariki,,,Mwanza,clothes,Nyamagana,Mo-Fr 09:00-17:00,Nyamagana,32.901392,-2.5174406
mwanza_businesses.3159,3159,3159,8532227037,,,Nyamagana Mashariki,,,Mwanza,car_repair,Nyamagana,Mo-Fr 09:00-17:00,Nyamagana,32.901392,-2.5174191
mwanza_businesses.3160,3160,3160,8532228690,,,kwame Nkuruma,Benny Collection,,Mwanza,clothes,Nyamagana,Mo-Sa 08:00-18:00,Nyamagana,32.901113,-2.5173762
mwanza_businesses.3161,3161,3161,8532228498,,,kwame Nkuruma,,,Mwanza,vacant,Nyamagana,,Nyamagana,32.9013572,-2.5173578
mwanza_businesses.3162,3162,3162,8532228949,,,Kwame Nkuruma,,,Mwanza,vacant,Nyamagana,,Nyamagana,32.9011774,-2.5172691
mwanza_businesses.3163,3163,3163,8532228501,,,kwame Nkuruma,,,Mwanza,vacant,Nyamagana,,Nyamagana,32.901113,-2.5172691
mwanza_businesses.3164,3164,3164,8532228773,,,kwame Nkuruma,,,Mwanza,vacant,Nyamagana,,Nyamagana,32.9011345,-2.5172262
mwanza_businesses.3165,3165,3165,8532227487,,,kwame Nkuruma,,,Mwanza,hardware,Nyamagana,Mo-Sa 08:00-18:00,Nyamagana,32.9011989,-2.5172048
mwanza_businesses.3166,3166,3166,8532226906,,,Kwame Nkuruma,,,Mwanza,gas,Nyamagana,Mo-Sa 08:00-18:00,Nyamagana,32.9012418,-2.5171619
mwanza_businesses.3167,3167,3167,8532215212,,,Nyamagana Mashariki,,,Mwanza,tailor,Nyamagana,Mo-Fr 09:00-17:00,Nyamagana,32.9017353,-2.5171619
mwanza_businesses.3168,3168,3168,8532227060,,,Kwame Nkuruma,,,Mwanza,convenience,Nyamagana,Mo-Sa 08:00-18:00,Nyamagana,32.9011989,-2.5171404
mwanza_businesses.3169,3169,3169,8532226927,,,Kwame Nkuruma,,,Mwanza,clothes,Nyamagana,Mo-Sa 08:00-18:00,Nyamagana,32.9012203,-2.5171404
mwanza_businesses.3170,3170,3170,8532228608,,,Nyamagana,Rock City Baber Shop,,Mwanza,hairdresser,Nyamagana,Mo-Sa 08:00-18:00,Nyamagana,32.9013062,-2.5170547
mwanza_businesses.3171,3171,3171,8532226850,,,kwame Nkuruma,Doreen Shop,,Mwanza,clothes,Nyamagana,Mo-Sa 08:00-18:00,Nyamagana,32.9012632,-2.5170547
mwanza_businesses.3172,3172,3172,8532229193,,,kwame Nkuruma,Nevada City Fashion,,Mwanza,clothes,Nyamagana,Mo-Sa 08:00-18:00,Nyamagana,32.9012632,-2.5170333
mwanza_businesses.3173,3173,3173,8532227384,,,kwame Nkuruma,,,Mwanza,stationery,Nyamagana,Mo-Sa 08:00-18:00,Nyamagana,32.9012418,-2.5170333
mwanza_businesses.3174,3174,3174,8532226984,,,kwame Nkuruma,Janrey Printer,,Mwanza,stationery,Nyamagana,Mo-Sa 08:00-18:00,Nyamagana,32.9012847,-2.5170333
mwanza_businesses.3175,3175,3175,8532228980,,,Nyamagana Mashariki,,,Mwanza,vacant,Nyamagana,,Nyamagana,32.9012203,-2.5170333
mwanza_businesses.3176,3176,3176,8532227596,,,Nyamagana Mashariki,,,Mwanza,convenience,Nyamagana,Mo-Fr 09:00-17:00,Nyamagana,32.9013491,-2.5169475
mwanza_businesses.3177,3177,3177,8532228631,,,Nyamagana Mashariki,,,Mwanza,cosmetics,Nyamagana,Mo-Fr 09:00-17:00,Nyamagana,32.9013062,-2.5169261
mwanza_businesses.3178,3178,3178,8532228420,,,Nyamagana Mashariki,,,Mwanza,copyshop,Nyamagana,Mo-Fr 09:00-17:00,Nyamagana,32.9012632,-2.5169261
mwanza_businesses.3179,3179,3179,8532227116,,,Nyamagana Mashariki,,,Mwanza,clothes,Nyamagana,Mo-Su 09:00-21:00,Nyamagana,32.9012632,-2.5169046
mwanza_businesses.3180,3180,3180,8532226994,Nkuruma,,Nyamagana Mashariki,,,Mwanza,vacant,Nyamagana,Mo-Sa 08:00-18:00,Nyamagana,32.90109,-2.5164993
mwanza_businesses.3181,3181,3181,4403978291,,,,Photo Studio Shop,,Mwanza,photo,Nyamagana,,Nyamagana,32.9013363,-2.5170066
mwanza_businesses.3182,3182,3182,8532227041,,,Nyamagana Mashariki,Angel,,Mwanza,clothes,Nyamagana,Mo-Sa 08:00-18:00,Nyamagana,32.9008126,-2.517462
mwanza_businesses.3183,3183,3183,8532226831,,,Kamanga,,,Mwanza,convenience,Nyamagana,Mo-Fr 08:00-18:00; Sa-Su 08:00-15:00,Nyamagana,32.8970361,-2.517462
mwanza_businesses.3184,3184,3184,8532227439,,,Nyamagana Mashariki,,,Mwanza,shoes,Nyamagana,Mo-Sa 08:00-18:00,Nyamagana,32.9007697,-2.5174406
mwanza_businesses.3185,3185,3185,8532227364,,,Nyamagana Mashariki,Matema Boutique,,Mwanza,clothes,Nyamagana,Mo-Sa 08:00-18:00,Nyamagana,32.9003507,-2.5174352
mwanza_businesses.3186,3186,3186,8532228830,,,Nyamagana Mashariki,Nile Fishnet Motors Co LTD,,Mwanza,hardware,Nyamagana,Mo-Sa 08:00-18:00,Nyamagana,32.9002333,-2.5174191
mwanza_businesses.3187,3187,3187,8532226909,,,Kamanga,,,Mwanza,clothes,Nyamagana,Mo-Fr 08:00-18:00; Sa-Su 08:00-15:00,Nyamagana,32.8978944,-2.5174191
mwanza_businesses.3188,3188,3188,8532227608,,,Nyamagana Mashariki,,,Mwanza,beauty,Nyamagana,Mo-Sa 08:00-18:00,Nyamagana,32.9005936,-2.5173981
mwanza_businesses.3189,3189,3189,8532227522,,,Kamanga,,,Mwanza,beverages,Nyamagana,Mo-Fr 08:00-18:00; Sa-Su 08:00-15:00,Nyamagana,32.8978944,-2.5173977
mwanza_businesses.3190,3190,3190,8532226752,,,Nyamagana Mashariki,Kwaflora,,Mwanza,clothes,Nyamagana,Mo-Sa 08:00-18:00,Nyamagana,32.9003736,-2.5173895
mwanza_businesses.3191,3191,3191,4400885389,,,,Frola Beauty Shop,,Mwanza,beauty,Nyamagana,,Nyamagana,32.9004137,-2.5173481
mwanza_businesses.3192,3192,3192,4404167191,,,,Boston beauty salon,,Mwanza,cosmetics,Nyamagana,,Nyamagana,32.9012855,-2.5173345
mwanza_businesses.3193,3193,3193,8532228557,,,Nyamagana Mashariki,Best Education Bookshop,,Mwanza,books,Nyamagana,Mo-Sa 08:00-18:00,Nyamagana,32.8993535,-2.5173334
mwanza_businesses.3194,3194,3194,8532226809,Uhuru,,Nyamagana Mashariki,,,Mwanza,beauty,Nyamagana,Mo-Sa 08:00-18:00,Nyamagana,32.9003055,-2.5173208
mwanza_businesses.3195,3195,3195,1917176231,,,,,,Mwanza,supermarket,Nyamagana,,Nyamagana,32.8981982,-2.5173093
mwanza_businesses.3196,3196,3196,8532228885,,,Nyamagana Mashariki,,,Mwanza,convenience,Nyamagana,Mo-Sa 08:00-18:00,Nyamagana,32.9000616,-2.5172905
mwanza_businesses.3197,3197,3197,8532227664,,,Nyamagana Mashariki,Paulines Beauty Supply Store,,Mwanza,cosmetics,Nyamagana,Mo-Sa 08:00-18:00,Nyamagana,32.8999114,-2.5172905
mwanza_businesses.3198,3198,3198,8532227072,,,Nyamagana Mashariki,Crystal Beauty Salon,,Mwanza,hairdresser,Nyamagana,Mo-Sa 08:00-18:00,Nyamagana,32.8999329,-2.5172691
mwanza_businesses.3199,3199,3199,8532227096,,,Kamanga,,,Mwanza,wholesale,Nyamagana,Mo-Fr 08:00-18:00; Sa-Su 08:00-15:00,Nyamagana,32.898054,-2.5172299
mwanza_businesses.3200,3200,3200,8532226855,Uhuru,,Nyamagana Mashariki,,,Mwanza,convenience,Nyamagana,Mo-Sa 08:00-18:00,Nyamagana,32.9006739,-2.5172271
mwanza_businesses.3201,3201,3201,8532226719,Uhuru,,Nyamagana Mashariki,Karikru,,Mwanza,clothes,Nyamagana,Mo-Sa 08:00-18:00,Nyamagana,32.9006475,-2.5172271
mwanza_businesses.3202,3202,3202,8532228347,,,Nyamagana Mashariki,,,Mwanza,convenience,Nyamagana,Mo-Sa 08:00-18:00,Nyamagana,32.8996968,-2.5172262
mwanza_businesses.3203,3203,3203,8532228851,,,Nyamagana Mashariki,JJ,,Mwanza,electronics,Nyamagana,Mo-Sa 08:00-18:00,Nyamagana,32.900934,-2.5172254
mwanza_businesses.3204,3204,3204,8532227498,Uhuru,,Nyamagana Mashariki,Mwanza Watoto Shop,,Mwanza,clothes,Nyamagana,Mo-Sa 08:00-18:00,Nyamagana,32.9005482,-2.5172236
mwanza_businesses.3205,3205,3205,8532215216,,,Kamanga,,,Mwanza,furniture,Nyamagana,Mo-Fr 08:00-18:00; Sa-Su 08:00-15:00,Nyamagana,32.8980339,-2.5172211
mwanza_businesses.3206,3206,3206,8532227181,Uhuru,,Nyamagana Mashariki,,,Mwanza,shoes,Nyamagana,Mo-Sa 08:00-18:00,Nyamagana,32.9005312,-2.5172123
mwanza_businesses.3207,3207,3207,8532228612,,,Nyamagana Mashariki,,,Mwanza,books,Nyamagana,Mo-Sa 08:00-18:00,Nyamagana,32.8992891,-2.5172048
mwanza_businesses.3208,3208,3208,8532228529,,,Nyamagana Mashariki,,,Mwanza,beauty,Nyamagana,Mo-Sa 08:00-18:00,Nyamagana,32.9009414,-2.5172048
mwanza_businesses.3209,3209,3209,8532228698,Kimondo Street,,Nyamagana Mashariki,,,Mwanza,clothes,Nyamagana,Mo-Sa 08:00-18:00,Nyamagana,32.9004588,-2.5171948
mwanza_businesses.3210,3210,3210,4406766889,,,,Dispensary ya Macho,,Mwanza,optician,Nyamagana,,Nyamagana,32.8997306,-2.5171915
mwanza_businesses.3211,3211,3211,8532228643,Kimondo Street,,Nyamagana Mashariki,Crown Classic Dressing,,Mwanza,clothes,Nyamagana,Mo-Sa 08:00-18:00,Nyamagana,32.9005793,-2.5171897
mwanza_businesses.3212,3212,3212,8532227127,Kimondo Street,,Nyamagana Mashariki,,,Mwanza,convenience,Nyamagana,Mo-Sa 08:00-18:00,Nyamagana,32.9002603,-2.5171413
mwanza_businesses.3213,3213,3213,8532228584,,,Nyamagana Mashariki,Tausi,,Mwanza,beauty,Nyamagana,Mo-Sa 08:00-18:00,Nyamagana,32.9009628,-2.5171404
mwanza_businesses.3214,3214,3214,8532228455,Kimondo street,,Nyamagana Mashariki,Mtumishi Center,,Mwanza,electronics,Nyamagana,Mo-Sa 08:00-18:00,Nyamagana,32.9003344,-2.5171088
mwanza_businesses.3215,3215,3215,8532228984,,,Nyamagana Mashariki,Coral Paint,,Mwanza,paint,Nyamagana,Mo-Sa 08:00-18:00,Nyamagana,32.8992033,-2.5174406
mwanza_businesses.3216,3216,3216,8532229003,,,Kwame Nkuruma,Lizzy Shop,,Mwanza,beauty,Nyamagana,Mo-Sa 08:00-18:00,Nyamagana,32.9012203,-2.517119
mwanza_businesses.3217,3217,3217,8532229011,,,Nyamagana Mashariki,,,Mwanza,clothes,Nyamagana,Mo-Sa 08:00-18:00,Nyamagana,32.9009199,-2.5173119
mwanza_businesses.3218,3218,3218,8532229015,,,Nyamagana Mashariki,,,Mwanza,clothes,Nyamagana,Mo-Sa 08:00-18:00,Nyamagana,32.8996754,-2.5171833
mwanza_businesses.3219,3219,3219,8532229037,,,kwame Nkuruma,,,Mwanza,vacant,Nyamagana,,Nyamagana,32.9011774,-2.5172905
mwanza_businesses.3220,3220,3220,8532229072,,,Nyamagana Mashariki,FabsTech LTD,,Mwanza,mobile_phone,Nyamagana,Mo-Sa 08:00-18:00,Nyamagana,32.9000187,-2.5173119
mwanza_businesses.3221,3221,3221,8532229092,Uhuru,,Nyamagana Mashariki,,,Mwanza,electronics,Nyamagana,Mo-Sa 08:00-18:00,Nyamagana,32.9008724,-2.5172931
mwanza_businesses.3222,3222,3222,8532229118,,,Kamanga,,,Mwanza,beverages,Nyamagana,Mo-Fr 08:00-18:00; Sa-Su 08:00-15:00,Nyamagana,32.8970361,-2.5174406
mwanza_businesses.3223,3223,3223,8532229174,,,Nyamagana Mashariki,Gospel Books,,Mwanza,books,Nyamagana,Mo-Sa 08:00-18:00,Nyamagana,32.8992891,-2.5172476
mwanza_businesses.3224,3224,3224,6117556585,Uhuru Street,,,Vipaji Viyetu Shop,,Mwanza,convenience,Nyamagana,,Nyamagana,32.8993445,-2.5170339
mwanza_businesses.3225,3225,3225,8532228957,,,Nyamagana Mashariki,Mush Liquor,,Mwanza,alcohol,Nyamagana,Mo-Sa 08:00-18:00,Nyamagana,32.9009843,-2.5170333
mwanza_businesses.3226,3226,3226,8532227684,,,Nyamagana Mashariki,,,Mwanza,beauty,Nyamagana,Mo-Sa 08:00-18:00,Nyamagana,32.9010057,-2.5170333
mwanza_businesses.3227,3227,3227,8532227235,,,Nyamagana Mashariki,,,Mwanza,car_repair,Nyamagana,Mo-Sa 08:00-18:00,Nyamagana,32.9000462,-2.5170331
mwanza_businesses.3228,3228,3228,8532227576,,,Kamanga,,,Mwanza,beverages,Nyamagana,Mo-Fr 08:00-18:00; Sa-Su 08:00-15:00,Nyamagana,32.8981388,-2.5169488
mwanza_businesses.3229,3229,3229,8532228400,,,Nyamagana Mashariki,,,Mwanza,car_parts,Nyamagana,Mo-Sa 08:00-18:00,Nyamagana,32.9001764,-2.5168486
mwanza_businesses.3230,3230,3230,8532228800,,,Kamanga,,,Mwanza,motorcycle_repair,Nyamagana,Mo-Fr 08:00-18:00; Sa-Su 08:00-15:00,Nyamagana,32.8977403,-2.5168021
mwanza_businesses.3231,3231,3231,8532228370,,,Kamanga,,,Mwanza,convenience,Nyamagana,Mo-Fr 08:00-18:00; Sa-Su 08:00-15:00,Nyamagana,32.8975306,-2.5166764
mwanza_businesses.3232,3232,3232,8532228777,,,Nyamagana Mashariki,,,Mwanza,vacant,Nyamagana,Mo-Sa 08:00-18:00,Nyamagana,32.9005875,-2.5166154
mwanza_businesses.3233,3233,3233,4400899389,,,,Home Shopping Center,,Mwanza,supermarket,Nyamagana,,Nyamagana,32.8983528,-2.5159501
mwanza_businesses.3234,3234,3234,8532229126,,,Kilombero,,,Mwanza,clothes,Nyamagana,Mo-Fr 09:00-17:00,Mirongo,32.9071278,-2.5206643
mwanza_businesses.3235,3235,3235,8532226862,,,Kilombero,,,Mwanza,clothes,Nyamagana,Mo-Fr 09:00-17:00,Mirongo,32.9068894,-2.5208011
mwanza_businesses.3236,3236,3236,8532227474,,,Kilombero,,,Mwanza,tailor,Nyamagana,Mo-Fr 09:00-17:00,Mirongo,32.9068654,-2.5207891
mwanza_businesses.3237,3237,3237,8532227048,,,,,,Mwanza,vacant,Nyamagana,,Mirongo,32.9067654,-2.5206366
mwanza_businesses.3238,3238,3238,8532226915,,,Kilombero,,,Mwanza,wholesale,Nyamagana,Mo-Fr 09:00-17:00,Mirongo,32.9067255,-2.5206233
mwanza_businesses.3239,3239,3239,8532228565,,,Kirombelo,,0757647077,Mwanza,mobile_phone,Nyamagana,Mo-Fr 09:00-17:00,Mirongo,32.9066989,-2.52061
mwanza_businesses.3240,3240,3240,8532228378,,,Kilombero,,,Mwanza,convenience,Nyamagana,Mo-Fr 09:00-17:00,Mirongo,32.9067349,-2.5204417
mwanza_businesses.3241,3241,3241,8532227262,,,Kilombero,,,Mwanza,clothes,Nyamagana,Mo-Fr 09:00-17:00,Mirongo,32.9069281,-2.5198844
mwanza_businesses.3242,3242,3242,8532226892,,,Kilombero,,,Mwanza,bag,Nyamagana,Mo-Fr 09:00-17:00,Mirongo,32.906993,-2.5197705
mwanza_businesses.3243,3243,3243,8532227393,,,Kilombero,,,Mwanza,beverages,Nyamagana,Mo-Fr 09:00-17:00,Mirongo,32.9070553,-2.5200989
mwanza_businesses.3244,3244,3244,8532227135,,,Kilombero,,,Mwanza,alcohol,Nyamagana,Mo-Fr 09:00-17:00,Mirongo,32.9070662,-2.5197412
mwanza_businesses.3245,3245,3245,8532227584,,,Kilombero,,,Mwanza,convenience,Nyamagana,Mo-Fr 09:00-17:00,Mirongo,32.9070792,-2.5202302
mwanza_businesses.3246,3246,3246,8532226729,,,Kilombero,,,Mwanza,convenience,Nyamagana,Mo-Fr 09:00-17:00,Mirongo,32.9071242,-2.5201256
mwanza_businesses.3247,3247,3247,8532227341,,,Kilombero,,,Mwanza,bakery,Nyamagana,Mo-Fr 09:00-17:00,Mirongo,32.9071523,-2.5206152
mwanza_businesses.3248,3248,3248,8532227529,,,Kilombero,,,Mwanza,convenience,Nyamagana,Mo-Fr 09:00-17:00,Mirongo,32.9072476,-2.5205096
mwanza_businesses.3249,3249,3249,8532227023,,,Kilombero,,,Mwanza,clothes,Nyamagana,Mo-Fr 09:00-17:00,Mirongo,32.9072857,-2.5198582
mwanza_businesses.3250,3250,3250,8532227212,,,Kilombero,,,Mwanza,beauty,Nyamagana,Mo-Fr 09:00-17:00,Mirongo,32.9073003,-2.5203845
mwanza_businesses.3251,3251,3251,8532226970,,,Kilombero,,,Mwanza,bookmaker,Nyamagana,Mo-Fr 09:00-17:00,Mirongo,32.9073589,-2.5202383
mwanza_businesses.3252,3252,3252,8532226782,,,Kilombero,,,Mwanza,books,Nyamagana,Mo-Fr 09:00-17:00,Mirongo,32.9073589,-2.5202529
mwanza_businesses.3253,3253,3253,8532227693,,,Kilombero,,,Mwanza,alcohol,Nyamagana,Mo-Fr 09:00-17:00,Mirongo,32.9074174,-2.5199313
mwanza_businesses.3254,3254,3254,3376431348,,,,Lavena Supermarket,,Mwanza,supermarket,Nyamagana,,Mirongo,32.907424,-2.5199212
mwanza_businesses.3255,3255,3255,8532201405,,,Kilombero,,,Mwanza,bed,Nyamagana,Mo-Fr 09:00-17:00,Mirongo,32.907432,-2.5199459
mwanza_businesses.3256,3256,3256,8532227504,Mission,,Mission,Home Appliance,,Mwanza,electronics,Nyamagana,Mo-Su 09:00-21:00,Mirongo,32.9076026,-2.5197675
mwanza_businesses.3257,3257,3257,8532228430,,,Kilombero,,,Mwanza,clothes,Nyamagana,Mo-Fr 09:00-17:00,Mirongo,32.9070001,-2.5200622
mwanza_businesses.3258,3258,3258,8532228484,,,Kilombero,,,Mwanza,bicycle,Nyamagana,Mo-Fr 09:00-17:00,Mirongo,32.9069495,-2.5198844
mwanza_businesses.3259,3259,3259,8532228538,,,Kilombero,,,Mwanza,clothes,Nyamagana,Mo-Fr 09:00-17:00,Mirongo,32.9070954,-2.5197558
mwanza_businesses.3260,3260,3260,8532228619,,,Kilombero,,,Mwanza,clothes,Nyamagana,Mo-Fr 09:00-17:00,Mirongo,32.9073881,-2.5201945
mwanza_businesses.3261,3261,3261,8532228674,,,Kilombero,,,Mwanza,books,Nyamagana,Mo-Fr 09:00-17:00,Mirongo,32.9072868,-2.5204324
mwanza_businesses.3262,3262,3262,8532228727,,,Kilombero,,,Mwanza,supermarket,Nyamagana,Mo-Fr 09:00-17:00,Mirongo,32.9074613,-2.5199167
mwanza_businesses.3263,3263,3263,8532228807,,,Kilombero,,,Mwanza,clothes,Nyamagana,Mo-Fr 09:00-17:00,Mirongo,32.9072723,-2.5204614
mwanza_businesses.3264,3264,3264,8532228860,,,Kilombero,,,Mwanza,bag,Nyamagana,Mo-Fr 09:00-17:00,Mirongo,32.9073296,-2.5203407
mwanza_businesses.3265,3265,3265,8532228913,,,Kilombero,,,Mwanza,art,Nyamagana,Mo-Fr 09:00-17:00,Mirongo,32.9069495,-2.5198629
mwanza_businesses.3266,3266,3266,8532228966,,,Kilombero,,,Mwanza,alcohol,Nyamagana,Mo-Fr 09:00-17:00,Mirongo,32.9071326,-2.5198223
mwanza_businesses.3267,3267,3267,8532228991,,,Kilombero,,,Mwanza,houseware,Nyamagana,Mo-Fr 09:00-17:00,Mirongo,32.9071769,-2.5205784
mwanza_businesses.3268,3268,3268,8532229047,,,Kilombero,,,Mwanza,convenience,Nyamagana,Mo-Fr 09:00-17:00,Mirongo,32.9069822,-2.5202216
mwanza_businesses.3269,3269,3269,8532229102,,,Kilombero,,,Mwanza,kiosk,Nyamagana,Mo-Fr 09:00-17:00,Mirongo,32.9067349,-2.5203989
mwanza_businesses.3270,3270,3270,8532227639,,,Kilombero,,,Mwanza,vacant,Nyamagana,Mo-Fr 09:00-17:00,Mirongo,32.9067455,-2.5203498
mwanza_businesses.3271,3271,3271,8532227157,,,Kilombero,,,Mwanza,vacant,Nyamagana,,Mirongo,32.9067983,-2.5203008
mwanza_businesses.3272,3272,3272,8532229181,,,Kilombero,,,Mwanza,vacant,Nyamagana,,Mirongo,32.9067641,-2.5202941
mwanza_businesses.3273,3273,3273,8532228761,,,Kilombero,,,Mwanza,clothes,Nyamagana,Mo-Fr 09:00-17:00,Mirongo,32.9062134,-2.5200127
mwanza_businesses.3274,3274,3274,8532227112,,,Kilombero,,,Mwanza,shoes,Nyamagana,Mo-Fr 09:00-17:00,Mirongo,32.9061993,-2.5199986
mwanza_businesses.3275,3275,3275,8532227295,,,Kilombero,,,Mwanza,furniture,Nyamagana,Mo-Fr 09:00-17:00,Mirongo,32.9064131,-2.5199487
mwanza_businesses.3276,3276,3276,8532228572,,,Kilombero,,,Mwanza,vacant,Nyamagana,,Mirongo,32.9061341,-2.5198844
mwanza_businesses.3277,3277,3277,8532228440,,,Kilombero,,,Mwanza,vacant,Nyamagana,Mo-Su 09:00-21:00,Mirongo,32.9061127,-2.5198629
mwanza_businesses.3278,3278,3278,8532227449,,,Kilombero,,,Mwanza,vacant,Nyamagana,,Mirongo,32.9067281,-2.5198568
mwanza_businesses.3279,3279,3279,8532228385,,,Kilombero,,,Mwanza,shoes,Nyamagana,Mo-Fr 09:00-17:00,Mirongo,32.9061985,-2.5198201
mwanza_businesses.3280,3280,3280,8532227672,,,Kilombero,,,Mwanza,vacant,Nyamagana,,Mirongo,32.9061127,-2.5197986
mwanza_businesses.3281,3281,3281,8532227537,,,Kilombero,,,Mwanza,shoes,Nyamagana,Mo-Fr 09:00-17:00,Mirongo,32.9061341,-2.5197986
mwanza_businesses.3282,3282,3282,8532228999,,,Kilombero,,,Mwanza,vacant,Nyamagana,,Mirongo,32.9061556,-2.5197986
mwanza_businesses.3283,3283,3283,8532228352,,,Kilombero,,,Mwanza,bed,Nyamagana,Mo-Fr 09:00-17:00,Mirongo,32.9067786,-2.5197873
mwanza_businesses.3284,3284,3284,8532229155,,,Kilombero,,,Mwanza,supermarket,Nyamagana,Mo-Fr 09:00-17:00,Mirongo,32.9068211,-2.5197244
mwanza_businesses.3285,3285,3285,8532227221,,,Kilombero,,,Mwanza,shoes,Nyamagana,Mo-Fr 09:00-17:00,Mirongo,32.9061807,-2.5197206
mwanza_businesses.3286,3286,3286,8532226923,,,Kilombero,,,Mwanza,shoes,Nyamagana,Mo-Fr 09:00-17:00,Mirongo,32.9061807,-2.5196988
mwanza_businesses.3287,3287,3287,8532229189,,,Kilombero,,,Mwanza,shoes,Nyamagana,Mo-Fr 09:00-17:00,Mirongo,32.906177,-2.5198201
mwanza_businesses.3288,3288,3288,8532227561,,,,,,Mwanza,hardware,Nyamagana,Mo-Sa 08:00-18:00,Mirongo,32.9045656,-2.5193962
mwanza_businesses.3289,3289,3289,8532227014,Uhuru Road,,,,,Mwanza,stationery,Nyamagana,Mo-Sa 08:00-18:00,Mirongo,32.904832,-2.5189771
mwanza_businesses.3290,3290,3290,8532226774,Uhuru Road,,,,,Mwanza,clothes,Nyamagana,Mo-Sa 08:00-18:00,Mirongo,32.9048498,-2.5189593
mwanza_businesses.3291,3291,3291,8532227069,,,Uhuru,,,Mwanza,clothes,Nyamagana,Mo-Sa 08:00-18:00,Mirongo,32.9048565,-2.5188696
mwanza_businesses.3292,3292,3292,8532226883,,,Uhuru,Emirates Mobile Phones,0759355670,Mwanza,mobile_phone,Nyamagana,Mo-Sa 08:00-18:00,Mirongo,32.9048747,-2.5188878
mwanza_businesses.3293,3293,3293,8532201396,Uhuru Road,,,,,Mwanza,clothes,Nyamagana,Mo-Sa 09:00-17:00,Mirongo,32.9050203,-2.5189633
mwanza_businesses.3294,3294,3294,8532227202,Uhuru Road,,,,,Mwanza,clothes,Nyamagana,Mo-Sa 08:00-18:00,Mirongo,32.9050363,-2.5189473
mwanza_businesses.3295,3295,3295,8532227124,,,Ngokozi,,,Mwanza,shoes,Nyamagana,Mo-Sa 08:00-18:00,Mirongo,32.9050997,-2.518787
mwanza_businesses.3296,3296,3296,8532226828,,,Mirongo,Fortitude Tailoring,,Mwanza,beauty,Nyamagana,Mo-Sa 08:00-18:00,Mirongo,32.9051189,-2.5190233
mwanza_businesses.3297,3297,3297,8532227550,,,Ngokozi,,,Mwanza,shoes,Nyamagana,Mo-Sa 08:00-18:00,Mirongo,32.9051256,-2.5187911
mwanza_businesses.3298,3298,3298,8532227440,,,Uhuru,Linnah Classic Fashion,,Mwanza,clothes,Nyamagana,Mo-Sa 08:00-18:00,Mirongo,32.905177,-2.5190411
mwanza_businesses.3299,3299,3299,8532226991,Dampo Road,,Ngokozi,Shops,,Mwanza,clothes,Nyamagana,Mo-Su 09:00-21:00,Mirongo,32.90519,-2.5188125
mwanza_businesses.3300,3300,3300,8532227385,,,,,,Mwanza,kiosk,Nyamagana,Mo-Sa 08:00-18:00,Mirongo,32.9052544,-2.5192413
mwanza_businesses.3301,3301,3301,8532201407,,,,Stella Stationary,,Mwanza,stationery,Nyamagana,Mo-Sa 08:00-18:00,Mirongo,32.9052659,-2.5193384
mwanza_businesses.3302,3302,3302,8532227319,,,,,,Mwanza,bag,Nyamagana,Mo-Sa 08:00-18:00,Mirongo,32.9052659,-2.5193262
mwanza_businesses.3303,3303,3303,8532227495,,,Ngokozi,,,Mwanza,clothes,Nyamagana,Mo-Sa 08:00-18:00,Mirongo,32.9052758,-2.5187911
mwanza_businesses.3304,3304,3304,8532227361,,,Mtakuja,,,Mwanza,clothes,Nyamagana,Mo-Sa 08:00-18:00,Mirongo,32.9052973,-2.5188125
mwanza_businesses.3305,3305,3305,8532226935,Uhuru,,,K&E Jewellers,0658849454,Mwanza,jewelry,Nyamagana,Mo-Sa 08:00-18:00,Mirongo,32.9053059,-2.5192458
mwanza_businesses.3306,3306,3306,8532226749,,,Ngokozi,,,Mwanza,convenience,Nyamagana,Mo-Sa 08:00-18:00,Mirongo,32.9053187,-2.5188768
mwanza_businesses.3307,3307,3307,4400995989,,,,kitchen store,,Mwanza,outdoor,Nyamagana,,Mirongo,32.9053301,-2.5190228
mwanza_businesses.3308,3308,3308,8532227146,,,Uhuru,1 Piece,,Mwanza,copyshop,Nyamagana,Mo-Sa 08:00-18:00,Mirongo,32.9053575,-2.5190732
mwanza_businesses.3309,3309,3309,8532227573,,,,,,Mwanza,carpet,Nyamagana,Mo-Sa 08:00-18:00,Mirongo,32.9052877,-2.5190503
mwanza_businesses.3310,3310,3310,8532227630,,,Uhuru,,,Mwanza,stationery,Nyamagana,Mo-Sa 08:00-18:00,Mirongo,32.9051348,-2.5189756
mwanza_businesses.3311,3311,3311,8532227685,,,,,,Mwanza,books,Nyamagana,Mo-Sa 08:00-18:00,Mirongo,32.9052587,-2.5190358
mwanza_businesses.3312,3312,3312,8532228344,,,,Matokeo Duka la Soli,,Mwanza,shoes,Nyamagana,Mo-Sa 08:00-18:00,Mirongo,32.9052587,-2.5190938
mwanza_businesses.3313,3313,3313,8532228355,,,,,,Mwanza,tailor,Nyamagana,Mo-Sa 08:00-18:00,Mirongo,32.9052903,-2.5193506
mwanza_businesses.3314,3314,3314,8532228452,,,Uhuru,,,Mwanza,clothes,Nyamagana,Mo-Sa 08:00-18:00,Mirongo,32.905087,-2.519087
mwanza_businesses.3315,3315,3315,8532226921,,,Uhuru,Irene New Fashion,,Mwanza,clothes,Nyamagana,Mo-Sa 08:00-18:00,Mirongo,32.9046414,-2.5188154
mwanza_businesses.3316,3316,3316,8532228530,Uhuru,,,,,Mwanza,carpet,Nyamagana,Mo-Sa 08:00-18:00,Mirongo,32.9053044,-2.5192687
mwanza_businesses.3317,3317,3317,8532228585,Uhuru Road,,,Mamuz Toto Shop,0715980558,Mwanza,clothes,Nyamagana,Mo-Sa 08:00-18:00,Mirongo,32.9048855,-2.5189236
mwanza_businesses.3318,3318,3318,8532227535,Uhuru Road,,,,,Mwanza,clothes,Nyamagana,Mo-Sa 08:00-18:00,Mirongo,32.9046477,-2.5187809
mwanza_businesses.3319,3319,3319,8532227217,Uhuru Road,,,,,Mwanza,tailor,Nyamagana,Mo-Sa 08:00-18:00,Mirongo,32.9046429,-2.5187713
mwanza_businesses.3320,3320,3320,8532228664,Uhuru Road,,,J.Totos,,Mwanza,clothes,Nyamagana,Mo-Sa 08:00-18:00,Mirongo,32.9050363,-2.5189633
mwanza_businesses.3321,3321,3321,8532228570,Uhuru Road,,,,,Mwanza,clothes,Nyamagana,Mo-Sa 08:00-18:00,Mirongo,32.9046271,-2.518764
mwanza_businesses.3322,3322,3322,8532228719,,,Mtakuja,,,Mwanza,gas,Nyamagana,Mo-Sa 08:00-18:00,Mirongo,32.9053402,-2.5187482
mwanza_businesses.3323,3323,3323,8532228774,,,,,,Mwanza,clothes,Nyamagana,Mo-Sa 08:00-18:00,Mirongo,32.9052877,-2.5190358
mwanza_businesses.3324,3324,3324,8532228785,,,,,,Mwanza,convenience,Nyamagana,Mo-Sa 08:00-18:00,Mirongo,32.9052659,-2.5193628
mwanza_businesses.3325,3325,3325,8532228827,Uhuru,,,Simba Shop,,Mwanza,convenience,Nyamagana,Mo-Sa 08:00-18:00,Mirongo,32.9053187,-2.5192627
mwanza_businesses.3326,3326,3326,8532228905,Uhuru,,,,,Mwanza,carpet,Nyamagana,Mo-Sa 08:00-18:00,Mirongo,32.9053277,-2.5191159
mwanza_businesses.3327,3327,3327,8532228958,Uhuru Road,,,,,Mwanza,clothes,Nyamagana,Mo-Sa 08:00-18:00,Mirongo,32.9050203,-2.5189473
mwanza_businesses.3328,3328,3328,8532228969,,,,Mitumba Fashion,,Mwanza,shoes,Nyamagana,Mo-Sa 08:00-18:00,Mirongo,32.9052903,-2.5193019
mwanza_businesses.3329,3329,3329,8532229012,Dampo Road,,Ngokozi,,,Mwanza,convenience,Nyamagana,Mo-Su 09:00-21:00,Mirongo,32.9049528,-2.5187248
mwanza_businesses.3330,3330,3330,8532229036,,,Uhuru,Fortitude Classic wear,,Mwanza,clothes,Nyamagana,Mo-Sa 08:00-18:00,Mirongo,32.9051507,-2.5191188
mwanza_businesses.3331,3331,3331,8532229093,,,Uhuru,,,Mwanza,stationery,Nyamagana,Mo-Sa 08:00-18:00,Mirongo,32.905177,-2.5190108
mwanza_businesses.3332,3332,3332,8532227391,Uhuru,,Uhuru,,,Mwanza,shoes,Nyamagana,Mo-Sa 08:00-18:00,Mirongo,32.9064711,-2.5191818
mwanza_businesses.3333,3333,3333,8532227166,Kilombelo,,Kilombero,,,Mwanza,clothes,Nyamagana,Mo-Fr 09:00-17:00,Mirongo,32.9064801,-2.5194524
mwanza_businesses.3334,3334,3334,8532228349,Uhuru,,Uhuru,,,Mwanza,mobile_phone,Nyamagana,Mo-Sa 08:00-18:00,Mirongo,32.9064921,-2.5191818
mwanza_businesses.3335,3335,3335,8532228815,Kilombelo,,Kilombero,,,Mwanza,clothes,Nyamagana,Mo-Fr 09:00-17:00,Mirongo,32.9065029,-2.5194524
mwanza_businesses.3336,3336,3336,8532229044,Uhuru,,Uhuru,,0759567601,Mwanza,clothes,Nyamagana,Mo-Sa 08:00-18:00,Mirongo,32.9065132,-2.5191818
mwanza_businesses.3337,3337,3337,8532226967,Uhuru,,Uhuru,Victoria Morden Butchery,028251947,Mwanza,butcher,Nyamagana,Mo-Sa 08:00-18:00,Mirongo,32.9065495,-2.5191874
mwanza_businesses.3338,3338,3338,8532226738,kilombelo,,Kilombero,,,Mwanza,clothes,Nyamagana,Mo-Fr 09:00-17:00,Mirongo,32.9065784,-2.5194994
mwanza_businesses.3339,3339,3339,8532226865,kilombelo,,Kilombero,,,Mwanza,shoes,Nyamagana,Mo-Fr 09:00-17:00,Mirongo,32.9066149,-2.5195177
mwanza_businesses.3340,3340,3340,8532228380,Uhuru,,Uhuru,KLD,02282540471,Mwanza,clothes,Nyamagana,Mo-Sa 08:00-18:00,Mirongo,32.9066275,-2.519244
mwanza_businesses.3341,3341,3341,8532227397,kilombelo,,Kilombero,,,Mwanza,copyshop,Nyamagana,Mo-Fr 09:00-17:00,Mirongo,32.9066332,-2.5194994
mwanza_businesses.3342,3342,3342,8532227106,Kilombelo,,Kilombero,,,Mwanza,convenience,Nyamagana,Mo-Fr 09:00-17:00,Mirongo,32.9066878,-2.5195547
mwanza_businesses.3343,3343,3343,8532228567,Kilombelo,,Kilombero,,,Mwanza,clothes,Nyamagana,Mo-Fr 09:00-17:00,Mirongo,32.9067224,-2.5195846
mwanza_businesses.3344,3344,3344,8532227344,Uhuru,,Uhuru,Bladict classic wear,,Mwanza,clothes,Nyamagana,Mo-Sa 08:00-18:00,Mirongo,32.9067247,-2.5192926
mwanza_businesses.3345,3345,3345,8532226732,Uhuru,,Uhuru,New Mashimba Tailoring Mart,,Mwanza,clothes,Nyamagana,Mo-Sa 08:00-18:00,Mirongo,32.9067409,-2.5193087
mwanza_businesses.3346,3346,3346,8532228433,Uhuru,,Uhuru,,,Mwanza,shoes,Nyamagana,Mo-Sa 08:00-18:00,Mirongo,32.9067895,-2.5193411
mwanza_businesses.3347,3347,3347,8532228622,Uhuru,,Uhuru,,,Mwanza,furniture,Nyamagana,Mo-Sa 08:00-18:00,Mirongo,32.9068543,-2.5193735
mwanza_businesses.3348,3348,3348,8532228810,Uhuru,,Uhuru,,,Mwanza,electronics,Nyamagana,Mo-Sa 08:00-18:00,Mirongo,32.9069191,-2.5194059
mwanza_businesses.3349,3349,3349,8532227290,Uhuru,,Uhuru,Mwanza Uniform,,Mwanza,car,Nyamagana,Mo-Sa 08:00-18:00,Mirongo,32.9070163,-2.5194706
mwanza_businesses.3350,3350,3350,8532228863,Uhuru,,Uhuru,,,Mwanza,clothes,Nyamagana,Mo-Sa 08:00-18:00,Mirongo,32.907065,-2.5194868
mwanza_businesses.3351,3351,3351,8532228994,Mission,,Mission,,,Mwanza,clothes,Nyamagana,Mo-Sa 09:00-20:00,Mirongo,32.9072621,-2.5190193
mwanza_businesses.3352,3352,3352,8532226918,Mission,,Mission,Motors Shop,,Mwanza,car_parts,Nyamagana,Mo-Sa 09:00-17:00,Mirongo,32.9072621,-2.5189402
mwanza_businesses.3353,3353,3353,8532228755,Mission,,Mission,Three Brother's Barber Shop,,Mwanza,hairdresser,Nyamagana,Mo-Fr 08:00-18:00; Sa-Su 08:00-15:00,Mirongo,32.9073104,-2.5195215
mwanza_businesses.3354,3354,3354,8532228326,Uhuru,,Uhuru,Gode block empire,,Mwanza,clothes,Nyamagana,Mo-Sa 09:00-20:00,Mirongo,32.9073338,-2.5195436
mwanza_businesses.3355,3355,3355,8532226973,Mission,,Mission,Baby's Clothes shop,,Mwanza,clothes,Nyamagana,Mo-Su 09:00-21:00,Mirongo,32.9073412,-2.5189006
mwanza_businesses.3356,3356,3356,8532227133,Mission,,Mission,Electronical,,Mwanza,electronics,Nyamagana,Mo-Su 09:00-21:00,Mirongo,32.9075916,-2.5196463
mwanza_businesses.3357,3357,3357,8532228593,Mission,,Mission,,,Mwanza,clothes,Nyamagana,Mo-Fr 08:00-18:00; Sa-Su 08:00-15:00,Mirongo,32.9076522,-2.5196614
mwanza_businesses.3358,3358,3358,8532226824,Rufiji Road,,Rufiji,,,Mwanza,hardware,Nyamagana,Mo-Sa 08:00-18:00,Mirongo,32.9077005,-2.5188125
mwanza_businesses.3359,3359,3359,8532228893,Mission,,Mission,,,Mwanza,clothes,Nyamagana,Mo-Sa 08:00-18:00,Mirongo,32.9077291,-2.5196025
mwanza_businesses.3360,3360,3360,8532228685,Mission,,Mission,,,Mwanza,butcher,Nyamagana,Mo-Sa 09:00-20:00,Mirongo,32.9077584,-2.5192827
mwanza_businesses.3361,3361,3361,8532226947,Mission,,Mission,Caste.toto Shop,071594848499,Mwanza,clothes,Nyamagana,Mo-Sa 08:00-18:00,Mirongo,32.9077648,-2.5195418
mwanza_businesses.3362,3362,3362,8532226816,Mission,,Mission,Tina Beauty Salon,,Mwanza,hairdresser,Nyamagana,Mo-Su 09:00-21:00,Mirongo,32.9078342,-2.5192827
mwanza_businesses.3363,3363,3363,8532227626,Rufiji Road,,Rufiji,Zamzam Bakery,,Mwanza,bakery,Nyamagana,Mo-Sa 08:00-18:00,Mirongo,32.9078507,-2.5188554
mwanza_businesses.3364,3364,3364,8532229166,Rufiji Road,,Rufiji,,,Mwanza,clothes,Nyamagana,Mo-Sa 08:00-18:00,Mirongo,32.9078293,-2.5188554
mwanza_businesses.3365,3365,3365,8532229183,Kilombelo,,Kilombero,,,Mwanza,books,Nyamagana,Mo-Fr 09:00-17:00,Mirongo,32.9067102,-2.5195771
mwanza_businesses.3366,3366,3366,8532227373,Rufiji Road,,Rufiji,,,Mwanza,video,Nyamagana,Mo-Sa 08:00-18:00,Mirongo,32.9080439,-2.518984
mwanza_businesses.3367,3367,3367,8532228463,Rufiji Road,,Rufiji,,,Mwanza,convenience,Nyamagana,Mo-Sa 08:00-18:00,Mirongo,32.9080537,-2.5187931
mwanza_businesses.3368,3368,3368,8532227056,Kilombelo,,Kilombero,,,Mwanza,vacant,Nyamagana,Mo-Fr 09:00-17:00,Mirongo,32.9059688,-2.5195075
mwanza_businesses.3369,3369,3369,8532227243,Kilombelo,,Kilombero,,,Mwanza,shoes,Nyamagana,Mo-Fr 09:00-17:00,Mirongo,32.9060365,-2.5195075
mwanza_businesses.3370,3370,3370,8532228706,Kilombelo,,Kilombero,,,Mwanza,carpet,Nyamagana,Mo-Fr 09:00-17:00,Mirongo,32.9059958,-2.5195075
mwanza_businesses.3371,3371,3371,8532226793,Kilombelo,,Kilombero,,,Mwanza,clothes,Nyamagana,Mo-Fr 09:00-17:00,Mirongo,32.9058337,-2.5194985
mwanza_businesses.3372,3372,3372,8532227482,Kilombelo,,Kilombero,,,Mwanza,shoes,Nyamagana,Mo-Fr 09:00-17:00,Mirongo,32.9059823,-2.519494
mwanza_businesses.3373,3373,3373,8532228517,Kilombelo,,Kilombero,,,Mwanza,clothes,Nyamagana,Mo-Fr 09:00-17:00,Mirongo,32.9058552,-2.5194771
mwanza_businesses.3374,3374,3374,8532227617,Kilombelo,,Kilombero,,,Mwanza,cosmetics,Nyamagana,Mo-Fr 09:00-17:00,Mirongo,32.9057657,-2.5194264
mwanza_businesses.3375,3375,3375,8532228651,Kilombelo,,Kilombero,,,Mwanza,vacant,Nyamagana,,Mirongo,32.9057792,-2.5194128
mwanza_businesses.3376,3376,3376,8532227002,Kilombelo,,Kilombero,,,Mwanza,carpet,Nyamagana,Mo-Fr 09:00-17:00,Mirongo,32.9057657,-2.5193993
mwanza_businesses.3377,3377,3377,8532227349,Kilombelo,,Kilombero,,,Mwanza,clothes,Nyamagana,Mo-Fr 09:00-17:00,Mirongo,32.9057657,-2.5193723
mwanza_businesses.3378,3378,3378,8532228339,Kilombelo,,Kilombero,,,Mwanza,cosmetics,Nyamagana,Mo-Fr 09:00-17:00,Mirongo,32.9057908,-2.5192627
mwanza_businesses.3379,3379,3379,8532227661,Kilombelo,,Kilombero,,,Mwanza,hairdresser,Nyamagana,Mo-Fr 09:00-17:00,Mirongo,32.906127,-2.5192563
mwanza_businesses.3380,3380,3380,8532228581,,,,Pombe Shop,,Mwanza,alcohol,Nyamagana,Mo-Sa 08:00-18:00,Mirongo,32.9055942,-2.5192465
mwanza_businesses.3381,3381,3381,8532227045,Kilombelo,,Kilombero,,,Mwanza,beverages,Nyamagana,Mo-Fr 09:00-17:00,Mirongo,32.906127,-2.5192419
mwanza_businesses.3382,3382,3382,8532226805,Kilombelo,,Kilombero,,,Mwanza,clothes,Nyamagana,Mo-Fr 09:00-17:00,Mirongo,32.9061558,-2.5192419
mwanza_businesses.3383,3383,3383,8532226905,Kilombelo,,Kilombero,,,Mwanza,vacant,Nyamagana,,Mirongo,32.9058123,-2.5192413
mwanza_businesses.3384,3384,3384,8532228393,Kilombelo,,Kilombero,,,Mwanza,bag,Nyamagana,Mo-Fr 09:00-17:00,Mirongo,32.9058693,-2.519228
mwanza_businesses.3385,3385,3385,8532228797,Kilombelo,,Kilombero,,,Mwanza,bag,Nyamagana,Mo-Fr 09:00-17:00,Mirongo,32.9058422,-2.519228
mwanza_businesses.3386,3386,3386,8532226986,,,,,,Mwanza,convenience,Nyamagana,Mo-Sa 08:00-18:00,Mirongo,32.9055592,-2.5192215
mwanza_businesses.3387,3387,3387,8532226744,Kilombelo,,Kilombero,,,Mwanza,houseware,Nyamagana,Mo-Fr 09:00-17:00,Mirongo,32.9058152,-2.5192145
mwanza_businesses.3388,3388,3388,8532228635,Kilombelo,,Kilombero,,,Mwanza,cosmetics,Nyamagana,Mo-Fr 09:00-17:00,Mirongo,32.9058123,-2.5191984
mwanza_businesses.3389,3389,3389,8532228421,Kilombelo,,Kilombero,,,Mwanza,clothes,Nyamagana,Mo-Fr 09:00-17:00,Mirongo,32.9058321,-2.5191977
mwanza_businesses.3390,3390,3390,8532228716,,,,Best Computer Supply,0755876116,Mwanza,electronics,Nyamagana,Mo-Sa 08:00-18:00,Mirongo,32.905593,-2.5191942
mwanza_businesses.3391,3391,3391,8532228871,Kilombelo,,Kilombero,,,Mwanza,bag,Nyamagana,Mo-Fr 09:00-17:00,Mirongo,32.9060229,-2.5195075
mwanza_businesses.3392,3392,3392,8532229007,,,,,,Mwanza,beauty,Nyamagana,Mo-Sa 08:00-18:00,Mirongo,32.9056055,-2.519226
mwanza_businesses.3393,3393,3393,8532229080,Kilombelo,,Kilombero,,,Mwanza,clothes,Nyamagana,Mo-Fr 09:00-17:00,Mirongo,32.9057386,-2.5193993
mwanza_businesses.3394,3394,3394,8532229134,Kilombelo,,Kilombero,,,Mwanza,vacant,Nyamagana,,Mirongo,32.9060229,-2.519521
mwanza_businesses.3395,3395,3395,8532227517,kilombelo,,Kilombero,,,Mwanza,convenience,Nyamagana,Mo-Fr 09:00-17:00,Mirongo,32.9058964,-2.51917
mwanza_businesses.3396,3396,3396,8532227173,kilombelo,,Kilombero,,,Mwanza,clothes,Nyamagana,Mo-Fr 09:00-17:00,Mirongo,32.9058695,-2.5191683
mwanza_businesses.3397,3397,3397,8532226718,,,,,,Mwanza,mobile_phone,Nyamagana,Mo-Sa 08:00-18:00,Mirongo,32.9055276,-2.5191581
mwanza_businesses.3398,3398,3398,8532227356,kilombelo,,Kilombero,,,Mwanza,clothes,Nyamagana,Mo-Fr 09:00-17:00,Mirongo,32.9058964,-2.5191556
mwanza_businesses.3399,3399,3399,8532227656,kilombelo,,Kilombero,,,Mwanza,clothes,Nyamagana,Mo-Fr 09:00-17:00,Mirongo,32.9059252,-2.5191556
mwanza_businesses.3400,3400,3400,8532227545,,,,,,Mwanza,mobile_phone,Nyamagana,Mo-Sa 08:00-18:00,Mirongo,32.9056222,-2.5191429
mwanza_businesses.3401,3401,3401,8532227228,kilombelo,,Kilombero,,,Mwanza,convenience,Nyamagana,Mo-Fr 09:00-17:00,Mirongo,32.9058964,-2.5191412
mwanza_businesses.3402,3402,3402,8532228367,kilombelo,,Kilombero,,,Mwanza,clothes,Nyamagana,Mo-Fr 09:00-17:00,Mirongo,32.9059252,-2.5191412
mwanza_businesses.3403,3403,3403,8532227284,Uhuru,,Uhuru,Flawless Fashion,,Mwanza,clothes,Nyamagana,Mo-Sa 08:00-18:00,Mirongo,32.9063463,-2.5191362
mwanza_businesses.3404,3404,3404,8532226930,kilombelo,,Kilombero,,,Mwanza,cosmetics,Nyamagana,Mo-Fr 09:00-17:00,Mirongo,32.9058964,-2.5191268
mwanza_businesses.3405,3405,3405,8532228552,,,,,,Mwanza,carpet,Nyamagana,Mo-Sa 08:00-18:00,Mirongo,32.9055515,-2.5191104
mwanza_businesses.3406,3406,3406,8532228374,Uhuru,,Uhuru,Evarist Shop,,Mwanza,convenience,Nyamagana,Mo-Sa 08:00-18:00,Mirongo,32.9063045,-2.5191076
mwanza_businesses.3407,3407,3407,8532226726,Uhuru,,Uhuru,,,Mwanza,mobile_phone,Nyamagana,Mo-Sa 09:00-17:00,Mirongo,32.9062875,-2.5190902
mwanza_businesses.3408,3408,3408,8532227065,,,,,,Mwanza,convenience,Nyamagana,Mo-Sa 08:00-18:00,Mirongo,32.9055515,-2.5190866
mwanza_businesses.3409,3409,3409,8532227682,,,,Sadah Fashion,,Mwanza,vacant,Nyamagana,Mo-Sa 08:00-18:00,Mirongo,32.9055753,-2.5190866
mwanza_businesses.3410,3410,3410,8532226859,Uhuru,,Uhuru,Mrosso Min Supermarket,,Mwanza,convenience,Nyamagana,Mo-Sa 08:00-18:00,Mirongo,32.9061782,-2.5190424
mwanza_businesses.3411,3411,3411,8532228750,Uhuru,,Uhuru,Pwani Fashion Shop,,Mwanza,clothes,Nyamagana,Mo-Sa 09:00-17:00,Mirongo,32.9061957,-2.5190409
mwanza_businesses.3412,3412,3412,8532228527,,,,,,Mwanza,carpet,Nyamagana,Mo-Sa 08:00-18:00,Mirongo,32.9054854,-2.5190349
mwanza_businesses.3413,3413,3413,8532227232,Uhuru,,Uhuru,Mrosso,,Mwanza,electronics,Nyamagana,Mo-Sa 08:00-18:00,Mirongo,32.9061556,-2.5190322
mwanza_businesses.3414,3414,3414,8532226879,,,,,,Mwanza,clothes,Nyamagana,Mo-Sa 08:00-18:00,Mirongo,32.9054495,-2.519017
mwanza_businesses.3415,3415,3415,8532227471,Uhuru,,Uhuru,Paschal Shop,,Mwanza,convenience,Nyamagana,Mo-Sa 08:00-18:00,Mirongo,32.9060712,-2.5189734
mwanza_businesses.3416,3416,3416,8532228506,Uhuru,,Uhuru,Massawe Shop,,Mwanza,convenience,Nyamagana,Mo-Sa 08:00-18:00,Mirongo,32.9060939,-2.5189734
mwanza_businesses.3417,3417,3417,8532227605,Uhuru,,Uhuru,,,Mwanza,convenience,Nyamagana,Mo-Sa 08:00-18:00,Mirongo,32.9060691,-2.5188487
mwanza_businesses.3418,3418,3418,8532227178,Uhuru,,Uhuru,Campion Butchery,,Mwanza,butcher,Nyamagana,Mo-Sa 08:00-18:00,Mirongo,32.906063,-2.5188425
mwanza_businesses.3419,3419,3419,8532228695,Uhuru,,Uhuru,Gladys Drinks,0756850884,Mwanza,alcohol,Nyamagana,Mo-Su 09:00-21:00,Mirongo,32.9061291,-2.5187789
mwanza_businesses.3420,3420,3420,8532227119,,,Ngokozi,,,Mwanza,cosmetics,Nyamagana,Mo-Sa 08:00-18:00,Mirongo,32.9056191,-2.5187268
mwanza_businesses.3421,3421,3421,8532227338,Uhuru,,Uhuru,,,Mwanza,bakery,Nyamagana,Mo-Sa 09:00-20:00,Mirongo,32.9061556,-2.5187268
mwanza_businesses.3422,3422,3422,8532228770,,,Ngokozi,Madina spices,0756517275,Mwanza,convenience,Nyamagana,Mo-Sa 08:00-18:00,Mirongo,32.9056406,-2.5187268
mwanza_businesses.3423,3423,3423,8532227303,Ngokozi,,Ngokozi,Mafu,,Mwanza,butcher,Nyamagana,Mo-Sa 09:00-20:00,Mirongo,32.9057693,-2.5187053
mwanza_businesses.3424,3424,3424,8532228822,kilombelo,,Kilombero,,,Mwanza,cosmetics,Nyamagana,Mo-Fr 09:00-17:00,Mirongo,32.905882,-2.5191556
mwanza_businesses.3425,3425,3425,8532228852,kilombelo,,Kilombero,,,Mwanza,vacant,Nyamagana,,Mirongo,32.905882,-2.5191268
mwanza_businesses.3426,3426,3426,8532228857,Uhuru,,Uhuru,,,Mwanza,electronics,Nyamagana,,Mirongo,32.9063297,-2.5191132
mwanza_businesses.3427,3427,3427,8532228877,Ngokozi,,Ngokozi,Totoshop,,Mwanza,convenience,Nyamagana,Mo-Sa 09:00-20:00,Mirongo,32.9059297,-2.5188271
mwanza_businesses.3428,3428,3428,8532228935,Uhuru,,Uhuru,,,Mwanza,clothes,Nyamagana,Mo-Sa 08:00-18:00,Mirongo,32.9062135,-2.519052
mwanza_businesses.3429,3429,3429,8532228954,,,Uhuru,,,Mwanza,clothes,Nyamagana,Mo-Sa 08:00-18:00,Mirongo,32.9054137,-2.519017
mwanza_businesses.3430,3430,3430,8532228981,,,,,,Mwanza,beauty,Nyamagana,Mo-Sa 08:00-18:00,Mirongo,32.9056222,-2.5191595
mwanza_businesses.3431,3431,3431,8532228988,Uhuru,,Uhuru,,,Mwanza,cosmetics,Nyamagana,Mo-Sa 08:00-18:00,Mirongo,32.9063165,-2.5191132
mwanza_businesses.3432,3432,3432,8532229069,Uhuru,,Uhuru,,,Mwanza,stationery,Nyamagana,Mo-Sa 08:00-18:00,Mirongo,32.9060555,-2.5188655
mwanza_businesses.3433,3433,3433,8532229143,,,,,,Mwanza,clothes,Nyamagana,Mo-Sa 08:00-18:00,Mirongo,32.9055276,-2.5191342
mwanza_businesses.3434,3434,3434,8532229178,Uhuru,,Uhuru,Sally Vitenge,,Mwanza,clothes,Nyamagana,Mo-Sa 08:00-18:00,Mirongo,32.9062243,-2.5190737
mwanza_businesses.3435,3435,3435,8532229197,,,,Silver Touch,,Mwanza,jewelry,Nyamagana,Mo-Sa 08:00-18:00,Mirongo,32.9056422,-2.5191123
mwanza_businesses.3436,3436,3436,8532227273,,,Mtakuja,,,Mwanza,clothes,Nyamagana,Mo-Sa 08:00-18:00,Mirongo,32.9037523,-2.517805
mwanza_businesses.3437,3437,3437,4404167789,,,,Rwenzori water store,,Mwanza,beverages,Nyamagana,,Mirongo,32.9037627,-2.5178127
mwanza_businesses.3438,3438,3438,8532227405,,,Ngokozi,,,Mwanza,clothes,Nyamagana,Mo-Sa 08:00-18:00,Mirongo,32.9037738,-2.5179765
mwanza_businesses.3439,3439,3439,8532227042,Uhuru,,Uhuru,Kings Hair Saloon,,Mwanza,hairdresser,Nyamagana,Mo-Su 09:00-21:00,Mirongo,32.9037884,-2.5172704
mwanza_businesses.3440,3440,3440,8532227186,,,Ngokozi,Shops,0767325050,Mwanza,jewelry,Nyamagana,Mo-Sa 08:00-18:00,Mirongo,32.9037952,-2.5177407
mwanza_businesses.3441,3441,3441,8532227296,,,Ngokozi,,,Mwanza,clothes,Nyamagana,Mo-Sa 08:00-18:00,Mirongo,32.9039454,-2.5182337
mwanza_businesses.3442,3442,3442,8532226856,Dampo,,Dampo,,,Mwanza,hairdresser,Nyamagana,Mo-Sa 08:00-18:00,Mirongo,32.9039592,-2.5173789
mwanza_businesses.3443,3443,3443,8532227000,,,Ngokozi,,,Mwanza,clothes,Nyamagana,Mo-Sa 08:00-18:00,Mirongo,32.9039884,-2.5182337
mwanza_businesses.3444,3444,3444,8532226996,,,Ngokozi,,,Mwanza,clothes,Nyamagana,Mo-Sa 08:00-18:00,Mirongo,32.9040098,-2.5182123
mwanza_businesses.3445,3445,3445,8532226981,Dampo,,Dampo,,,Mwanza,convenience,Nyamagana,Mo-Sa 08:00-18:00,Mirongo,32.9040398,-2.5176269
mwanza_businesses.3446,3446,3446,8532226910,Dampo,,Dampo,,,Mwanza,hairdresser,Nyamagana,Mo-Sa 08:00-18:00,Mirongo,32.9040625,-2.5172699
mwanza_businesses.3447,3447,3447,8532226814,Dampo,,Dampo,Complex Nall,,Mwanza,hairdresser,Nyamagana,Mo-Sa 08:00-18:00,Mirongo,32.9041467,-2.5176824
mwanza_businesses.3448,3448,3448,8532227425,Uhuru,,,,,Mwanza,vacant,Nyamagana,Mo-Sa 08:00-18:00,Mirongo,32.9041901,-2.5185522
mwanza_businesses.3449,3449,3449,8532227468,Dampo,,Dampo,,,Mwanza,clothes,Nyamagana,Mo-Sa 08:00-18:00,Mirongo,32.9042029,-2.5173548
mwanza_businesses.3450,3450,3450,8532226868,,,Ngokozi,Manka Stylish,0786205518,Mwanza,clothes,Nyamagana,Mo-Sa 08:00-18:00,Mirongo,32.9042673,-2.5179336
mwanza_businesses.3451,3451,3451,8532227350,,,Uhuru,,,Mwanza,clothes,Nyamagana,Mo-Sa 08:00-18:00,Mirongo,32.9042981,-2.5186139
mwanza_businesses.3452,3452,3452,8532227293,Dampo,,Dampo,Loviee Collections,0757288490,Mwanza,shoes,Nyamagana,Mo-Sa 08:00-18:00,Mirongo,32.9043248,-2.5177649
mwanza_businesses.3453,3453,3453,8532227030,,,Ngokozi,,,Mwanza,convenience,Nyamagana,Mo-Fr 08:00-18:00; Sa-Su 08:00-15:00,Mirongo,32.9043945,-2.5178089
mwanza_businesses.3454,3454,3454,8532227611,,,Ngokozi,,,Mwanza,mobile_phone,Nyamagana,Mo-Sa 08:00-18:00,Mirongo,32.9040313,-2.5181694
mwanza_businesses.3455,3455,3455,8532227670,Uhuru,,,,,Mwanza,alcohol,Nyamagana,Mo-Sa 08:00-18:00,Mirongo,32.9037408,-2.5184093
mwanza_businesses.3456,3456,3456,8532227673,,,Uhuru,Izah Beauty Shop,,Mwanza,beauty,Nyamagana,Mo-Sa 08:00-18:00,Mirongo,32.9042813,-2.5185972
mwanza_businesses.3457,3457,3457,8532228329,Dampo,,Dampo,,,Mwanza,shoes,Nyamagana,Mo-Sa 08:00-18:00,Mirongo,32.9042393,-2.5176978
mwanza_businesses.3458,3458,3458,8532228332,,,Ngokozi,,,Mwanza,shoes,Nyamagana,Mo-Sa 08:00-18:00,Mirongo,32.9039025,-2.5182123
mwanza_businesses.3459,3459,3459,8532228436,,,Ngokozi,Sele shop,,Mwanza,convenience,Nyamagana,Mo-Fr 08:00-18:00; Sa-Su 08:00-15:00,Mirongo,32.9044023,-2.5182452
mwanza_businesses.3460,3460,3460,8532228441,Dampo,,Dampo,,,Mwanza,fabric,Nyamagana,Mo-Sa 08:00-18:00,Mirongo,32.9040625,-2.5172812
mwanza_businesses.3461,3461,3461,8532228461,,,Ngokozi,Manka Stylish,0786205518,Mwanza,clothes,Nyamagana,Mo-Sa 08:00-18:00,Mirongo,32.9042244,-2.5179336
mwanza_businesses.3462,3462,3462,8532228503,Uhuru,,Uhuru,SV Cosmetics,,Mwanza,cosmetics,Nyamagana,Mo-Sa 09:00-20:00,Mirongo,32.9036816,-2.5173368
mwanza_businesses.3463,3463,3463,8532228558,Uhuru,,Uhuru,,,Mwanza,gas,Nyamagana,Mo-Sa 09:00-17:00,Mirongo,32.9038192,-2.5171105
mwanza_businesses.3464,3464,3464,8532228573,Uhuru Road,,,Zia Auto Parts,0744666818,Mwanza,car_repair,Nyamagana,Mo-Sa 08:00-18:00,Mirongo,32.9040327,-2.5185843
mwanza_businesses.3465,3465,3465,8532228649,Dampo Road,,Ngokozi,Kela Bakery,0753553991,Mwanza,bakery,Nyamagana,Mo-Su 09:00-21:00,Mirongo,32.9037738,-2.5181694
mwanza_businesses.3466,3466,3466,8532228681,Dampo Road,,Ngokozi,Kazungu Kamoja Smart,,Mwanza,convenience,Nyamagana,Mo-Sa 08:00-18:00,Mirongo,32.9041386,-2.518298
mwanza_businesses.3467,3467,3467,8532228734,,,Mtakuja,,,Mwanza,electronics,Nyamagana,Mo-Sa 08:00-18:00,Mirongo,32.9040956,-2.517805
mwanza_businesses.3468,3468,3468,8532228759,,,Ngokozi,Mwanza Nail Clinic,,Mwanza,clothes,Nyamagana,Mo-Sa 08:00-18:00,Mirongo,32.9042459,-2.5179122
mwanza_businesses.3469,3469,3469,8532228866,,,Uhuru,,,Mwanza,carpet,Nyamagana,Mo-Sa 08:00-18:00,Mirongo,32.9042477,-2.5185972
mwanza_businesses.3470,3470,3470,8532228872,,,Ngokozi,,,Mwanza,clothes,Nyamagana,Mo-Sa 08:00-18:00,Mirongo,32.9039669,-2.5182766
mwanza_businesses.3471,3471,3471,8532228891,,,Ngokozi,,,Mwanza,convenience,Nyamagana,Mo-Sa 08:00-18:00,Mirongo,32.9036889,-2.5178469
mwanza_businesses.3472,3472,3472,8532228925,,,Ngokozi,,,Mwanza,clothes,Nyamagana,Mo-Sa 08:00-18:00,Mirongo,32.9040956,-2.5176335
mwanza_businesses.3473,3473,3473,8532228932,Dampo,,Dampo,,,Mwanza,convenience,Nyamagana,Mo-Sa 08:00-18:00,Mirongo,32.9043927,-2.517421
mwanza_businesses.3474,3474,3474,8532228939,Majukano,,,,,Mwanza,wholesale,Nyamagana,Mo-Sa 08:00-18:00,Mirongo,32.9040092,-2.518916
mwanza_businesses.3475,3475,3475,8532228985,Rufiji Street,,Rufiji,,,Mwanza,tailor,Nyamagana,Mo-Fr 09:00-17:00,Mirongo,32.9036969,-2.5170858
mwanza_businesses.3476,3476,3476,8532229059,,,Ngokozi,,,Mwanza,shoes,Nyamagana,Mo-Sa 08:00-18:00,Mirongo,32.9037738,-2.5179979
mwanza_businesses.3477,3477,3477,8532229075,Dampo Road,,Ngokozi,Mapacha Classic,,Mwanza,clothes,Nyamagana,Mo-Sa 08:00-18:00,Mirongo,32.9039884,-2.5181051
mwanza_businesses.3478,3478,3478,8532229108,,,Ngokozi,,,Mwanza,clothes,Nyamagana,Mo-Fr 08:00-18:00; Sa-Su 08:00-15:00,Mirongo,32.9043531,-2.5180837
mwanza_businesses.3479,3479,3479,8532229120,Dampo,,Dampo,,,Mwanza,convenience,Nyamagana,Mo-Sa 08:00-18:00,Mirongo,32.9041815,-2.5173334
mwanza_businesses.3480,3480,3480,8532229190,,,Ngokozi,Mapacha Classic,,Mwanza,clothes,Nyamagana,Mo-Sa 08:00-18:00,Mirongo,32.903924,-2.5182552
mwanza_businesses.3481,3481,3481,8532226932,,,Soko Kuu,,,Mwanza,vacant,Nyamagana,,Mirongo,32.9082776,-2.5179822
mwanza_businesses.3482,3482,3482,8532228449,,,,,,Mwanza,vacant,Nyamagana,,Mirongo,32.9082812,-2.5181263
mwanza_businesses.3483,3483,3483,8532227547,,,Soko Kuu,,,Mwanza,vacant,Nyamagana,,Mirongo,32.9082887,-2.5180049
mwanza_businesses.3484,3484,3484,8532226802,,,,,,Mwanza,vacant,Nyamagana,Mo-Fr 09:00-17:00,Mirongo,32.9082951,-2.5179997
mwanza_businesses.3485,3485,3485,8532228341,,,Soko Kuu,,,Mwanza,vacant,Nyamagana,,Mirongo,32.9084965,-2.5178622
mwanza_businesses.3486,3486,3486,8532226894,,,Soko Kuu,,,Mwanza,beverages,Nyamagana,Mo-Fr 09:00-17:00,Mirongo,32.9086032,-2.5186144
mwanza_businesses.3487,3487,3487,8532227189,,,Soko Kuu,,,Mwanza,vacant,Nyamagana,,Mirongo,32.9086611,-2.5186578
mwanza_businesses.3488,3488,3488,8532228409,,,Soko Kuu,,,Mwanza,vacant,Nyamagana,,Mirongo,32.9087152,-2.5187108
mwanza_businesses.3489,3489,3489,8532227175,,,Soko Kuu,,,Mwanza,vacant,Nyamagana,Mo-Sa 09:00-17:00,Mirongo,32.9087549,-2.5180907
mwanza_businesses.3490,3490,3490,8532226761,,,Soko Kuu,,,Mwanza,vacant,Nyamagana,,Mirongo,32.9087576,-2.518739
mwanza_businesses.3491,3491,3491,8532228582,,,Soko Kuu,,,Mwanza,vacant,Nyamagana,,Mirongo,32.9083837,-2.5177383
mwanza_businesses.3492,3492,3492,8532228637,,,Soko Kuu,,,Mwanza,vacant,Nyamagana,,Mirongo,32.9085416,-2.5179523
mwanza_businesses.3493,3493,3493,8532228692,,,Soko Kuu,,,Mwanza,vacant,Nyamagana,,Mirongo,32.908316,-2.5176369
mwanza_businesses.3494,3494,3494,8532228771,,,Soko Kuu,,,Mwanza,vacant,Nyamagana,,Mirongo,32.9084965,-2.5178847
mwanza_businesses.3495,3495,3495,8532228839,,,Soko Kuu,,,Mwanza,vacant,Nyamagana,,Mirongo,32.9086869,-2.5186825
mwanza_businesses.3496,3496,3496,8532228879,,,Soko Kuu,,,Mwanza,vacant,Nyamagana,,Mirongo,32.9084063,-2.517727
mwanza_businesses.3497,3497,3497,8532229066,,,Soko Kuu,,,Mwanza,vacant,Nyamagana,Mo-Fr 09:00-17:00,Mirongo,32.9085416,-2.5179298
mwanza_businesses.3498,3498,3498,8532229199,,,Soko Kuu,,,Mwanza,vacant,Nyamagana,,Mirongo,32.9084377,-2.517742
mwanza_businesses.3499,3499,3499,8532226800,Ngokozi,,Ngokozi,Machumu Shop,0745233377,Mwanza,convenience,Nyamagana,Mo-Sa 09:00-20:00,Mirongo,32.9059508,-2.5186915
mwanza_businesses.3500,3500,3500,8532226952,Rufiji,,Rufiji,Yohana Shop,,Mwanza,convenience,Nyamagana,Mo-Sa 09:00-17:00,Mirongo,32.9059595,-2.5182429
mwanza_businesses.3501,3501,3501,8532226912,,,Ngokozi,,,Mwanza,convenience,Nyamagana,Mo-Sa 08:00-18:00,Mirongo,32.9060663,-2.5185747
mwanza_businesses.3502,3502,3502,8532201411,Ngokozi,,Ngokozi,,,Mwanza,gas,Nyamagana,Mo-Sa 09:00-20:00,Mirongo,32.9060901,-2.5181946
mwanza_businesses.3503,3503,3503,8532227268,,,Ngokozi,Mugumu Photocopy,,Mwanza,stationery,Nyamagana,Mo-Sa 08:00-18:00,Mirongo,32.9061111,-2.5184684
mwanza_businesses.3504,3504,3504,8532227006,Ngokozi,,Ngokozi,,,Mwanza,convenience,Nyamagana,Mo-Sa 09:00-20:00,Mirongo,32.9061157,-2.5182707
mwanza_businesses.3505,3505,3505,8532226843,Rufiji,,Rufiji,Yohana Shop,,Mwanza,convenience,Nyamagana,Mo-Sa 09:00-20:00,Mirongo,32.9061282,-2.5184389
mwanza_businesses.3506,3506,3506,8532227154,Uhuru,,Uhuru,,,Mwanza,convenience,Nyamagana,Mo-Sa 08:00-18:00,Mirongo,32.9061556,-2.5186625
mwanza_businesses.3507,3507,3507,8532227100,Uhuru,,Uhuru,Kwa Mangi Shop,,Mwanza,wholesale,Nyamagana,Mo-Sa 08:00-18:00,Mirongo,32.9061608,-2.5186388
mwanza_businesses.3508,3508,3508,8532227194,Ngokozi,,Ngokozi,,,Mwanza,convenience,Nyamagana,Mo-Sa 09:00-17:00,Mirongo,32.906173,-2.5183779
mwanza_businesses.3509,3509,3509,8532226875,Mirongo,,Mirongo,,,Mwanza,convenience,Nyamagana,Mo-Sa 08:00-18:00,Mirongo,32.9062739,-2.5180687
mwanza_businesses.3510,3510,3510,8532226928,Mirongo,,Mirongo,,,Mwanza,convenience,Nyamagana,Mo-Sa 08:00-18:00,Mirongo,32.9064257,-2.5177943
mwanza_businesses.3511,3511,3511,8532227038,Mirongo,,Mirongo,,,Mwanza,clothes,Nyamagana,Mo-Sa 08:00-18:00,Mirongo,32.9064365,-2.5177924
mwanza_businesses.3512,3512,3512,8532227259,Rufiji Road,,Rufiji,Mgandu Shop,,Mwanza,convenience,Nyamagana,Mo-Sa 08:00-18:00,Mirongo,32.9064653,-2.5181379
mwanza_businesses.3513,3513,3513,8532226756,Mission,,Mission,,,Mwanza,houseware,Nyamagana,Mo-Su 09:00-21:00,Mirongo,32.9064726,-2.5185558
mwanza_businesses.3514,3514,3514,8532226889,Thaqaafa,,Rufiji,,,Mwanza,clothes,Nyamagana,Mo-Sa 08:00-18:00,Mirongo,32.906692,-2.5179122
mwanza_businesses.3515,3515,3515,8532227022,Thaqaafa,,Rufiji,,,Mwanza,clothes,Nyamagana,Mo-Sa 08:00-18:00,Mirongo,32.906692,-2.5179336
mwanza_businesses.3516,3516,3516,8532226835,Banda,,Rufiji,,,Mwanza,hairdresser,Nyamagana,Mo-Sa 09:00-20:00,Mirongo,32.9067349,-2.5179122
mwanza_businesses.3517,3517,3517,8532227183,Rufiji Road,,Rufiji,,0786020886,Mwanza,stationery,Nyamagana,Mo-Sa 08:00-18:00,Mirongo,32.9068067,-2.5183734
mwanza_businesses.3518,3518,3518,8532201402,Mission,,Mission,Baby's Store,,Mwanza,clothes,Nyamagana,Mo-Fr 08:00-18:00; Sa-Su 08:00-15:00,Mirongo,32.9068465,-2.5186634
mwanza_businesses.3519,3519,3519,8532227075,Rufiji Road,,Rufiji,,0766572165,Mwanza,hairdresser,Nyamagana,Mo-Sa 08:00-18:00,Mirongo,32.9069281,-2.5184267
mwanza_businesses.3520,3520,3520,8532226786,Banda,,Rufiji,,,Mwanza,kiosk,Nyamagana,Mo-Sa 08:00-18:00,Mirongo,32.9071413,-2.5180672
mwanza_businesses.3521,3521,3521,8532227214,Banda,,Rufiji,,,Mwanza,electronics,Nyamagana,Mo-Sa 08:00-18:00,Mirongo,32.9071426,-2.5180622
mwanza_businesses.3522,3522,3522,8532227314,Mirongo,,Mirongo,,,Mwanza,convenience,Nyamagana,Mo-Sa 08:00-18:00,Mirongo,32.90641,-2.5178661
mwanza_businesses.3523,3523,3523,8532227455,Ngokozi,,Ngokozi,,,Mwanza,stationery,Nyamagana,Mo-Sa 08:00-18:00,Mirongo,32.9061042,-2.5184181
mwanza_businesses.3524,3524,3524,8532227501,Rufiji Road,,Rufiji,,,Mwanza,cosmetics,Nyamagana,Mo-Sa 08:00-18:00,Mirongo,32.9069461,-2.5184026
mwanza_businesses.3525,3525,3525,8532227526,Uhuru,,Uhuru,Mbabazi,,Mwanza,cosmetics,Nyamagana,Mo-Sa 08:00-18:00,Mirongo,32.9061556,-2.5186839
mwanza_businesses.3526,3526,3526,8532227543,Mirongo,,Mirongo,,,Mwanza,wholesale,Nyamagana,Mo-Sa 08:00-18:00,Mirongo,32.9064288,-2.5176711
mwanza_businesses.3527,3527,3527,8532227556,Rufiji Road,,Rufiji,Ashura Kids Store,,Mwanza,clothes,Nyamagana,Mo-Sa 08:00-18:00,Mirongo,32.9067943,-2.5183583
mwanza_businesses.3528,3528,3528,8532227580,Mission,,Mission,Hair Cuts,,Mwanza,hairdresser,Nyamagana,Mo-Su 09:00-21:00,Mirongo,32.9065469,-2.5185187
mwanza_businesses.3529,3529,3529,8532227622,Ngokozi,,Ngokozi,,,Mwanza,convenience,Nyamagana,Mo-Sa 09:00-20:00,Mirongo,32.9059251,-2.5181229
mwanza_businesses.3530,3530,3530,8532227690,Rufiji Road,,Rufiji,,,Mwanza,tailor,Nyamagana,Mo-Sa 08:00-18:00,Mirongo,32.9067173,-2.5182702
mwanza_businesses.3531,3531,3531,8532228320,,,Ngokozi,,,Mwanza,wholesale,Nyamagana,Mo-Sa 08:00-18:00,Mirongo,32.9060376,-2.5185492
mwanza_businesses.3532,3532,3532,8532228359,,,Ngokozi,,,Mwanza,convenience,Nyamagana,Mo-Sa 08:00-18:00,Mirongo,32.9061985,-2.5183195
mwanza_businesses.3533,3533,3533,8532228427,Rufiji Road,,Rufiji,,,Mwanza,convenience,Nyamagana,Mo-Sa 08:00-18:00,Mirongo,32.9064775,-2.518148
mwanza_businesses.3534,3534,3534,8532228481,Rufiji Road,,Rufiji,,,Mwanza,cosmetics,Nyamagana,Mo-Sa 08:00-18:00,Mirongo,32.9065847,-2.5182123
mwanza_businesses.3535,3535,3535,8532228536,Rufiji Road,,Rufiji,,,Mwanza,stationery,Nyamagana,Mo-Sa 08:00-18:00,Mirongo,32.9069924,-2.5184481
mwanza_businesses.3536,3536,3536,8532228561,,,Ngokozi,Maria Shop,,Mwanza,convenience,Nyamagana,Mo-Sa 08:00-18:00,Mirongo,32.9060866,-2.5185359
mwanza_businesses.3537,3537,3537,8532228632,Mirongo,,Mirongo,,,Mwanza,beverages,Nyamagana,Mo-Sa 08:00-18:00,Mirongo,32.9064506,-2.5176228
mwanza_businesses.3538,3538,3538,8532228640,,,Ngokozi,Hekima shop,,Mwanza,convenience,Nyamagana,Mo-Sa 08:00-18:00,Mirongo,32.9060376,-2.5186046
mwanza_businesses.3539,3539,3539,8532228671,Thaqaafa,,Rufiji,,,Mwanza,supermarket,Nyamagana,Mo-Sa 08:00-18:00,Mirongo,32.9067135,-2.5179122
mwanza_businesses.3540,3540,3540,8532228687,Mirongo,,Mirongo,,,Mwanza,books,Nyamagana,Mo-Sa 08:00-18:00,Mirongo,32.9063731,-2.5179552
mwanza_businesses.3541,3541,3541,8532228725,Rufiji Road,,Rufiji,,,Mwanza,jewelry,Nyamagana,Mo-Sa 08:00-18:00,Mirongo,32.9069281,-2.5184052
mwanza_businesses.3542,3542,3542,8532228781,Rufiji Road,,Rufiji,Mugumu Photocopy,,Mwanza,stationery,Nyamagana,Mo-Sa 08:00-18:00,Mirongo,32.9064775,-2.5181265
mwanza_businesses.3543,3543,3543,8532228789,,,Rufiji,,,Mwanza,cosmetics,Nyamagana,Mo-Sa 08:00-18:00,Mirongo,32.9061779,-2.5183027
mwanza_businesses.3544,3544,3544,8532228834,Rufiji Road,,Rufiji,,,Mwanza,cosmetics,Nyamagana,Mo-Sa 08:00-18:00,Mirongo,32.9064807,-2.5181686
mwanza_businesses.3545,3545,3545,8532228844,Rufiji,,Rufiji,Maya Shop,,Mwanza,convenience,Nyamagana,Mo-Sa 08:00-18:00,Mirongo,32.9061812,-2.5183421
mwanza_businesses.3546,3546,3546,8532228963,Rufiji,,Rufiji,Patuu Modern Butcher,0763480081,Mwanza,butcher,Nyamagana,Mo-Sa 08:00-18:00,Mirongo,32.9064864,-2.518143
mwanza_businesses.3547,3547,3547,8532228973,Mirongo,,Mirongo,,,Mwanza,convenience,Nyamagana,Mo-Sa 08:00-18:00,Mirongo,32.9061994,-2.5180033
mwanza_businesses.3548,3548,3548,8532229099,Thaqaafa,,Rufiji,,,Mwanza,bag,Nyamagana,Mo-Sa 08:00-18:00,Mirongo,32.9067135,-2.5179336
mwanza_businesses.3549,3549,3549,8532229154,Rufiji Road,,Rufiji,,,Mwanza,clothes,Nyamagana,Mo-Sa 08:00-18:00,Mirongo,32.9064807,-2.5181379
mwanza_businesses.3550,3550,3550,8532227308,,,Ngokozi,,,Mwanza,convenience,Nyamagana,Mo-Su 09:00-21:00,Mirongo,32.9051486,-2.5186856
mwanza_businesses.3551,3551,3551,8532227330,,,Ngokozi,Jv kids fashion,,Mwanza,clothes,Nyamagana,Mo-Sa 08:00-18:00,Mirongo,32.9055977,-2.5186839
mwanza_businesses.3552,3552,3552,8532227254,,,Ngokozi,,,Mwanza,clothes,Nyamagana,Mo-Sa 08:00-18:00,Mirongo,32.9050183,-2.5186839
mwanza_businesses.3553,3553,3553,6156491630,,,,Kela Bakery,,Mwanza,bakery,Nyamagana,,Mirongo,32.9053898,-2.5186558
mwanza_businesses.3554,3554,3554,8532227492,,,Mtakuja,Bakery,0753553991,Mwanza,convenience,Nyamagana,Mo-Fr 08:00-18:00; Sa-Su 08:00-15:00,Mirongo,32.9054527,-2.5186432
mwanza_businesses.3555,3555,3555,8532228397,,,Ngokozi,,,Mwanza,convenience,Nyamagana,Mo-Su 09:00-21:00,Mirongo,32.9052807,-2.5185653
mwanza_businesses.3556,3556,3556,8532228383,Dampo Road,,Ngokozi,Shops,,Mwanza,convenience,Nyamagana,Mo-Su 09:00-21:00,Mirongo,32.9046321,-2.5185338
mwanza_businesses.3557,3557,3557,8532227645,,,Ngokozi,Doricas Classic,,Mwanza,convenience,Nyamagana,Mo-Sa 08:00-18:00,Mirongo,32.9046535,-2.5185338
mwanza_businesses.3558,3558,3558,4400928107,,,,Dampo,,Mwanza,car_repair,Nyamagana,,Mirongo,32.9054183,-2.5185082
mwanza_businesses.3559,3559,3559,8532226767,,,Mtakuja,,,Mwanza,clothes,Nyamagana,Mo-Fr 08:00-18:00; Sa-Su 08:00-15:00,Mirongo,32.9054186,-2.5185018
mwanza_businesses.3560,3560,3560,8532227480,,,Ngokozi,,,Mwanza,convenience,Nyamagana,Mo-Sa 08:00-18:00,Mirongo,32.9045677,-2.5184695
mwanza_businesses.3561,3561,3561,8532228600,,,Mtakuja,,,Mwanza,convenience,Nyamagana,Mo-Sa 08:00-18:00,Mirongo,32.9054046,-2.5184695
mwanza_businesses.3562,3562,3562,8532227163,,,Mtakuja,,,Mwanza,shoes,Nyamagana,Mo-Sa 08:00-18:00,Mirongo,32.9048252,-2.5184695
mwanza_businesses.3563,3563,3563,8532228625,,,Mtakuja,,,Mwanza,clothes,Nyamagana,Mo-Sa 08:00-18:00,Mirongo,32.9048038,-2.5184481
mwanza_businesses.3564,3564,3564,8532227589,,,Mtakuja,,,Mwanza,mobile_phone,Nyamagana,Mo-Sa 08:00-18:00,Mirongo,32.9048467,-2.5184481
mwanza_businesses.3565,3565,3565,8532215205,,,Ngokozi,,,Mwanza,furniture,Nyamagana,Mo-Sa 08:00-18:00,Mirongo,32.9057351,-2.5184464
mwanza_businesses.3566,3566,3566,8532227678,,,Mtakuja,,,Mwanza,mobile_phone,Nyamagana,Mo-Sa 08:00-18:00,Mirongo,32.9053402,-2.5184267
mwanza_businesses.3567,3567,3567,8532228712,,,Mtakuja,,,Mwanza,clothes,Nyamagana,Mo-Sa 08:00-18:00,Mirongo,32.9052896,-2.5184067
mwanza_businesses.3568,3568,3568,8532226820,,,Mtakuja,,,Mwanza,clothes,Nyamagana,Mo-Sa 08:00-18:00,Mirongo,32.9052103,-2.5183794
mwanza_businesses.3569,3569,3569,8532227246,,,Mtakuja,,,Mwanza,hairdresser,Nyamagana,Mo-Sa 08:00-18:00,Mirongo,32.9051842,-2.5183794
mwanza_businesses.3570,3570,3570,8532228490,,,Ngokozi,,,Mwanza,stationery,Nyamagana,Mo-Sa 08:00-18:00,Mirongo,32.9057787,-2.5183306
mwanza_businesses.3571,3571,3571,8532228467,,,Mtakuja,Aggy Makeup,0767820043,Mwanza,hairdresser,Nyamagana,Mo-Sa 08:00-18:00,Mirongo,32.9050827,-2.5183195
mwanza_businesses.3572,3572,3572,8532226898,,,Rufiji,,,Mwanza,convenience,Nyamagana,Mo-Sa 08:00-18:00,Mirongo,32.9058123,-2.5182552
mwanza_businesses.3573,3573,3573,8532226789,,,Mtakuja,,,Mwanza,shoes,Nyamagana,Mo-Sa 08:00-18:00,Mirongo,32.9047123,-2.5182543
mwanza_businesses.3574,3574,3574,8532226735,,,Mtakuja,Dream City Saloon,,Mwanza,hairdresser,Nyamagana,Mo-Sa 08:00-18:00,Mirongo,32.9048713,-2.5182085
mwanza_businesses.3575,3575,3575,8532227301,Dampo,,Dampo,,,Mwanza,convenience,Nyamagana,Mo-Sa 08:00-18:00,Mirongo,32.9051704,-2.5181933
mwanza_businesses.3576,3576,3576,8532226976,,,Mtakuja,,,Mwanza,carpet,Nyamagana,Mo-Sa 08:00-18:00,Mirongo,32.9047394,-2.5181265
mwanza_businesses.3577,3577,3577,8532227109,,,Mtakuja,,,Mwanza,carpet,Nyamagana,Mo-Sa 08:00-18:00,Mirongo,32.9047179,-2.5181265
mwanza_businesses.3578,3578,3578,8532228882,,,Ngokozi,,,Mwanza,convenience,Nyamagana,Mo-Sa 08:00-18:00,Mirongo,32.9049143,-2.5186134
mwanza_businesses.3579,3579,3579,8532228898,Dampo,,Dampo,,,Mwanza,beauty,Nyamagana,Mo-Sa 08:00-18:00,Mirongo,32.9053861,-2.5182572
mwanza_businesses.3580,3580,3580,8532229028,Dampo,,Dampo,,0762408881,Mwanza,convenience,Nyamagana,24/7,Mirongo,32.9055377,-2.5183708
mwanza_businesses.3581,3581,3581,8532229053,,,Mtakuja,,,Mwanza,convenience,Nyamagana,Mo-Fr 08:00-18:00; Sa-Su 08:00-15:00;Mo-Fr 08:00-18:00; Sa-Su 08:00-15:00,Mirongo,32.9048252,-2.5181909
mwanza_businesses.3582,3582,3582,8532229064,,,Ngokozi,Nyota Ya Warembo,,Mwanza,hairdresser,Nyamagana,Mo-Sa 08:00-18:00,Mirongo,32.9055977,-2.5186625
mwanza_businesses.3583,3583,3583,8532229086,,,Ngokozi,Richie Shop,,Mwanza,bed,Nyamagana,Mo-Sa 08:00-18:00,Mirongo,32.905813,-2.5182814
mwanza_businesses.3584,3584,3584,8532229147,,,Mtakuja,,,Mwanza,convenience,Nyamagana,Mo-Sa 08:00-18:00,Mirongo,32.9053617,-2.5186839
mwanza_businesses.3585,3585,3585,8532229162,Dampo Road,,Ngokozi,Shops,0714410124,Mwanza,convenience,Nyamagana,Mo-Sa 08:00-18:00,Mirongo,32.9047705,-2.5186648
mwanza_businesses.3586,3586,3586,8532229187,,,Mtakuja,,,Mwanza,clothes,Nyamagana,Mo-Sa 08:00-18:00,Mirongo,32.9046646,-2.5182497
mwanza_businesses.3587,3587,3587,8532229194,Dampo,,Dampo,,,Mwanza,tailor,Nyamagana,Mo-Sa 08:00-18:00,Mirongo,32.9052345,-2.5182319
mwanza_businesses.3588,3588,3588,4400948794,,,,Nyota ya Warembo Salon,,Mwanza,cosmetics,Nyamagana,,Mirongo,32.9058128,-2.5182638
mwanza_businesses.3589,3589,3589,8532227594,,,Nyamagana Mashariki,,,Mwanza,convenience,Nyamagana,Mo-Sa 09:00-20:00,Mirongo,32.9031436,-2.5182505
mwanza_businesses.3590,3590,3590,8532227614,,,Kirumba,,,Mwanza,car_parts,Nyamagana,Mo-Sa 08:00-18:00,Mirongo,32.9031421,-2.5182385
mwanza_businesses.3591,3591,3591,8532228407,,,Nyamagana Mashariki,,,Mwanza,art,Nyamagana,Mo-Sa 09:00-20:00,Mirongo,32.9031588,-2.5186326
mwanza_businesses.3592,3592,3592,8532226942,,,Nyamagana Mashariki,,,Mwanza,hairdresser,Nyamagana,Mo-Su 09:00-21:00,Mirongo,32.9031731,-2.5182779
mwanza_businesses.3593,3593,3593,8532227167,,,Nyamagana Mashariki,,,Mwanza,clothes,Nyamagana,Mo-Fr 08:00-18:00; Sa-Su 08:00-15:00,Mirongo,32.9031888,-2.5182505
mwanza_businesses.3594,3594,3594,8532228629,,,Kirumba,,,Mwanza,vacant,Nyamagana,,Mirongo,32.9031881,-2.5183304
mwanza_businesses.3595,3595,3595,8532228386,,,Kirumba,Ney Shop,,Mwanza,beauty,Nyamagana,Mo-Sa 08:00-18:00,Mirongo,32.9032034,-2.5182844
mwanza_businesses.3596,3596,3596,8532226759,,,Nyamagana Mashariki,,,Mwanza,vacant,Nyamagana,,Mirongo,32.9032035,-2.5183234
mwanza_businesses.3597,3597,3597,8532227367,Uhuru,,Uhuru,,,Mwanza,carpet,Nyamagana,Mo-Fr 09:00-17:00,Mirongo,32.9033017,-2.5176978
mwanza_businesses.3598,3598,3598,8532226739,Majukano,,,,,Mwanza,stationery,Nyamagana,Mo-Sa 08:00-18:00,Mirongo,32.9033578,-2.5185306
mwanza_businesses.3599,3599,3599,8532228707,Majukano,,,,,Mwanza,beauty,Nyamagana,Mo-Sa 08:00-18:00,Mirongo,32.9033821,-2.5185911
mwanza_businesses.3600,3600,3600,8532226924,Majukano,,,,,Mwanza,alcohol,Nyamagana,Mo-Sa 08:00-18:00,Mirongo,32.9034789,-2.5186395
mwanza_businesses.3601,3601,3601,8532228704,Majukano,,,,,Mwanza,wholesale,Nyamagana,Mo-Sa 08:00-18:00,Mirongo,32.9034816,-2.5186288
mwanza_businesses.3602,3602,3602,8532227650,Majukano,,,,,Mwanza,clothes,Nyamagana,Mo-Sa 08:00-18:00,Mirongo,32.9035032,-2.5186395
mwanza_businesses.3603,3603,3603,8532228590,Uhuru,,Uhuru,,,Mwanza,clothes,Nyamagana,Mo-Fr 09:00-17:00,Mirongo,32.9035215,-2.5176754
mwanza_businesses.3604,3604,3604,8532228646,Uhuru Road,,,,,Mwanza,vacant,Nyamagana,Mo-Sa 08:00-18:00,Mirongo,32.903579,-2.5183939
mwanza_businesses.3605,3605,3605,8532227241,,,Ngokozi,,,Mwanza,convenience,Nyamagana,Mo-Sa 08:00-18:00,Mirongo,32.9036021,-2.5181051
mwanza_businesses.3606,3606,3606,8532228762,,,Nyamagana Mashariki,,,Mwanza,wholesale,Nyamagana,Mo-Fr 09:00-17:00,Mirongo,32.9031351,-2.5182732
mwanza_businesses.3607,3607,3607,8532228816,Majukano,,,,,Mwanza,electronics,Nyamagana,Mo-Sa 08:00-18:00,Mirongo,32.9033821,-2.5185064
mwanza_businesses.3608,3608,3608,8532228837,,,Ngokozi,Jessy House Of Fashion Mwanza,,Mwanza,clothes,Nyamagana,Mo-Sa 08:00-18:00,Mirongo,32.9036005,-2.5181301
mwanza_businesses.3609,3609,3609,8532229000,Majukano,,,,,Mwanza,mobile_phone,Nyamagana,Mo-Sa 08:00-18:00,Mirongo,32.9033821,-2.5185185
mwanza_businesses.3610,3610,3610,8532229019,Uhuru Road,,,,,Mwanza,vacant,Nyamagana,Mo-Sa 08:00-18:00,Mirongo,32.9035597,-2.5184131
mwanza_businesses.3611,3611,3611,8532229078,Uhuru Road,,,,,Mwanza,clothes,Nyamagana,Mo-Sa 08:00-18:00,Mirongo,32.9035781,-2.5184125
mwanza_businesses.3612,3612,3612,8532229132,,,Ngokozi,,,Mwanza,convenience,Nyamagana,Mo-Sa 08:00-18:00,Mirongo,32.903645,-2.5181265
mwanza_businesses.3613,3613,3613,8532226769,,,Soko Kuu,,,Mwanza,convenience,Nyamagana,Mo-Sa 09:00-17:00,Mirongo,32.9080838,-2.518355
mwanza_businesses.3614,3614,3614,8532227680,,,Soko Kuu,,,Mwanza,convenience,Nyamagana,Mo-Fr 09:00-17:00,Mirongo,32.9080554,-2.5183408
mwanza_businesses.3615,3615,3615,8532228659,,,Soko Kuu,,,Mwanza,clothes,Nyamagana,Mo-Sa 09:00-17:00,Mirongo,32.9080269,-2.5183266
mwanza_businesses.3616,3616,3616,8532228738,,,Soko Kuu,,,Mwanza,vacant,Nyamagana,,Mirongo,32.90797,-2.5182839
mwanza_businesses.3617,3617,3617,8532227381,Banda,,Rufiji,,,Mwanza,kiosk,Nyamagana,Mo-Sa 08:00-18:00,Mirongo,32.9075096,-2.5182729
mwanza_businesses.3618,3618,3618,8532228605,,,Soko Kuu,,,Mwanza,butcher,Nyamagana,Mo-Sa 09:00-17:00,Mirongo,32.9079416,-2.5182697
mwanza_businesses.3619,3619,3619,8532228847,,,Soko Kuu,,,Mwanza,beverages,Nyamagana,Mo-Fr 09:00-17:00,Mirongo,32.9079131,-2.5182555
mwanza_businesses.3620,3620,3620,8532227627,,,Soko Kuu,,,Mwanza,convenience,Nyamagana,Mo-Fr 09:00-17:00,Mirongo,32.9078847,-2.5182413
mwanza_businesses.3621,3621,3621,8532227088,,,Soko Kuu,,,Mwanza,beverages,Nyamagana,Mo-Sa 09:00-17:00,Mirongo,32.907842,-2.5182129
mwanza_businesses.3622,3622,3622,8532228363,,,Soko Kuu,,,Mwanza,convenience,Nyamagana,Mo-Sa 09:00-17:00,Mirongo,32.9077993,-2.5181845
mwanza_businesses.3623,3623,3623,8532229009,,,Soko Kuu,,,Mwanza,convenience,Nyamagana,Mo-Fr 09:00-17:00,Mirongo,32.9082571,-2.5181503
mwanza_businesses.3624,3624,3624,8532228849,,,Soko Kuu,,,Mwanza,convenience,Nyamagana,Mo-Fr 09:00-17:00,Mirongo,32.9075074,-2.5179979
mwanza_businesses.3625,3625,3625,8532227328,,,Soko Kuu,,,Mwanza,convenience,Nyamagana,Mo-Fr 09:00-17:00,Mirongo,32.9075289,-2.5179765
mwanza_businesses.3626,3626,3626,8532229144,,,Soko Kuu,,,Mwanza,vacant,Nyamagana,,Mirongo,32.9082601,-2.5179647
mwanza_businesses.3627,3627,3627,8532227569,,,Soko Kuu,,,Mwanza,convenience,Nyamagana,Mo-Fr 09:00-17:00,Mirongo,32.907505,-2.5179572
mwanza_businesses.3628,3628,3628,8532227198,,,Soko Kuu,,,Mwanza,clothes,Nyamagana,Mo-Fr 09:00-17:00,Mirongo,32.9075289,-2.517955
mwanza_businesses.3629,3629,3629,8532228714,,,Soko Kuu,,,Mwanza,vacant,Nyamagana,Mo-Fr 09:00-17:00,Mirongo,32.9082426,-2.5179472
mwanza_businesses.3630,3630,3630,8532227459,,,Soko Kuu,,,Mwanza,convenience,Nyamagana,Mo-Fr 09:00-17:00,Mirongo,32.9075503,-2.5179336
mwanza_businesses.3631,3631,3631,8532228902,,,Soko Kuu,,,Mwanza,convenience,Nyamagana,Mo-Fr 09:00-17:00,Mirongo,32.9075258,-2.5179157
mwanza_businesses.3632,3632,3632,8532228955,,,Soko Kuu,,,Mwanza,vacant,Nyamagana,,Mirongo,32.9082305,-2.5179038
mwanza_businesses.3633,3633,3633,8532227305,,,Soko Kuu,,,Mwanza,vacant,Nyamagana,,Mirongo,32.9082179,-2.5178908
mwanza_businesses.3634,3634,3634,8532227658,,,Soko Kuu,,,Mwanza,vacant,Nyamagana,,Mirongo,32.9082076,-2.5178773
mwanza_businesses.3635,3635,3635,8532215209,,,Soko Kuu,,,Mwanza,convenience,Nyamagana,Mo-Fr 09:00-17:00,Mirongo,32.9075465,-2.5178743
mwanza_businesses.3636,3636,3636,8532226956,,,Soko Kuu,,,Mwanza,bag,Nyamagana,Mo-Fr 09:00-17:00,Mirongo,32.9075673,-2.5178743
mwanza_businesses.3637,3637,3637,8532228394,,,Soko Kuu,,,Mwanza,beverages,Nyamagana,Mo-Fr 09:00-17:00,Mirongo,32.9081941,-2.5178479
mwanza_businesses.3638,3638,3638,8532228472,,,Soko Kuu,,,Mwanza,houseware,Nyamagana,Mo-Fr 09:00-17:00,Mirongo,32.9075673,-2.5178328
mwanza_businesses.3639,3639,3639,8532228495,,,Soko Kuu,,,Mwanza,clothes,Nyamagana,Mo-Fr 09:00-17:00,Mirongo,32.9076088,-2.5177913
mwanza_businesses.3640,3640,3640,8532228661,,,Soko Kuu,,,Mwanza,houseware,Nyamagana,Mo-Fr 09:00-17:00,Mirongo,32.907588,-2.5177913
mwanza_businesses.3641,3641,3641,8532227272,,,Soko Kuu,,,Mwanza,houseware,Nyamagana,Mo-Fr 09:00-17:00,Mirongo,32.9076295,-2.5177499
mwanza_businesses.3642,3642,3642,8532229112,,,Soko Kuu,,,Mwanza,houseware,Nyamagana,Mo-Fr 09:00-17:00,Mirongo,32.9076088,-2.5177499
mwanza_businesses.3643,3643,3643,8532228900,,,Soko Kuu,,,Mwanza,convenience,Nyamagana,Mo-Fr 09:00-17:00,Mirongo,32.9081082,-2.5177407
mwanza_businesses.3644,3644,3644,8532226771,,,Soko Kuu,,,Mwanza,houseware,Nyamagana,Mo-Fr 09:00-17:00,Mirongo,32.9076295,-2.5177084
mwanza_businesses.3645,3645,3645,8532227400,Dampo,,Dampo,,,Mwanza,clothes,Nyamagana,Mo-Sa 08:00-18:00,Mirongo,32.9047313,-2.5179777
mwanza_businesses.3646,3646,3646,8532227084,Dampo,,Dampo,,,Mwanza,clothes,Nyamagana,Mo-Sa 08:00-18:00,Mirongo,32.9054192,-2.5179407
mwanza_businesses.3647,3647,3647,8532228523,Dampo,,Dampo,,,Mwanza,hairdresser,Nyamagana,Mo-Sa 08:00-18:00,Mirongo,32.9053173,-2.5178767
mwanza_businesses.3648,3648,3648,8532227376,Mirongo,,Mirongo,,,Mwanza,convenience,Nyamagana,Mo-Sa 08:00-18:00,Mirongo,32.905728,-2.5178468
mwanza_businesses.3649,3649,3649,8532228389,Dampo,,Dampo,,,Mwanza,wholesale,Nyamagana,Mo-Sa 08:00-18:00,Mirongo,32.9052011,-2.517831
mwanza_businesses.3650,3650,3650,8532227462,Dampo,,Dampo,Nyama Ya Ukerewe,,Mwanza,butcher,Nyamagana,Mo-Sa 08:00-18:00,Mirongo,32.9050846,-2.5177798
mwanza_businesses.3651,3651,3651,8532227354,Mirongo,,Mirongo,,,Mwanza,fabric,Nyamagana,Mo-Sa 08:00-18:00,Mirongo,32.9054732,-2.5177183
mwanza_businesses.3652,3652,3652,8532228577,Mirongo,,Mirongo,,,Mwanza,clothes,Nyamagana,Mo-Sa 08:00-18:00,Mirongo,32.9053801,-2.5176818
mwanza_businesses.3653,3653,3653,8532227117,Dampo,,Dampo,,,Mwanza,convenience,Nyamagana,Mo-Sa 08:00-18:00,Mirongo,32.9049928,-2.517679
mwanza_businesses.3654,3654,3654,8532227408,Mirongo,,Mirongo,,,Mwanza,beauty,Nyamagana,Mo-Sa 08:00-18:00,Mirongo,32.9053801,-2.517669
mwanza_businesses.3655,3655,3655,8532228444,Mirongo,,Mirongo,,,Mwanza,cosmetics,Nyamagana,Mo-Sa 08:00-18:00,Mirongo,32.905383,-2.5176611
mwanza_businesses.3656,3656,3656,8532228813,Dampo,,Dampo,Star pharmacy,,Mwanza,convenience,Nyamagana,Mo-Sa 08:00-18:00,Mirongo,32.9048725,-2.5176613
mwanza_businesses.3657,3657,3657,8532226742,Mirongo,,Mirongo,,,Mwanza,convenience,Nyamagana,Mo-Sa 08:00-18:00,Mirongo,32.9057836,-2.5175112
mwanza_businesses.3658,3658,3658,8532228317,Dampo,,Dampo,,,Mwanza,kiosk,Nyamagana,Mo-Sa 08:00-18:00,Mirongo,32.9045945,-2.5174738
mwanza_businesses.3659,3659,3659,8532228371,Dampo,,Dampo,,,Mwanza,fuel,Nyamagana,Mo-Sa 08:00-18:00,Mirongo,32.9044819,-2.5174191
mwanza_businesses.3660,3660,3660,8532226762,Mirongo,,Mirongo,,,Mwanza,convenience,Nyamagana,Mo-Sa 08:00-18:00,Mirongo,32.9056951,-2.517304
mwanza_businesses.3661,3661,3661,8532227388,Usumau,,Rufiji,,,Mwanza,books,Nyamagana,Mo-Sa 08:00-18:00,Mirongo,32.9046535,-2.5172905
mwanza_businesses.3662,3662,3662,8532228410,Mirongo,,Mirongo,,,Mwanza,cosmetics,Nyamagana,Mo-Sa 08:00-18:00,Mirongo,32.9056951,-2.5172857
mwanza_businesses.3663,3663,3663,8532228801,Banda,,Rufiji,,,Mwanza,gas,Nyamagana,Mo-Sa 08:00-18:00,Mirongo,32.9045248,-2.5172262
mwanza_businesses.3664,3664,3664,8532227151,Banda,,Rufiji,,,Mwanza,cosmetics,Nyamagana,Mo-Sa 08:00-18:00,Mirongo,32.9045033,-2.5172048
mwanza_businesses.3665,3665,3665,8532228479,Usumau,,Rufiji,,,Mwanza,stationery,Nyamagana,Mo-Sa 08:00-18:00,Mirongo,32.9047383,-2.5172043
mwanza_businesses.3666,3666,3666,8532226948,Mirongo,,Mirongo,,,Mwanza,convenience,Nyamagana,Mo-Sa 08:00-18:00,Mirongo,32.9056234,-2.517189
mwanza_businesses.3667,3667,3667,8532228819,Mirongo,,Mirongo,,,Mwanza,paint,Nyamagana,Mo-Sa 08:00-18:00,Mirongo,32.9057205,-2.517801
mwanza_businesses.3668,3668,3668,8532228840,Mirongo,,Mirongo,Majenga Shop,,Mwanza,houseware,Nyamagana,Mo-Sa 08:00-18:00,Mirongo,32.9059285,-2.5173467
mwanza_businesses.3669,3669,3669,8532228944,Dampo,,Dampo,,0768801926,Mwanza,stationery,Nyamagana,Mo-Sa 08:00-18:00,Mirongo,32.9044512,-2.517828
mwanza_businesses.3670,3670,3670,8532228950,Dampo,,Dampo,,,Mwanza,hairdresser,Nyamagana,Mo-Sa 08:00-18:00,Mirongo,32.9049313,-2.5180804
mwanza_businesses.3671,3671,3671,8532229004,Mirongo,,Mirongo,,,Mwanza,gas,Nyamagana,Mo-Sa 08:00-18:00,Mirongo,32.9053672,-2.5176818
mwanza_businesses.3672,3672,3672,8532229025,Mirongo,,Mirongo,,,Mwanza,houseware,Nyamagana,Mo-Sa 08:00-18:00,Mirongo,32.9058929,-2.5171957
mwanza_businesses.3673,3673,3673,8532229062,Mirongo,,Mirongo,,,Mwanza,hairdresser,Nyamagana,Mo-Sa 08:00-18:00,Mirongo,32.905383,-2.5176488
mwanza_businesses.3674,3674,3674,8532229135,Mirongo,,Mirongo,,,Mwanza,clothes,Nyamagana,Mo-Sa 08:00-18:00,Mirongo,32.9056419,-2.517189
mwanza_businesses.3675,3675,3675,8532229139,Mirongo,,Mirongo,,,Mwanza,fabric,Nyamagana,Mo-Sa 08:00-18:00,Mirongo,32.9058459,-2.5178893
mwanza_businesses.3676,3676,3676,4400928106,,,,Sweety Cake Shop,,Mwanza,bakery,Nyamagana,,Mirongo,32.9056732,-2.5180461
mwanza_businesses.3677,3677,3677,8532227281,,,Soko Kuu,,,Mwanza,vacant,Nyamagana,,Mirongo,32.9081726,-2.5176764
mwanza_businesses.3678,3678,3678,8532228549,,,Soko Kuu,,,Mwanza,bag,Nyamagana,Mo-Fr 09:00-17:00,Mirongo,32.9077649,-2.5176764
mwanza_businesses.3679,3679,3679,8532229088,,,Soko Kuu,,,Mwanza,vacant,Nyamagana,,Mirongo,32.9081903,-2.5176709
mwanza_businesses.3680,3680,3680,8532227091,,,Soko Kuu,,,Mwanza,bag,Nyamagana,Mo-Fr 09:00-17:00,Mirongo,32.907722,-2.5176549
mwanza_businesses.3681,3681,3681,8532226746,,,Soko Kuu,,,Mwanza,vacant,Nyamagana,,Mirongo,32.9082155,-2.5176549
mwanza_businesses.3682,3682,3682,8532227011,,,Soko Kuu,,,Mwanza,carpet,Nyamagana,Mo-Fr 09:00-17:00,Mirongo,32.9081941,-2.5176335
mwanza_businesses.3683,3683,3683,8532228525,,,Soko Kuu,,,Mwanza,vacant,Nyamagana,,Mirongo,32.9082155,-2.5176335
mwanza_businesses.3684,3684,3684,8532227490,,,Soko Kuu,,,Mwanza,vacant,Nyamagana,,Mirongo,32.908237,-2.5176335
mwanza_businesses.3685,3685,3685,8532228873,,,Soko Kuu,,,Mwanza,bag,Nyamagana,Mo-Fr 09:00-17:00,Mirongo,32.9077005,-2.5176335
mwanza_businesses.3686,3686,3686,8532229115,,,Soko Kuu,,,Mwanza,bag,Nyamagana,Mo-Fr 09:00-17:00,Mirongo,32.9076791,-2.5176335
mwanza_businesses.3687,3687,3687,8532227066,,,Soko Kuu,,,Mwanza,convenience,Nyamagana,Mo-Fr 09:00-17:00,Mirongo,32.908237,-2.5176121
mwanza_businesses.3688,3688,3688,8532227275,,,Soko Kuu,,,Mwanza,butcher,Nyamagana,Mo-Fr 09:00-17:00,Mirongo,32.9077649,-2.5175906
mwanza_businesses.3689,3689,3689,8532227251,,,Soko Kuu,,,Mwanza,butcher,Nyamagana,Mo-Fr 09:00-17:00,Mirongo,32.9078078,-2.5175906
mwanza_businesses.3690,3690,3690,8532227225,,,Soko Kuu,,,Mwanza,butcher,Nyamagana,Mo-Sa 09:00-17:00,Mirongo,32.9077005,-2.5175692
mwanza_businesses.3691,3691,3691,8532226796,,,Soko Kuu,,,Mwanza,butcher,Nyamagana,Mo-Fr 09:00-17:00,Mirongo,32.907722,-2.5175692
mwanza_businesses.3692,3692,3692,8532226851,,,Soko Kuu,,,Mwanza,butcher,Nyamagana,Mo-Fr 09:00-17:00,Mirongo,32.9077649,-2.5175692
mwanza_businesses.3693,3693,3693,8532228927,,,Soko Kuu,,,Mwanza,butcher,Nyamagana,Mo-Sa 09:00-20:00;Mo-Sa 09:00-17:00,Mirongo,32.9077864,-2.5175692
mwanza_businesses.3694,3694,3694,8532215211,,,Soko Kuu,,,Mwanza,butcher,Nyamagana,Mo-Sa 09:00-17:00,Mirongo,32.9077435,-2.5175692
mwanza_businesses.3695,3695,3695,8532226825,,,Soko Kuu,,,Mwanza,butcher,Nyamagana,Mo-Fr 09:00-17:00,Mirongo,32.9077005,-2.5175477
mwanza_businesses.3696,3696,3696,8532229170,,,Soko Kuu,,,Mwanza,butcher,Nyamagana,Mo-Fr 09:00-17:00,Mirongo,32.907722,-2.5175477
mwanza_businesses.3697,3697,3697,8532226903,Rufiji,,Rufiji,,,Mwanza,car,Nyamagana,Mo-Sa 09:00-20:00,Mirongo,32.9015422,-2.51609
mwanza_businesses.3698,3698,3698,8532228978,MSD,,,,,Mwanza,bag,Nyamagana,Mo-Sa 08:00-18:00,Mirongo,32.9014241,-2.5159068
mwanza_businesses.3699,3699,3699,8532227460,MSD,,,,,Mwanza,car_repair,Nyamagana,Mo-Su 09:00-21:00,Mirongo,32.9010941,-2.5158314
mwanza_businesses.3700,3700,3700,8532229113,MSD,,,,,Mwanza,convenience,Nyamagana,Mo-Su 09:00-21:00,Mirongo,32.901266,-2.5158018
mwanza_businesses.3701,3701,3701,8532228686,MSD,,,,,Mwanza,hardware,Nyamagana,Mo-Sa 09:00-17:00,Mirongo,32.9010088,-2.5155192
mwanza_businesses.3702,3702,3702,8532227169,Kwame Nkuluma,,Rufiji,,,Mwanza,greengrocer,Nyamagana,Mo-Sa 08:00-18:00,Mirongo,32.9016921,-2.5150904
mwanza_businesses.3703,3703,3703,8532229060,Kwame Nkuluma,,Rufiji,,,Mwanza,car_repair,Nyamagana,Mo-Sa 09:00-17:00,Mirongo,32.9016829,-2.5150052
mwanza_businesses.3704,3704,3704,8571597077,Kwame Nkuluma,,Rufiji,,,Mwanza,clothes,Nyamagana,Mo-Sa 09:00-20:00,Mirongo,32.90146,-2.5146319
mwanza_businesses.3705,3705,3705,8532228364,,,Rufiji,,,Mwanza,hardware,Nyamagana,Mo-Fr 09:00-17:00,Mirongo,32.9021062,-2.5158884
mwanza_businesses.3706,3706,3706,8532227676,,,Rufiji,Jane Stationery,,Mwanza,stationery,Nyamagana,Mo-Sa 08:00-18:00,Mirongo,32.9023951,-2.5161522
mwanza_businesses.3707,3707,3707,8532227115,,,Sukuma,,,Mwanza,car_parts,Nyamagana,Mo-Sa 08:00-18:00,Mirongo,32.9025078,-2.5158757
mwanza_businesses.3708,3708,3708,8532228335,,,Rufiji,,,Mwanza,convenience,Nyamagana,Mo-Sa 08:00-18:00,Mirongo,32.9025078,-2.5161758
mwanza_businesses.3709,3709,3709,8532226876,,,Rufiji,Gapi,,Mwanza,clothes,Nyamagana,Mo-Sa 09:00-17:00,Mirongo,32.9025212,-2.516164
mwanza_businesses.3710,3710,3710,8532227299,,,Viringo,Amos Master seat cover,,Mwanza,car_parts,Nyamagana,Mo-Su 09:00-21:00,Mirongo,32.9025722,-2.515747
mwanza_businesses.3711,3711,3711,8532226753,,,Rufiji,Atlas Refrigerstion Eletrnics and Genera Supplies,0784318268,Mwanza,car_repair,Nyamagana,Mo-Sa 08:00-18:00,Mirongo,32.9027546,-2.5163315
mwanza_businesses.3712,3712,3712,8532227477,,,Rufiji,,,Mwanza,vacant,Nyamagana,,Mirongo,32.9027639,-2.5163133
mwanza_businesses.3713,3713,3713,8532227049,,,Rufiji,,,Mwanza,vacant,Nyamagana,,Mirongo,32.9028511,-2.5163901
mwanza_businesses.3714,3714,3714,8532227182,,,Rufiji,Acha Mungu Aitwe Mungu,,Mwanza,vacant,Nyamagana,,Mirongo,32.9028841,-2.5164179
mwanza_businesses.3715,3715,3715,8532228401,,,Rufiji,,,Mwanza,convenience,Nyamagana,Mo-Sa 08:00-18:00,Mirongo,32.9029489,-2.5164233
mwanza_businesses.3716,3716,3716,8532227050,,,Viringo,,,Mwanza,convenience,Nyamagana,Mo-Su 09:00-21:00,Mirongo,32.9030657,-2.51594
mwanza_businesses.3717,3717,3717,8532227665,,,Rufiji,,,Mwanza,vacant,Nyamagana,,Mirongo,32.9031006,-2.5163618
mwanza_businesses.3718,3718,3718,8532227236,,,Rufiji,,,Mwanza,vacant,Nyamagana,,Mirongo,32.9031006,-2.5164212
mwanza_businesses.3719,3719,3719,8532226794,Uhuru,,Uhuru,,,Mwanza,convenience,Nyamagana,Mo-Sa 09:00-20:00,Mirongo,32.9031646,-2.5169834
mwanza_businesses.3720,3720,3720,8532227667,,,Viringo,,,Mwanza,vacant,Nyamagana,,Mirongo,32.9031944,-2.5158113
mwanza_businesses.3721,3721,3721,8532227420,,,Rufiji,,,Mwanza,vacant,Nyamagana,,Mirongo,32.9031909,-2.5165261
mwanza_businesses.3722,3722,3722,8532227532,,,Rufiji,,,Mwanza,vacant,Nyamagana,,Mirongo,32.9033087,-2.5165425
mwanza_businesses.3723,3723,3723,8532228324,,,Rufiji,,,Mwanza,vacant,Nyamagana,,Mirongo,32.9033428,-2.5165255
mwanza_businesses.3724,3724,3724,8532227237,,,Viringo,,,Mwanza,tailor,Nyamagana,Mo-Su 09:00-21:00,Mirongo,32.9033875,-2.5161329
mwanza_businesses.3725,3725,3725,8532226740,,,Viringo,,,Mwanza,convenience,Nyamagana,Mo-Su 09:00-21:00,Mirongo,32.9033875,-2.5161543
mwanza_businesses.3726,3726,3726,8532227352,Machemba Road,,Viringo,Alex Refrigerator,0767182631,Mwanza,car_parts,Nyamagana,Mo-Su 09:00-21:00,Mirongo,32.9033897,-2.5158036
mwanza_businesses.3727,3727,3727,8532226863,,,Viringo,,,Mwanza,car_parts,Nyamagana,Mo-Su 09:00-21:00,Mirongo,32.9034002,-2.5161437
mwanza_businesses.3728,3728,3728,8532227288,,,Sukuma,,,Mwanza,vacant,Nyamagana,,Mirongo,32.9034305,-2.5163258
mwanza_businesses.3729,3729,3729,8532228390,,,Viringo,,,Mwanza,tailor,Nyamagana,Mo-Su 09:00-21:00,Mirongo,32.9034305,-2.5161543
mwanza_businesses.3730,3730,3730,8532227320,,,Viringo,Devi Refrigeration,0764091471,Mwanza,electronics,Nyamagana,Mo-Su 09:00-21:00,Mirongo,32.9035306,-2.5157739
mwanza_businesses.3731,3731,3731,8532226895,,,Viringo,Rock City Signs,0767677291,Mwanza,stationery,Nyamagana,Mo-Su 09:00-21:00,Mirongo,32.9035507,-2.5157588
mwanza_businesses.3732,3732,3732,8532228496,Rufiji,,Rufiji,,,Mwanza,convenience,Nyamagana,Mo-Sa 09:00-17:00,Mirongo,32.903409,-2.5169261
mwanza_businesses.3733,3733,3733,8532228510,Uhuru,,Uhuru,,,Mwanza,convenience,Nyamagana,Mo-Fr 09:00-17:00,Mirongo,32.9026208,-2.5165421
mwanza_businesses.3734,3734,3734,8532228512,,,Viringo,Edo,0765150161,Mwanza,motorcycle_repair,Nyamagana,Mo-Su 09:00-21:00,Mirongo,32.903409,-2.5161543
mwanza_businesses.3735,3735,3735,8532228644,Uhuru,,Uhuru,,,Mwanza,convenience,Nyamagana,Mo-Fr 09:00-17:00,Mirongo,32.9027278,-2.5165955
mwanza_businesses.3736,3736,3736,8532228701,,,Viringo,,,Mwanza,vacant,Nyamagana,,Mirongo,32.9031515,-2.5160043
mwanza_businesses.3737,3737,3737,8532226848,Rufiji,,Rufiji,,,Mwanza,car_parts,Nyamagana,Mo-Sa 09:00-20:00,Mirongo,32.9033446,-2.5170976
mwanza_businesses.3738,3738,3738,8532227335,Rufiji,,Rufiji,,,Mwanza,convenience,Nyamagana,,Mirongo,32.9034784,-2.5172211
mwanza_businesses.3739,3739,3739,8532228710,uhuru,,Uhuru,Jaico Design,,Mwanza,clothes,Nyamagana,Mo-Sa 09:00-17:00,Mirongo,32.9023568,-2.5163783
mwanza_businesses.3740,3740,3740,8532228767,,,Rufiji,,,Mwanza,convenience,Nyamagana,Mo-Sa 08:00-18:00,Mirongo,32.9024843,-2.516184
mwanza_businesses.3741,3741,3741,8532228794,Uhuru,,Uhuru,,,Mwanza,tailor,Nyamagana,Mo-Fr 09:00-17:00,Mirongo,32.9020143,-2.5162615
mwanza_businesses.3742,3742,3742,8532228820,,,Viringo,,,Mwanza,convenience,Nyamagana,Mo-Su 09:00-21:00,Mirongo,32.9032803,-2.51609
mwanza_businesses.3743,3743,3743,8532228831,,,Rufiji,,,Mwanza,vacant,Nyamagana,,Mirongo,32.9030367,-2.5163609
mwanza_businesses.3744,3744,3744,8532228886,,,Rufiji,,,Mwanza,vacant,Nyamagana,,Mirongo,32.9031006,-2.5163975
mwanza_businesses.3745,3745,3745,8532228896,uhuru,,Uhuru,,,Mwanza,clothes,Nyamagana,Mo-Su 09:00-21:00,Mirongo,32.902423,-2.5163893
mwanza_businesses.3746,3746,3746,8532228941,,,Rufiji,,,Mwanza,convenience,Nyamagana,Mo-Sa 08:00-18:00,Mirongo,32.9027014,-2.5162038
mwanza_businesses.3747,3747,3747,8532228951,,,Rufiji,,,Mwanza,vacant,Nyamagana,,Mirongo,32.9032159,-2.5164973
mwanza_businesses.3748,3748,3748,8532229005,,,Viringo,,,Mwanza,hardware,Nyamagana,,Mirongo,32.9035163,-2.5157685
mwanza_businesses.3749,3749,3749,8532229128,Uhuru,,Uhuru,,,Mwanza,carpet,Nyamagana,Mo-Sa 09:00-17:00,Mirongo,32.9031765,-2.5169269
mwanza_businesses.3750,3750,3750,8532229195,Uhuru,,Uhuru,,,Mwanza,car_parts,Nyamagana,Mo-Fr 09:00-17:00,Mirongo,32.9024863,-2.5164545
mwanza_businesses.3751,3751,3751,8532229034,,,Sukuma,,,Mwanza,vacant,Nyamagana,,Mirongo,32.9020143,-2.5156399
mwanza_businesses.3752,3752,3752,8532228739,,,Sukuma,RSM Company Limited,,Mwanza,wholesale,Nyamagana,Mo-Fr 09:00-17:00,Mirongo,32.90193,-2.5156337
mwanza_businesses.3753,3753,3753,8532201414,,,Sukuma,,,Mwanza,vacant,Nyamagana,,Mirongo,32.9020357,-2.5156399
mwanza_businesses.3754,3754,3754,8532227326,,,Sukuma,,,Mwanza,vacant,Nyamagana,,Mirongo,32.9020572,-2.5156613
mwanza_businesses.3755,3755,3755,8532227089,uhuru,,Uhuru,bigways Saloon,,Mwanza,hairdresser,Nyamagana,Mo-Sa 09:00-17:00,Mirongo,32.9018426,-2.5163473
mwanza_businesses.3756,3756,3756,8532215201,,,Viringo,,,Mwanza,vacant,Nyamagana,,Mirongo,32.9036344,-2.516257
mwanza_businesses.3757,3757,3757,8532227081,,,Sukuma,Nadie Stationary,0657 881 544,Mwanza,stationery,Nyamagana,Mo-Sa 08:00-18:00,Mirongo,32.9036665,-2.5164759
mwanza_businesses.3758,3758,3758,8532227507,,,Sukuma,Hidaya dressing Salon,,Mwanza,hairdresser,Nyamagana,Mo-Fr 08:00-18:00; Sa-Su 08:00-15:00;Mo-Sa 08:00-18:00,Mirongo,32.903688,-2.5164545
mwanza_businesses.3759,3759,3759,8532227265,,,Viringo,,,Mwanza,convenience,Nyamagana,Mo-Su 09:00-21:00,Mirongo,32.9037292,-2.5162775
mwanza_businesses.3760,3760,3760,8532228487,Banda Street,,Rufiji,Frey Cut Salon,0747712241,Mwanza,hairdresser,Nyamagana,Mo-Su 09:00-21:00,Mirongo,32.9037568,-2.5166487
mwanza_businesses.3761,3761,3761,8532227190,,,Viringo,,,Mwanza,stationery,Nyamagana,Mo-Su 09:00-21:00,Mirongo,32.9037952,-2.5161758
mwanza_businesses.3762,3762,3762,8532226926,,,Viringo,,,Mwanza,stationery,Nyamagana,Mo-Su 09:00-21:00,Mirongo,32.9038167,-2.5161758
mwanza_businesses.3763,3763,3763,8532227642,Banda,,Rufiji,,,Mwanza,convenience,Nyamagana,Mo-Fr 08:00-18:00; Sa-Su 08:00-15:00,Mirongo,32.9038322,-2.5165215
mwanza_businesses.3764,3764,3764,8532227027,Banda,,Rufiji,,,Mwanza,convenience,Nyamagana,Mo-Sa 08:00-18:00,Mirongo,32.9038414,-2.5165642
mwanza_businesses.3765,3765,3765,8532227541,Banda,,Rufiji,,,Mwanza,stationery,Nyamagana,Mo-Sa 08:00-18:00,Mirongo,32.9039104,-2.5165061
mwanza_businesses.3766,3766,3766,8532227136,,,Viringo,,,Mwanza,convenience,Nyamagana,Mo-Su 09:00-21:00,Mirongo,32.9039111,-2.5159354
mwanza_businesses.3767,3767,3767,8532227618,Banda Street,,Rufiji,Vieve Collection,,Mwanza,cosmetics,Nyamagana,Mo-Sa 08:00-18:00,Mirongo,32.9039425,-2.5168691
mwanza_businesses.3768,3768,3768,8532228445,Machemba Road,,Viringo,,,Mwanza,convenience,Nyamagana,Mo-Fr 08:00-18:00; Sa-Su 08:00-15:00,Mirongo,32.9039462,-2.51582
mwanza_businesses.3769,3769,3769,4759144456,,,,Shrike Safaris,,Mwanza,travel_agency,Nyamagana,,Mirongo,32.9041333,-2.5169957
mwanza_businesses.3770,3770,3770,8532226723,Banda,,Rufiji,,,Mwanza,hairdresser,Nyamagana,Mo-Sa 08:00-18:00,Mirongo,32.9041386,-2.5170118
mwanza_businesses.3771,3771,3771,8532226964,Banda,,Rufiji,,,Mwanza,clothes,Nyamagana,Mo-Fr 08:00-18:00; Sa-Su 08:00-15:00,Mirongo,32.9041815,-2.5170333
mwanza_businesses.3772,3772,3772,8532227257,Utemini Street,,Sukuma,,0685378150,Mwanza,beauty,Nyamagana,Mo-Sa 08:00-18:00,Mirongo,32.9046955,-2.5159395
mwanza_businesses.3773,3773,3773,8532227554,Utemini Street,,Sukuma,,,Mwanza,shoes,Nyamagana,Mo-Sa 08:00-18:00,Mirongo,32.9047217,-2.5159264
mwanza_businesses.3774,3774,3774,8532227444,Sukuma,,Rufiji,,,Mwanza,convenience,Nyamagana,Mo-Fr 08:00-18:00; Sa-Su 08:00-15:00,Mirongo,32.9047726,-2.5160265
mwanza_businesses.3775,3775,3775,8532227499,Usumau,,Rufiji,,,Mwanza,vacant,Nyamagana,,Mirongo,32.9048688,-2.5167974
mwanza_businesses.3776,3776,3776,8532227483,Sukuma,,Rufiji,,,Mwanza,video,Nyamagana,Mo-Sa 08:00-18:00,Mirongo,32.9050261,-2.5162101
mwanza_businesses.3777,3777,3777,8532227428,Sukuma,,Rufiji,,,Mwanza,convenience,Nyamagana,Mo-Fr 08:00-18:00; Sa-Su 08:00-15:00,Mirongo,32.9050759,-2.516364
mwanza_businesses.3778,3778,3778,8532226995,Sukuma,,Rufiji,,,Mwanza,convenience,Nyamagana,Mo-Fr 08:00-18:00; Sa-Su 08:00-15:00,Mirongo,32.905189,-2.5164183
mwanza_businesses.3779,3779,3779,8532226939,Mirongo,,Mirongo,,,Mwanza,convenience,Nyamagana,Mo-Sa 08:00-18:00,Mirongo,32.9054489,-2.516791
mwanza_businesses.3780,3780,3780,8532227523,Banda,,Rufiji,,,Mwanza,vacant,Nyamagana,,Mirongo,32.9045463,-2.5170547
mwanza_businesses.3781,3781,3781,8532227097,Banda,,Rufiji,,,Mwanza,hairdresser,Nyamagana,Mo-Sa 08:00-18:00,Mirongo,32.9046106,-2.5170761
mwanza_businesses.3782,3782,3782,8532228578,,,Viringo,,,Mwanza,jewelry,Nyamagana,Mo-Su 09:00-21:00,Mirongo,32.9039395,-2.5158505
mwanza_businesses.3783,3783,3783,8532228731,Banda,,Rufiji,,,Mwanza,convenience,Nyamagana,Mo-Fr 08:00-18:00; Sa-Su 08:00-15:00,Mirongo,32.9039187,-2.5164131
mwanza_businesses.3784,3784,3784,8532228917,Banda Street,,Rufiji,,,Mwanza,butcher,Nyamagana,Mo-Sa 08:00-18:00,Mirongo,32.9036639,-2.5167763
mwanza_businesses.3785,3785,3785,8532229041,Banda,,Rufiji,,,Mwanza,convenience,Nyamagana,Mo-Sa 08:00-18:00,Mirongo,32.9046106,-2.5170333
mwanza_businesses.3786,3786,3786,8532229081,Sukuma,,Rufiji,,,Mwanza,convenience,Nyamagana,Mo-Fr 08:00-18:00; Sa-Su 08:00-15:00,Mirongo,32.9049573,-2.5162952
mwanza_businesses.3787,3787,3787,8532229159,,,Viringo,,,Mwanza,convenience,Nyamagana,Mo-Fr 08:00-18:00; Sa-Su 08:00-15:00;Mo-Su 09:00-21:00,Mirongo,32.9037523,-2.516283
mwanza_businesses.3788,3788,3788,8532229175,Banda,,Rufiji,,,Mwanza,tailor,Nyamagana,Mo-Sa 08:00-18:00,Mirongo,32.90416,-2.5170333
mwanza_businesses.3789,3789,3789,1944721373,,,,,,Mwanza,bakery,Nyamagana,,Mirongo,32.8997156,-2.5145197
mwanza_businesses.3790,3790,3790,8532227486,,,Viringo,,,Mwanza,vacant,Nyamagana,,Mirongo,32.902205,-2.5155432
mwanza_businesses.3791,3791,3791,8532227062,,,Viringo,,,Mwanza,convenience,Nyamagana,Mo-Su 09:00-21:00,Mirongo,32.9021215,-2.5154898
mwanza_businesses.3792,3792,3792,8532227570,,,Viringo,,,Mwanza,convenience,Nyamagana,Mo-Su 09:00-21:00,Mirongo,32.9020143,-2.5154722
mwanza_businesses.3793,3793,3793,8532228606,,,Viringo,,,Mwanza,clothes,Nyamagana,Mo-Su 09:00-21:00,Mirongo,32.9020132,-2.5154646
mwanza_businesses.3794,3794,3794,8532228875,,,Viringo,The Leader of Water and Energy,,Mwanza,convenience,Nyamagana,Mo-Su 09:00-21:00,Mirongo,32.9019121,-2.5153336
mwanza_businesses.3795,3795,3795,1944704769,,,,U-Turn Grocery Store,,Mwanza,supermarket,Nyamagana,,Mirongo,32.901963,-2.515173
mwanza_businesses.3796,3796,3796,8532227464,,,Viringo,,,Mwanza,supermarket,Nyamagana,Mo-Su 09:00-21:00,Mirongo,32.9019814,-2.5151258
mwanza_businesses.3797,3797,3797,4401745790,,,,,,Mwanza,hairdresser,Nyamagana,,Mirongo,32.9017777,-2.5155568
mwanza_businesses.3798,3798,3798,8532228550,,,Sukuma,Lelioz Barbershop,,Mwanza,hairdresser,Nyamagana,Mo-Sa 09:00-20:00,Mirongo,32.9017568,-2.5155755
mwanza_businesses.3799,3799,3799,8520975769,Igeregere,,Patamahitaji,,,Mwanza,cosmetics,Nyamagana,24/7,Mbugani,32.9258586,-2.534082
mwanza_businesses.3800,3800,3800,8520976077,Pamba,,Nyerere A,,,Mwanza,convenience,Nyamagana,Mo-Su 09:00-21:00,Mbugani,32.9274319,-2.5333042
mwanza_businesses.3801,3801,3801,8520976207,,,Nyerere A,,,Mwanza,convenience,Nyamagana,Mo-Su 09:00-21:00,Mbugani,32.9269791,-2.5327726
mwanza_businesses.3802,3802,3802,8520976305,,,Nyerere A,Ando,0767909258,Mwanza,hardware,Nyamagana,Mo-Sa 08:00-18:00,Mbugani,32.9282021,-2.5324468
mwanza_businesses.3803,3803,3803,8520976225,,,Nyerere A,Scania,,Mwanza,car_repair,Nyamagana,Mo-Sa 08:00-18:00,Mbugani,32.9262917,-2.5324051
mwanza_businesses.3804,3804,3804,8520976141,,,Nyerere A,,,Mwanza,car_parts,Nyamagana,Mo-Sa 08:00-18:00,Mbugani,32.92727,-2.5323543
mwanza_businesses.3805,3805,3805,8520976039,,,Nyerere A,,,Mwanza,car_repair,Nyamagana,Mo-Sa 08:00-18:00,Mbugani,32.9275802,-2.5323212
mwanza_businesses.3806,3806,3806,8520976360,,,Bambakwiti,,,Mwanza,butcher,Nyamagana,Mo-Su 09:00-21:00,Mbugani,32.9298099,-2.5334595
mwanza_businesses.3807,3807,3807,8520976516,,,Nyerere A,Kisumo Auto Spare Parts,,Mwanza,car_parts,Nyamagana,Mo-Sa 08:00-18:00,Mbugani,32.9278946,-2.5323444
mwanza_businesses.3808,3808,3808,8520976619,,,Nyerere A,Pamba Quick Service Ltd,,Mwanza,car_repair,Nyamagana,Mo-Sa 08:00-18:00,Mbugani,32.9277664,-2.5324852
mwanza_businesses.3809,3809,3809,8520963969,,,Nyerere A,,,Mwanza,beverages,Nyamagana,Mo-Sa 08:00-18:00,Mbugani,32.9277366,-2.5335944
mwanza_businesses.3810,3810,3810,4404892090,,,,Garage,,Mwanza,car_repair,Nyamagana,,Mbugani,32.9264604,-2.5318982
mwanza_businesses.3811,3811,3811,8520975567,,,Nyerere A,Nabaki Afrika Ltd,0754765508,Mwanza,convenience,Nyamagana,Mo-Sa 08:00-18:00,Mbugani,32.9276581,-2.5321828
mwanza_businesses.3812,3812,3812,8520975727,,,Nyerere A,Scania,,Mwanza,car_repair,Nyamagana,Mo-Sa 08:00-18:00,Mbugani,32.9261327,-2.5322543
mwanza_businesses.3813,3813,3813,8520975735,,,Nyerere A,Scania,,Mwanza,car_repair,Nyamagana,Mo-Sa 08:00-18:00,Mbugani,32.9265722,-2.5322144
mwanza_businesses.3814,3814,3814,8520976106,,,Nyerere A,,,Mwanza,car_repair,Nyamagana,Mo-Sa 08:00-18:00,Mbugani,32.9271258,-2.5321524
mwanza_businesses.3815,3815,3815,8520976315,,,Nyerere A,Hydraulic Hose Pipe,,Mwanza,car_parts,Nyamagana,Mo-Su 09:00-21:00,Mbugani,32.9274224,-2.5321301
mwanza_businesses.3816,3816,3816,8520976351,,,Nyerere A,Scania,,Mwanza,car_repair,Nyamagana,Mo-Sa 08:00-18:00,Mbugani,32.9262526,-2.5318951
mwanza_businesses.3817,3817,3817,8520976412,,,Sinai,Mwacotra,,Mwanza,car_parts,Nyamagana,Mo-Sa 08:00-18:00,Mbugani,32.9280594,-2.5317679
mwanza_businesses.3818,3818,3818,8520975598,Miembe Giza,,Miembe Giza,,,Mwanza,video,Nyamagana,24/7,Mbugani,32.9231282,-2.5255822
mwanza_businesses.3819,3819,3819,8520975606,Mwembe Giza,,Miembe Giza,Mama Jully International Salon,0782288472,Mwanza,hairdresser,Nyamagana,Mo-Su 09:00-21:00,Mbugani,32.9233401,-2.525718
mwanza_businesses.3820,3820,3820,8520975811,Mwembe Giza,,Mabatini B,,,Mwanza,clothes,Nyamagana,Mo-Su 09:00-21:00,Mbugani,32.9234533,-2.5253573
mwanza_businesses.3821,3821,3821,8520975802,Majengo Mapya,,Majengo Mapya,Elatosha,0753499432,Mwanza,mobile_phone,Nyamagana,Mo-Sa 09:00-20:00,Mbugani,32.9239194,-2.5257231
mwanza_businesses.3822,3822,3822,8520975740,Majengo Mapya,,Majengo Mapya,Upendo,,Mwanza,fabric,Nyamagana,Mo-Sa 08:00-18:00,Mbugani,32.9240555,-2.5258512
mwanza_businesses.3823,3823,3823,8520975906,,,Majengo Mapya,,,Mwanza,convenience,Nyamagana,Mo-Sa 08:00-18:00,Mbugani,32.9245736,-2.5251858
mwanza_businesses.3824,3824,3824,8520975845,,,Majengo Mapya,,,Mwanza,convenience,Nyamagana,Mo-Sa 08:00-18:00,Mbugani,32.9245872,-2.5252555
mwanza_businesses.3825,3825,3825,8520975966,,,Majengo Mapya,,,Mwanza,convenience,Nyamagana,Mo-Su 09:00-21:00,Mbugani,32.9246092,-2.5240217
mwanza_businesses.3826,3826,3826,8520964006,,,Majengo Mapya,,,Mwanza,convenience,Nyamagana,Mo-Su 09:00-21:00,Mbugani,32.924676,-2.5236185
mwanza_businesses.3827,3827,3827,8520975857,,,Majengo Mapya,,,Mwanza,convenience,Nyamagana,Mo-Fr 09:00-17:00,Mbugani,32.9248452,-2.5236787
mwanza_businesses.3828,3828,3828,8520975797,,,Mwembegile,,,Mwanza,hairdresser,Nyamagana,Mo-Sa 09:00-20:00,Mbugani,32.9263095,-2.5262267
mwanza_businesses.3829,3829,3829,8520975900,Sinai,,Sinai,,,Mwanza,convenience,Nyamagana,24/7,Mbugani,32.9269695,-2.5259296
mwanza_businesses.3830,3830,3830,8520976070,Majengo Mapya,,Majengo Mapya,Bonge Shop,,Mwanza,convenience,Nyamagana,Mo-Sa 09:00-20:00,Mbugani,32.9233996,-2.5260548
mwanza_businesses.3831,3831,3831,8520976112,Majengo Mapya,,Majengo Mapya,Laurent Shop,0683844285,Mwanza,convenience,Nyamagana,Mo-Sa 09:00-20:00,Mbugani,32.9240536,-2.5258332
mwanza_businesses.3832,3832,3832,8520976181,Mwembe Giza,,Miembe Giza,Mama Matha Dress,,Mwanza,tailor,Nyamagana,Mo-Su 09:00-21:00,Mbugani,32.9231772,-2.5260234
mwanza_businesses.3833,3833,3833,8520976213,,,Majengo Mapya,,,Mwanza,hairdresser,Nyamagana,Mo-Sa 08:00-18:00,Mbugani,32.9246129,-2.5252298
mwanza_businesses.3834,3834,3834,8520976269,,,Majengo Mapya,,,Mwanza,convenience,Nyamagana,Mo-Su 09:00-21:00,Mbugani,32.9259825,-2.5236787
mwanza_businesses.3835,3835,3835,8520976275,Miembe Giza,,Miembe Giza,,,Mwanza,video,Nyamagana,Mo-Su 09:00-21:00,Mbugani,32.9245782,-2.5260062
mwanza_businesses.3836,3836,3836,8520976284,Mwembe Giza,,Mabatini B,,,Mwanza,greengrocer,Nyamagana,Mo-Su 09:00-21:00,Mbugani,32.9234322,-2.5253511
mwanza_businesses.3837,3837,3837,8520976320,Miembe Giza,,Miembe Giza,,,Mwanza,tailor,Nyamagana,Mo-Su 09:00-21:00,Mbugani,32.9231473,-2.5256012
mwanza_businesses.3838,3838,3838,8520976383,Mwembe Giza,,Mabatini B,,,Mwanza,vacant,Nyamagana,Mo-Su 09:00-21:00,Mbugani,32.92341,-2.5253276
mwanza_businesses.3839,3839,3839,8520976487,,,Majengo Mapya,,,Mwanza,convenience,Nyamagana,Mo-Su 09:00-21:00,Mbugani,32.9246736,-2.5237216
mwanza_businesses.3840,3840,3840,8520976548,Miembe Giza,,Miembe Giza,,,Mwanza,motorcycle_repair,Nyamagana,,Mbugani,32.9246512,-2.5260791
mwanza_businesses.3841,3841,3841,8520975780,,,Sinai,,,Mwanza,convenience,Nyamagana,,Mbugani,32.9275234,-2.5313823
mwanza_businesses.3842,3842,3842,8520975875,,,Nyerere A,Boss Kubwa Spare Parts,0752238709,Mwanza,car_parts,Nyamagana,Mo-Sa 08:00-18:00,Mbugani,32.9264116,-2.5313531
mwanza_businesses.3843,3843,3843,8520964000,Nyerere Road,,Nyerere A,,,Mwanza,convenience,Nyamagana,Mo-Sa 09:00-20:00,Mbugani,32.9249264,-2.5313129
mwanza_businesses.3844,3844,3844,8520975978,,,Nyerere A,Oasis Motors Workshop,0768149549,Mwanza,car_repair,Nyamagana,Mo-Sa 08:00-18:00,Mbugani,32.9260683,-2.5312888
mwanza_businesses.3845,3845,3845,8520976080,Nyerere Road,,Sinai,,,Mwanza,cosmetics,Nyamagana,Mo-Su 09:00-21:00,Mbugani,32.9246011,-2.5311607
mwanza_businesses.3846,3846,3846,8520975609,,,Nyerere A,Omari Lubricants,0784380207,Mwanza,car_parts,Nyamagana,Mo-Sa 08:00-18:00,Mbugani,32.9260039,-2.5310958
mwanza_businesses.3847,3847,3847,8520975572,Nyerere Road,,Nyerere A,Tata Motors,,Mwanza,car,Nyamagana,Mo-Sa 09:00-17:00,Mbugani,32.9244287,-2.5306225
mwanza_businesses.3848,3848,3848,4404883690,,,,Sinai Garage,,Mwanza,car_repair,Nyamagana,,Mbugani,32.9245734,-2.5306201
mwanza_businesses.3849,3849,3849,8520975820,,,Sinai,,,Mwanza,car_parts,Nyamagana,Mo-Fr 09:00-17:00,Mbugani,32.9263497,-2.5306095
mwanza_businesses.3850,3850,3850,4404881792,,,,Sinai Car Parts Shop,,Mwanza,car_parts,Nyamagana,,Mbugani,32.9260923,-2.5304244
mwanza_businesses.3851,3851,3851,8520975785,,,Sinai,,,Mwanza,car_parts,Nyamagana,Mo-Sa 09:00-20:00,Mbugani,32.9261492,-2.5304003
mwanza_businesses.3852,3852,3852,8520976147,,,Sinai,,,Mwanza,convenience,Nyamagana,Mo-Sa 08:00-18:00,Mbugani,32.9255364,-2.5302267
mwanza_businesses.3853,3853,3853,8520975615,,,Sinai,,,Mwanza,copyshop,Nyamagana,Mo-Sa 08:00-18:00,Mbugani,32.9254938,-2.5301825
mwanza_businesses.3854,3854,3854,7999420685,,,,Tata Motors,,Mwanza,car,Nyamagana,,Mbugani,32.9247377,-2.5301396
mwanza_businesses.3855,3855,3855,8520975939,Majengo mapya,,Sinai,,,Mwanza,convenience,Nyamagana,Mo-Fr 08:00-18:00; Sa-Su 08:00-15:00,Mbugani,32.9278268,-2.5299239
mwanza_businesses.3856,3856,3856,8520975555,,,Sinai,,,Mwanza,car_repair,Nyamagana,Mo-Sa 08:00-18:00,Mbugani,32.9248726,-2.5298692
mwanza_businesses.3857,3857,3857,8520976021,,,Mabatini Esco,,,Mwanza,clothes,Nyamagana,Mo-Sa 09:00-20:00,Mbugani,32.9233735,-2.5297901
mwanza_businesses.3858,3858,3858,8520975837,Sinai,,Sinai,,,Mwanza,vacant,Nyamagana,,Mbugani,32.9270249,-2.5297311
mwanza_businesses.3859,3859,3859,8520976130,Sinai,,Sinai,H.R.H,,Mwanza,convenience,Nyamagana,Mo-Fr 08:00-18:00; Sa-Su 08:00-15:00,Mbugani,32.9270092,-2.5297311
mwanza_businesses.3860,3860,3860,8520975775,Sinai,,Sinai,Mushi Shop,,Mwanza,convenience,Nyamagana,Mo-Su 09:00-21:00,Mbugani,32.9267675,-2.529679
mwanza_businesses.3861,3861,3861,8520975580,,,Sinai,,,Mwanza,supermarket,Nyamagana,Mo-Sa 09:00-20:00,Mbugani,32.9252199,-2.5295942
mwanza_businesses.3862,3862,3862,8520975766,,,Mabatini Esco,,,Mwanza,electronics,Nyamagana,Mo-Su 09:00-21:00,Mbugani,32.9229225,-2.5295648
mwanza_businesses.3863,3863,3863,8520976027,Sinai,,Sinai,,,Mwanza,beverages,Nyamagana,Mo-Su 09:00-21:00,Mbugani,32.9263823,-2.5294668
mwanza_businesses.3864,3864,3864,8520975923,,,Majengo Mapya,,,Mwanza,convenience,Nyamagana,Mo-Su 09:00-21:00,Mbugani,32.9277362,-2.5294645
mwanza_businesses.3865,3865,3865,8520975758,,,Majengo Mapya,Baraka,,Mwanza,vacant,Nyamagana,,Mbugani,32.9274631,-2.5292523
mwanza_businesses.3866,3866,3866,8520976190,,,Majengo Mapya,,,Mwanza,convenience,Nyamagana,Mo-Sa 08:00-18:00,Mbugani,32.9275703,-2.5292951
mwanza_businesses.3867,3867,3867,8520976231,,,Sinai,,,Mwanza,car_parts,Nyamagana,Mo-Sa 08:00-18:00,Mbugani,32.9254997,-2.5302084
mwanza_businesses.3868,3868,3868,8520976242,Sinai,,Sinai,Lax,,Mwanza,beauty,Nyamagana,Mo-Su 09:00-21:00,Mbugani,32.9268123,-2.5297037
mwanza_businesses.3869,3869,3869,8520976248,Sinai,,Sinai,Mr Komaa,,Mwanza,video,Nyamagana,Mo-Fr 08:00-18:00; Sa-Su 08:00-15:00;Mo-Su 09:00-21:00,Mbugani,32.9269935,-2.5297155
mwanza_businesses.3870,3870,3870,8520976257,,,Sinai,,,Mwanza,butcher,Nyamagana,Mo-Su 09:00-21:00;Mo-Fr 09:00-17:00,Mbugani,32.9252931,-2.5287696
mwanza_businesses.3871,3871,3871,8520976287,Nyerere Road,,Sinai,,,Mwanza,convenience,Nyamagana,Mo-Sa 09:00-20:00,Mbugani,32.9246638,-2.5310668
mwanza_businesses.3872,3872,3872,8520976293,Majengo mapya,,Sinai,,,Mwanza,convenience,Nyamagana,Mo-Su 09:00-21:00,Mbugani,32.9274086,-2.5294927
mwanza_businesses.3873,3873,3873,8520976311,,,Majengo Mapya,,,Mwanza,convenience,Nyamagana,Mo-Sa 08:00-18:00,Mbugani,32.9269052,-2.5285663
mwanza_businesses.3874,3874,3874,8520976365,,,Sinai,,,Mwanza,motorcycle_repair,Nyamagana,Mo-Sa 09:00-20:00,Mbugani,32.9261059,-2.5303719
mwanza_businesses.3875,3875,3875,8520976395,,,Nyerere A,Mgumu,,Mwanza,hairdresser,Nyamagana,Mo-Fr 08:00-18:00; Sa-Su 08:00-15:00,Mbugani,32.9256681,-2.5308997
mwanza_businesses.3876,3876,3876,8520976400,,,Sinai,,,Mwanza,car_repair,Nyamagana,Mo-Fr 09:00-17:00,Mbugani,32.9263064,-2.5305031
mwanza_businesses.3877,3877,3877,8520976418,,,Majengo Mapya,,,Mwanza,clothes,Nyamagana,Mo-Su 09:00-21:00,Mbugani,32.9277989,-2.5294227
mwanza_businesses.3878,3878,3878,8520976456,,,Nyerere A,Mabatini Injector Pump,0754650955,Mwanza,car_parts,Nyamagana,Mo-Sa 08:00-18:00,Mbugani,32.9264331,-2.5313531
mwanza_businesses.3879,3879,3879,8520976506,Sinai,,Sinai,,,Mwanza,vacant,Nyamagana,,Mbugani,32.9268123,-2.5297147
mwanza_businesses.3880,3880,3880,8520976522,,,Majengo Mapya,,,Mwanza,stationery,Nyamagana,Mo-Sa 08:00-18:00,Mbugani,32.9279241,-2.5292141
mwanza_businesses.3881,3881,3881,8520976530,Nyerere Road,,Sinai,Tata Motors,,Mwanza,car,Nyamagana,Mo-Sa 09:00-20:00,Mbugani,32.9246508,-2.5304585
mwanza_businesses.3882,3882,3882,8520976557,,,Mabatini Esco,Mzubwa General Services,,Mwanza,car_repair,Nyamagana,Mo-Sa 09:00-20:00,Mbugani,32.9234158,-2.5297901
mwanza_businesses.3883,3883,3883,8520976560,Nyerere Road,,Sinai,,,Mwanza,hairdresser,Nyamagana,Mo-Sa 09:00-20:00,Mbugani,32.9245698,-2.531192
mwanza_businesses.3884,3884,3884,8520976602,,,Nyerere A,Urassa Auto Parts,0754410140,Mwanza,car_parts,Nyamagana,Mo-Sa 08:00-18:00,Mbugani,32.9260683,-2.5311387
mwanza_businesses.3885,3885,3885,8520976608,,,Sinai,,,Mwanza,car_repair,Nyamagana,Mo-Su 09:00-21:00,Mbugani,32.924776,-2.5298024
mwanza_businesses.3886,3886,3886,8520976634,,,Sinai,,,Mwanza,car_repair,Nyamagana,Mo-Sa 09:00-20:00,Mbugani,32.9248236,-2.5298366
mwanza_businesses.3887,3887,3887,8520977217,,,Mabatini Esco,,,Mwanza,agrarian,Nyamagana,Mo-Fr 09:00-17:00,Mbugani,32.9228943,-2.5295507
mwanza_businesses.3888,3888,3888,8520976078,,,Mabatini Kaskazini,,,Mwanza,beauty,Nyamagana,Mo-Sa 09:00-20:00,Mbugani,32.9231518,-2.5275868
mwanza_businesses.3889,3889,3889,8520975873,,,,,,Mwanza,vacant,Nyamagana,,Mbugani,32.9231308,-2.5275658
mwanza_businesses.3890,3890,3890,8520975975,Magengo Mapya,,Majengo Mapya,Emmanuel Shop,,Mwanza,convenience,Nyamagana,Mo-Sa 09:00-20:00,Mbugani,32.9233217,-2.5275303
mwanza_businesses.3891,3891,3891,8520975751,Majengo Mapya,,Majengo Mapya,Miraji Video Library,0786716861,Mwanza,video,Nyamagana,Mo-Sa 09:00-20:00,Mbugani,32.9232474,-2.5274544
mwanza_businesses.3892,3892,3892,8520976009,Majengo Mapya,,Majengo Mapya,G.M Grosary,,Mwanza,alcohol,Nyamagana,Mo-Sa 09:00-20:00,Mbugani,32.9244003,-2.5268875
mwanza_businesses.3893,3893,3893,8520976003,Sinai,,Sinai,,,Mwanza,convenience,Nyamagana,Mo-Sa 08:00-18:00,Mbugani,32.9274201,-2.5266155
mwanza_businesses.3894,3894,3894,8520975592,,,Majengo Mapya,,,Mwanza,convenience,Nyamagana,Mo-Su 09:00-21:00,Mbugani,32.9256821,-2.5246434
mwanza_businesses.3895,3895,3895,8520663684,Majengo Mapya,,Majengo Mapya,,,Mwanza,kiosk,Nyamagana,Mo-Sa 08:00-18:00,Mbugani,32.9284501,-2.524429
mwanza_businesses.3896,3896,3896,8520664010,Majengo Mapya,,Majengo Mapya,,,Mwanza,kiosk,Nyamagana,Mo-Sa 08:00-18:00,Mbugani,32.9283214,-2.5243647
mwanza_businesses.3897,3897,3897,8520663630,Majengo Mapya,,Majengo Mapya,,,Mwanza,kiosk,Nyamagana,Mo-Sa 08:00-18:00,Mbugani,32.9276776,-2.5243432
mwanza_businesses.3898,3898,3898,8520664101,Majengo Mapya,,Majengo Mapya,,,Mwanza,cosmetics,Nyamagana,Mo-Sa 08:00-18:00,Mbugani,32.9285789,-2.5241289
mwanza_businesses.3899,3899,3899,8520663722,Majengo Mapya,,Majengo Mapya,,,Mwanza,kiosk,Nyamagana,Mo-Sa 08:00-18:00,Mbugani,32.9278493,-2.5239359
mwanza_businesses.3900,3900,3900,8520657092,Majengo Mapya,,Majengo Mapya,,,Mwanza,cosmetics,Nyamagana,Mo-Sa 08:00-18:00,Mbugani,32.9278708,-2.5239359
mwanza_businesses.3901,3901,3901,8520664048,Majengo Mapya,,Majengo Mapya,,,Mwanza,kiosk,Nyamagana,Mo-Sa 08:00-18:00,Mbugani,32.9270554,-2.5237644
mwanza_businesses.3902,3902,3902,8520657039,Majengo Mapya,,Majengo Mapya,,,Mwanza,kiosk,Nyamagana,Mo-Sa 08:00-18:00,Mbugani,32.9273129,-2.5237644
mwanza_businesses.3903,3903,3903,8520664230,Majengo Mapya,,Majengo Mapya,,,Mwanza,kiosk,Nyamagana,Mo-Sa 08:00-18:00,Mbugani,32.9277955,-2.5237628
mwanza_businesses.3904,3904,3904,8520664374,Majengo Mapya,,Majengo Mapya,,,Mwanza,kiosk,Nyamagana,Mo-Sa 08:00-18:00,Mbugani,32.9269699,-2.5236459
mwanza_businesses.3905,3905,3905,8520975864,,,Majengo Mapya,,,Mwanza,convenience,Nyamagana,Mo-Su 09:00-21:00,Mbugani,32.9243731,-2.5233571
mwanza_businesses.3906,3906,3906,8520976173,,,Majengo Mapya,,,Mwanza,convenience,Nyamagana,Mo-Su 09:00-21:00,Mbugani,32.9242626,-2.5233101
mwanza_businesses.3907,3907,3907,8520976332,,,Majengo Mapya,,,Mwanza,convenience,Nyamagana,Mo-Su 09:00-21:00,Mbugani,32.9248076,-2.5235037
mwanza_businesses.3908,3908,3908,8520976348,,,Mabatini Kaskazini,,,Mwanza,vacant,Nyamagana,,Mbugani,32.9230003,-2.5274647
mwanza_businesses.3909,3909,3909,8520976482,Majengo Mapya,,Majengo Mapya,,,Mwanza,kiosk,Nyamagana,Mo-Sa 08:00-18:00,Mbugani,32.9270768,-2.5245576
mwanza_businesses.3910,3910,3910,8520976497,,,Majengo Mapya,,,Mwanza,convenience,Nyamagana,Mo-Su 09:00-21:00,Mbugani,32.9242873,-2.52325
mwanza_businesses.3911,3911,3911,8520976500,,,Mabatini Kaskazini,,,Mwanza,convenience,Nyamagana,Mo-Su 09:00-21:00,Mbugani,32.9230509,-2.527452
mwanza_businesses.3912,3912,3912,8520976542,,,Majengo Mapya,,,Mwanza,convenience,Nyamagana,Mo-Fr 09:00-17:00,Mbugani,32.924931,-2.523593
mwanza_businesses.3913,3913,3913,8520976586,,,Mwembegile,,,Mwanza,convenience,Nyamagana,Mo-Sa 08:00-18:00,Mbugani,32.9275232,-2.5256987
mwanza_businesses.3914,3914,3914,8520976592,,,Majengo Mapya,,,Mwanza,convenience,Nyamagana,Mo-Su 09:00-21:00,Mbugani,32.9240918,-2.5233662
mwanza_businesses.3915,3915,3915,8520976652,,,Majengo Mapya,,,Mwanza,convenience,Nyamagana,Mo-Su 09:00-21:00,Mbugani,32.9243517,-2.5233786
mwanza_businesses.3916,3916,3916,8520976020,,,Bugarika,,,Mwanza,convenience,Nyamagana,Mo-Su 09:00-21:00,Pamba,32.9211242,-2.5368401
mwanza_businesses.3917,3917,3917,8520975925,,,Bugarika,,,Mwanza,convenience,Nyamagana,Mo-Fr 08:00-18:00; Sa-Su 08:00-15:00,Pamba,32.9164124,-2.535276
mwanza_businesses.3918,3918,3918,8520976276,,,Zahanati,,,Mwanza,convenience,Nyamagana,Mo-Fr 08:00-18:00; Sa-Su 08:00-15:00,Pamba,32.9158656,-2.5346252
mwanza_businesses.3919,3919,3919,8520975813,Bugarika,,Bugarika Kasikazini,Rungwe_Mpya _Shop,,Mwanza,convenience,Nyamagana,,Pamba,32.9201788,-2.5341243
mwanza_businesses.3920,3920,3920,8520975803,,,Bugarika Kusini,,,Mwanza,convenience,Nyamagana,,Pamba,32.9154897,-2.5340755
mwanza_businesses.3921,3921,3921,8520976122,Bugarika,,Bugarika Kasikazini,Kibondo Shop,,Mwanza,convenience,Nyamagana,,Pamba,32.9200509,-2.534015
mwanza_businesses.3922,3922,3922,8520975866,,,Bugarika Kaskazini,,,Mwanza,car_repair,Nyamagana,Mo-Fr 08:00-18:00; Sa-Su 08:00-15:00,Pamba,32.918129,-2.5340112
mwanza_businesses.3923,3923,3923,8520976113,,,Bugarika Kusini,,,Mwanza,vacant,Nyamagana,,Pamba,32.9152107,-2.5336254
mwanza_businesses.3924,3924,3924,8520976182,,,Bugarika Kaskazini,,,Mwanza,convenience,Nyamagana,Mo-Su 09:00-21:00,Pamba,32.9185946,-2.5332244
mwanza_businesses.3925,3925,3925,8520976002,,,Zahanati,,,Mwanza,vacant,Nyamagana,,Pamba,32.9157472,-2.5328751
mwanza_businesses.3926,3926,3926,8520976330,,,Zahanati,,,Mwanza,vacant,Nyamagana,Mo-Su 09:00-21:00,Pamba,32.9158759,-2.5328536
mwanza_businesses.3927,3927,3927,8520975786,,,Zahanati,,,Mwanza,convenience,Nyamagana,Mo-Su 09:00-21:00;Mo-Sa 08:00-18:00,Pamba,32.9157686,-2.5327679
mwanza_businesses.3928,3928,3928,8520976206,,,Pamba,,,Mwanza,convenience,Nyamagana,Mo-Su 09:00-21:00,Pamba,32.9160304,-2.5324759
mwanza_businesses.3929,3929,3929,8520975889,,,Zahanati,,,Mwanza,vacant,Nyamagana,,Pamba,32.9160529,-2.5324647
mwanza_businesses.3930,3930,3930,8520976366,,,Zahanati,,,Mwanza,convenience,Nyamagana,Mo-Su 09:00-21:00,Pamba,32.9157686,-2.5327465
mwanza_businesses.3931,3931,3931,8520976384,,,Bugarika Kusini,,,Mwanza,convenience,Nyamagana,,Pamba,32.9155111,-2.5340755
mwanza_businesses.3932,3932,3932,8520976402,,,Bugarika,,,Mwanza,convenience,Nyamagana,Mo-Fr 08:00-18:00; Sa-Su 08:00-15:00,Pamba,32.9167128,-2.5355547
mwanza_businesses.3933,3933,3933,8520976471,,,Zahanati,,,Mwanza,convenience,Nyamagana,Mo-Su 09:00-21:00,Pamba,32.9156828,-2.5327679
mwanza_businesses.3934,3934,3934,8520976480,,,Zahanati,,,Mwanza,convenience,Nyamagana,Mo-Su 09:00-21:00,Pamba,32.9159179,-2.5325209
mwanza_businesses.3935,3935,3935,8520976498,,,Bugarika,,,Mwanza,convenience,Nyamagana,Mo-Su 09:00-21:00,Pamba,32.9210741,-2.5369432
mwanza_businesses.3936,3936,3936,8520976550,,,Bugarika Kaskazini,,,Mwanza,convenience,Nyamagana,Mo-Su 09:00-21:00;24/7,Pamba,32.9184973,-2.5338126
mwanza_businesses.3937,3937,3937,8520976600,Bugarika,,Bugarika Kasikazini,,,Mwanza,clothes,Nyamagana,,Pamba,32.919045,-2.5343414
mwanza_businesses.3938,3938,3938,8520976635,,,Zahanati,,,Mwanza,vacant,Nyamagana,,Pamba,32.9157257,-2.5328751
mwanza_businesses.3939,3939,3939,8520976214,,,Bugarika Kusini,,,Mwanza,convenience,Nyamagana,,Pamba,32.9151249,-2.5335825
mwanza_businesses.3940,3940,3940,8520975847,Bugarika Sokoni,,Bugarika Kusini,,,Mwanza,convenience,Nyamagana,,Pamba,32.9150391,-2.5334967
mwanza_businesses.3941,3941,3941,8520975949,Bugharika Sokoni,,Bugharika kusini,,,Mwanza,hairdresser,Nyamagana,,Pamba,32.9147816,-2.5333038
mwanza_businesses.3942,3942,3942,8520976055,Bugharika Sokoni,,Bugharika kusini,,,Mwanza,convenience,Nyamagana,,Pamba,32.9147387,-2.5332609
mwanza_businesses.3943,3943,3943,8520976156,,,Bugarika,,,Mwanza,convenience,Nyamagana,,Pamba,32.9146099,-2.5330894
mwanza_businesses.3944,3944,3944,8520975822,,,Bugarika,,,Mwanza,convenience,Nyamagana,,Pamba,32.9145026,-2.5329608
mwanza_businesses.3945,3945,3945,8520976174,,,Bugarika,,,Mwanza,hairdresser,Nyamagana,,Pamba,32.9143953,-2.5328322
mwanza_businesses.3946,3946,3946,8520976071,,,Bugarika,,,Mwanza,vacant,Nyamagana,Mo-Sa 08:00-18:00,Pamba,32.9143524,-2.5327893
mwanza_businesses.3947,3947,3947,8520976446,,,Bugarika,,,Mwanza,convenience,Nyamagana,Mo-Sa 08:00-18:00,Pamba,32.914288,-2.5327679
mwanza_businesses.3948,3948,3948,8520975865,,,Bugarika,,,Mwanza,hairdresser,Nyamagana,Mo-Sa 08:00-18:00,Pamba,32.9141593,-2.5325964
mwanza_businesses.3949,3949,3949,8520976340,,,Bugarika,,,Mwanza,hairdresser,Nyamagana,Mo-Sa 08:00-18:00,Pamba,32.9140949,-2.5325107
mwanza_businesses.3950,3950,3950,8520975967,,,Bugarika,,,Mwanza,alcohol,Nyamagana,Mo-Sa 08:00-18:00,Pamba,32.914288,-2.5324249
mwanza_businesses.3951,3951,3951,8520976232,,,Bugarika,,,Mwanza,convenience,Nyamagana,Mo-Sa 08:00-18:00,Pamba,32.9139233,-2.5324249
mwanza_businesses.3952,3952,3952,8520976131,,,Bugarika,,,Mwanza,convenience,Nyamagana,Mo-Sa 08:00-18:00,Pamba,32.9137945,-2.5324035
mwanza_businesses.3953,3953,3953,8520976531,Bugarika Sokoni,,Bugarika Kusini,,,Mwanza,hairdresser,Nyamagana,,Pamba,32.9147601,-2.5332609
mwanza_businesses.3954,3954,3954,8520976549,,,Bugarika,,,Mwanza,hairdresser,Nyamagana,Mo-Sa 08:00-18:00,Pamba,32.914288,-2.5326393
mwanza_businesses.3955,3955,3955,8520976609,,,Bugarika,,,Mwanza,convenience,Nyamagana,Mo-Sa 08:00-18:00,Pamba,32.9137301,-2.532382
mwanza_businesses.3956,3956,3956,8532205833,,,Mlimani,,,Mwanza,butcher,Nyamagana,,Pamba,32.9088378,-2.5324678
mwanza_businesses.3957,3957,3957,8520975993,,,Bugarika kusini,,,Mwanza,convenience,Nyamagana,Mo-Su 09:00-21:00,Pamba,32.9132556,-2.5323221
mwanza_businesses.3958,3958,3958,8520976575,,,Bugarika Kusini,,,Mwanza,clothes,Nyamagana,Mo-Sa 09:00-20:00,Pamba,32.9133355,-2.5322955
mwanza_businesses.3959,3959,3959,8532206920,,,Zahanati,,,Mwanza,beverages,Nyamagana,Mo-Su 09:00-21:00,Pamba,32.9074873,-2.5291945
mwanza_businesses.3960,3960,3960,8532207319,,,Zahanati,,,Mwanza,convenience,Nyamagana,Mo-Su 09:00-21:00,Pamba,32.9073664,-2.5291945
mwanza_businesses.3961,3961,3961,8532206225,,,Mlimani,,,Mwanza,convenience,Nyamagana,Mo-Su 09:00-21:00,Pamba,32.9089451,-2.5323606
mwanza_businesses.3962,3962,3962,8520975951,,,Bugarika Kusini,,,Mwanza,convenience,Nyamagana,Mo-Su 09:00-21:00,Pamba,32.9123336,-2.5315397
mwanza_businesses.3963,3963,3963,8520963991,,,Bugarika Kusini,,,Mwanza,convenience,Nyamagana,Mo-Su 09:00-21:00,Pamba,32.9124212,-2.5315674
mwanza_businesses.3964,3964,3964,8520975848,,,Bugarika Kusini,,,Mwanza,convenience,Nyamagana,Mo-Su 09:00-21:00,Pamba,32.91255,-2.5317818
mwanza_businesses.3965,3965,3965,8520976533,,,Bugarika Kusini,,,Mwanza,hairdresser,Nyamagana,Mo-Sa 09:00-17:00;Mo-Sa 08:00-18:00,Pamba,32.9125929,-2.5316961
mwanza_businesses.3966,3966,3966,8520975574,,,Bugarika Kusini,Mix shop,,Mwanza,convenience,Nyamagana,Mo-Su 09:00-21:00,Pamba,32.9126358,-2.5318676
mwanza_businesses.3967,3967,3967,8520976056,,,Bugarika kusini,,,Mwanza,convenience,Nyamagana,Mo-Sa 09:00-20:00,Pamba,32.9126787,-2.5316103
mwanza_businesses.3968,3968,3968,8532206790,,,Mlimani,,,Mwanza,convenience,Nyamagana,Mo-Su 09:00-21:00,Pamba,32.9089022,-2.5324035
mwanza_businesses.3969,3969,3969,8532207190,,,Mlimani,,,Mwanza,convenience,Nyamagana,Mo-Sa 09:00-20:00,Pamba,32.9087323,-2.5324649
mwanza_businesses.3970,3970,3970,8532207365,,,Mlimani,,,Mwanza,beauty,Nyamagana,Mo-Su 09:00-21:00,Pamba,32.9088807,-2.5324249
mwanza_businesses.3971,3971,3971,8520976097,,,Bugarika Kusini,,,Mwanza,vacant,Nyamagana,,Pamba,32.9127002,-2.5319533
mwanza_businesses.3972,3972,3972,8520976149,,,Bugarika Kusini,Jeremiah Drinks,,Mwanza,beverages,Nyamagana,Mo-Sa 08:00-18:00,Pamba,32.9127002,-2.5319319
mwanza_businesses.3973,3973,3973,8520976627,,,Bugarika Kusini,,,Mwanza,tailor,Nyamagana,Mo-Sa 09:00-17:00,Pamba,32.9127191,-2.531771
mwanza_businesses.3974,3974,3974,8520976198,,,Bugarika Kusini,Mchungaji Cash point,,Mwanza,beverages,Nyamagana,Mo-Sa 08:00-18:00,Pamba,32.912736,-2.5318465
mwanza_businesses.3975,3975,3975,8520976158,,,Bugarika Kusini,Grace Beauty Salon,,Mwanza,hairdresser,Nyamagana,Mo-Sa 09:00-20:00,Pamba,32.9127431,-2.5315031
mwanza_businesses.3976,3976,3976,8520976430,,,Bugarika Kusini,Mama zai,,Mwanza,convenience,Nyamagana,Mo-Su 09:00-21:00,Pamba,32.9127745,-2.5318849
mwanza_businesses.3977,3977,3977,8520976490,,,Bugarika Kusini,Antony Barber shop,,Mwanza,hairdresser,Nyamagana,Mo-Su 09:00-21:00,Pamba,32.912786,-2.5320605
mwanza_businesses.3978,3978,3978,8520975583,,,Bugarika Kusini,,,Mwanza,vacant,Nyamagana,,Pamba,32.912809,-2.5317261
mwanza_businesses.3979,3979,3979,8520976260,,,Bugarika Kusini,,,Mwanza,convenience,Nyamagana,Mo-Sa 09:00-20:00,Pamba,32.912809,-2.5317411
mwanza_businesses.3980,3980,3980,8520975788,,,Bugarika Kusini,Roja's Stationary,,Mwanza,copyshop,Nyamagana,Mo-Su 09:00-21:00,Pamba,32.9128933,-2.5321248
mwanza_businesses.3981,3981,3981,8520976368,,,Bugarika Kusini,,,Mwanza,vacant,Nyamagana,,Pamba,32.912929,-2.5315913
mwanza_businesses.3982,3982,3982,8520976303,,,Bugarika Kusini,Zab 23Butchery,,Mwanza,butcher,Nyamagana,Mo-Su 09:00-21:00,Pamba,32.912959,-2.5320407
mwanza_businesses.3983,3983,3983,8520976473,,,Bugarika Kusini,,0787247674,Mwanza,tailor,Nyamagana,Mo-Su 09:00-21:00,Pamba,32.9129577,-2.532039
mwanza_businesses.3984,3984,3984,8520976419,,,Bugarika Kusini,,,Mwanza,convenience,Nyamagana,Mo-Sa 09:00-17:00,Pamba,32.912989,-2.5315164
mwanza_businesses.3985,3985,3985,8520963989,,,Bugarika Kusini,,,Mwanza,kiosk,Nyamagana,Mo-Su 09:00-21:00,Pamba,32.9130316,-2.5321986
mwanza_businesses.3986,3986,3986,8520976410,,,Bugarika Kusini,Dunia ya Warembo,,Mwanza,convenience,Nyamagana,Mo-Su 09:00-21:00,Pamba,32.9130489,-2.5319358
mwanza_businesses.3987,3987,3987,8520976000,,,Bugarika Kusini,,,Mwanza,tailor,Nyamagana,Mo-Sa 09:00-17:00,Pamba,32.913065,-2.5317818
mwanza_businesses.3988,3988,3988,8520975725,,,Bugarika Kusini,,,Mwanza,convenience,Nyamagana,Mo-Sa 09:00-20:00,Pamba,32.9130864,-2.5321248
mwanza_businesses.3989,3989,3989,8520976583,,,Bugarika Kusini,,,Mwanza,vacant,Nyamagana,,Pamba,32.9130864,-2.5317175
mwanza_businesses.3990,3990,3990,8520975732,,,Bugarika Kusini,,,Mwanza,kiosk,Nyamagana,Mo-Su 09:00-21:00,Pamba,32.9131029,-2.5316516
mwanza_businesses.3991,3991,3991,8520976479,,,Bugarika Kusini,,,Mwanza,convenience,Nyamagana,Mo-Sa 09:00-17:00,Pamba,32.9131389,-2.531816
mwanza_businesses.3992,3992,3992,8520976312,,,Bugarika Kusini,,,Mwanza,vacant,Nyamagana,,Pamba,32.9131508,-2.5316318
mwanza_businesses.3993,3993,3993,8520976095,,,Bugarika Kusini,,,Mwanza,convenience,Nyamagana,Mo-Su 09:00-21:00,Pamba,32.9131623,-2.5322156
mwanza_businesses.3994,3994,3994,8520975829,,,Bugarika Kusini,,,Mwanza,convenience,Nyamagana,Mo-Sa 09:00-17:00,Pamba,32.9131722,-2.532039
mwanza_businesses.3995,3995,3995,8520963997,,,Bugarika Kusini,,,Mwanza,clothes,Nyamagana,Mo-Sa 09:00-17:00,Pamba,32.9131989,-2.5316962
mwanza_businesses.3996,3996,3996,8520975838,,,Bugarika Kusini,,,Mwanza,vacant,Nyamagana,,Pamba,32.9132152,-2.531546
mwanza_businesses.3997,3997,3997,8520976103,,,Bugarika Kusini,,,Mwanza,clothes,Nyamagana,Mo-Sa 09:00-20:00,Pamba,32.9132139,-2.5317111
mwanza_businesses.3998,3998,3998,8520975940,,,Bugarika Kusini,,,Mwanza,vacant,Nyamagana,,Pamba,32.9132795,-2.5314817
mwanza_businesses.3999,3999,3999,8520976514,,,Bugarika Kusini,,,Mwanza,clothes,Nyamagana,Mo-Sa 09:00-17:00,Pamba,32.9133488,-2.5315464
mwanza_businesses.4000,4000,4000,8520975565,,,Bugarika Kusini,Maria Vyombo,,Mwanza,houseware,Nyamagana,Mo-Sa 08:00-18:00,Pamba,32.9134431,-2.5316922
mwanza_businesses.4001,4001,4001,8520975556,,,Bugarika,,,Mwanza,convenience,Nyamagana,Mo-Sa 08:00-18:00,Pamba,32.913816,-2.532382
mwanza_businesses.4002,4002,4002,8520975874,,,Bugarika Kusini,,,Mwanza,convenience,Nyamagana,Mo-Su 09:00-21:00,Pamba,32.9139432,-2.5314926
mwanza_businesses.4003,4003,4003,8520963964,,,Bugarika,,,Mwanza,convenience,Nyamagana,,Pamba,32.9144168,-2.5328965
mwanza_businesses.4004,4004,4004,8532206179,,,Mlimani,,,Mwanza,alcohol,Nyamagana,Mo-Su 09:00-21:00,Pamba,32.909503,-2.5300454
mwanza_businesses.4005,4005,4005,8532206352,,,Mlimani,,,Mwanza,convenience,Nyamagana,Mo-Fr 09:00-17:00,Pamba,32.910769,-2.5291237
mwanza_businesses.4006,4006,4006,8532207095,,,Mlimani,,,Mwanza,convenience,Nyamagana,Mo-Su 09:00-21:00,Pamba,32.9094601,-2.5299811
mwanza_businesses.4007,4007,4007,8520976046,,,Bugarika Kusini,,,Mwanza,tailor,Nyamagana,Mo-Sa 09:00-17:00,Pamba,32.9132588,-2.5313516
mwanza_businesses.4008,4008,4008,8520976148,,,Bugarika Kusini,,,Mwanza,tailor,Nyamagana,Mo-Sa 09:00-17:00,Pamba,32.9130789,-2.5313067
mwanza_businesses.4009,4009,4009,8520975976,,,Bugarika kusini,,,Mwanza,tailor,Nyamagana,Mo-Su 09:00-21:00,Pamba,32.914052,-2.5312459
mwanza_businesses.4010,4010,4010,8520975767,,,Bugarika Kusini,,,Mwanza,vacant,Nyamagana,,Pamba,32.9136586,-2.5312411
mwanza_businesses.4011,4011,4011,8520976038,,,Bugarika Kusini,,,Mwanza,kiosk,Nyamagana,Mo-Su 09:00-21:00,Pamba,32.9133599,-2.5312035
mwanza_businesses.4012,4012,4012,8520976241,,,Bugarika Kusini,,,Mwanza,furniture,Nyamagana,Mo-Su 09:00-21:00,Pamba,32.9135156,-2.5310744
mwanza_businesses.4013,4013,4013,8520975573,,,Bugarika kusini,,,Mwanza,tailor,Nyamagana,Mo-Sa 09:00-20:00,Pamba,32.913022,-2.5310744
mwanza_businesses.4014,4014,4014,8520976028,Mlimani,,Bugharika Kasikazini,Mama Kichere Hair Dressing Salon,,Mwanza,hairdresser,Nyamagana,Mo-Sa 08:00-18:00,Pamba,32.914288,-2.5307528
mwanza_businesses.4015,4015,4015,8520975581,Mlimani,,Bugharika Kasikazini,Top Ten Haircut Salon,,Mwanza,hairdresser,Nyamagana,Mo-Sa 08:00-18:00,Pamba,32.9147387,-2.5305814
mwanza_businesses.4016,4016,4016,8520975986,Mlimani,,Mlimani,,,Mwanza,convenience,Nyamagana,Mo-Sa 08:00-18:00,Pamba,32.9129148,-2.5286949
mwanza_businesses.4017,4017,4017,8520976179,Bugarika,,Nyerere B,,,Mwanza,convenience,Nyamagana,Mo-Fr 08:00-18:00; Sa-Su 08:00-15:00;Mo-Su 09:00-21:00;Mo-Sa 08:00-18:00,Pamba,32.9146029,-2.5280981
mwanza_businesses.4018,4018,4018,8520975604,Bomba La Maji,,Nyerere B,,,Mwanza,convenience,Nyamagana,Mo-Fr 08:00-18:00; Sa-Su 08:00-15:00,Pamba,32.9147922,-2.5280625
mwanza_businesses.4019,4019,4019,8520976323,,,Bugarika Kusini,,,Mwanza,vacant,Nyamagana,,Pamba,32.9128075,-2.5301526
mwanza_businesses.4020,4020,4020,8520976349,,,Bugarika Kusini,,,Mwanza,kiosk,Nyamagana,Mo-Su 09:00-21:00,Pamba,32.9137796,-2.5312873
mwanza_businesses.4021,4021,4021,8520976455,,,Bugarika Kusini,,,Mwanza,hairdresser,Nyamagana,Mo-Su 09:00-21:00,Pamba,32.9140091,-2.5313102
mwanza_businesses.4022,4022,4022,8520976464,Posta,,Posta,,,Mwanza,kiosk,Nyamagana,Mo-Sa 08:00-18:00,Pamba,32.9142658,-2.5287658
mwanza_businesses.4023,4023,4023,8520976523,,,Bugarika Kusini,,,Mwanza,vacant,Nyamagana,,Pamba,32.912989,-2.5314565
mwanza_businesses.4024,4024,4024,8520976558,,,Bugarika kusini,,,Mwanza,convenience,Nyamagana,Mo-Su 09:00-21:00,Pamba,32.914052,-2.5310315
mwanza_businesses.4025,4025,4025,8520976577,,,Bugarika Kusini,,,Mwanza,hairdresser,Nyamagana,Mo-Su 09:00-21:00,Pamba,32.9128933,-2.5312459
mwanza_businesses.4026,4026,4026,8520976617,,,Bugarika Kusini,,,Mwanza,vacant,Nyamagana,,Pamba,32.9134088,-2.5314565
mwanza_businesses.4027,4027,4027,8520976626,,,Bugarika kusini,,,Mwanza,vacant,Nyamagana,,Pamba,32.9132738,-2.5313516
mwanza_businesses.4028,4028,4028,8532198800,,,Miti Mirefu,,,Mwanza,houseware,Nyamagana,Mo-Sa 08:00-18:00,Pamba,32.9043961,-2.5223925
mwanza_businesses.4029,4029,4029,8532203778,,,Miti Mirefu,J Kimbory,,Mwanza,electronics,Nyamagana,Mo-Sa 08:00-18:00,Pamba,32.9045572,-2.5223908
mwanza_businesses.4030,4030,4030,8532205538,,,Miti Mirefu,,,Mwanza,kiosk,Nyamagana,Mo-Sa 08:00-18:00,Pamba,32.9052777,-2.5229216
mwanza_businesses.4031,4031,4031,8532205690,,,Miti Mirefu,,,Mwanza,clothes,Nyamagana,Mo-Sa 08:00-18:00,Pamba,32.9054407,-2.5230095
mwanza_businesses.4032,4032,4032,8532206084,,,Miti Mirefu,,,Mwanza,clothes,Nyamagana,Mo-Sa 08:00-18:00,Pamba,32.9055023,-2.5230095
mwanza_businesses.4033,4033,4033,8532206156,,,Miti Mirefu,,,Mwanza,vacant,Nyamagana,,Pamba,32.9055543,-2.5228377
mwanza_businesses.4034,4034,4034,8532203746,,,Miti Mirefu,,,Mwanza,clothes,Nyamagana,Mo-Sa 08:00-18:00,Pamba,32.9056459,-2.5230095
mwanza_businesses.4035,4035,4035,8532205589,,,Miti Mirefu,Dar Es Salaam Auto Spare Parts,,Mwanza,car_parts,Nyamagana,Mo-Sa 08:00-18:00,Pamba,32.9057746,-2.5227997
mwanza_businesses.4036,4036,4036,8532198816,,,Miti Mirefu,,,Mwanza,kiosk,Nyamagana,Mo-Sa 08:00-18:00,Pamba,32.905851,-2.52303
mwanza_businesses.4037,4037,4037,4404738789,,,,Zuberi(kisesa) bus office,,Mwanza,ticket,Nyamagana,,Pamba,32.9080636,-2.5226517
mwanza_businesses.4038,4038,4038,8532205585,,,Nata,,,Mwanza,travel_agency,Nyamagana,Mo-Su 09:00-21:00,Pamba,32.908207,-2.5226602
mwanza_businesses.4039,4039,4039,8532205883,Miembeni,,Bugando,,,Mwanza,convenience,Nyamagana,,Pamba,32.9096454,-2.5261174
mwanza_businesses.4040,4040,4040,8532205856,Miembeni,,Bugando,,,Mwanza,convenience,Nyamagana,,Pamba,32.9100609,-2.5267656
mwanza_businesses.4041,4041,4041,8532206248,Miembeni,,Bugando,,,Mwanza,beverages,Nyamagana,,Pamba,32.9099965,-2.526787
mwanza_businesses.4042,4042,4042,8532206328,,,Miti Mirefu,,,Mwanza,clothes,Nyamagana,Mo-Sa 08:00-18:00,Pamba,32.9053177,-2.52303
mwanza_businesses.4043,4043,4043,8532206388,Wurzburg Road,,Bugando,,,Mwanza,convenience,Nyamagana,Mo-Fr 09:00-17:00,Pamba,32.9073617,-2.5233628
mwanza_businesses.4044,4044,4044,8532206719,,,Miti Mirefu,,,Mwanza,kiosk,Nyamagana,Mo-Sa 08:00-18:00,Pamba,32.9056698,-2.5223483
mwanza_businesses.4045,4045,4045,8532206735,Mohammed Road,,Aga Khan,,,Mwanza,clothes,Nyamagana,Mo-Fr 08:00-18:00; Sa-Su 08:00-15:00,Pamba,32.906169,-2.5230761
mwanza_businesses.4046,4046,4046,8532206747,,,Miti Mirefu,,,Mwanza,clothes,Nyamagana,Mo-Sa 08:00-18:00,Pamba,32.9056558,-2.5228947
mwanza_businesses.4047,4047,4047,8532206896,,,Miti Mirefu,,,Mwanza,convenience,Nyamagana,Mo-Sa 09:00-20:00,Pamba,32.9052133,-2.5223719
mwanza_businesses.4048,4048,4048,8532206926,,,Miti Mirefu,,,Mwanza,clothes,Nyamagana,Mo-Sa 08:00-18:00,Pamba,32.9055843,-2.5230095
mwanza_businesses.4049,4049,4049,8532206991,Mohammed Road,,Aga Khan,,,Mwanza,clothes,Nyamagana,Mo-Fr 08:00-18:00; Sa-Su 08:00-15:00,Pamba,32.9062035,-2.5230244
mwanza_businesses.4050,4050,4050,8532207048,,,Miti Mirefu,,,Mwanza,clothes,Nyamagana,Mo-Sa 08:00-18:00,Pamba,32.9052356,-2.52303
mwanza_businesses.4051,4051,4051,8532207071,,,Pamba,,,Mwanza,vacant,Nyamagana,,Pamba,32.9055308,-2.522838
mwanza_businesses.4052,4052,4052,8532207121,,,Miti Mirefu,,,Mwanza,cosmetics,Nyamagana,Mo-Sa 08:00-18:00,Pamba,32.9053975,-2.5223719
mwanza_businesses.4053,4053,4053,8532207147,,,Miti Mirefu,MG Classic Wear,,Mwanza,clothes,Nyamagana,Mo-Sa 08:00-18:00,Pamba,32.905431,-2.5223719
mwanza_businesses.4054,4054,4054,8532207198,,,Miti Mirefu,,,Mwanza,beverages,Nyamagana,Mo-Sa 09:00-20:00;Mo-Sa 08:00-18:00,Pamba,32.9052635,-2.5223719
mwanza_businesses.4055,4055,4055,8532207295,,,Miti Mirefu,,,Mwanza,convenience,Nyamagana,Mo-Sa 09:00-20:00,Pamba,32.90523,-2.5223719
mwanza_businesses.4056,4056,4056,8532205763,,,Miti Mirefu,,,Mwanza,kiosk,Nyamagana,Mo-Sa 08:00-18:00,Pamba,32.905847,-2.5223357
mwanza_businesses.4057,4057,4057,8532205952,Mohammed Road,,Aga Khan,,,Mwanza,clothes,Nyamagana,Mo-Fr 08:00-18:00; Sa-Su 08:00-15:00,Pamba,32.9063058,-2.5228855
mwanza_businesses.4058,4058,4058,8532205930,,,Miti Mirefu,,,Mwanza,kiosk,Nyamagana,Mo-Sa 08:00-18:00,Pamba,32.9062012,-2.522894
mwanza_businesses.4059,4059,4059,8532228720,,,Nata,Isamilo Express,,Mwanza,travel_agency,Nyamagana,Mo-Su 07:00-21:00,Pamba,32.910222,-2.5225921
mwanza_businesses.4060,4060,4060,8532227255,,,Nata,,,Mwanza,car,Nyamagana,Mo-Sa 08:00-18:00,Pamba,32.9094223,-2.5225324
mwanza_businesses.4061,4061,4061,8532198784,Louis Rwegasore,,Louis Rwegasore,,,Mwanza,convenience,Nyamagana,24/7,Pamba,32.901321,-2.5258226
mwanza_businesses.4062,4062,4062,8532203738,Louis Rwegasore,,Louis Rwegasore,,,Mwanza,houseware,Nyamagana,Mo-Sa 09:00-20:00;24/7,Pamba,32.9011495,-2.525594
mwanza_businesses.4063,4063,4063,8532206075,Louis Rwegasore,,Louis Rwegasore,,,Mwanza,hardware,Nyamagana,Mo-Sa 09:00-20:00;24/7,Pamba,32.9015463,-2.5255906
mwanza_businesses.4064,4064,4064,8532205679,Louis Rwegasore,,Louis Rwegasore,,,Mwanza,hardware,Nyamagana,Mo-Sa 09:00-20:00;24/7,Pamba,32.901571,-2.5253753
mwanza_businesses.4065,4065,4065,8532205854,Louis Rwegasore,,Louis Rwegasore,,,Mwanza,carpet,Nyamagana,24/7,Pamba,32.9012127,-2.5252296
mwanza_businesses.4066,4066,4066,8532206808,,,Louis Rwegasore,,,Mwanza,hardware,Nyamagana,Mo-Fr 08:00-18:00;Sa-Su 08:00-15:00,Pamba,32.902143,-2.525115
mwanza_businesses.4067,4067,4067,8532206760,Louis Rwegasore,,Louis Rwegasore,,,Mwanza,car_repair,Nyamagana,Mo-Sa 09:00-20:00;24/7,Pamba,32.9015399,-2.524882
mwanza_businesses.4068,4068,4068,8532206197,Louis Rwegasore,,Louis Rwegasore,,,Mwanza,hardware,Nyamagana,Mo-Sa 09:00-20:00;24/7,Pamba,32.901512,-2.5248681
mwanza_businesses.4069,4069,4069,8532205946,Louis Rwegasore,,Louis Rwegasore,,,Mwanza,art,Nyamagana,24/7,Pamba,32.9017353,-2.5248577
mwanza_businesses.4070,4070,4070,8532205806,Louis Rwegasore,,Louis Rwegasore,,,Mwanza,houseware,Nyamagana,24/7,Pamba,32.9014993,-2.5248363
mwanza_businesses.4071,4071,4071,8532205955,Louis Rwegasore,,Louis Rwegasore,,,Mwanza,convenience,Nyamagana,24/7,Pamba,32.9014134,-2.5247934
mwanza_businesses.4072,4072,4072,8532206348,Louis Rwegasore,,Louis Rwegasore,,,Mwanza,supermarket,Nyamagana,24/7,Pamba,32.9014188,-2.524768
mwanza_businesses.4073,4073,4073,8532205783,,,Rumumba,,,Mwanza,hardware,Nyamagana,Mo-Sa 08:00-18:00,Pamba,32.9012632,-2.5247505
mwanza_businesses.4074,4074,4074,8532205851,,,Louis Rwegasore,,,Mwanza,car_repair,Nyamagana,Mo-Fr 08:00-18:00;Sa-Su 08:00-15:00,Pamba,32.9023576,-2.524579
mwanza_businesses.4075,4075,4075,8532206095,Louis Rwegasore,,Louis Rwegasore,,,Mwanza,carpet,Nyamagana,24/7,Pamba,32.9018641,-2.5245147
mwanza_businesses.4076,4076,4076,8532206116,,,Rumumba,,,Mwanza,hardware,Nyamagana,Mo-Sa 08:00-18:00,Pamba,32.901392,-2.5244719
mwanza_businesses.4077,4077,4077,8532206167,Louis Rwegasore,,Louis Rwegasore,,,Mwanza,houseware,Nyamagana,24/7,Pamba,32.9017932,-2.5244586
mwanza_businesses.4078,4078,4078,8532206936,Louis Rwegasore,,Louis Rwegasore,,,Mwanza,convenience,Nyamagana,24/7,Pamba,32.9018426,-2.5248792
mwanza_businesses.4079,4079,4079,8532206984,,,Louis Rwegasore,,,Mwanza,car_repair,Nyamagana,Mo-Fr 08:00-18:00;Sa-Su 08:00-15:00,Pamba,32.902422,-2.5244504
mwanza_businesses.4080,4080,4080,8532207130,Louis Rwegasore,,Louis Rwegasore,,,Mwanza,convenience,Nyamagana,24/7,Pamba,32.9019353,-2.5247678
mwanza_businesses.4081,4081,4081,8532207158,,,Louis Rwegasore,,,Mwanza,car_repair,Nyamagana,Mo-Fr 08:00-18:00;Sa-Su 08:00-15:00,Pamba,32.9024005,-2.5245147
mwanza_businesses.4082,4082,4082,8532207212,Louis Rwegasore,,Louis Rwegasore,,,Mwanza,houseware,Nyamagana,24/7,Pamba,32.9013682,-2.5252919
mwanza_businesses.4083,4083,4083,8532207233,Mission,,Mission,Haojue,,Mwanza,motorcycle,Nyamagana,Mo-Sa 08:00-18:00,Pamba,32.901907,-2.5255866
mwanza_businesses.4084,4084,4084,8532207315,Louis Rwegasore,,Louis Rwegasore,,,Mwanza,convenience,Nyamagana,Mo-Sa 09:00-17:00;Mo-Sa 09:00-20:00;Mo-Sa 08:00-18:00;24/7,Pamba,32.9014778,-2.5247077
mwanza_businesses.4085,4085,4085,8532207335,,,Louis Rwegasore,,,Mwanza,hardware,Nyamagana,Mo-Fr 08:00-18:00; Sa-Su 08:00-15:00,Pamba,32.9021859,-2.5250292
mwanza_businesses.4086,4086,4086,8532207386,Louis Rwegasore,,Louis Rwegasore,,,Mwanza,electronics,Nyamagana,Mo-Sa 09:00-20:00;24/7,Pamba,32.9014564,-2.5252007
mwanza_businesses.4087,4087,4087,8532203750,,,Rumumba,,,Mwanza,bookmaker,Nyamagana,Mo-Sa 08:00-18:00,Pamba,32.9015625,-2.5237898
mwanza_businesses.4088,4088,4088,8532206266,Louis Rwegasore,,Louis Rwegasore,,,Mwanza,electronics,Nyamagana,24/7,Pamba,32.9015799,-2.5243784
mwanza_businesses.4089,4089,4089,8532205818,,,Rumumba,,,Mwanza,mobile_phone,Nyamagana,Mo-Sa 08:00-18:00,Pamba,32.9015851,-2.5238931
mwanza_businesses.4090,4090,4090,4550283790,,,,Dave's Hardware,,Mwanza,hardware,Nyamagana,,Pamba,32.9016074,-2.5238789
mwanza_businesses.4091,4091,4091,8532206088,,,Rumumba,,,Mwanza,car_repair,Nyamagana,Mo-Sa 08:00-18:00,Pamba,32.9016066,-2.5238288
mwanza_businesses.4092,4092,4092,8532205721,Louis Rwegasore,,Louis Rwegasore,,,Mwanza,car_repair,Nyamagana,Mo-Sa 09:00-20:00;24/7,Pamba,32.9016302,-2.5243867
mwanza_businesses.4093,4093,4093,8532205692,,,Rumumba,,,Mwanza,electronics,Nyamagana,Mo-Sa 08:00-18:00,Pamba,32.9016317,-2.5237566
mwanza_businesses.4094,4094,4094,8532205925,Louis Rwegasore,,Louis Rwegasore,,,Mwanza,car_repair,Nyamagana,24/7,Pamba,32.9018072,-2.5242863
mwanza_businesses.4095,4095,4095,8532205526,Louis Rwegasore,,Louis Rwegasore,,,Mwanza,hardware,Nyamagana,24/7,Pamba,32.9018211,-2.5243004
mwanza_businesses.4096,4096,4096,8532205766,,,Rumumba,,,Mwanza,stationery,Nyamagana,Mo-Sa 08:00-18:00,Pamba,32.9018289,-2.5235843
mwanza_businesses.4097,4097,4097,8532203757,Louis Rwegasore,,Louis Rwegasore,,,Mwanza,art,Nyamagana,24/7,Pamba,32.9018641,-2.5242146
mwanza_businesses.4098,4098,4098,8532205866,Louis Rwegasore,,Louis Rwegasore,,,Mwanza,convenience,Nyamagana,24/7,Pamba,32.901907,-2.5238073
mwanza_businesses.4099,4099,4099,8532206194,Louis Rwegasore,,Louis Rwegasore,,,Mwanza,bakery,Nyamagana,24/7,Pamba,32.901907,-2.5242789
mwanza_businesses.4100,4100,4100,8532205975,Louis Rwegasore,,Louis Rwegasore,,,Mwanza,copyshop,Nyamagana,24/7,Pamba,32.9019713,-2.5243004
mwanza_businesses.4101,4101,4101,8532205518,Louis Rwegasore,,Louis Rwegasore,,,Mwanza,electronics,Nyamagana,24/7,Pamba,32.9019713,-2.5236573
mwanza_businesses.4102,4102,4102,8532205989,Louis Rwegasore,,Louis Rwegasore,,,Mwanza,electronics,Nyamagana,24/7,Pamba,32.9019981,-2.5236734
mwanza_businesses.4103,4103,4103,8532205592,Louis Rwegasore,,Louis Rwegasore,,,Mwanza,cosmetics,Nyamagana,24/7,Pamba,32.9020064,-2.5236714
mwanza_businesses.4104,4104,4104,8532198767,Louis Rwegasore,,Louis Rwegasore,,,Mwanza,houseware,Nyamagana,24/7,Pamba,32.9020497,-2.5236859
mwanza_businesses.4105,4105,4105,8532206286,,,Rumumba,,,Mwanza,hardware,Nyamagana,Mo-Sa 08:00-18:00,Pamba,32.9014504,-2.5243612
mwanza_businesses.4106,4106,4106,8532206318,Louis Rwegasore,,Louis Rwegasore,,,Mwanza,convenience,Nyamagana,24/7,Pamba,32.9017116,-2.5244276
mwanza_businesses.4107,4107,4107,8532206339,Louis Rwegasore,,Louis Rwegasore,,,Mwanza,beverages,Nyamagana,24/7,Pamba,32.9018211,-2.5244933
mwanza_businesses.4108,4108,4108,8532205774,Louis Rwegasore,,Louis Rwegasore,,,Mwanza,houseware,Nyamagana,24/7,Pamba,32.9019284,-2.5245362
mwanza_businesses.4109,4109,4109,8532205700,Louis Rwegasore,,Louis Rwegasore,,,Mwanza,wholesale,Nyamagana,Mo-Sa 09:00-20:00;24/7,Pamba,32.9018888,-2.5245146
mwanza_businesses.4110,4110,4110,8532206368,Louis Rwegasore,,Louis Rwegasore,,,Mwanza,cosmetics,Nyamagana,24/7,Pamba,32.9016709,-2.5244076
mwanza_businesses.4111,4111,4111,8532206381,,,Rumumba,,,Mwanza,motorcycle_repair,Nyamagana,Mo-Sa 08:00-18:00,Pamba,32.9014766,-2.5237448
mwanza_businesses.4112,4112,4112,8532206721,,,Rumumba,,,Mwanza,mobile_phone,Nyamagana,Mo-Sa 08:00-18:00,Pamba,32.9017997,-2.5236425
mwanza_businesses.4113,4113,4113,8532206729,Louis Rwegasore,,Louis Rwegasore,,,Mwanza,electronics,Nyamagana,Mo-Sa 09:00-20:00;24/7,Pamba,32.9017257,-2.5244308
mwanza_businesses.4114,4114,4114,8532206826,Louis Rwegasore,,Louis Rwegasore,,,Mwanza,wholesale,Nyamagana,24/7,Pamba,32.9019499,-2.5240217
mwanza_businesses.4115,4115,4115,8532206833,Louis Rwegasore,,Louis Rwegasore,,,Mwanza,houseware,Nyamagana,24/7,Pamba,32.9020357,-2.5243432
mwanza_businesses.4116,4116,4116,8532206853,Louis Rwegasore,,Louis Rwegasore,,,Mwanza,wholesale,Nyamagana,24/7,Pamba,32.9015851,-2.5243647
mwanza_businesses.4117,4117,4117,8532206906,Louis Rwegasore,,Louis Rwegasore,,,Mwanza,houseware,Nyamagana,24/7,Pamba,32.901907,-2.5241289
mwanza_businesses.4118,4118,4118,8532206951,,,Rumumba,,,Mwanza,car_repair,Nyamagana,Mo-Sa 08:00-18:00,Pamba,32.901625,-2.523759
mwanza_businesses.4119,4119,4119,8532207001,,,Rumumba,,,Mwanza,hardware,Nyamagana,Mo-Sa 08:00-18:00,Pamba,32.9015084,-2.5237007
mwanza_businesses.4120,4120,4120,8532207039,,,Rumumba,,,Mwanza,car_repair,Nyamagana,Mo-Su 09:00-21:00,Pamba,32.9007268,-2.5238502
mwanza_businesses.4121,4121,4121,8532207052,,,Rumumba,,,Mwanza,electronics,Nyamagana,Mo-Sa 08:00-18:00,Pamba,32.9015201,-2.5237661
mwanza_businesses.4122,4122,4122,8532207059,Louis Rwegasore,,Louis Rwegasore,,,Mwanza,craft,Nyamagana,24/7,Pamba,32.9018426,-2.5243004
mwanza_businesses.4123,4123,4123,8532207124,,,Rumumba,,,Mwanza,clothes,Nyamagana,Mo-Sa 08:00-18:00,Pamba,32.901523,-2.5236425
mwanza_businesses.4124,4124,4124,8532207253,,,Rumumba,,,Mwanza,hardware,Nyamagana,Mo-Sa 08:00-18:00,Pamba,32.9014134,-2.5243861
mwanza_businesses.4125,4125,4125,8532207350,,,Rumumba,,,Mwanza,electronics,Nyamagana,Mo-Sa 08:00-18:00,Pamba,32.9016066,-2.5238502
mwanza_businesses.4126,4126,4126,8532205756,,,Bugando Mission,,,Mwanza,furniture,Nyamagana,Mo-Sa 09:00-20:00;24/7,Pamba,32.9042972,-2.5256517
mwanza_businesses.4127,4127,4127,8532206103,,,Miti Mirefu,Fresh Meat,,Mwanza,butcher,Nyamagana,Mo-Sa 08:00-18:00,Pamba,32.9036486,-2.524057
mwanza_businesses.4128,4128,4128,8532203793,,,Miti Mirefu,,,Mwanza,hardware,Nyamagana,Mo-Sa 08:00-18:00,Pamba,32.9036213,-2.5240434
mwanza_businesses.4129,4129,4129,8532206748,,,Miti Mirefu,,,Mwanza,hairdresser,Nyamagana,Mo-Sa 09:00-20:00,Pamba,32.9035981,-2.5240342
mwanza_businesses.4130,4130,4130,8532207007,,,Miti Mirefu,,,Mwanza,convenience,Nyamagana,Mo-Sa 08:00-18:00,Pamba,32.9035667,-2.5240161
mwanza_businesses.4131,4131,4131,8532205708,,,Miti Mirefu,,,Mwanza,stationery,Nyamagana,Mo-Sa 09:00-20:00;Mo-Sa 08:00-18:00,Pamba,32.9035394,-2.5240025
mwanza_businesses.4132,4132,4132,8532205760,,,Miti Mirefu,,,Mwanza,stationery,Nyamagana,Mo-Sa 08:00-18:00,Pamba,32.903869,-2.5240002
mwanza_businesses.4133,4133,4133,8532206779,Umoja Street,,pamba,,,Mwanza,vacant,Nyamagana,,Pamba,32.9036864,-2.5239228
mwanza_businesses.4134,4134,4134,8532205995,Umoja Street,,Pamba,,,Mwanza,motorcycle_repair,Nyamagana,,Pamba,32.903645,-2.5238931
mwanza_businesses.4135,4135,4135,8532206326,Umoja Street,,Pamba,Lwebangira Motorcycle Spare,0755677373,Mwanza,motorcycle_repair,Nyamagana,,Pamba,32.9036038,-2.5238741
mwanza_businesses.4136,4136,4136,8532206439,Umoja Street,,Pamba,,,Mwanza,clothes,Nyamagana,,Pamba,32.9035752,-2.5238534
mwanza_businesses.4137,4137,4137,8532205534,Umoja Street,,Pamba,,,Mwanza,vacant,Nyamagana,,Pamba,32.9034952,-2.5238377
mwanza_businesses.4138,4138,4138,8532206841,Umoja Street,,Pamba,Japan Tech car Decorations,,Mwanza,car_parts,Nyamagana,,Pamba,32.9034511,-2.5238157
mwanza_businesses.4139,4139,4139,8532206186,Umoja Street,,Pamba,,,Mwanza,motorcycle_repair,Nyamagana,,Pamba,32.9033851,-2.5237937
mwanza_businesses.4140,4140,4140,8532205901,Umoja Street,,Pamba,Baharia Used Spare,0689040428,Mwanza,motorcycle_repair,Nyamagana,,Pamba,32.9033631,-2.5237827
mwanza_businesses.4141,4141,4141,8532203765,Sahara,,Sahara,,,Mwanza,motorcycle_repair,Nyamagana,,Pamba,32.903688,-2.5237644
mwanza_businesses.4142,4142,4142,8532207035,Pamba Road,,Pamba,Nyaye Nyaye Used Spare,0684890889,Mwanza,motorcycle_repair,Nyamagana,,Pamba,32.9034071,-2.5237937
mwanza_businesses.4143,4143,4143,8532207068,Umoja Street,,Pamba,,,Mwanza,motorcycle_repair,Nyamagana,,Pamba,32.9034291,-2.5238047
mwanza_businesses.4144,4144,4144,8532207113,,,Miti Mirefu,,,Mwanza,alcohol,Nyamagana,Mo-Sa 08:00-18:00,Pamba,32.9038807,-2.5239317
mwanza_businesses.4145,4145,4145,8532207293,,,Miti Mirefu,Kisanga,,Mwanza,convenience,Nyamagana,Mo-Sa 08:00-18:00,Pamba,32.9035121,-2.5239888
mwanza_businesses.4146,4146,4146,8532205558,Louis Rwegasore,,Louis Rwegasore,,,Mwanza,car_repair,Nyamagana,Mo-Sa 09:00-20:00;24/7,Pamba,32.9013346,-2.5252834
mwanza_businesses.4147,4147,4147,8532206812,Louis Rwegasore,,Louis Rwegasore,,,Mwanza,convenience,Nyamagana,24/7,Pamba,32.9012991,-2.5252795
mwanza_businesses.4148,4148,4148,8532206246,Louis Rwegasore,,Louis Rwegasore,,,Mwanza,houseware,Nyamagana,24/7,Pamba,32.901254,-2.5252459
mwanza_businesses.4149,4149,4149,8532206419,,,Rumumba,Azam Bakhresa,,Mwanza,bakery,Nyamagana,Mo-Sa 08:00-18:00,Pamba,32.9010103,-2.5250104
mwanza_businesses.4150,4150,4150,8532205629,Louis Rwegasore,,Louis Rwegasore,,,Mwanza,convenience,Nyamagana,24/7,Pamba,32.9013276,-2.5249649
mwanza_businesses.4151,4151,4151,8532198776,,,Rumumba,,,Mwanza,electronics,Nyamagana,Mo-Sa 08:00-18:00,Pamba,32.9007966,-2.5242989
mwanza_businesses.4152,4152,4152,8532205753,,,Rumumba,,,Mwanza,convenience,Nyamagana,Mo-Su 09:00-21:00,Pamba,32.900598,-2.5241717
mwanza_businesses.4153,4153,4153,8532203788,,,Rumumba,,,Mwanza,car_repair,Nyamagana,Mo-Su 09:00-21:00,Pamba,32.900641,-2.5241717
mwanza_businesses.4154,4154,4154,8532206126,,,Rumumba,,,Mwanza,bicycle,Nyamagana,Mo-Sa 09:00-20:00,Pamba,32.9006624,-2.5241503
mwanza_businesses.4155,4155,4155,8532205577,,,Rumumba,,,Mwanza,houseware,Nyamagana,Mo-Su 09:00-21:00,Pamba,32.9005337,-2.5241503
mwanza_businesses.4156,4156,4156,8532203808,,,Rumumba,,,Mwanza,mobile_phone,Nyamagana,Mo-Sa 08:00-18:00,Pamba,32.9008985,-2.5240431
mwanza_businesses.4157,4157,4157,8532206146,,,Rumumba,,,Mwanza,car_repair,Nyamagana,Mo-Sa 08:00-18:00,Pamba,32.9009357,-2.5240088
mwanza_businesses.4158,4158,4158,8532205731,,,Rumumba,,,Mwanza,hardware,Nyamagana,Mo-Su 09:00-21:00,Pamba,32.9007483,-2.5239788
mwanza_businesses.4159,4159,4159,8532206296,,,Rumumba,,,Mwanza,hardware,Nyamagana,Mo-Sa 08:00-18:00,Pamba,32.9009698,-2.5239387
mwanza_businesses.4160,4160,4160,8532205905,,,Rumumba,,,Mwanza,electronics,Nyamagana,Mo-Sa 09:00-20:00,Pamba,32.9006195,-2.5239359
mwanza_businesses.4161,4161,4161,8532198806,,,Rumumba,,,Mwanza,convenience,Nyamagana,Mo-Sa 09:00-20:00,Pamba,32.9007268,-2.5238931
mwanza_businesses.4162,4162,4162,8532206864,,,Rumumba,,,Mwanza,mobile_phone,Nyamagana,Mo-Sa 08:00-18:00,Pamba,32.9009628,-2.5239574
mwanza_businesses.4163,4163,4163,8532206885,,,Rumumba,,,Mwanza,car_repair,Nyamagana,Mo-Su 09:00-21:00,Pamba,32.9005122,-2.5240217
mwanza_businesses.4164,4164,4164,8532206916,,,Rumumba,,,Mwanza,clothes,Nyamagana,Mo-Sa 08:00-18:00,Pamba,32.9012418,-2.5247934
mwanza_businesses.4165,4165,4165,8532206987,Louis Rwegasore,,Louis Rwegasore,,,Mwanza,convenience,Nyamagana,24/7,Pamba,32.9012847,-2.5251364
mwanza_businesses.4166,4166,4166,8532207008,,,Rumumba,,,Mwanza,tailor,Nyamagana,Mo-Sa 08:00-18:00,Pamba,32.9007723,-2.5242867
mwanza_businesses.4167,4167,4167,8532207081,,,Rumumba,,,Mwanza,car_repair,Nyamagana,Mo-Sa 08:00-18:00,Pamba,32.9007483,-2.5244933
mwanza_businesses.4168,4168,4168,8532207091,,,Rumumba,,,Mwanza,car_repair,Nyamagana,Mo-Sa 08:00-18:00,Pamba,32.9009033,-2.5241985
mwanza_businesses.4169,4169,4169,8532207110,,,Rumumba,,,Mwanza,bicycle,Nyamagana,Mo-Sa 09:00-20:00,Pamba,32.9005551,-2.5240217
mwanza_businesses.4170,4170,4170,8532207161,,,Rumumba,,,Mwanza,supermarket,Nyamagana,Mo-Sa 08:00-18:00,Pamba,32.9011704,-2.5249389
mwanza_businesses.4171,4171,4171,8532207264,,,Rumumba,,,Mwanza,furniture,Nyamagana,Mo-Su 09:00-21:00,Pamba,32.9006195,-2.5239574
mwanza_businesses.4172,4172,4172,8532207285,,,Rumumba,,,Mwanza,cosmetics,Nyamagana,Mo-Sa 09:00-20:00,Pamba,32.9005122,-2.5241074
mwanza_businesses.4173,4173,4173,8532206021,,,Louis Rwegasore,,,Mwanza,car_repair,Nyamagana,Mo-Fr 08:00-18:00;Sa-Su 08:00-15:00;Mo-Fr 08:00-18:00; Sa-Su 08:00-15:00,Pamba,32.9025078,-2.5242789
mwanza_businesses.4174,4174,4174,8532206757,,,Louis Rwegasore,,,Mwanza,car_repair,Nyamagana,Mo-Fr 08:00-18:00;Sa-Su 08:00-15:00,Pamba,32.9025507,-2.5241932
mwanza_businesses.4175,4175,4175,8532205803,Louis Rwegasore,,Louis Rwegasore,,,Mwanza,convenience,Nyamagana,24/7,Pamba,32.9021215,-2.5241717
mwanza_businesses.4176,4176,4176,8532206956,,,Louis Rwegasore,,,Mwanza,car_repair,Nyamagana,Mo-Fr 08:00-18:00;Sa-Su 08:00-15:00,Pamba,32.9026151,-2.524086
mwanza_businesses.4177,4177,4177,8532206208,Louis Rwegasore,,Louis Rwegasore,,,Mwanza,beverages,Nyamagana,24/7,Pamba,32.9020835,-2.5240316
mwanza_businesses.4178,4178,4178,8532206367,,,Louis Rwegasore,,,Mwanza,car_repair,Nyamagana,Mo-Fr 08:00-18:00;Sa-Su 08:00-15:00,Pamba,32.9026365,-2.5240217
mwanza_businesses.4179,4179,4179,8532205974,,,Louis Rwegasore,,,Mwanza,car_repair,Nyamagana,Mo-Fr 08:00-18:00;Sa-Su 08:00-15:00,Pamba,32.902658,-2.5239574
mwanza_businesses.4180,4180,4180,8532206259,Louis Rwegasore,,Louis Rwegasore,,,Mwanza,convenience,Nyamagana,24/7,Pamba,32.9021636,-2.5239412
mwanza_businesses.4181,4181,4181,8532205933,,,Louis Rwegasore,,,Mwanza,hardware,Nyamagana,Mo-Fr 08:00-18:00; Sa-Su 08:00-15:00,Pamba,32.9031515,-2.5238931
mwanza_businesses.4182,4182,4182,8532205727,,,Louis Rwegasore,,,Mwanza,hardware,Nyamagana,Mo-Fr 08:00-18:00; Sa-Su 08:00-15:00,Pamba,32.9031086,-2.5238502
mwanza_businesses.4183,4183,4183,8532205746,Louis Rwegasore,,Louis Rwegasore,,,Mwanza,convenience,Nyamagana,24/7,Pamba,32.9022932,-2.5238073
mwanza_businesses.4184,4184,4184,8532205578,,,Louis Rwegasore,,,Mwanza,car_repair,Nyamagana,Mo-Fr 08:00-18:00;Sa-Su 08:00-15:00,Pamba,32.9027438,-2.5238073
mwanza_businesses.4185,4185,4185,8532206064,,,Louis Rwegasore,,,Mwanza,hardware,Nyamagana,Mo-Fr 08:00-18:00; Sa-Su 08:00-15:00,Pamba,32.9029584,-2.5237644
mwanza_businesses.4186,4186,4186,8532203728,,,Louis Rwegasore,,,Mwanza,hardware,Nyamagana,Mo-Fr 08:00-18:00; Sa-Su 08:00-15:00,Pamba,32.902894,-2.523743
mwanza_businesses.4187,4187,4187,8532205554,,,Louis Rwegasore,,,Mwanza,car_repair,Nyamagana,Mo-Fr 08:00-18:00; Sa-Su 08:00-15:00,Pamba,32.9027653,-2.523743
mwanza_businesses.4188,4188,4188,8532205541,Louis Rwegasore,,Louis Rwegasore,,,Mwanza,electronics,Nyamagana,24/7,Pamba,32.9021218,-2.5237291
mwanza_businesses.4189,4189,4189,8532206043,Louis Rwegasore,,Louis Rwegasore,,,Mwanza,car_parts,Nyamagana,Mo-Sa 09:00-20:00;24/7,Pamba,32.902422,-2.5236358
mwanza_businesses.4190,4190,4190,8532205571,Louis Rwegasore,,Louis Rwegasore,,,Mwanza,bag,Nyamagana,Mo-Sa 09:00-20:00;24/7,Pamba,32.9024863,-2.5236144
mwanza_businesses.4191,4191,4191,8532206389,Pamba Road,,Sahara,Cc Tyre and Tube Mwanza,,Mwanza,motorcycle_repair,Nyamagana,,Pamba,32.9030657,-2.5235715
mwanza_businesses.4192,4192,4192,8532205796,Pamba Road,,Sahara,Amani Motorcycle,,Mwanza,motorcycle,Nyamagana,,Pamba,32.9030657,-2.5235501
mwanza_businesses.4193,4193,4193,8532206236,Louis Rwegasore,,Louis Rwegasore,,,Mwanza,clothes,Nyamagana,24/7,Pamba,32.9025078,-2.5235286
mwanza_businesses.4194,4194,4194,8532206123,Pamba Road,,Sahara,,,Mwanza,car_parts,Nyamagana,,Pamba,32.9030657,-2.5235072
mwanza_businesses.4195,4195,4195,8532206361,Louis Rwegasore,,Louis Rwegasore,,,Mwanza,art,Nyamagana,Mo-Sa 09:00-20:00;Mo-Su 09:00-21:00;24/7,Pamba,32.9025154,-2.5234902
mwanza_businesses.4196,4196,4196,8532205668,Louis Rwegasore,,Louis Rwegasore,,,Mwanza,craft,Nyamagana,Mo-Sa 09:00-20:00;24/7,Pamba,32.9024649,-2.5234643
mwanza_businesses.4197,4197,4197,8532206409,Louis Rwegasore,,Louis Rwegasore,,,Mwanza,shoes,Nyamagana,Mo-Su 09:00-21:00;24/7,Pamba,32.902422,-2.5234429
mwanza_businesses.4198,4198,4198,8532207151,Louis Rwegasore,,Louis Rwegasore,,,Mwanza,houseware,Nyamagana,24/7,Pamba,32.9021645,-2.5240431
mwanza_businesses.4199,4199,4199,8532207259,Pamba Road,,Sahara,,,Mwanza,vacant,Nyamagana,,Pamba,32.9031515,-2.5235501
mwanza_businesses.4200,4200,4200,8532206773,,,Rumumba,,,Mwanza,convenience,Nyamagana,Mo-Su 09:00-21:00,Pamba,32.9004264,-2.523743
mwanza_businesses.4201,4201,4201,8532205711,,,Rumumba,,,Mwanza,houseware,Nyamagana,Mo-Su 09:00-21:00,Pamba,32.9004478,-2.5237216
mwanza_businesses.4202,4202,4202,8532206277,,,Rumumba,,,Mwanza,furniture,Nyamagana,Mo-Su 09:00-21:00,Pamba,32.9004049,-2.5237001
mwanza_businesses.4203,4203,4203,8532206844,,,Rumumba,,,Mwanza,electronics,Nyamagana,Mo-Su 09:00-21:00,Pamba,32.9008341,-2.5237001
mwanza_businesses.4204,4204,4204,8532206159,,,Rumumba,,,Mwanza,mobile_phone,Nyamagana,Mo-Sa 08:00-18:00,Pamba,32.901392,-2.5236358
mwanza_businesses.4205,4205,4205,8532205886,,,Rumumba,,,Mwanza,hardware,Nyamagana,Mo-Su 09:00-21:00,Pamba,32.9003835,-2.5236144
mwanza_businesses.4206,4206,4206,8532198787,,,Rumumba,,,Mwanza,books,Nyamagana,Mo-Sa 09:00-20:00,Pamba,32.9004049,-2.5236144
mwanza_businesses.4207,4207,4207,8532206451,,,Rumumba,,,Mwanza,supermarket,Nyamagana,Mo-Sa 09:00-20:00,Pamba,32.9003835,-2.5235501
mwanza_businesses.4208,4208,4208,8532206056,,,Rumumba,,,Mwanza,bag,Nyamagana,Mo-Sa 09:00-17:00,Pamba,32.9005766,-2.5235286
mwanza_businesses.4209,4209,4209,8532205660,,,Rumumba,,,Mwanza,hardware,Nyamagana,Mo-Sa 08:00-18:00,Pamba,32.9011363,-2.5235225
mwanza_businesses.4210,4210,4210,8532205936,,,Rumumba,,,Mwanza,convenience,Nyamagana,Mo-Sa 09:00-20:00,Pamba,32.9009414,-2.5235072
mwanza_businesses.4211,4211,4211,8532206300,,,Rumumba,,,Mwanza,houseware,Nyamagana,Mo-Fr 09:00-17:00,Pamba,32.9003406,-2.5235072
mwanza_businesses.4212,4212,4212,8532206793,,,Rumumba,,,Mwanza,convenience,Nyamagana,Mo-Su 09:00-21:00,Pamba,32.9006624,-2.5235072
mwanza_businesses.4213,4213,4213,8532206228,,,Rumumba,,,Mwanza,jewelry,Nyamagana,Mo-Sa 09:00-20:00,Pamba,32.900362,-2.5234858
mwanza_businesses.4214,4214,4214,8532205836,,,Rumumba,,,Mwanza,car_repair,Nyamagana,Mo-Su 09:00-21:00,Pamba,32.9009414,-2.5234643
mwanza_businesses.4215,4215,4215,8532205539,,,Rumumba,,,Mwanza,car_repair,Nyamagana,Mo-Su 09:00-21:00,Pamba,32.9005122,-2.5233786
mwanza_businesses.4216,4216,4216,8532206401,,,Rumumba,Tronic Light,,Mwanza,electronics,Nyamagana,Mo-Sa 09:00-20:00,Pamba,32.9010057,-2.5233571
mwanza_businesses.4217,4217,4217,8532206720,,,Rumumba,,,Mwanza,car_parts,Nyamagana,Mo-Su 09:00-21:00,Pamba,32.9004693,-2.5232928
mwanza_businesses.4218,4218,4218,8532205764,,,Rumumba,,,Mwanza,hardware,Nyamagana,Mo-Su 09:00-21:00,Pamba,32.9004693,-2.52325
mwanza_businesses.4219,4219,4219,8532205908,,,Rumumba,,,Mwanza,car_repair,Nyamagana,Mo-Sa 09:00-20:00;Mo-Su 09:00-21:00,Pamba,32.9010057,-2.5232285
mwanza_businesses.4220,4220,4220,8532205830,,,Rumumba,,,Mwanza,car_parts,Nyamagana,Mo-Su 09:00-21:00,Pamba,32.9005551,-2.5231213
mwanza_businesses.4221,4221,4221,8532205902,,,Rumumba,,,Mwanza,electronics,Nyamagana,Mo-Su 09:00-21:00,Pamba,32.9007483,-2.5231213
mwanza_businesses.4222,4222,4222,8532205759,,,Rumumba,,,Mwanza,mobile_phone,Nyamagana,Mo-Sa 08:00-18:00,Pamba,32.9013062,-2.5231213
mwanza_businesses.4223,4223,4223,8532206222,,,Rumumba,,,Mwanza,wholesale,Nyamagana,Mo-Sa 09:00-20:00,Pamba,32.9005551,-2.5230999
mwanza_businesses.4224,4224,4224,8532206763,,,Rumumba,,,Mwanza,hardware,Nyamagana,Mo-Fr 09:00-17:00,Pamba,32.9008985,-2.5230356
mwanza_businesses.4225,4225,4225,8532206122,,,Rumumba,,,Mwanza,convenience,Nyamagana,Mo-Su 09:00-21:00,Pamba,32.9005337,-2.5229498
mwanza_businesses.4226,4226,4226,8532198782,,,Rumumba,,,Mwanza,electronics,Nyamagana,Mo-Su 09:00-21:00,Pamba,32.9012418,-2.5228427
mwanza_businesses.4227,4227,4227,8532205951,,,Rumumba,,,Mwanza,motorcycle_repair,Nyamagana,Mo-Su 09:00-21:00,Pamba,32.9004693,-2.5228427
mwanza_businesses.4228,4228,4228,8532206867,,,Rumumba,,,Mwanza,electronics,Nyamagana,Mo-Su 09:00-21:00,Pamba,32.9009949,-2.5233588
mwanza_businesses.4229,4229,4229,8532206891,,,Rumumba,,,Mwanza,electronics,Nyamagana,Mo-Su 09:00-21:00,Pamba,32.9004478,-2.5231642
mwanza_businesses.4230,4230,4230,8532206897,,,Rumumba,A. M Electrical,,Mwanza,electronics,Nyamagana,Mo-Sa 09:00-20:00,Pamba,32.9010487,-2.5232285
mwanza_businesses.4231,4231,4231,8532206898,,,Rumumba,,,Mwanza,copyshop,Nyamagana,Mo-Sa 08:00-18:00,Pamba,32.9014778,-2.5234643
mwanza_businesses.4232,4232,4232,8532205981,,,Rumumba,,,Mwanza,electronics,Nyamagana,Mo-Sa 08:00-18:00,Pamba,32.9013491,-2.5230142
mwanza_businesses.4233,4233,4233,8532206968,,,Rumumba,,,Mwanza,convenience,Nyamagana,Mo-Sa 09:00-20:00,Pamba,32.9005337,-2.5234215
mwanza_businesses.4234,4234,4234,8532207020,,,Rumumba,,,Mwanza,electronics,Nyamagana,Mo-Sa 09:00-20:00,Pamba,32.900362,-2.5235715
mwanza_businesses.4235,4235,4235,8532207036,,,Rumumba,,,Mwanza,wholesale,Nyamagana,Mo-Su 09:00-21:00,Pamba,32.9007912,-2.5229927
mwanza_businesses.4236,4236,4236,8532207072,,,Rumumba,,,Mwanza,electronics,Nyamagana,Mo-Fr 09:00-17:00,Pamba,32.9005766,-2.5235501
mwanza_businesses.4237,4237,4237,8532207164,,,ru,,,Mwanza,electronics,Nyamagana,Mo-Su 09:00-21:00,Pamba,32.9011077,-2.5230852
mwanza_businesses.4238,4238,4238,8532207174,,,Rumumba,,,Mwanza,convenience,Nyamagana,Mo-Sa 09:00-20:00,Pamba,32.9007697,-2.523743
mwanza_businesses.4239,4239,4239,8532207193,,,Rumumba,,,Mwanza,electronics,Nyamagana,Mo-Su 09:00-21:00,Pamba,32.9009199,-2.5235072
mwanza_businesses.4240,4240,4240,8532206152,,,Rumumba,,,Mwanza,hardware,Nyamagana,Mo-Sa 08:00-18:00,Pamba,32.901333,-2.523112
mwanza_businesses.4241,4241,4241,8532207226,,,Rumumba,,,Mwanza,hardware,Nyamagana,Mo-Sa 08:00-18:00,Pamba,32.9014349,-2.523593
mwanza_businesses.4242,4242,4242,8532207239,,,Rumumba,,,Mwanza,car_repair,Nyamagana,Mo-Sa 09:00-20:00;Mo-Fr 09:00-17:00,Pamba,32.9011293,-2.5230962
mwanza_businesses.4243,4243,4243,8532207243,,,Rumumba,,,Mwanza,car_repair,Nyamagana,Mo-Su 09:00-21:00,Pamba,32.9007912,-2.5237001
mwanza_businesses.4244,4244,4244,8532207260,,,Rumumba,,,Mwanza,electronics,Nyamagana,Mo-Su 09:00-21:00,Pamba,32.9005766,-2.5229284
mwanza_businesses.4245,4245,4245,8532207296,,,Rumumba,,,Mwanza,convenience,Nyamagana,Mo-Fr 09:00-17:00,Pamba,32.9007268,-2.5232285
mwanza_businesses.4246,4246,4246,8532207298,,,Rumumba,,,Mwanza,hardware,Nyamagana,Mo-Sa 08:00-18:00,Pamba,32.9014778,-2.5235072
mwanza_businesses.4247,4247,4247,8532207368,,,Rumumba,,,Mwanza,convenience,Nyamagana,Mo-Sa 09:00-20:00,Pamba,32.900362,-2.5234643
mwanza_businesses.4248,4248,4248,8532205928,Sahara,,Sahara,,,Mwanza,car_repair,Nyamagana,,Pamba,32.9037094,-2.5236573
mwanza_businesses.4249,4249,4249,8532198799,Pamba,,Sahara,,,Mwanza,car_repair,Nyamagana,,Pamba,32.9037952,-2.5236358
mwanza_businesses.4250,4250,4250,8532206805,,,Miti Mirefu,,,Mwanza,clothes,Nyamagana,Mo-Sa 08:00-18:00,Pamba,32.9039859,-2.5235742
mwanza_businesses.4251,4251,4251,8532205529,Sahara,,Sahara,,,Mwanza,motorcycle_repair,Nyamagana,,Pamba,32.9037309,-2.5235501
mwanza_businesses.4252,4252,4252,8532206068,Sahara,,Sahara,,,Mwanza,vacant,Nyamagana,,Pamba,32.9038827,-2.5235226
mwanza_businesses.4253,4253,4253,8532205848,,,Miti Mirefu,,,Mwanza,clothes,Nyamagana,Mo-Sa 08:00-18:00,Pamba,32.9040126,-2.5235208
mwanza_businesses.4254,4254,4254,8532205873,Umoja Street,,Sahara,,,Mwanza,car_parts,Nyamagana,,Pamba,32.9034948,-2.5235072
mwanza_businesses.4255,4255,4255,8532205672,Sahara,,sahara,,,Mwanza,greengrocer,Nyamagana,,Pamba,32.9039025,-2.5234858
mwanza_businesses.4256,4256,4256,8532207011,,,Miti Mirefu,,,Mwanza,clothes,Nyamagana,Mo-Sa 08:00-18:00,Pamba,32.9040394,-2.5234674
mwanza_businesses.4257,4257,4257,8532198775,Umoja Street,,Sahara,,,Mwanza,car_repair,Nyamagana,,Pamba,32.9035163,-2.5234643
mwanza_businesses.4258,4258,4258,8532206071,Umoja Street,,Sahara,,,Mwanza,motorcycle_repair,Nyamagana,,Pamba,32.903409,-2.5234215
mwanza_businesses.4259,4259,4259,8532206289,Sahara,,Sahara,,,Mwanza,motorcycle_repair,Nyamagana,,Pamba,32.9037952,-2.5234215
mwanza_businesses.4260,4260,4260,8532206959,,,Miti Mirefu,,,Mwanza,shoes,Nyamagana,Mo-Sa 08:00-18:00,Pamba,32.9040795,-2.5233872
mwanza_businesses.4261,4261,4261,8532206269,Sahara,,Sahara,,,Mwanza,hairdresser,Nyamagana,,Pamba,32.9039884,-2.5233786
mwanza_businesses.4262,4262,4262,8532205647,Sahara,,Sahara,,,Mwanza,motorcycle_repair,Nyamagana,,Pamba,32.903639,-2.5233594
mwanza_businesses.4263,4263,4263,8532205599,Sahara,,Sahara,,,Mwanza,car_repair,Nyamagana,,Pamba,32.9036021,-2.5233571
mwanza_businesses.4264,4264,4264,8532205878,Sahara,,Sahara,,,Mwanza,bag,Nyamagana,,Pamba,32.9039884,-2.5233571
mwanza_businesses.4265,4265,4265,8532205581,,,Miti Mirefu,,,Mwanza,bag,Nyamagana,Mo-Sa 08:00-18:00,Pamba,32.9040929,-2.5233471
mwanza_businesses.4266,4266,4266,8532206240,Sahara,,Sahara,,,Mwanza,video,Nyamagana,,Pamba,32.9039884,-2.5233357
mwanza_businesses.4267,4267,4267,8532205998,,,Miti Mirefu,,,Mwanza,clothes,Nyamagana,Mo-Sa 08:00-18:00,Pamba,32.9041196,-2.523307
mwanza_businesses.4268,4268,4268,8532205651,,,Miti Mirefu,,,Mwanza,clothes,Nyamagana,Mo-Sa 08:00-18:00,Pamba,32.904133,-2.5232402
mwanza_businesses.4269,4269,4269,8532203735,Pamba Road,,Pamba,,,Mwanza,motorcycle_repair,Nyamagana,,Pamba,32.903409,-2.5232071
mwanza_businesses.4270,4270,4270,8532198802,Pamba Road,,Pamba,,,Mwanza,motorcycle_repair,Nyamagana,,Pamba,32.9033875,-2.5231857
mwanza_businesses.4271,4271,4271,8532205978,,,Miti Mirefu,,,Mwanza,shoes,Nyamagana,Mo-Sa 08:00-18:00,Pamba,32.9041731,-2.5231467
mwanza_businesses.4272,4272,4272,8532198779,Sahara,,Sahara,,,Mwanza,convenience,Nyamagana,,Pamba,32.9040275,-2.5231306
mwanza_businesses.4273,4273,4273,8532206042,Pamba Road,,Pamba,,,Mwanza,electronics,Nyamagana,,Pamba,32.9036236,-2.5231213
mwanza_businesses.4274,4274,4274,8532206874,,,Miti Mirefu,,,Mwanza,clothes,Nyamagana,Mo-Sa 08:00-18:00,Pamba,32.9041999,-2.5231066
mwanza_businesses.4275,4275,4275,8532206981,Sahara,,Sahara,,,Mwanza,hairdresser,Nyamagana,,Pamba,32.904056,-2.5231021
mwanza_businesses.4276,4276,4276,8532206218,,,Miti Mirefu,,,Mwanza,clothes,Nyamagana,Mo-Sa 08:00-18:00,Pamba,32.9042266,-2.5230532
mwanza_businesses.4277,4277,4277,8532203727,,,Miti Mirefu,,,Mwanza,clothes,Nyamagana,Mo-Sa 08:00-18:00,Pamba,32.9042801,-2.5230398
mwanza_businesses.4278,4278,4278,8532206063,,,Miti Mirefu,,,Mwanza,clothes,Nyamagana,Mo-Sa 08:00-18:00,Pamba,32.9043603,-2.5230398
mwanza_businesses.4279,4279,4279,8532206443,Sahara,,Sahara,,,Mwanza,vacant,Nyamagana,,Pamba,32.904056,-2.5230166
mwanza_businesses.4280,4280,4280,8532206393,Sahara,,Sahara,,,Mwanza,car_repair,Nyamagana,,Pamba,32.9040845,-2.5229881
mwanza_businesses.4281,4281,4281,8532206857,Pamba Road,,Pamba,,,Mwanza,motorcycle,Nyamagana,,Pamba,32.9037952,-2.5229284
mwanza_businesses.4282,4282,4282,8532207101,,,Miti Mirefu,,,Mwanza,clothes,Nyamagana,Mo-Sa 08:00-18:00,Pamba,32.9043202,-2.5230398
mwanza_businesses.4283,4283,4283,8532207180,Pamba,,Pamba,,,Mwanza,motorcycle,Nyamagana,,Pamba,32.903645,-2.5231213
mwanza_businesses.4284,4284,4284,8532207206,Sahara,,Sahara,,,Mwanza,clothes,Nyamagana,,Pamba,32.9039669,-2.5233786
mwanza_businesses.4285,4285,4285,8532207208,Pamba Road,,Pamba,King Lion Motorcycle And Motorcycle spare,,Mwanza,motorcycle,Nyamagana,,Pamba,32.9034519,-2.5230785
mwanza_businesses.4286,4286,4286,8532207236,Sahara,,Sahara,,,Mwanza,video,Nyamagana,,Pamba,32.9039025,-2.5235072
mwanza_businesses.4287,4287,4287,8532207288,,,Miti Mirefu,,,Mwanza,clothes,Nyamagana,Mo-Sa 08:00-18:00,Pamba,32.9041464,-2.5231868
mwanza_businesses.4288,4288,4288,8532207356,Umoja Street,,Pamba,,,Mwanza,craft,Nyamagana,,Pamba,32.9034948,-2.5236358
mwanza_businesses.4289,4289,4289,8532207381,,,Miti Mirefu,,,Mwanza,clothes,Nyamagana,Mo-Sa 08:00-18:00,Pamba,32.9040528,-2.5234273
mwanza_businesses.4290,4290,4290,8532206446,,,Rumumba,,,Mwanza,electronics,Nyamagana,Mo-Sa 09:00-20:00,Pamba,32.9013127,-2.5226383
mwanza_businesses.4291,4291,4291,8532206374,,,Rumumba,,,Mwanza,hardware,Nyamagana,Mo-Su 09:00-21:00,Pamba,32.9013342,-2.5226168
mwanza_businesses.4292,4292,4292,8532206942,,,Rumumba,,,Mwanza,car_repair,Nyamagana,Mo-Su 09:00-21:00,Pamba,32.9013558,-2.5226168
mwanza_businesses.4293,4293,4293,8532206839,,,Rumumba,,,Mwanza,convenience,Nyamagana,Mo-Sa 09:00-20:00,Pamba,32.9013705,-2.5221781
mwanza_businesses.4294,4294,4294,8532207230,,,Rumumba,,,Mwanza,hardware,Nyamagana,Mo-Su 09:00-21:00,Pamba,32.9014134,-2.5221781
mwanza_businesses.4295,4295,4295,8532206129,,,Rumumba,Dynamic Auto Parts,0754989323,Mwanza,electronics,Nyamagana,Mo-Sa 08:00-18:00,Pamba,32.9014349,-2.5228427
mwanza_businesses.4296,4296,4296,8532206262,,,Rumumba,,,Mwanza,electronics,Nyamagana,Mo-Sa 09:00-20:00,Pamba,32.9014778,-2.5222853
mwanza_businesses.4297,4297,4297,8532206323,,,Rumumba,,,Mwanza,electronics,Nyamagana,Mo-Sa 08:00-18:00,Pamba,32.9014778,-2.5227784
mwanza_businesses.4298,4298,4298,8532206331,,,Rumumba,,,Mwanza,electronics,Nyamagana,Mo-Sa 08:00-18:00,Pamba,32.9014993,-2.5234215
mwanza_businesses.4299,4299,4299,8532205938,,,Rumumba,,,Mwanza,books,Nyamagana,Mo-Sa 08:00-18:00,Pamba,32.9015207,-2.5233571
mwanza_businesses.4300,4300,4300,8532203790,,,Rumumba,,,Mwanza,hardware,Nyamagana,Mo-Sa 08:00-18:00,Pamba,32.901628,-2.5228641
mwanza_businesses.4301,4301,4301,8532207267,,,Rumumba,,,Mwanza,electronics,Nyamagana,Mo-Sa 08:00-18:00,Pamba,32.9014349,-2.5228212
mwanza_businesses.4302,4302,4302,8532207341,,,Rumumba,,,Mwanza,mobile_phone,Nyamagana,Mo-Sa 08:00-18:00,Pamba,32.9013705,-2.5229713
mwanza_businesses.4303,4303,4303,8532207389,,,Rumumba,,,Mwanza,hardware,Nyamagana,Mo-Sa 08:00-18:00,Pamba,32.9015636,-2.5232928
mwanza_businesses.4304,4304,4304,8532203801,Louis Rwegasore,,Louis Rwegasore,,,Mwanza,shoes,Nyamagana,Mo-Sa 09:00-20:00;24/7,Pamba,32.9023672,-2.5232678
mwanza_businesses.4305,4305,4305,8532205918,Louis Rwegasore,,Louis Rwegasore,,,Mwanza,convenience,Nyamagana,24/7,Pamba,32.9025127,-2.5232593
mwanza_businesses.4306,4306,4306,8532206422,Louis Rwegasore,,Louis Rwegasore,,,Mwanza,shoes,Nyamagana,Mo-Sa 09:00-20:00;24/7,Pamba,32.9022661,-2.523239
mwanza_businesses.4307,4307,4307,8532207029,Pamba Road,,Pamba,,,Mwanza,motorcycle,Nyamagana,,Pamba,32.9032373,-2.5232285
mwanza_businesses.4308,4308,4308,8532206027,Louis Rwegasore,,Louis Rwegasore,,,Mwanza,bag,Nyamagana,Mo-Sa 09:00-20:00;Mo-Su 09:00-21:00;24/7,Pamba,32.9021651,-2.5232101
mwanza_businesses.4309,4309,4309,8532206007,Louis Rwegasore,,Louis Rwegasore,,,Mwanza,craft,Nyamagana,Mo-Sa 09:00-20:00;24/7,Pamba,32.9022288,-2.5232071
mwanza_businesses.4310,4310,4310,8532206293,Pamba Road,,Pamba,Omega Motorcycle Spare,,Mwanza,motorcycle_repair,Nyamagana,,Pamba,32.9032588,-2.5232071
mwanza_businesses.4311,4311,4311,8532206859,Pamba Road,,Pamba,,,Mwanza,motorcycle_repair,Nyamagana,,Pamba,32.9032373,-2.5232071
mwanza_businesses.4312,4312,4312,8532205648,Pamba Road,,Pamba,Athumani Motorcycle Spair,,Mwanza,motorcycle_repair,Nyamagana,,Pamba,32.9032803,-2.5232071
mwanza_businesses.4313,4313,4313,8532206311,Louis Rwegasore,,Louis Rwegasore,,,Mwanza,craft,Nyamagana,Mo-Sa 09:00-20:00;24/7,Pamba,32.9023531,-2.5231734
mwanza_businesses.4314,4314,4314,8532205611,Louis Rwegasore,,Louis Rwegasore,,,Mwanza,clothes,Nyamagana,Mo-Sa 09:00-20:00;24/7,Pamba,32.9022235,-2.5231734
mwanza_businesses.4315,4315,4315,8532205620,Louis Rwegasore,,Louis Rwegasore,,,Mwanza,craft,Nyamagana,Mo-Sa 09:00-20:00;24/7,Pamba,32.902295,-2.5231669
mwanza_businesses.4316,4316,4316,8532205968,Louis Rwegasore,,Louis Rwegasore,,,Mwanza,shoes,Nyamagana,Mo-Sa 09:00-20:00;24/7,Pamba,32.9025047,-2.5231367
mwanza_businesses.4317,4317,4317,8532207142,,,Rumumba,,,Mwanza,clothes,Nyamagana,Mo-Sa 08:00-18:00,Pamba,32.9020585,-2.5230978
mwanza_businesses.4318,4318,4318,8532206014,Louis Rwegasore,,Louis Rwegasore,,,Mwanza,art,Nyamagana,Mo-Sa 09:00-20:00;Mo-Su 09:00-21:00;24/7,Pamba,32.9024005,-2.5230785
mwanza_businesses.4319,4319,4319,8532206139,Louis Rwegasore,,Louis Rwegasore,,,Mwanza,bag,Nyamagana,Mo-Sa 09:00-20:00;24/7,Pamba,32.9022955,-2.5230584
mwanza_businesses.4320,4320,4320,8532206177,,,Rumumba,,,Mwanza,shoes,Nyamagana,Mo-Sa 08:00-18:00,Pamba,32.9020786,-2.523057
mwanza_businesses.4321,4321,4321,8532205786,Louis Rwegasore,,Louis Rwegasore,,,Mwanza,bag,Nyamagana,Mo-Su 09:00-21:00;24/7,Pamba,32.9022373,-2.5230371
mwanza_businesses.4322,4322,4322,8532206977,Louis Rwegasore,,Louis Rwegasore,,,Mwanza,bag,Nyamagana,24/7,Pamba,32.9024649,-2.5230356
mwanza_businesses.4323,4323,4323,8532207103,Louis Rwegasore,,Louis Rwegasore,,,Mwanza,art,Nyamagana,Mo-Sa 09:00-20:00;Mo-Su 09:00-21:00;24/7,Pamba,32.9024107,-2.5230152
mwanza_businesses.4324,4324,4324,8532206878,Louis Rwegasore,,Louis Rwegasore,,,Mwanza,houseware,Nyamagana,Mo-Sa 09:00-20:00;24/7,Pamba,32.9023383,-2.5229651
mwanza_businesses.4325,4325,4325,4940660422,,,,,,Mwanza,hardware,Nyamagana,,Pamba,32.9021215,-2.5229527
mwanza_businesses.4326,4326,4326,8532206919,Louis Rwegasore,,Louis Rwegasore,,,Mwanza,clothes,Nyamagana,24/7,Pamba,32.9022806,-2.5229506
mwanza_businesses.4327,4327,4327,8532206350,,,Rumumba,,,Mwanza,electronics,Nyamagana,Mo-Sa 08:00-18:00,Pamba,32.9021215,-2.5229498
mwanza_businesses.4328,4328,4328,8532205958,,,Rumumba,,,Mwanza,hairdresser,Nyamagana,Mo-Sa 08:00-18:00,Pamba,32.9021014,-2.5229422
mwanza_businesses.4329,4329,4329,8532205561,,,Rumumba,,,Mwanza,hairdresser,Nyamagana,Mo-Sa 08:00-18:00,Pamba,32.902143,-2.522907
mwanza_businesses.4330,4330,4330,8532207094,,,Rumumba,,,Mwanza,hardware,Nyamagana,Mo-Sa 08:00-18:00,Pamba,32.9021215,-2.522907
mwanza_businesses.4331,4331,4331,8532207318,,,Rumumba,,,Mwanza,hairdresser,Nyamagana,Mo-Sa 08:00-18:00,Pamba,32.9021001,-2.5230142
mwanza_businesses.4332,4332,4332,8532226750,,,Nata,,,Mwanza,supermarket,Nyamagana,,Pamba,32.9094792,-2.5221278
mwanza_businesses.4333,4333,4333,8532228398,,,Nata,Hayashi Shop,,Mwanza,alcohol,Nyamagana,Mo-Sa 08:00-18:00,Pamba,32.9099602,-2.5224557
mwanza_businesses.4334,4334,4334,8532228345,,,Nata,,,Mwanza,supermarket,Nyamagana,,Pamba,32.9094279,-2.5219099
mwanza_businesses.4335,4335,4335,8532228775,,,Nata,,,Mwanza,convenience,Nyamagana,,Pamba,32.9094901,-2.5222231
mwanza_businesses.4336,4336,4336,8532227179,,,Nata,,,Mwanza,motorcycle_repair,Nyamagana,,Pamba,32.9099694,-2.5218395
mwanza_businesses.4337,4337,4337,8532227309,,,Nata,,,Mwanza,supermarket,Nyamagana,,Pamba,32.9096075,-2.521974
mwanza_businesses.4338,4338,4338,8532227285,,,Nata,Takbir Salon,,Mwanza,hairdresser,Nyamagana,Mo-Fr 08:00-18:00; Sa-Su 08:00-15:00,Pamba,32.9093556,-2.5219499
mwanza_businesses.4339,4339,4339,8532226860,,,Nata,,,Mwanza,bakery,Nyamagana,,Pamba,32.909351,-2.521974
mwanza_businesses.4340,4340,4340,8532205898,Pamba Road,,Pamba,Mosan Company Limited,,Mwanza,motorcycle_repair,Nyamagana,,Pamba,32.9037952,-2.522907
mwanza_businesses.4341,4341,4341,8532206026,Pamba Road,,Pamba,Spira Secretarial Service And Stationary,,Mwanza,stationery,Nyamagana,,Pamba,32.9037944,-2.522889
mwanza_businesses.4342,4342,4342,8532206098,Pamba road,,Pamba,,,Mwanza,hardware,Nyamagana,,Pamba,32.9038129,-2.5228705
mwanza_businesses.4343,4343,4343,8532205843,,,Miti Mirefu,,,Mwanza,kiosk,Nyamagana,Mo-Sa 08:00-18:00,Pamba,32.9051331,-2.5228475
mwanza_businesses.4344,4344,4344,8532205667,,,Miti Mirefu,,,Mwanza,kiosk,Nyamagana,Mo-Sa 08:00-18:00,Pamba,32.904665,-2.5228174
mwanza_businesses.4345,4345,4345,8532205964,,,Miti Mirefu,,,Mwanza,furniture,Nyamagana,Mo-Sa 08:00-18:00,Pamba,32.9049001,-2.5227605
mwanza_businesses.4346,4346,4346,8532205931,,,Rumumba,,,Mwanza,hardware,Nyamagana,Mo-Sa 08:00-18:00,Pamba,32.9022074,-2.5227569
mwanza_businesses.4347,4347,4347,8532205844,,,Rwegasore,,,Mwanza,vacant,Nyamagana,,Pamba,32.9024649,-2.5227355
mwanza_businesses.4348,4348,4348,4547799994,,,,Manji's key specialists,,Mwanza,hardware,Nyamagana,,Pamba,32.9024344,-2.5227071
mwanza_businesses.4349,4349,4349,8532203763,,,Rumumba,,,Mwanza,car_repair,Nyamagana,Mo-Sa 08:00-18:00,Pamba,32.9022288,-2.5226926
mwanza_businesses.4350,4350,4350,8532205894,,,Rwegasore,,,Mwanza,vacant,Nyamagana,,Pamba,32.902379,-2.5226926
mwanza_businesses.4351,4351,4351,4951037221,,,,Keys shop,,Mwanza,hardware,Nyamagana,,Pamba,32.9024696,-2.5226871
mwanza_businesses.4352,4352,4352,8532206215,,,Rwegasore,,,Mwanza,vacant,Nyamagana,,Pamba,32.9024005,-2.5226712
mwanza_businesses.4353,4353,4353,8532206013,,,Miti Mirefu,,,Mwanza,stationery,Nyamagana,Mo-Sa 08:00-18:00,Pamba,32.904608,-2.5225808
mwanza_businesses.4354,4354,4354,8532205619,,,Miti Mirefu,,,Mwanza,car_parts,Nyamagana,Mo-Sa 08:00-18:00,Pamba,32.9045032,-2.5225721
mwanza_businesses.4355,4355,4355,8532206135,,,Miti Mirefu,,,Mwanza,copyshop,Nyamagana,Mo-Sa 08:00-18:00,Pamba,32.904608,-2.5225301
mwanza_businesses.4356,4356,4356,8532205567,,,Miti Mirefu,,,Mwanza,car_parts,Nyamagana,Mo-Sa 08:00-18:00,Pamba,32.9044466,-2.5225297
mwanza_businesses.4357,4357,4357,8532205914,,,Miti Mirefu,Kadinic,,Mwanza,electronics,Nyamagana,Mo-Sa 08:00-18:00,Pamba,32.9050268,-2.5225128
mwanza_businesses.4358,4358,4358,8532206166,,,Miti Mirefu,,,Mwanza,car_parts,Nyamagana,Mo-Sa 08:00-18:00,Pamba,32.9044466,-2.5224591
mwanza_businesses.4359,4359,4359,4940660421,,,,,,Mwanza,hardware,Nyamagana,,Pamba,32.9022313,-2.5224547
mwanza_businesses.4360,4360,4360,8532205895,,,Miti Mirefu,,,Mwanza,stationery,Nyamagana,Mo-Sa 08:00-18:00,Pamba,32.904608,-2.5224541
mwanza_businesses.4361,4361,4361,8532205773,,,Miti Mirefu,,,Mwanza,stationery,Nyamagana,Mo-Sa 08:00-18:00,Pamba,32.9046333,-2.5224288
mwanza_businesses.4362,4362,4362,8532203797,,,Miti Mirefu,,,Mwanza,video,Nyamagana,Mo-Sa 09:00-20:00,Pamba,32.9044466,-2.5224167
mwanza_businesses.4363,4363,4363,8532205945,,,Miti Mirefu,,,Mwanza,clothes,Nyamagana,Mo-Sa 08:00-18:00,Pamba,32.9046841,-2.5224161
mwanza_businesses.4364,4364,4364,8532205742,,,Miti Mirefu,,,Mwanza,vacant,Nyamagana,,Pamba,32.9043531,-2.5223925
mwanza_businesses.4365,4365,4365,8532206115,,,Miti Mirefu,,,Mwanza,clothes,Nyamagana,Mo-Sa 08:00-18:00,Pamba,32.9045065,-2.5223908
mwanza_businesses.4366,4366,4366,8532205720,,,Miti Mirefu,Joshua,,Mwanza,stationery,Nyamagana,Mo-Sa 09:00-20:00,Pamba,32.9048079,-2.5223727
mwanza_businesses.4367,4367,4367,8532206206,,,Pamba,Zaka,,Mwanza,clothes,Nyamagana,,Pamba,32.904578,-2.5221971
mwanza_businesses.4368,4368,4368,8532206235,,,Miti Mirefu,,,Mwanza,car_parts,Nyamagana,Mo-Sa 08:00-18:00,Pamba,32.9049178,-2.5228371
mwanza_businesses.4369,4369,4369,8532206285,,,Miti Mirefu,,,Mwanza,furniture,Nyamagana,Mo-Sa 08:00-18:00,Pamba,32.9048835,-2.5224984
mwanza_businesses.4370,4370,4370,8532206307,,,Miti Mirefu,,,Mwanza,stationery,Nyamagana,Mo-Sa 08:00-18:00,Pamba,32.904608,-2.5224161
mwanza_businesses.4371,4371,4371,8532206338,,,Miti Mirefu,,,Mwanza,clothes,Nyamagana,Mo-Sa 08:00-18:00,Pamba,32.9047094,-2.5224161
mwanza_businesses.4372,4372,4372,8532206357,,,Miti Mirefu,,,Mwanza,hardware,Nyamagana,Mo-Sa 08:00-18:00,Pamba,32.9049178,-2.5228019
mwanza_businesses.4373,4373,4373,8532206728,,,Miti Mirefu,,,Mwanza,electronics,Nyamagana,Mo-Sa 08:00-18:00,Pamba,32.9045032,-2.5225015
mwanza_businesses.4374,4374,4374,8532206749,,,Miti Mirefu,,,Mwanza,vacant,Nyamagana,,Pamba,32.9045032,-2.5225297
mwanza_businesses.4375,4375,4375,8532206801,,,Miti Mirefu,,,Mwanza,car_parts,Nyamagana,Mo-Sa 08:00-18:00,Pamba,32.9045778,-2.5228571
mwanza_businesses.4376,4376,4376,8532206852,,,Miti Mirefu,,,Mwanza,vacant,Nyamagana,,Pamba,32.9050555,-2.5223266
mwanza_businesses.4377,4377,4377,8532206905,,,Miti Mirefu,Luma Enterprise Ltd,,Mwanza,car_parts,Nyamagana,Mo-Sa 08:00-18:00,Pamba,32.9050268,-2.5224268
mwanza_businesses.4378,4378,4378,8532206939,,,Miti Mirefu,,,Mwanza,vacant,Nyamagana,,Pamba,32.9044466,-2.5226145
mwanza_businesses.4379,4379,4379,8532207032,,,Miti Mirefu,,,Mwanza,clothes,Nyamagana,Mo-Sa 08:00-18:00,Pamba,32.9044175,-2.5223925
mwanza_businesses.4380,4380,4380,8532207033,Pamba road,,pamba,,,Mwanza,car_parts,Nyamagana,,Pamba,32.9038129,-2.5228335
mwanza_businesses.4381,4381,4381,8532207062,Pamba Road,,Pamba,,,Mwanza,motorcycle_repair,Nyamagana,,Pamba,32.9037389,-2.5228705
mwanza_businesses.4382,4382,4382,8532207150,,,Miti Mirefu,FM Aliminium,,Mwanza,hardware,Nyamagana,Mo-Sa 08:00-18:00,Pamba,32.9048835,-2.5225414
mwanza_businesses.4383,4383,4383,8532207201,,,Miti Mirefu,,,Mwanza,vacant,Nyamagana,,Pamba,32.9049178,-2.5228723
mwanza_businesses.4384,4384,4384,8532207275,,,Miti Mirefu,,,Mwanza,car_parts,Nyamagana,Mo-Sa 08:00-18:00,Pamba,32.9045339,-2.5228571
mwanza_businesses.4385,4385,4385,8532207277,,,Rwegasore,,,Mwanza,hardware,Nyamagana,Mo-Sa 08:00-18:00,Pamba,32.9024863,-2.5227355
mwanza_businesses.4386,4386,4386,8532207338,,,Miti Mirefu,,,Mwanza,vacant,Nyamagana,,Pamba,32.9044466,-2.5224873
mwanza_businesses.4387,4387,4387,8532207359,,,Miti Mirefu,,,Mwanza,vacant,Nyamagana,,Pamba,32.9044466,-2.5225721
mwanza_businesses.4388,4388,4388,8532206424,Mohammed Road,,Aga Khan,,,Mwanza,clothes,Nyamagana,Mo-Fr 08:00-18:00; Sa-Su 08:00-15:00,Pamba,32.9063272,-2.5228641
mwanza_businesses.4389,4389,4389,8532205633,Mohammed Road,,Aga Khan,,,Mwanza,cosmetics,Nyamagana,Mo-Fr 08:00-18:00; Sa-Su 08:00-15:00,Pamba,32.9063487,-2.5227998
mwanza_businesses.4390,4390,4390,8532207136,Mohammed Road,,Aga Khan,,,Mwanza,clothes,Nyamagana,Mo-Fr 08:00-18:00; Sa-Su 08:00-15:00,Pamba,32.906394,-2.5227518
mwanza_businesses.4391,4391,4391,6832439886,,,,Mjini supermarket,,Mwanza,supermarket,Nyamagana,,Pamba,32.9074399,-2.5227264
mwanza_businesses.4392,4392,4392,8532206944,,,Miti Mirefu,,,Mwanza,car_repair,Nyamagana,Mo-Sa 08:00-18:00,Pamba,32.9062023,-2.5227166
mwanza_businesses.4393,4393,4393,8532206912,Mohammed Road,,Aga Khan,,,Mwanza,clothes,Nyamagana,Mo-Fr 08:00-18:00; Sa-Su 08:00-15:00,Pamba,32.9064156,-2.5227154
mwanza_businesses.4394,4394,4394,8532207118,,,Miti Mirefu,,,Mwanza,kiosk,Nyamagana,Mo-Sa 08:00-18:00,Pamba,32.9063374,-2.5226559
mwanza_businesses.4395,4395,4395,8532206786,Mohammed Road,,Aga Khan,,,Mwanza,clothes,Nyamagana,Mo-Fr 08:00-18:00; Sa-Su 08:00-15:00,Pamba,32.906479,-2.5225771
mwanza_businesses.4396,4396,4396,8532206961,Mohammed Road,,Aga Khan,,,Mwanza,clothes,Nyamagana,Mo-Fr 08:00-18:00; Sa-Su 08:00-15:00,Pamba,32.906479,-2.5225082
mwanza_businesses.4397,4397,4397,8532205605,,,Miti Mirefu,,,Mwanza,kiosk,Nyamagana,Mo-Sa 08:00-18:00,Pamba,32.9063891,-2.5224898
mwanza_businesses.4398,4398,4398,8532207311,,,Miti Mirefu,,,Mwanza,kiosk,Nyamagana,Mo-Sa 08:00-18:00,Pamba,32.9060748,-2.5223483
mwanza_businesses.4399,4399,4399,8532205752,,,Nata,,,Mwanza,travel_agency,Nyamagana,Mo-Su 09:00-21:00,Pamba,32.9075937,-2.5221718
mwanza_businesses.4400,4400,4400,8532207284,,,Nata,,,Mwanza,travel_agency,Nyamagana,Mo-Su 09:00-21:00,Pamba,32.9075545,-2.5221563
mwanza_businesses.4401,4401,4401,8532206317,,,Nata,,,Mwanza,travel_agency,Nyamagana,Mo-Su 09:00-21:00,Pamba,32.907522,-2.5221428
mwanza_businesses.4402,4402,4402,8532205924,,,Nata,,,Mwanza,convenience,Nyamagana,Mo-Su 09:00-21:00,Pamba,32.9073882,-2.5220691
mwanza_businesses.4403,4403,4403,8532205525,,,Bugando,,,Mwanza,cosmetics,Nyamagana,Mo-Su 09:00-21:00,Pamba,32.9073588,-2.5220545
mwanza_businesses.4404,4404,4404,8532207058,,,Nyerere Road,,,Mwanza,travel_agency,Nyamagana,Mo-Sa 08:00-18:00,Pamba,32.9075635,-2.5220007
mwanza_businesses.4405,4405,4405,4759168025,,,,Serengeti Sange Safari,,Mwanza,travel_agency,Nyamagana,,Pamba,32.9075233,-2.5217005
mwanza_businesses.4406,4406,4406,8532226806,,,Nyerere Road,,,Mwanza,vacant,Nyamagana,,Pamba,32.9074331,-2.5216306
mwanza_businesses.4407,4407,4407,8532207232,,,Nata,,,Mwanza,travel_agency,Nyamagana,Mo-Su 09:00-21:00,Pamba,32.9076311,-2.5222144
mwanza_businesses.4408,4408,4408,8532206145,,,Nata,,,Mwanza,travel_agency,Nyamagana,Mo-Su 09:00-21:00,Pamba,32.9078255,-2.5223007
mwanza_businesses.4409,4409,4409,8532206395,,,Nata,,,Mwanza,travel_agency,Nyamagana,Mo-Su 09:00-21:00,Pamba,32.9078471,-2.5223222
mwanza_businesses.4410,4410,4410,8532206344,,,Nata,,,Mwanza,travel_agency,Nyamagana,Mo-Su 09:00-21:00,Pamba,32.9078668,-2.5224607
mwanza_businesses.4411,4411,4411,8532207362,,,Nata,,,Mwanza,travel_agency,Nyamagana,Mo-Su 09:00-21:00,Pamba,32.9080171,-2.5225229
mwanza_businesses.4412,4412,4412,8532205829,,,Nata,,,Mwanza,travel_agency,Nyamagana,Mo-Su 09:00-21:00,Pamba,32.9080581,-2.5225469
mwanza_businesses.4413,4413,4413,8532206221,,,Nata,,,Mwanza,travel_agency,Nyamagana,Mo-Su 09:00-21:00,Pamba,32.9080847,-2.5225596
mwanza_businesses.4414,4414,4414,8532206154,,,Nata,,,Mwanza,travel_agency,Nyamagana,Mo-Su 09:00-21:00,Pamba,32.9081063,-2.5226027
mwanza_businesses.4415,4415,4415,8532203816,,,Nata,,,Mwanza,travel_agency,Nyamagana,Mo-Su 09:00-21:00,Pamba,32.9081519,-2.5226327
mwanza_businesses.4416,4416,4416,8532205531,,,Nata,,,Mwanza,travel_agency,Nyamagana,Mo-Su 09:00-21:00,Pamba,32.9082621,-2.522674
mwanza_businesses.4417,4417,4417,8532206376,,,Nata,,,Mwanza,travel_agency,Nyamagana,Mo-Su 09:00-21:00,Pamba,32.9083172,-2.5227153
mwanza_businesses.4418,4418,4418,8532205810,,,Nata,,,Mwanza,travel_agency,Nyamagana,Mo-Su 09:00-21:00,Pamba,32.9083723,-2.5227428
mwanza_businesses.4419,4419,4419,8532205982,,,,,,Mwanza,travel_agency,Nyamagana,Mo-Su 09:00-21:00,Pamba,32.9086384,-2.5226952
mwanza_businesses.4420,4420,4420,8532205780,,,Nata,,,Mwanza,travel_agency,Nyamagana,Mo-Su 09:00-21:00,Pamba,32.9086896,-2.5227123
mwanza_businesses.4421,4421,4421,8532207342,,,Nata,,,Mwanza,travel_agency,Nyamagana,Mo-Su 09:00-21:00,Pamba,32.9087238,-2.5227293
mwanza_businesses.4422,4422,4422,8532206202,,,Nata,,,Mwanza,travel_agency,Nyamagana,Mo-Su 09:00-21:00,Pamba,32.9087579,-2.5227634
mwanza_businesses.4423,4423,4423,8532206765,,,Nata,,,Mwanza,travel_agency,Nyamagana,Mo-Su 09:00-21:00,Pamba,32.9088448,-2.5227789
mwanza_businesses.4424,4424,4424,8532207165,,,Nata,,,Mwanza,travel_agency,Nyamagana,Mo-Su 09:00-21:00,Pamba,32.9088786,-2.5227958
mwanza_businesses.4425,4425,4425,8532206172,,,Nata,,,Mwanza,travel_agency,Nyamagana,Mo-Su 09:00-21:00,Pamba,32.9089259,-2.5228228
mwanza_businesses.4426,4426,4426,8532206029,,,Nata,,,Mwanza,travel_agency,Nyamagana,Mo-Su 09:00-21:00,Pamba,32.908986,-2.5228428
mwanza_businesses.4427,4427,4427,8532198795,,,Nata,,,Mwanza,travel_agency,Nyamagana,Mo-Su 09:00-21:00,Pamba,32.9077175,-2.5222575
mwanza_businesses.4428,4428,4428,8532206345,,,Rumumba,,,Mwanza,wholesale,Nyamagana,Mo-Su 09:00-21:00,Pamba,32.9000401,-2.5225211
mwanza_businesses.4429,4429,4429,8532206414,,,Rumumba,,,Mwanza,houseware,Nyamagana,Mo-Sa 09:00-20:00,Pamba,32.9000401,-2.5224782
mwanza_businesses.4430,4430,4430,8532205625,,,Rumumba,,,Mwanza,hardware,Nyamagana,Mo-Sa 09:00-20:00,Pamba,32.9000616,-2.5224354
mwanza_businesses.4431,4431,4431,8532205779,,,Rumumba,,,Mwanza,houseware,Nyamagana,Mo-Sa 09:00-17:00,Pamba,32.9001045,-2.5226497
mwanza_businesses.4432,4432,4432,8532206019,,,Rumumba,,,Mwanza,electronics,Nyamagana,Mo-Su 09:00-21:00,Pamba,32.9001045,-2.5224354
mwanza_businesses.4433,4433,4433,8532206736,,,Rumumba,,,Mwanza,carpet,Nyamagana,Mo-Su 09:00-21:00,Pamba,32.9001045,-2.5226712
mwanza_businesses.4434,4434,4434,8532206173,,,Rumumba,,,Mwanza,electronics,Nyamagana,Mo-Sa 09:00-20:00,Pamba,32.900126,-2.5226712
mwanza_businesses.4435,4435,4435,8532206913,,,Rumumba,,,Mwanza,car_parts,Nyamagana,Mo-Su 09:00-21:00,Pamba,32.9000616,-2.5225211
mwanza_businesses.4436,4436,4436,8532205706,,,Rumumba,,,Mwanza,cosmetics,Nyamagana,Mo-Sa 09:00-20:00,Pamba,32.9010487,-2.5222424
mwanza_businesses.4437,4437,4437,8532207361,,,Rumumba,,,Mwanza,bag,Nyamagana,Mo-Sa 09:00-20:00,Pamba,32.9006624,-2.5223925
mwanza_businesses.4438,4438,4438,8532207187,,,Rumumba,,,Mwanza,furniture,Nyamagana,Mo-Sa 09:00-20:00,Pamba,32.9006624,-2.5224354
mwanza_businesses.4439,4439,4439,8532207116,,,Rumumba,,,Mwanza,hardware,Nyamagana,Mo-Su 09:00-21:00,Pamba,32.9011999,-2.5224719
mwanza_businesses.4440,4440,4440,8532207088,,,Rumumba,,,Mwanza,furniture,Nyamagana,Mo-Sa 09:00-20:00;Mo-Fr 09:00-17:00,Pamba,32.9005122,-2.5223067
mwanza_businesses.4441,4441,4441,8532206860,,,Rumumba,,,Mwanza,mobile_phone,Nyamagana,Mo-Sa 09:00-20:00,Pamba,32.900641,-2.5223925
mwanza_businesses.4442,4442,4442,8532206787,,,Rumumba,,,Mwanza,electronics,Nyamagana,Mo-Su 09:00-21:00,Pamba,32.9006839,-2.5226712
mwanza_businesses.4443,4443,4443,8532205881,,,Rumumba,,,Mwanza,car_repair,Nyamagana,Mo-Su 09:00-21:00,Pamba,32.9012912,-2.5227244
mwanza_businesses.4444,4444,4444,8532206050,,,Rumumba,,,Mwanza,vacant,Nyamagana,,Pamba,32.9012481,-2.5227244
mwanza_businesses.4445,4445,4445,8532206072,,,Rumumba,,,Mwanza,cosmetics,Nyamagana,Mo-Fr 09:00-17:00,Pamba,32.9008117,-2.5224402
mwanza_businesses.4446,4446,4446,8532206292,,,Rumumba,,,Mwanza,electronics,Nyamagana,Mo-Fr 09:00-17:00,Pamba,32.900641,-2.5223711
mwanza_businesses.4447,4447,4447,8532205728,,,Rumumba,,,Mwanza,convenience,Nyamagana,Mo-Sa 09:00-20:00,Pamba,32.9005551,-2.5224354
mwanza_businesses.4448,4448,4448,8532205555,,,Rumumba,,,Mwanza,bicycle,Nyamagana,Mo-Sa 09:00-20:00,Pamba,32.9005122,-2.5224354
mwanza_businesses.4449,4449,4449,8532205676,,,Rumumba,,,Mwanza,mobile_phone,Nyamagana,Mo-Sa 09:00-20:00;Mo-Fr 09:00-17:00,Pamba,32.9004908,-2.5223496
mwanza_businesses.4450,4450,4450,8532205801,,,Rumumba,,,Mwanza,houseware,Nyamagana,Mo-Sa 09:00-17:00,Pamba,32.9003406,-2.5223925
mwanza_businesses.4451,4451,4451,8532206191,,,Rumumba,,,Mwanza,furniture,Nyamagana,Mo-Sa 09:00-20:00,Pamba,32.9003191,-2.5223925
mwanza_businesses.4452,4452,4452,8532207209,,,Rumumba,,,Mwanza,furniture,Nyamagana,Mo-Sa 09:00-20:00,Pamba,32.9007912,-2.5222853
mwanza_businesses.4453,4453,4453,8532206980,,,Rumumba,,,Mwanza,convenience,Nyamagana,Mo-Su 09:00-21:00,Pamba,32.9003835,-2.5224997
mwanza_businesses.4454,4454,4454,8532206962,,,Rumumba,,,Mwanza,carpet,Nyamagana,Mo-Sa 09:00-20:00,Pamba,32.900641,-2.5223282
mwanza_businesses.4455,4455,4455,8532198803,,,Rumumba,,,Mwanza,car_repair,Nyamagana,Mo-Su 09:00-21:00,Pamba,32.9007697,-2.5224782
mwanza_businesses.4456,4456,4456,8532203734,,,Rumumba,,,Mwanza,hardware,Nyamagana,Mo-Su 09:00-21:00,Pamba,32.9008126,-2.5222853
mwanza_businesses.4457,4457,4457,8532203785,,,Rumumba,,,Mwanza,houseware,Nyamagana,Mo-Sa 09:00-17:00,Pamba,32.9005122,-2.5223282
mwanza_businesses.4458,4458,4458,8532206754,,,Rumumba,,,Mwanza,hardware,Nyamagana,Mo-Su 09:00-21:00,Pamba,32.9003191,-2.5224139
mwanza_businesses.4459,4459,4459,8532206200,,,Rumumba,,,Mwanza,wholesale,Nyamagana,Mo-Su 09:00-21:00,Pamba,32.901113,-2.5224782
mwanza_businesses.4460,4460,4460,8532205809,,,Rumumba,,,Mwanza,furniture,Nyamagana,Mo-Sa 09:00-20:00,Pamba,32.901113,-2.5222424
mwanza_businesses.4461,4461,4461,8532206272,,,Rumumba,,,Mwanza,car_repair,Nyamagana,Mo-Su 09:00-21:00,Pamba,32.9010701,-2.5223282
mwanza_businesses.4462,4462,4462,8532203814,,,Rumumba,,,Mwanza,hardware,Nyamagana,Mo-Su 09:00-21:00,Pamba,32.9010272,-2.5224782
mwanza_businesses.4463,4463,4463,8532205654,,,Rumumba,,,Mwanza,electronics,Nyamagana,Mo-Sa 09:00-20:00,Pamba,32.9010122,-2.5223283
mwanza_businesses.4464,4464,4464,8532206396,,,Rumumba,,,Mwanza,bed,Nyamagana,Mo-Su 09:00-21:00,Pamba,32.9008341,-2.5222639
mwanza_businesses.4465,4465,4465,8532206001,,,Rumumba,,,Mwanza,car_repair,Nyamagana,Mo-Su 09:00-21:00,Pamba,32.9004908,-2.522714
mwanza_businesses.4466,4466,4466,8532205737,,,Rumumba,,,Mwanza,mobile_phone,Nyamagana,Mo-Sa 08:00-18:00,Pamba,32.9022074,-2.5226283
mwanza_businesses.4467,4467,4467,8532205824,,,Rwegasore,,,Mwanza,hardware,Nyamagana,Mo-Sa 08:00-18:00,Pamba,32.9025722,-2.5226069
mwanza_businesses.4468,4468,4468,8532206870,,,Rumumba,,,Mwanza,hardware,Nyamagana,Mo-Sa 08:00-18:00,Pamba,32.9021859,-2.5226069
mwanza_businesses.4469,4469,4469,8532206928,,,Rwegasore,,,Mwanza,hardware,Nyamagana,Mo-Sa 08:00-18:00,Pamba,32.9025292,-2.5226069
mwanza_businesses.4470,4470,4470,8532206301,,,Rumumba,,,Mwanza,car_repair,Nyamagana,Mo-Sa 08:00-18:00,Pamba,32.9021001,-2.522564
mwanza_businesses.4471,4471,4471,8532206802,,,Rwegasore,,,Mwanza,hardware,Nyamagana,Mo-Sa 08:00-18:00,Pamba,32.9025078,-2.522564
mwanza_businesses.4472,4472,4472,8532205910,,,Rumumba,,,Mwanza,hardware,Nyamagana,Mo-Sa 08:00-18:00,Pamba,32.9020572,-2.5225425
mwanza_businesses.4473,4473,4473,8532206778,Lumumba,,,,,Mwanza,electronics,Nyamagana,Mo-Sa 08:00-18:00,Pamba,32.9022946,-2.5224879
mwanza_businesses.4474,4474,4474,8532206080,Lumumba,,,,,Mwanza,paint,Nyamagana,Mo-Sa 08:00-18:00,Pamba,32.9022271,-2.5224744
mwanza_businesses.4475,4475,4475,4548887889,,,,,,Mwanza,convenience,Nyamagana,,Pamba,32.9023356,-2.5224662
mwanza_businesses.4476,4476,4476,8532205684,Lumumba,,,,,Mwanza,houseware,Nyamagana,Mo-Sa 08:00-18:00,Pamba,32.9021645,-2.5224354
mwanza_businesses.4477,4477,4477,4527820693,,,,kulwa duka LA simu,,Mwanza,mobile_phone,Nyamagana,,Pamba,32.9022492,-2.5224251
mwanza_businesses.4478,4478,4478,8532198796,Lumumba,,,,,Mwanza,paint,Nyamagana,Mo-Sa 08:00-18:00,Pamba,32.9023216,-2.5224205
mwanza_businesses.4479,4479,4479,8532205859,Lumumba,,,,,Mwanza,carpet,Nyamagana,Mo-Sa 08:00-18:00,Pamba,32.9022811,-2.522407
mwanza_businesses.4480,4480,4480,8532206008,Kaluta,,,,,Mwanza,cosmetics,Nyamagana,Mo-Sa 08:00-18:00,Pamba,32.9021215,-2.5223711
mwanza_businesses.4481,4481,4481,8532205612,Lumumba,,,,,Mwanza,fabric,Nyamagana,Mo-Sa 08:00-18:00,Pamba,32.9022002,-2.5223666
mwanza_businesses.4482,4482,4482,8532206742,Lumumba,,,,,Mwanza,jewelry,Nyamagana,Mo-Sa 08:00-18:00,Pamba,32.9020786,-2.5223496
mwanza_businesses.4483,4483,4483,8532205823,Kaluta,,,,,Mwanza,wholesale,Nyamagana,Mo-Sa 08:00-18:00,Pamba,32.9023423,-2.5223477
mwanza_businesses.4484,4484,4484,8532205771,Lumumba,,,,,Mwanza,electronics,Nyamagana,Mo-Sa 08:00-18:00,Pamba,32.902379,-2.5222853
mwanza_businesses.4485,4485,4485,8532205815,Kaluta,,,,,Mwanza,houseware,Nyamagana,Mo-Sa 08:00-18:00,Pamba,32.9021738,-2.5222773
mwanza_businesses.4486,4486,4486,8532207143,,,Kaluta,,,Mwanza,jewelry,Nyamagana,Mo-Sa 08:00-18:00,Pamba,32.9021106,-2.5223601
mwanza_businesses.4487,4487,4487,8532207202,Lumumba,,,,,Mwanza,car_parts,Nyamagana,Mo-Sa 08:00-18:00,Pamba,32.9022932,-2.5224997
mwanza_businesses.4488,4488,4488,8532207218,Lumumba,,,,,Mwanza,electronics,Nyamagana,Mo-Sa 08:00-18:00,Pamba,32.9022002,-2.522434
mwanza_businesses.4489,4489,4489,8532207282,Lumumba,,,,,Mwanza,carpet,Nyamagana,Mo-Sa 08:00-18:00,Pamba,32.9022702,-2.522302
mwanza_businesses.4490,4490,4490,8532207328,,,Rwegasore,,,Mwanza,hardware,Nyamagana,Mo-Sa 08:00-18:00,Pamba,32.9025507,-2.5226069
mwanza_businesses.4491,4491,4491,8532207377,,,Rwegasore,,,Mwanza,hardware,Nyamagana,Mo-Sa 08:00-18:00,Pamba,32.9025078,-2.5225854
mwanza_businesses.4492,4492,4492,8532198811,,,Rumumba,,,Mwanza,hardware,Nyamagana,Mo-Sa 08:00-18:00,Pamba,32.9020042,-2.5225205
mwanza_businesses.4493,4493,4493,4547798192,,,,Vifaa vya umeme,,Mwanza,hardware,Nyamagana,,Pamba,32.9019712,-2.5224907
mwanza_businesses.4494,4494,4494,8532203742,,,Rumumba,,,Mwanza,electronics,Nyamagana,Mo-Sa 08:00-18:00,Pamba,32.9019444,-2.5224836
mwanza_businesses.4495,4495,4495,8532206251,,,Rumumba,,,Mwanza,tailor,Nyamagana,Mo-Sa 08:00-18:00,Pamba,32.901907,-2.5224139
mwanza_businesses.4496,4496,4496,8532198758,,,Rumumba,,,Mwanza,mobile_phone,Nyamagana,Mo-Sa 08:00-18:00,Pamba,32.9018426,-2.5223925
mwanza_businesses.4497,4497,4497,8532206402,,,Rumumba,,,Mwanza,car_repair,Nyamagana,Mo-Sa 08:00-18:00,Pamba,32.9017997,-2.5223711
mwanza_businesses.4498,4498,4498,8532206336,,,Lumumba,,,Mwanza,electronics,Nyamagana,Mo-Sa 08:00-18:00,Pamba,32.9019928,-2.5222853
mwanza_businesses.4499,4499,4499,8532206012,Kaluti,,Kaluti,,,Mwanza,beauty,Nyamagana,Mo-Sa 08:00-18:00,Pamba,32.9018855,-2.5222639
mwanza_businesses.4500,4500,4500,8532205617,Kaluti,,Kaluti,,,Mwanza,electronics,Nyamagana,Mo-Sa 08:00-18:00,Pamba,32.9018855,-2.5222424
mwanza_businesses.4501,4501,4501,8532206769,,,Lumumba,,,Mwanza,clothes,Nyamagana,Mo-Sa 08:00-18:00,Pamba,32.9020143,-2.5222424
mwanza_businesses.4502,4502,4502,8532205871,,,Rumumba,,,Mwanza,electronics,Nyamagana,Mo-Sa 09:00-20:00,Pamba,32.9015066,-2.5222294
mwanza_businesses.4503,4503,4503,8532206233,KaLuti,,Kaluti,,,Mwanza,clothes,Nyamagana,Mo-Sa 08:00-18:00,Pamba,32.9018211,-2.5221996
mwanza_businesses.4504,4504,4504,8532206746,Kaluti,,Kaluti,,,Mwanza,cosmetics,Nyamagana,Mo-Sa 08:00-18:00,Pamba,32.901907,-2.5221996
mwanza_businesses.4505,4505,4505,8532206061,KaLuti,,Kaluti,,,Mwanza,cosmetics,Nyamagana,Mo-Sa 08:00-18:00,Pamba,32.9017568,-2.5221567
mwanza_businesses.4506,4506,4506,8532206184,Kaluti,,Kaluti,,,Mwanza,electronics,Nyamagana,Mo-Sa 08:00-18:00,Pamba,32.901907,-2.5221352
mwanza_businesses.4507,4507,4507,8532205666,,,Lumumba,,,Mwanza,cosmetics,Nyamagana,Mo-Sa 08:00-18:00,Pamba,32.9017568,-2.5221138
mwanza_businesses.4508,4508,4508,8532206032,,,Lumumba,,,Mwanza,clothes,Nyamagana,Mo-Sa 08:00-18:00,Pamba,32.9019795,-2.5220109
mwanza_businesses.4509,4509,4509,8532205793,,,Lumumba,,,Mwanza,electronics,Nyamagana,Mo-Sa 08:00-18:00,Pamba,32.9019284,-2.5219852
mwanza_businesses.4510,4510,4510,8532198764,,,Lumumba,,,Mwanza,beauty,Nyamagana,Mo-Sa 08:00-18:00,Pamba,32.9018855,-2.5219637
mwanza_businesses.4511,4511,4511,8532205842,,,Lumumba,,,Mwanza,cosmetics,Nyamagana,Mo-Sa 08:00-18:00,Pamba,32.9018211,-2.5219423
mwanza_businesses.4512,4512,4512,8532205637,,,Lumumba,,,Mwanza,jewelry,Nyamagana,Mo-Sa 08:00-18:00,Pamba,32.9019608,-2.521894
mwanza_businesses.4513,4513,4513,8532206406,,,Lumumba,,,Mwanza,carpet,Nyamagana,Mo-Sa 08:00-18:00,Pamba,32.9018794,-2.5218606
mwanza_businesses.4514,4514,4514,8532205943,,,Lumumba,,,Mwanza,houseware,Nyamagana,Mo-Sa 08:00-18:00,Pamba,32.9019964,-2.5217338
mwanza_businesses.4515,4515,4515,8532206799,,,Rumumba,,,Mwanza,convenience,Nyamagana,Mo-Sa 08:00-18:00,Pamba,32.9016709,-2.5223067
mwanza_businesses.4516,4516,4516,8532206816,,,Rumumba,,,Mwanza,electronics,Nyamagana,Mo-Sa 08:00-18:00,Pamba,32.9015636,-2.5224139
mwanza_businesses.4517,4517,4517,8532206823,Kaluti,,Kaluti,,,Mwanza,clothes,Nyamagana,Mo-Sa 08:00-18:00,Pamba,32.9018211,-2.522221
mwanza_businesses.4518,4518,4518,8532206904,,,Lumumba,,,Mwanza,carpet,Nyamagana,Mo-Sa 08:00-18:00,Pamba,32.9019786,-2.521805
mwanza_businesses.4519,4519,4519,4547819896,,,,Mussa International,,Mwanza,furniture,Nyamagana,,Pamba,32.9016878,-2.5222961
mwanza_businesses.4520,4520,4520,8532206969,,,Rumumba,,,Mwanza,clothes,Nyamagana,Mo-Sa 08:00-18:00,Pamba,32.9016066,-2.5223711
mwanza_businesses.4521,4521,4521,8532206974,,,Lumumba,,,Mwanza,beauty,Nyamagana,Mo-Sa 08:00-18:00,Pamba,32.9018426,-2.5221138
mwanza_businesses.4522,4522,4522,8532207005,,,Kaluti,,,Mwanza,houseware,Nyamagana,Mo-Sa 08:00-18:00,Pamba,32.9017353,-2.5221567
mwanza_businesses.4523,4523,4523,8532207148,,,Lumumba,,,Mwanza,electronics,Nyamagana,Mo-Sa 08:00-18:00,Pamba,32.9018855,-2.5221352
mwanza_businesses.4524,4524,4524,8532207199,Kaluti,,Kaluti,,,Mwanza,clothes,Nyamagana,Mo-Sa 08:00-18:00,Pamba,32.9017782,-2.5221996
mwanza_businesses.4525,4525,4525,8532207302,,,Lumumba,,,Mwanza,houseware,Nyamagana,Mo-Sa 08:00-18:00,Pamba,32.901943,-2.5217694
mwanza_businesses.4526,4526,4526,8532207325,Lumumba,,Pamba,,,Mwanza,electronics,Nyamagana,Mo-Sa 08:00-18:00,Pamba,32.9019284,-2.5221567
mwanza_businesses.4527,4527,4527,8532207369,,,Rumumba,,,Mwanza,hardware,Nyamagana,Mo-Sa 08:00-18:00,Pamba,32.9018211,-2.5223711
mwanza_businesses.4528,4528,4528,8532207374,,,Lumumba,,,Mwanza,clothes,Nyamagana,Mo-Sa 08:00-18:00,Pamba,32.9018426,-2.5219637
mwanza_businesses.4529,4529,4529,8532206205,,,Lumumba,,,Mwanza,mobile_phone,Nyamagana,Mo-Sa 08:00-18:00,Pamba,32.9020357,-2.5221996
mwanza_businesses.4530,4530,4530,8532206997,,,Lumumba,,,Mwanza,clothes,Nyamagana,Mo-Sa 08:00-18:00,Pamba,32.9020357,-2.5221781
mwanza_businesses.4531,4531,4531,8532203755,Lumumba,,,,,Mwanza,electronics,Nyamagana,Mo-Sa 08:00-18:00,Pamba,32.9024161,-2.5221572
mwanza_businesses.4532,4532,4532,8532206955,Lumumba,,,,,Mwanza,hardware,Nyamagana,Mo-Sa 08:00-18:00,Pamba,32.9023737,-2.522129
mwanza_businesses.4533,4533,4533,8532206091,Kaluta,,,,,Mwanza,bed,Nyamagana,Mo-Sa 08:00-18:00,Pamba,32.9024125,-2.5221186
mwanza_businesses.4534,4534,4534,8532206429,Lumumba,,,,,Mwanza,jewelry,Nyamagana,Mo-Sa 08:00-18:00,Pamba,32.9020786,-2.5220924
mwanza_businesses.4535,4535,4535,8532206164,Kaluta,,,,,Mwanza,wholesale,Nyamagana,Mo-Sa 08:00-18:00,Pamba,32.9023399,-2.5220896
mwanza_businesses.4536,4536,4536,8532206114,Lumumba,,,,,Mwanza,jewelry,Nyamagana,,Pamba,32.9020765,-2.5220742
mwanza_businesses.4537,4537,4537,8532205523,Lumumba,,,,,Mwanza,electronics,Nyamagana,Mo-Sa 08:00-18:00,Pamba,32.9022608,-2.5220726
mwanza_businesses.4538,4538,4538,8532206316,Kaluta,,,,,Mwanza,electronics,Nyamagana,Mo-Sa 08:00-18:00,Pamba,32.9022817,-2.522046
mwanza_businesses.4539,4539,4539,8532205719,Lumumba,,,,,Mwanza,clothes,Nyamagana,Mo-Sa 08:00-18:00,Pamba,32.9021106,-2.5220089
mwanza_businesses.4540,4540,4540,8532205893,,,,,,Mwanza,electronics,Nyamagana,Mo-Sa 08:00-18:00,Pamba,32.902143,-2.5220066
mwanza_businesses.4541,4541,4541,8532205993,Kaluta,,,,,Mwanza,hardware,Nyamagana,Mo-Sa 08:00-18:00,Pamba,32.9024602,-2.5219829
mwanza_businesses.4542,4542,4542,8532206284,Lumumba,,,,,Mwanza,clothes,Nyamagana,Mo-Sa 08:00-18:00,Pamba,32.9021411,-2.5219684
mwanza_businesses.4543,4543,4543,8532206851,Lumumba,,,,,Mwanza,mobile_phone,Nyamagana,Mo-Sa 08:00-18:00,Pamba,32.9021215,-2.5219637
mwanza_businesses.4544,4544,4544,8532207027,Lumumba,,,,,Mwanza,electronics,Nyamagana,Mo-Sa 08:00-18:00,Pamba,32.9021645,-2.5219637
mwanza_businesses.4545,4545,4545,8532198794,,,,,,Mwanza,electronics,Nyamagana,Mo-Sa 08:00-18:00,Pamba,32.9021568,-2.521937
mwanza_businesses.4546,4546,4546,8532206777,Rwagasore,,,Hisense,,Mwanza,electronics,Nyamagana,Mo-Sa 08:00-18:00,Pamba,32.902313,-2.5219124
mwanza_businesses.4547,4547,4547,8532205921,Lumumba,,,,,Mwanza,cosmetics,Nyamagana,Mo-Sa 08:00-18:00,Pamba,32.9022074,-2.5218994
mwanza_businesses.4548,4548,4548,8532206256,Lumumba,,,,,Mwanza,jewelry,Nyamagana,Mo-Sa 08:00-18:00,Pamba,32.9021859,-2.5218994
mwanza_businesses.4549,4549,4549,8532205689,Lumumba,,,,,Mwanza,jewelry,Nyamagana,Mo-Sa 08:00-18:00,Pamba,32.9021859,-2.521878
mwanza_businesses.4550,4550,4550,8532203726,Lumumba,,,,,Mwanza,mobile_phone,Nyamagana,Mo-Sa 08:00-18:00,Pamba,32.9021645,-2.521878
mwanza_businesses.4551,4551,4551,8532205697,Kaluta,,,,,Mwanza,shoes,Nyamagana,Mo-Sa 08:00-18:00,Pamba,32.9025179,-2.5218677
mwanza_businesses.4552,4552,4552,8532205750,Lumumba,,,,,Mwanza,jewelry,Nyamagana,Mo-Sa 08:00-18:00,Pamba,32.9022288,-2.5218566
mwanza_businesses.4553,4553,4553,8532206948,,,Lumumba,,,Mwanza,carpet,Nyamagana,Mo-Sa 08:00-18:00,Pamba,32.902032,-2.5218406
mwanza_businesses.4554,4554,4554,8532205758,Kaluta,,,,,Mwanza,car_parts,Nyamagana,Mo-Sa 09:00-17:00,Pamba,32.9025756,-2.5218389
mwanza_businesses.4555,4555,4555,8532206214,Lumumba,,,,,Mwanza,fabric,Nyamagana,Mo-Sa 08:00-18:00,Pamba,32.9023381,-2.5218224
mwanza_businesses.4556,4556,4556,8532206387,Lumumba,,,,,Mwanza,electronics,Nyamagana,Mo-Sa 08:00-18:00,Pamba,32.902379,-2.5218137
mwanza_businesses.4557,4557,4557,8532205849,Lumumba,,,,,Mwanza,jewelry,Nyamagana,Mo-Sa 08:00-18:00,Pamba,32.9022288,-2.5217708
mwanza_businesses.4558,4558,4558,8532206241,Lumumba,,,,,Mwanza,jewelry,Nyamagana,Mo-Sa 08:00-18:00,Pamba,32.9022074,-2.5217708
mwanza_businesses.4559,4559,4559,8532206437,Lumumba,,,,,Mwanza,jewelry,Nyamagana,Mo-Sa 08:00-18:00,Pamba,32.9022503,-2.5217708
mwanza_businesses.4560,4560,4560,8532205645,Lumumba9,,,,,Mwanza,electronics,Nyamagana,Mo-Sa 08:00-18:00,Pamba,32.9022717,-2.5217494
mwanza_businesses.4561,4561,4561,8532207056,Lumumba,,,,,Mwanza,car_parts,Nyamagana,Mo-Sa 08:00-18:00,Pamba,32.9024161,-2.5217341
mwanza_businesses.4562,4562,4562,8532207079,Lumumba,,,,,Mwanza,cosmetics,Nyamagana,Mo-Sa 08:00-18:00,Pamba,32.9020572,-2.5220924
mwanza_businesses.4563,4563,4563,8532207129,Kaluta,,,,,Mwanza,electronics,Nyamagana,Mo-Fr 09:00-17:00,Pamba,32.9025936,-2.5217923
mwanza_businesses.4564,4564,4564,8532207170,Lumumba,,,,,Mwanza,jewelry,Nyamagana,Mo-Sa 08:00-18:00,Pamba,32.9021054,-2.522103
mwanza_businesses.4565,4565,4565,8532207178,Lumumba,,,,,Mwanza,houseware,Nyamagana,Mo-Sa 08:00-18:00,Pamba,32.9023032,-2.5220867
mwanza_businesses.4566,4566,4566,8532207223,Lumumba,,,,,Mwanza,electronics,Nyamagana,Mo-Sa 08:00-18:00,Pamba,32.9021859,-2.5218351
mwanza_businesses.4567,4567,4567,8532207251,Lumumba,,,,,Mwanza,carpet,Nyamagana,Mo-Sa 08:00-18:00,Pamba,32.9021215,-2.5220281
mwanza_businesses.4568,4568,4568,8532207382,,,,,,Mwanza,jewelry,Nyamagana,Mo-Sa 08:00-18:00,Pamba,32.9022503,-2.5217923
mwanza_businesses.4569,4569,4569,8532206000,Miti Mirefu,,Miti Mirefu,,,Mwanza,bag,Nyamagana,Mo-Sa 09:00-17:00,Pamba,32.9060221,-2.5221991
mwanza_businesses.4570,4570,4570,8532205814,,,Pamba,,,Mwanza,clothes,Nyamagana,,Pamba,32.9047095,-2.5221783
mwanza_businesses.4571,4571,4571,8532207346,Miti Mirefu,,Miti Mirefu,Lakuchumpa,,Mwanza,houseware,Nyamagana,,Pamba,32.9048038,-2.5221781
mwanza_businesses.4572,4572,4572,8532206947,,,Pamba,Lite Mini Supermarkert,,Mwanza,supermarket,Nyamagana,,Pamba,32.9050102,-2.5221596
mwanza_businesses.4573,4573,4573,8532206380,,,Pamba,,,Mwanza,cosmetics,Nyamagana,,Pamba,32.9048787,-2.5221596
mwanza_businesses.4574,4574,4574,8532207141,Miti Mirefu,,Miti Mirefu,,,Mwanza,greengrocer,Nyamagana,,Pamba,32.9050612,-2.5221567
mwanza_businesses.4575,4575,4575,8532206234,,,Pamba,,,Mwanza,cosmetics,Nyamagana,,Pamba,32.9051605,-2.5221408
mwanza_businesses.4576,4576,4576,8532205935,Miti Mirefu,,Miti Mirefu,,,Mwanza,stationery,Nyamagana,,Pamba,32.9051042,-2.5221352
mwanza_businesses.4577,4577,4577,8532205792,Miti Mirefu,,Miti Mirefu,Smike,,Mwanza,clothes,Nyamagana,,Pamba,32.9051256,-2.5221352
mwanza_businesses.4578,4578,4578,8532205986,Miti Mirefu,,Miti Mirefu,,,Mwanza,video,Nyamagana,,Pamba,32.9052114,-2.5221352
mwanza_businesses.4579,4579,4579,8532205841,Miti Mirefu,,Miti Mirefu,Makabwa Stationary,0754430673,Mwanza,stationery,Nyamagana,,Pamba,32.9052329,-2.5221352
mwanza_businesses.4580,4580,4580,8532207324,Miti Mirefu,,Miti Mirefu,Multisource Holdings Co.LTD,0744998253,Mwanza,stationery,Nyamagana,Mo-Sa 09:00-17:00,Pamba,32.9052758,-2.5221352
mwanza_businesses.4581,4581,4581,8532207373,Miti Mirefu,,Miti Mirefu,,,Mwanza,bag,Nyamagana,Mo-Sa 08:00-18:00,Pamba,32.9053187,-2.5221352
mwanza_businesses.4582,4582,4582,8532206183,Miti Mirefu,,Miti Mirefu,,,Mwanza,carpet,Nyamagana,Mo-Sa 09:00-20:00,Pamba,32.9053617,-2.5221352
mwanza_businesses.4583,4583,4583,4404639296,,,,Home Base Stationary,,Mwanza,stationery,Nyamagana,,Pamba,32.9059755,-2.5221228
mwanza_businesses.4584,4584,4584,8532203732,Pamba,,Pamba,,,Mwanza,clothes,Nyamagana,,Pamba,32.9044819,-2.5220709
mwanza_businesses.4585,4585,4585,8532206740,Pamba,,pamba,,,Mwanza,video,Nyamagana,,Pamba,32.9045033,-2.5220281
mwanza_businesses.4586,4586,4586,8532203769,Miti Mirefu,,Miti Mirefu,,,Mwanza,houseware,Nyamagana,,Pamba,32.906177,-2.521385
mwanza_businesses.4587,4587,4587,8532201406,Liberty,,Liberty,,,Mwanza,vacant,Nyamagana,,Pamba,32.9061985,-2.520506
mwanza_businesses.4588,4588,4588,8532206421,Julius Nyerere,,Pamba,,,Mwanza,wholesale,Nyamagana,,Pamba,32.9062843,-2.5214064
mwanza_businesses.4589,4589,4589,8532205699,,,Nata,,,Mwanza,houseware,Nyamagana,Mo-Su 09:00-21:00,Pamba,32.9072121,-2.5219665
mwanza_businesses.4590,4590,4590,8532206094,,,Nata,,,Mwanza,electronics,Nyamagana,Mo-Su 09:00-21:00,Pamba,32.9072414,-2.5219812
mwanza_businesses.4591,4591,4591,8532203756,,,Nata,,,Mwanza,convenience,Nyamagana,Mo-Su 09:00-21:00,Pamba,32.9072697,-2.5219994
mwanza_businesses.4592,4592,4592,8532206265,,,Bugando,,,Mwanza,electronics,Nyamagana,Mo-Su 09:00-21:00,Pamba,32.907299,-2.5220148
mwanza_businesses.4593,4593,4593,8532228453,,,Nyerere Road,GAA Holdings LTD,,Mwanza,hardware,Nyamagana,Mo-Sa 08:00-18:00,Pamba,32.9074286,-2.5216235
mwanza_businesses.4594,4594,4594,8532227417,,,Nyerere Road,,,Mwanza,stationery,Nyamagana,Mo-Sa 08:00-18:00,Pamba,32.9076524,-2.5216306
mwanza_businesses.4595,4595,4595,4404703089,,,,Natta furniture shop,,Mwanza,furniture,Nyamagana,,Pamba,32.9076727,-2.5215821
mwanza_businesses.4596,4596,4596,8532228586,,,Nata,,,Mwanza,travel_agency,Nyamagana,Mo-Su 09:00-21:00,Pamba,32.9078854,-2.52174
mwanza_businesses.4597,4597,4597,8532227362,,,Nata,,,Mwanza,travel_agency,Nyamagana,Mo-Su 09:00-21:00,Pamba,32.9079096,-2.5217521
mwanza_businesses.4598,4598,4598,8532226971,,,Nata,,,Mwanza,travel_agency,Nyamagana,Mo-Su 09:00-21:00,Pamba,32.9079338,-2.5217642
mwanza_businesses.4599,4599,4599,8532228375,,,Nata,,,Mwanza,travel_agency,Nyamagana,Mo-Su 09:00-21:00,Pamba,32.907958,-2.5217642
mwanza_businesses.4600,4600,4600,8532227339,,,Nata,,,Mwanza,travel_agency,Nyamagana,Mo-Su 09:00-21:00,Pamba,32.9079821,-2.5217763
mwanza_businesses.4601,4601,4601,8532226727,,,Nata,,,Mwanza,travel_agency,Nyamagana,Mo-Su 09:00-21:00,Pamba,32.9080116,-2.5217908
mwanza_businesses.4602,4602,4602,8532227581,,,Nata,,,Mwanza,travel_agency,Nyamagana,Mo-Su 09:00-21:00,Pamba,32.9081343,-2.5218407
mwanza_businesses.4603,4603,4603,8532227155,,,Nata,,,Mwanza,travel_agency,Nyamagana,Mo-Su 09:00-21:00,Pamba,32.908199,-2.5218417
mwanza_businesses.4604,4604,4604,3669727821,,,,,,Mwanza,supermarket,Nyamagana,,Pamba,32.9083053,-2.5218023
mwanza_businesses.4605,4605,4605,8532228805,,,Nata,,,Mwanza,travel_agency,Nyamagana,Mo-Su 09:00-21:00,Pamba,32.9081095,-2.5218251
mwanza_businesses.4606,4606,4606,8532228883,,,Nata,,,Mwanza,travel_agency,Nyamagana,Mo-Su 09:00-21:00,Pamba,32.9078546,-2.5217152
mwanza_businesses.4607,4607,4607,8532229013,,,,,,Mwanza,travel_agency,Nyamagana,Mo-Su 09:00-21:00,Pamba,32.9078285,-2.5217152
mwanza_businesses.4608,4608,4608,8532229070,,,Nyerere Road,Saleh Tyres,0765259054,Mwanza,car_parts,Nyamagana,Mo-Sa 08:00-18:00,Pamba,32.9070749,-2.521478
mwanza_businesses.4609,4609,4609,8532229182,,,Nata,,,Mwanza,travel_agency,Nyamagana,Mo-Su 09:00-21:00,Pamba,32.9080284,-2.5217908
mwanza_businesses.4610,4610,4610,8532206178,pamba,,Pamba,,,Mwanza,clothes,Nyamagana,,Pamba,32.9045892,-2.5218566
mwanza_businesses.4611,4611,4611,8532206792,Sokoni,,,,,Mwanza,clothes,Nyamagana,Mo-Sa 08:00-18:00,Pamba,32.9040493,-2.5218379
mwanza_businesses.4612,4612,4612,8532206806,Sokoni,,,,,Mwanza,convenience,Nyamagana,Mo-Sa 08:00-18:00,Pamba,32.90397,-2.5218236
mwanza_businesses.4613,4613,4613,8532206365,Sokoni,,,,,Mwanza,clothes,Nyamagana,Mo-Sa 08:00-18:00,Pamba,32.9040071,-2.5218169
mwanza_businesses.4614,4614,4614,8532206933,Sokoni,,,,,Mwanza,clothes,Nyamagana,Mo-Sa 08:00-18:00,Pamba,32.903965,-2.5217958
mwanza_businesses.4615,4615,4615,8532205785,Pamba,,Pamba,,,Mwanza,bag,Nyamagana,,Pamba,32.9046321,-2.5217708
mwanza_businesses.4616,4616,4616,8532207317,Pamba,,Pamba,,,Mwanza,clothes,Nyamagana,,Pamba,32.9046535,-2.5217065
mwanza_businesses.4617,4617,4617,8532207205,Sokoni,,,,,Mwanza,clothes,Nyamagana,Mo-Sa 08:00-18:00,Pamba,32.9040956,-2.5217065
mwanza_businesses.4618,4618,4618,8532206227,Sokoni,,,,,Mwanza,clothes,Nyamagana,Mo-Sa 08:00-18:00,Pamba,32.9040527,-2.5217065
mwanza_businesses.4619,4619,4619,8532206069,Sokoni,,,,,Mwanza,clothes,Nyamagana,Mo-Sa 08:00-18:00,Pamba,32.9041386,-2.5216851
mwanza_businesses.4620,4620,4620,8532206324,Sokoni,,,,,Mwanza,fabric,Nyamagana,Mo-Sa 08:00-18:00,Pamba,32.9040098,-2.5216851
mwanza_businesses.4621,4621,4621,8532203805,Sokoni,,,,,Mwanza,bag,Nyamagana,Mo-Sa 08:00-18:00,Pamba,32.9042029,-2.5216636
mwanza_businesses.4622,4622,4622,8532207108,Sokoni,,,,,Mwanza,bag,Nyamagana,Mo-Sa 08:00-18:00,Pamba,32.9041815,-2.5216208
mwanza_businesses.4623,4623,4623,8532206351,Sokoni,,,,,Mwanza,clothes,Nyamagana,Mo-Sa 08:00-18:00,Pamba,32.9042673,-2.5216208
mwanza_businesses.4624,4624,4624,8532205575,Sokoni,,,,,Mwanza,clothes,Nyamagana,Mo-Sa 08:00-18:00,Pamba,32.9040956,-2.5215779
mwanza_businesses.4625,4625,4625,8532205957,Sokoni,,,,,Mwanza,clothes,Nyamagana,Mo-Sa 08:00-18:00,Pamba,32.9042673,-2.521535
mwanza_businesses.4626,4626,4626,8532205560,Sokoni,,,,,Mwanza,fabric,Nyamagana,Mo-Sa 08:00-18:00,Pamba,32.9042029,-2.5215136
mwanza_businesses.4627,4627,4627,8532205907,Sokoni,,,,,Mwanza,clothes,Nyamagana,Mo-Sa 08:00-18:00,Pamba,32.9041171,-2.5214921
mwanza_businesses.4628,4628,4628,8532207093,Sokoni,,,,,Mwanza,clothes,Nyamagana,Mo-Sa 08:00-18:00,Pamba,32.90416,-2.5214921
mwanza_businesses.4629,4629,4629,8532206128,Sokoni,,,,,Mwanza,clothes,Nyamagana,Mo-Sa 08:00-18:00,Pamba,32.9043746,-2.5214278
mwanza_businesses.4630,4630,4630,8532203791,Sokoni,,,,,Mwanza,clothes,Nyamagana,Mo-Sa 08:00-18:00,Pamba,32.9042673,-2.5214278
mwanza_businesses.4631,4631,4631,8532207266,Sokoni,,,,,Mwanza,clothes,Nyamagana,Mo-Sa 08:00-18:00,Pamba,32.9042029,-2.5214064
mwanza_businesses.4632,4632,4632,8532207192,Sokoni,,,,,Mwanza,clothes,Nyamagana,Mo-Sa 08:00-18:00,Pamba,32.9041815,-2.521385
mwanza_businesses.4633,4633,4633,8532206866,Sokoni,,,,,Mwanza,clothes,Nyamagana,Mo-Sa 08:00-18:00,Pamba,32.9042244,-2.521385
mwanza_businesses.4634,4634,4634,8532206843,Sokoni,,,,,Mwanza,clothes,Nyamagana,Mo-Sa 08:00-18:00,Pamba,32.90416,-2.521385
mwanza_businesses.4635,4635,4635,8532206276,Sokoni,,,,,Mwanza,clothes,Nyamagana,Mo-Sa 08:00-18:00,Pamba,32.9042459,-2.5213635
mwanza_businesses.4636,4636,4636,8532206856,Sokoni,,,,,Mwanza,clothes,Nyamagana,Mo-Sa 08:00-18:00,Pamba,32.9043102,-2.5212992
mwanza_businesses.4637,4637,4637,8532205899,Sokoni,,,,,Mwanza,clothes,Nyamagana,Mo-Sa 08:00-18:00,Pamba,32.9043746,-2.5212563
mwanza_businesses.4638,4638,4638,8532206144,Sokoni,,,,,Mwanza,clothes,Nyamagana,Mo-Sa 08:00-18:00,Pamba,32.9042244,-2.5212563
mwanza_businesses.4639,4639,4639,8532198786,Sokoni,,,,,Mwanza,bag,Nyamagana,Mo-Sa 08:00-18:00,Pamba,32.9042029,-2.5212563
mwanza_businesses.4640,4640,4640,8532207019,Sokoni,,,,,Mwanza,clothes,Nyamagana,Mo-Sa 08:00-18:00,Pamba,32.9042459,-2.5212349
mwanza_businesses.4641,4641,4641,8532206290,Sokoni,,,,,Mwanza,clothes,Nyamagana,Mo-Sa 08:00-18:00,Pamba,32.9043317,-2.5212349
mwanza_businesses.4642,4642,4642,8532207257,Sokoni,,,,,Mwanza,cosmetics,Nyamagana,Mo-Sa 08:00-18:00,Pamba,32.9042888,-2.5212135
mwanza_businesses.4643,4643,4643,8532206119,Sokoni,,,,,Mwanza,clothes,Nyamagana,Mo-Sa 08:00-18:00,Pamba,32.9042244,-2.521192
mwanza_businesses.4644,4644,4644,8532206888,,,pamba A,,,Mwanza,clothes,Nyamagana,Mo-Sa 08:00-18:00,Pamba,32.9043583,-2.5209853
mwanza_businesses.4645,4645,4645,8532206877,,,Chai Bora,,,Mwanza,motorcycle,Nyamagana,Mo-Sa 08:00-18:00,Pamba,32.9025292,-2.5210634
mwanza_businesses.4646,4646,4646,8532206814,Chai Bora,,Chai Bora,,,Mwanza,electronics,Nyamagana,Mo-Sa 08:00-18:00,Pamba,32.9025624,-2.5217058
mwanza_businesses.4647,4647,4647,8532206727,Chai Bora,,Chai Bora,,,Mwanza,electronics,Nyamagana,Mo-Sa 08:00-18:00,Pamba,32.9026365,-2.5217279
mwanza_businesses.4648,4648,4648,8532205817,,,Pamba A,,,Mwanza,fabric,Nyamagana,Mo-Sa 08:00-18:00,Pamba,32.9026339,-2.5203868
mwanza_businesses.4649,4649,4649,8532198815,Kaluta,,Sahara,,,Mwanza,clothes,Nyamagana,Mo-Sa 08:00-18:00,Pamba,32.9026814,-2.5215353
mwanza_businesses.4650,4650,4650,8532205915,Kaluta,,Sahara,,,Mwanza,beauty,Nyamagana,Mo-Sa 09:00-17:00,Pamba,32.9027081,-2.5215578
mwanza_businesses.4651,4651,4651,8532206330,,,Pamba A,,,Mwanza,fabric,Nyamagana,Mo-Sa 08:00-18:00,Pamba,32.9027818,-2.5201195
mwanza_businesses.4652,4652,4652,8532206229,,,Pamba A,,,Mwanza,clothes,Nyamagana,Mo-Sa 08:00-18:00,Pamba,32.9027894,-2.5206154
mwanza_businesses.4653,4653,4653,8532206794,,,pamba A,,,Mwanza,fabric,Nyamagana,Mo-Sa 08:00-18:00,Pamba,32.9028028,-2.5206154
mwanza_businesses.4654,4654,4654,8532205602,,,Pamba A,,,Mwanza,fabric,Nyamagana,Mo-Sa 09:00-17:00,Pamba,32.9029369,-2.520356
mwanza_businesses.4655,4655,4655,8532206299,,,Pamba A,,,Mwanza,fabric,Nyamagana,Mo-Sa 09:00-17:00,Pamba,32.9030051,-2.5202396
mwanza_businesses.4656,4656,4656,8532206077,,,Pamba A,,,Mwanza,fabric,Nyamagana,Mo-Sa 08:00-18:00,Pamba,32.9030076,-2.5209205
mwanza_businesses.4657,4657,4657,8532206382,,,Pamba A,,,Mwanza,bed,Nyamagana,Mo-Sa 08:00-18:00,Pamba,32.9030881,-2.5205981
mwanza_businesses.4658,4658,4658,3641875746,Nyerere Road,,,Zara Solar,,Mwanza,energy,Nyamagana,,Pamba,32.9030905,-2.519889
mwanza_businesses.4659,4659,4659,8532206733,Nyerere road,,Pamba A,,,Mwanza,hardware,Nyamagana,Mo-Sa 08:00-18:00,Pamba,32.9032414,-2.5200651
mwanza_businesses.4660,4660,4660,8532205980,,,Pamba A,,,Mwanza,hardware,Nyamagana,Mo-Sa 08:00-18:00,Pamba,32.9032939,-2.5202929
mwanza_businesses.4661,4661,4661,8532205540,,,pamba A,,,Mwanza,clothes,Nyamagana,Mo-Sa 08:00-18:00,Pamba,32.9033091,-2.5202929
mwanza_businesses.4662,4662,4662,8532206373,,,Pamba A,,,Mwanza,clothes,Nyamagana,24/7,Pamba,32.9034463,-2.5205385
mwanza_businesses.4663,4663,4663,8532205583,,,Pamba A,,,Mwanza,bed,Nyamagana,24/7,Pamba,32.9035557,-2.5202648
mwanza_businesses.4664,4664,4664,8532206170,,,Pamba A,,,Mwanza,clothes,Nyamagana,Mo-Sa 08:00-18:00,Pamba,32.9035557,-2.5202532
mwanza_businesses.4665,4665,4665,8532205777,,,pamba A,,,Mwanza,clothes,Nyamagana,Mo-Sa 08:00-18:00,Pamba,32.9035673,-2.5205585
mwanza_businesses.4666,4666,4666,8532206890,,,pamba A,,,Mwanza,clothes,Nyamagana,24/7,Pamba,32.9036349,-2.520601
mwanza_businesses.4667,4667,4667,8532206899,,,Pamba A,,,Mwanza,hardware,Nyamagana,Mo-Sa 08:00-18:00,Pamba,32.9035557,-2.5202417
mwanza_businesses.4668,4668,4668,8532206910,,,Pamba A,QSS,,Mwanza,paint,Nyamagana,Mo-Sa 08:00-18:00,Pamba,32.9037261,-2.5202873
mwanza_businesses.4669,4669,4669,8532206941,,,Pamba A,,,Mwanza,bed,Nyamagana,24/7,Pamba,32.9027893,-2.5207946
mwanza_businesses.4670,4670,4670,8532206950,,,Pamba A,,,Mwanza,clothes,Nyamagana,Mo-Sa 09:00-17:00,Pamba,32.9030223,-2.5202396
mwanza_businesses.4671,4671,4671,8532206967,Kaluta,,Sahara,,,Mwanza,carpet,Nyamagana,Mo-Sa 09:00-17:00,Pamba,32.902711,-2.5215057
mwanza_businesses.4672,4672,4672,8532207074,,,Pamba A,,,Mwanza,fabric,Nyamagana,Mo-Sa 08:00-18:00,Pamba,32.902799,-2.5200165
mwanza_businesses.4673,4673,4673,8532207134,,,Pamba A,LG,,Mwanza,electronics,Nyamagana,24/7,Pamba,32.903087,-2.5199507
mwanza_businesses.4674,4674,4674,8532207214,,,Pamba A,,,Mwanza,fabric,Nyamagana,Mo-Sa 09:00-17:00,Pamba,32.9027687,-2.5207946
mwanza_businesses.4675,4675,4675,8532207278,,,Chai Bora,,,Mwanza,mobile_phone,Nyamagana,Mo-Sa 08:00-18:00,Pamba,32.9025722,-2.5210848
mwanza_businesses.4676,4676,4676,8532207290,,,Pamba A,,,Mwanza,bed,Nyamagana,Mo-Sa 08:00-18:00,Pamba,32.9030034,-2.5206996
mwanza_businesses.4677,4677,4677,8532207297,,,Pamba A,,,Mwanza,clothes,Nyamagana,Mo-Sa 08:00-18:00,Pamba,32.903314,-2.520185
mwanza_businesses.4678,4678,4678,8532207309,,,pamba A,,,Mwanza,clothes,Nyamagana,24/7,Pamba,32.9036,-2.5205779
mwanza_businesses.4679,4679,4679,8532207349,,,Pamba A,,,Mwanza,fabric,Nyamagana,24/7,Pamba,32.9027418,-2.5203152
mwanza_businesses.4680,4680,4680,8532207367,Kaluta,,Sahara,,,Mwanza,bicycle,Nyamagana,Mo-Sa 08:00-18:00,Pamba,32.9027278,-2.5215183
mwanza_businesses.4681,4681,4681,8532227093,Nyerere Road,,"Pamba ""A""",Skymark,,Mwanza,car_repair,Nyamagana,Mo-Sa 08:00-18:00,Pamba,32.9036665,-2.5199272
mwanza_businesses.4682,4682,4682,8532228330,Nyerere Road,,"Pamba ""A""",furniture Centre (DSM) LTD,0282541152,Mwanza,furniture,Nyamagana,Mo-Sa 08:00-18:00,Pamba,32.9035163,-2.5198201
mwanza_businesses.4683,4683,4683,8532228422,Nyerere Road,,"Pamba ""A""",,,Mwanza,convenience,Nyamagana,Mo-Sa 08:00-18:00,Pamba,32.9033067,-2.5197353
mwanza_businesses.4684,4684,4684,8532228869,Nyerere Road,,"Pamba ""A""",Bruno DM Hardware Supplies LTD,,Mwanza,hardware,Nyamagana,Mo-Sa 08:00-18:00,Pamba,32.9037094,-2.5199272
mwanza_businesses.4685,4685,4685,8532229094,Nyerere Road,,"Pamba ""A""",,,Mwanza,clothes,Nyamagana,Mo-Sa 08:00-18:00,Pamba,32.9033698,-2.5197703
mwanza_businesses.4686,4686,4686,4527820696,,,,,,Mwanza,copyshop,Nyamagana,,Pamba,32.902632,-2.5205019
mwanza_businesses.4687,4687,4687,8532205863,,,Lumumba,,,Mwanza,vacant,Nyamagana,,Pamba,32.9021389,-2.5216982
mwanza_businesses.4688,4688,4688,8532205639,,,Lumumba,,,Mwanza,vacant,Nyamagana,,Pamba,32.9020676,-2.5216627
mwanza_businesses.4689,4689,4689,8532203798,Chai Bora,,Chai Bora,,,Mwanza,furniture,Nyamagana,Mo-Sa 08:00-18:00,Pamba,32.9025507,-2.5216422
mwanza_businesses.4690,4690,4690,8532205568,Chai Bora,,Chai Bora,,,Mwanza,electronics,Nyamagana,Mo-Sa 08:00-18:00,Pamba,32.9025078,-2.5216422
mwanza_businesses.4691,4691,4691,8532198766,,,Chai Bora,,,Mwanza,electronics,Nyamagana,Mo-Sa 08:00-18:00,Pamba,32.9023147,-2.5216208
mwanza_businesses.4692,4692,4692,8532206136,,,Lumumba,,,Mwanza,houseware,Nyamagana,Mo-Sa 08:00-18:00,Pamba,32.9022717,-2.5216208
mwanza_businesses.4693,4693,4693,8532206432,,,Lumumba,,,Mwanza,electronics,Nyamagana,Mo-Sa 08:00-18:00,Pamba,32.9023147,-2.5215564
mwanza_businesses.4694,4694,4694,8532203813,Chai Bora,,Chai Bora,,,Mwanza,shoes,Nyamagana,Mo-Sa 08:00-18:00,Pamba,32.9025922,-2.5215392
mwanza_businesses.4695,4695,4695,8532203747,Sokoni,,,,,Mwanza,jewelry,Nyamagana,Mo-Sa 08:00-18:00,Pamba,32.9025936,-2.5215136
mwanza_businesses.4696,4696,4696,8532206036,,,Rwegasore,,,Mwanza,mobile_phone,Nyamagana,Mo-Sa 08:00-18:00,Pamba,32.9021859,-2.5214921
mwanza_businesses.4697,4697,4697,8532206400,Chai Bora,,Chai Bora,,,Mwanza,shoes,Nyamagana,Mo-Sa 08:00-18:00,Pamba,32.9025507,-2.5214921
mwanza_businesses.4698,4698,4698,8532206085,Chai Bora,,Chai Bora,,,Mwanza,shoes,Nyamagana,Mo-Sa 08:00-18:00,Pamba,32.9025377,-2.521485
mwanza_businesses.4699,4699,4699,8532203749,,,Rwegasore,,,Mwanza,mobile_phone,Nyamagana,Mo-Sa 08:00-18:00,Pamba,32.9022074,-2.5214707
mwanza_businesses.4700,4700,4700,8532206087,Chai Bora,,Chai Bora,,,Mwanza,mobile_phone,Nyamagana,Mo-Sa 08:00-18:00,Pamba,32.9025377,-2.5214632
mwanza_businesses.4701,4701,4701,8532205693,,,Chai Bora,,,Mwanza,houseware,Nyamagana,Mo-Sa 08:00-18:00,Pamba,32.9023185,-2.5214561
mwanza_businesses.4702,4702,4702,8532206825,,,Rwegasore,,,Mwanza,mobile_phone,Nyamagana,Mo-Sa 08:00-18:00,Pamba,32.9022074,-2.5214493
mwanza_businesses.4703,4703,4703,8532206258,,,Lumumba,,,Mwanza,shoes,Nyamagana,Mo-Sa 08:00-18:00,Pamba,32.9022074,-2.5214278
mwanza_businesses.4704,4704,4704,8532205867,,,Rwegasore,,,Mwanza,shoes,Nyamagana,Mo-Sa 08:00-18:00,Pamba,32.9020572,-2.5214064
mwanza_businesses.4705,4705,4705,8532206151,Sokoni,,,,,Mwanza,mobile_phone,Nyamagana,Mo-Sa 08:00-18:00,Pamba,32.9025722,-2.5214064
mwanza_businesses.4706,4706,4706,4527906889,,,,Edna shop,,Mwanza,mobile_phone,Nyamagana,,Pamba,32.9023779,-2.5213493
mwanza_businesses.4707,4707,4707,8532205795,,,Lumumba,,,Mwanza,jewelry,Nyamagana,Mo-Sa 08:00-18:00,Pamba,32.9021567,-2.5213068
mwanza_businesses.4708,4708,4708,8532206360,,,Lumumba,,,Mwanza,mobile_phone,Nyamagana,Mo-Sa 08:00-18:00,Pamba,32.9023139,-2.5212411
mwanza_businesses.4709,4709,4709,8532205967,,,Chai Bora,,,Mwanza,bag,Nyamagana,Mo-Sa 08:00-18:00,Pamba,32.9025078,-2.521192
mwanza_businesses.4710,4710,4710,8532203800,,,Lumumba,,,Mwanza,bag,Nyamagana,Mo-Sa 08:00-18:00,Pamba,32.902203,-2.5211461
mwanza_businesses.4711,4711,4711,4527906789,,,,Ngozi electronics shop,,Mwanza,electronics,Nyamagana,,Pamba,32.9023794,-2.5211144
mwanza_businesses.4712,4712,4712,8532206875,,,Lumumba,,,Mwanza,jewelry,Nyamagana,Mo-Sa 08:00-18:00,Pamba,32.9022932,-2.5215779
mwanza_businesses.4713,4713,4713,8532206882,Chai Bora,,Chai Bora,,,Mwanza,clothes,Nyamagana,Mo-Sa 08:00-18:00,Pamba,32.9025285,-2.5216891
mwanza_businesses.4714,4714,4714,8532207000,Chai Bora,,Chai Bora,,,Mwanza,electronics,Nyamagana,Mo-Sa 08:00-18:00,Pamba,32.9024699,-2.5216618
mwanza_businesses.4715,4715,4715,8532207049,Chai Bora,,Chai Bora,,,Mwanza,electronics,Nyamagana,Mo-Sa 08:00-18:00,Pamba,32.9025091,-2.5215343
mwanza_businesses.4716,4716,4716,8532207051,,,Chai Bora,,,Mwanza,electronics,Nyamagana,Mo-Sa 08:00-18:00,Pamba,32.902365,-2.5214793
mwanza_businesses.4717,4717,4717,8532207100,,,Lumumba,,,Mwanza,houseware,Nyamagana,Mo-Sa 08:00-18:00,Pamba,32.9022932,-2.5216422
mwanza_businesses.4718,4718,4718,8532207104,,,Lumumba,,,Mwanza,mobile_phone,Nyamagana,Mo-Sa 08:00-18:00,Pamba,32.9022138,-2.5211536
mwanza_businesses.4719,4719,4719,8532207163,Chai Bora,,Chai Bora,Chelsea Phone,,Mwanza,mobile_phone,Nyamagana,Mo-Sa 08:00-18:00,Pamba,32.9025595,-2.521398
mwanza_businesses.4720,4720,4720,8532207327,,,Chai Bora,,,Mwanza,shoes,Nyamagana,Mo-Sa 08:00-18:00,Pamba,32.9024649,-2.5212563
mwanza_businesses.4721,4721,4721,4527823893,,,,,,Mwanza,photo,Nyamagana,,Pamba,32.9024831,-2.5212385
mwanza_businesses.4722,4722,4722,4527836092,,,,Bagesh Electronics Shop,,Mwanza,electronics,Nyamagana,,Pamba,32.9021306,-2.5214195
mwanza_businesses.4723,4723,4723,8532205743,,,Lumumba,,,Mwanza,houseware,Nyamagana,Mo-Sa 08:00-18:00,Pamba,32.9020142,-2.5216093
mwanza_businesses.4724,4724,4724,8532207173,,,Lumumba,,,Mwanza,houseware,Nyamagana,Mo-Sa 08:00-18:00,Pamba,32.9019608,-2.5216449
mwanza_businesses.4725,4725,4725,8532205519,,,Chai Bora,,,Mwanza,clothes,Nyamagana,Mo-Sa 08:00-18:00,Pamba,32.9025078,-2.521042
mwanza_businesses.4726,4726,4726,8532203771,,,Chai Bora,,,Mwanza,shoes,Nyamagana,Mo-Sa 08:00-18:00,Pamba,32.9025936,-2.521042
mwanza_businesses.4727,4727,4727,8532206108,,,Chai Bora,,,Mwanza,shoes,Nyamagana,Mo-Sa 08:00-18:00,Pamba,32.9025292,-2.5210205
mwanza_businesses.4728,4728,4728,8532206279,,,Lumumba,,,Mwanza,houseware,Nyamagana,Mo-Sa 08:00-18:00,Pamba,32.902317,-2.5209687
mwanza_businesses.4729,4729,4729,8532206846,,,,,,Mwanza,carpet,Nyamagana,Mo-Sa 08:00-18:00,Pamba,32.9023526,-2.5209687
mwanza_businesses.4730,4730,4730,8532206762,,,Lumumba,,,Mwanza,clothes,Nyamagana,Mo-Sa 08:00-18:00,Pamba,32.902627,-2.5209645
mwanza_businesses.4731,4731,4731,8532198789,,,Lumumba,,,Mwanza,carpet,Nyamagana,Mo-Sa 08:00-18:00,Pamba,32.9022814,-2.5209509
mwanza_businesses.4732,4732,4732,8532205888,,,Lumumba,,,Mwanza,carpet,Nyamagana,Mo-Sa 08:00-18:00,Pamba,32.902317,-2.5209509
mwanza_businesses.4733,4733,4733,8532205988,,,Lumumba,,,Mwanza,vacant,Nyamagana,,Pamba,32.9023576,-2.520849
mwanza_businesses.4734,4734,4734,8532205591,,,Lumumba,,,Mwanza,clothes,Nyamagana,Mo-Sa 08:00-18:00,Pamba,32.902422,-2.520849
mwanza_businesses.4735,4735,4735,8532206722,,,Lumumba,,,Mwanza,jewelry,Nyamagana,Mo-Sa 08:00-18:00,Pamba,32.902379,-2.5208276
mwanza_businesses.4736,4736,4736,8532206057,,,Lumumba,,,Mwanza,jewelry,Nyamagana,Mo-Sa 08:00-18:00,Pamba,32.9024005,-2.5208062
mwanza_businesses.4737,4737,4737,8532206158,,,Lumumba,,,Mwanza,vacant,Nyamagana,,Pamba,32.9023361,-2.5208062
mwanza_businesses.4738,4738,4738,8532205661,,,Lumumba,,,Mwanza,vacant,Nyamagana,Mo-Sa 08:00-18:00,Pamba,32.9023576,-2.5207847
mwanza_businesses.4739,4739,4739,8532205765,,,Lumumba,,,Mwanza,clothes,Nyamagana,Mo-Sa 08:00-18:00,Pamba,32.902422,-2.5207847
mwanza_businesses.4740,4740,4740,4527906989,,,,Vitambaa shop,,Mwanza,clothes,Nyamagana,,Pamba,32.9024649,-2.5205914
mwanza_businesses.4741,4741,4741,8532205838,,,Pamba A,,,Mwanza,bed,Nyamagana,Mo-Sa 09:00-20:00,Pamba,32.9025415,-2.5205102
mwanza_businesses.4742,4742,4742,8532207115,,,Lumumba,,,Mwanza,shoes,Nyamagana,Mo-Sa 08:00-18:00,Pamba,32.9025773,-2.5209479
mwanza_businesses.4743,4743,4743,8532207123,,,Lumumba,,,Mwanza,clothes,Nyamagana,Mo-Sa 08:00-18:00,Pamba,32.9024649,-2.5208276
mwanza_businesses.4744,4744,4744,8532207194,,,Pamba A,,,Mwanza,fabric,Nyamagana,Mo-Sa 09:00-17:00,Pamba,32.9025057,-2.5206479
mwanza_businesses.4745,4745,4745,8532207246,,,Lumumba,,,Mwanza,houseware,Nyamagana,Mo-Sa 08:00-18:00,Pamba,32.9023526,-2.5209865
mwanza_businesses.4746,4746,4746,4527906891,,,,Net Shop,,Mwanza,clothes,Nyamagana,,Pamba,32.9025936,-2.5206361
mwanza_businesses.4747,4747,4747,8532203740,,,Pamba A,,,Mwanza,clothes,Nyamagana,Mo-Sa 08:00-18:00,Pamba,32.9038596,-2.5207633
mwanza_businesses.4748,4748,4748,8532206342,,,pamba A,,,Mwanza,clothes,Nyamagana,24/7,Pamba,32.903864,-2.5207691
mwanza_businesses.4749,4749,4749,8532205681,,,Pamba A,,,Mwanza,hardware,Nyamagana,Mo-Su 09:00-21:00;Mo-Sa 08:00-18:00,Pamba,32.9038909,-2.5203344
mwanza_businesses.4750,4750,4750,8532215207,Nyerere Road,,"Pamba ""A""",Kisheni Enterprises Limited,,Mwanza,motorcycle,Nyamagana,Mo-Sa 08:00-18:00,Pamba,32.9038983,-2.520019
mwanza_businesses.4751,4751,4751,8532227090,Ribeti,,"Pamba ""A""",,,Mwanza,wholesale,Nyamagana,Mo-Su 09:00-21:00;Mo-Fr 09:00-17:00,Pamba,32.9039991,-2.5198329
mwanza_businesses.4752,4752,4752,8532226907,Ribeti,,"Pamba ""A""",,,Mwanza,wholesale,Nyamagana,Mo-Su 09:00-21:00,Pamba,32.9040804,-2.5198532
mwanza_businesses.4753,4753,4753,8532227036,Ribeti,,"Pamba ""A""",,,Mwanza,wholesale,Nyamagana,Mo-Fr 08:00-18:00; Sa-Su 08:00-15:00,Pamba,32.904121,-2.5198735
mwanza_businesses.4754,4754,4754,8532226904,Ribeti,,"Pamba ""A""",,,Mwanza,wholesale,Nyamagana,Mo-Fr 08:00-18:00; Sa-Su 08:00-15:00,Pamba,32.9041386,-2.5197129
mwanza_businesses.4755,4755,4755,8532227329,Ribeti,,"Pamba ""A""",,,Mwanza,wholesale,Nyamagana,Mo-Fr 08:00-18:00; Sa-Su 08:00-15:00,Pamba,32.9041616,-2.5198938
mwanza_businesses.4756,4756,4756,8532205937,,,Pamba A,,,Mwanza,supermarket,Nyamagana,Mo-Sa 08:00-18:00,Pamba,32.90416,-2.5204578
mwanza_businesses.4757,4757,4757,8532227441,Ribeti,,"Pamba ""A""",,,Mwanza,wholesale,Nyamagana,Mo-Fr 08:00-18:00; Sa-Su 08:00-15:00,Pamba,32.9042244,-2.5197772
mwanza_businesses.4758,4758,4758,8532215206,Ribeti,,"Pamba ""A""",,,Mwanza,wholesale,Nyamagana,Mo-Fr 08:00-18:00; Sa-Su 08:00-15:00,Pamba,32.9042459,-2.5197772
mwanza_businesses.4759,4759,4759,8532227386,Ribeti,,"Pamba ""A""",,,Mwanza,wholesale,Nyamagana,Mo-Fr 08:00-18:00; Sa-Su 08:00-15:00,Pamba,32.9042673,-2.5197986
mwanza_businesses.4760,4760,4760,8532226798,Nyerere Road,,"Pamba ""A""",Nabaki Africa Quality Building Products,+255784485443,Mwanza,hardware,Nyamagana,Mo-Sa 08:00-18:00,Pamba,32.9042673,-2.5202059
mwanza_businesses.4761,4761,4761,8532226922,Ribeti,,"Pamba ""A""",,,Mwanza,wholesale,Nyamagana,Mo-Fr 08:00-18:00; Sa-Su 08:00-15:00;Mo-Su 09:00-21:00;Mo-Fr 09:00-17:00,Pamba,32.9042835,-2.5199547
mwanza_businesses.4762,4762,4762,8532227148,Ribeti,,"Pamba ""A""",,,Mwanza,wholesale,Nyamagana,Mo-Fr 08:00-18:00; Sa-Su 08:00-15:00,Pamba,32.9042888,-2.5197986
mwanza_businesses.4763,4763,4763,8532226844,Ribeti,,"Pamba ""A""",,,Mwanza,wholesale,Nyamagana,Mo-Fr 08:00-18:00; Sa-Su 08:00-15:00,Pamba,32.9043531,-2.5198415
mwanza_businesses.4764,4764,4764,8532228321,Nyerere Road,,"Pamba ""A""",Shikole Investment,,Mwanza,hardware,Nyamagana,Mo-Sa 08:00-18:00,Pamba,32.9040527,-2.5200987
mwanza_businesses.4765,4765,4765,8532228499,Nyerere Road,,"Pamba ""A""",,,Mwanza,convenience,Nyamagana,,Pamba,32.9043102,-2.5201202
mwanza_businesses.4766,4766,4766,8532228551,Ribeti,,"Pamba ""A""",,,Mwanza,wholesale,Nyamagana,Mo-Fr 08:00-18:00; Sa-Su 08:00-15:00,Pamba,32.90416,-2.5197129
mwanza_businesses.4767,4767,4767,8532228735,Ribeti,,"Pamba ""A""",,,Mwanza,wholesale,Nyamagana,Mo-Fr 08:00-18:00; Sa-Su 08:00-15:00,Pamba,32.9043317,-2.5198201
mwanza_businesses.4768,4768,4768,8532228751,Nyerere Road,,"Pamba ""A""",,,Mwanza,hardware,Nyamagana,Mo-Sa 08:00-18:00,Pamba,32.9041386,-2.5201416
mwanza_businesses.4769,4769,4769,8532228798,Nyerere Road,,"Pamba ""A""",,0789439703,Mwanza,motorcycle,Nyamagana,Mo-Sa 08:00-18:00,Pamba,32.9039454,-2.5200559
mwanza_businesses.4770,4770,4770,8532228861,Nyerere Road,,"Pamba ""A""",S.J Kachwele Hardware Mwanza,0754567844,Mwanza,hardware,Nyamagana,Mo-Sa 08:00-18:00,Pamba,32.9042459,-2.5202059
mwanza_businesses.4771,4771,4771,8532228929,Ribeti,,"Pamba ""A""",,,Mwanza,wholesale,Nyamagana,Mo-Fr 08:00-18:00; Sa-Su 08:00-15:00,Pamba,32.9040956,-2.5196914
mwanza_businesses.4772,4772,4772,8532229114,Ribeti,,"Pamba ""A""",,,Mwanza,wholesale,Nyamagana,Mo-Su 09:00-21:00,Pamba,32.9040397,-2.5198329
mwanza_businesses.4773,4773,4774,8532226992,Julius Nyerere,,Pamba,,,Mwanza,electronics,Nyamagana,,Pamba,32.906692,-2.5213421
mwanza_businesses.4774,4774,4775,8532227606,Julius Nyerere,,Pamba,Makomola Ict,,Mwanza,video,Nyamagana,,Pamba,32.9067779,-2.5213421
mwanza_businesses.4775,4775,4776,8532228641,Julius Nyerere,,Pamba,,,Mwanza,copyshop,Nyamagana,,Pamba,32.9067135,-2.5213421
mwanza_businesses.4776,4776,4777,8532228989,Julius Nyerere,,Pamba,,,Mwanza,convenience,Nyamagana,,Pamba,32.9065633,-2.5212563
mwanza_businesses.4777,4777,4778,6083342285,,,,Tigo,,Mwanza,photo,Nyamagana,,Pamba,32.9060191,-2.5212488
mwanza_businesses.4778,4778,4779,8532226913,Julius Nyerere,,Pamba,Yunni Mini Super Markert,,Mwanza,supermarket,Nyamagana,,Pamba,32.9065418,-2.5212349
mwanza_businesses.4779,4779,4780,8532227342,Julius Nyerere,,Pamba,,,Mwanza,furniture,Nyamagana,,Pamba,32.9062161,-2.5210531
mwanza_businesses.4780,4780,4781,8532227104,Julius Nyerere,,Pamba,,,Mwanza,houseware,Nyamagana,,Pamba,32.9062396,-2.5210061
mwanza_businesses.4781,4781,4782,8532228376,Julius Nyerere,,Pamba,,,Mwanza,convenience,Nyamagana,,Pamba,32.9062843,-2.5209562
mwanza_businesses.4782,4782,4783,8532228992,Liberty,,Liberty,Jambo Plastic LTD.Mza branch,0785251646,Mwanza,wholesale,Nyamagana,Mo-Sa 08:00-18:00,Pamba,32.9063272,-2.520699
mwanza_businesses.4783,4783,4784,8532215199,Liberty,,Liberty,,,Mwanza,vacant,Nyamagana,,Pamba,32.906177,-2.5206775
mwanza_businesses.4784,4784,4785,8532226916,Liberty,,Liberty,,,Mwanza,convenience,Nyamagana,Mo-Sa 08:00-18:00,Pamba,32.9063916,-2.5206775
mwanza_businesses.4785,4785,4786,8532228915,Liberty,,Liberty,,,Mwanza,wholesale,Nyamagana,Mo-Sa 08:00-18:00,Pamba,32.9061556,-2.5206561
mwanza_businesses.4786,4786,4787,8532226838,Liberty,,Liberty,,,Mwanza,convenience,Nyamagana,Mo-Sa 08:00-18:00,Pamba,32.9061127,-2.5206347
mwanza_businesses.4787,4787,4788,8532228485,Liberty,,Liberty,,,Mwanza,houseware,Nyamagana,Mo-Sa 08:00-18:00,Pamba,32.9061556,-2.5206132
mwanza_businesses.4788,4788,4789,8532228354,Liberty,,Liberty,,,Mwanza,vacant,Nyamagana,,Pamba,32.9061985,-2.5206132
mwanza_businesses.4789,4789,4790,8532228784,Liberty,,Liberty,,,Mwanza,vacant,Nyamagana,,Pamba,32.9060483,-2.5205918
mwanza_businesses.4790,4790,4791,8532227318,Liberty,,Liberty,,,Mwanza,vacant,Nyamagana,,Pamba,32.9060698,-2.5205704
mwanza_businesses.4791,4791,4792,8532226893,Liberty,,Liberty,,,Mwanza,vacant,Nyamagana,,Pamba,32.9061556,-2.5205704
mwanza_businesses.4792,4792,4793,8532228540,Liberty,,Liberty,,,Mwanza,convenience,Nyamagana,Mo-Sa 08:00-18:00,Pamba,32.9060268,-2.5205704
mwanza_businesses.4793,4793,4794,8532227505,Liberty,,Liberty,,,Mwanza,vacant,Nyamagana,,Pamba,32.906177,-2.5205489
mwanza_businesses.4794,4794,4795,8532228968,Liberty,,Liberty,,,Mwanza,houseware,Nyamagana,Mo-Sa 08:00-18:00,Pamba,32.9059839,-2.5205489
mwanza_businesses.4795,4795,4796,8532229023,Liberty,,Liberty,,,Mwanza,vacant,Nyamagana,,Pamba,32.9060698,-2.5205275
mwanza_businesses.4796,4796,4797,8532227560,Liberty,,Liberty,,,Mwanza,houseware,Nyamagana,Mo-Sa 08:00-18:00,Pamba,32.906177,-2.520506
mwanza_businesses.4797,4797,4798,8532228595,Liberty,,Liberty,,,Mwanza,vacant,Nyamagana,,Pamba,32.9060268,-2.520506
mwanza_businesses.4798,4798,4799,8532227001,Liberty,,Liberty,,,Mwanza,vacant,Nyamagana,,Pamba,32.9060912,-2.5204846
mwanza_businesses.4799,4799,4800,8532228650,Liberty,,Liberty,,,Mwanza,vacant,Nyamagana,,Pamba,32.9060268,-2.5204632
mwanza_businesses.4800,4800,4801,4400101792,,,,Yuni Supermarket,,Mwanza,supermarket,Nyamagana,,Pamba,32.9061265,-2.5210184
mwanza_businesses.4801,4801,4802,8532227395,Nyerere Road,,"Pamba ""A""",City Music Sound Mwanza,+255787442380,Mwanza,electronics,Nyamagana,Mo-Sa 08:00-18:00,Pamba,32.9045677,-2.5203345
mwanza_businesses.4802,4802,4803,8532227158,Nyerere Road,,"Pamba ""A""",,,Mwanza,wholesale,Nyamagana,Mo-Sa 08:00-18:00,Pamba,32.9047608,-2.5203345
mwanza_businesses.4803,4803,4804,8532228620,Nyerere Road,,"Pamba ""A""",,,Mwanza,wholesale,Nyamagana,Mo-Sa 08:00-18:00,Pamba,32.9047394,-2.5203345
mwanza_businesses.4804,4804,4805,8532229048,Nyerere Road,,"Pamba ""A""",,,Mwanza,convenience,Nyamagana,Mo-Sa 08:00-18:00,Pamba,32.9045892,-2.5203345
mwanza_businesses.4805,4805,4806,8532227582,Nyerere Road,,"Pamba ""A""",,,Mwanza,electronics,Nyamagana,Mo-Sa 08:00-18:00,Pamba,32.9045463,-2.5203131
mwanza_businesses.4806,4806,4807,8532228808,Nyerere Road,,"Pamba ""A""",,,Mwanza,wholesale,Nyamagana,Mo-Sa 08:00-18:00,Pamba,32.9048038,-2.5203131
mwanza_businesses.4807,4807,4808,8532226730,Nyerere Road,,"Pamba ""A""",,,Mwanza,wholesale,Nyamagana,Mo-Sa 08:00-18:00,Pamba,32.904818,-2.5203121
mwanza_businesses.4808,4808,4809,8532227025,Nyerere Road,,"Pamba ""A""",,,Mwanza,clothes,Nyamagana,,Pamba,32.9045248,-2.5202917
mwanza_businesses.4809,4809,4810,8532228998,Nyerere Road,,"Pamba ""A""",,,Mwanza,wholesale,Nyamagana,Mo-Sa 08:00-18:00,Pamba,32.9044819,-2.5202702
mwanza_businesses.4810,4810,4811,8532227640,Nyerere Road,,"Pamba ""A""",,,Mwanza,wholesale,Nyamagana,Mo-Sa 08:00-18:00,Pamba,32.9048398,-2.5202643
mwanza_businesses.4811,4811,4812,8532228675,Nyerere Road,,"Pamba ""A""",,,Mwanza,wholesale,Nyamagana,Mo-Sa 08:00-18:00,Pamba,32.9044604,-2.5202488
mwanza_businesses.4812,4812,4813,8532227210,Nyerere Road,,"Pamba ""A""",,,Mwanza,wholesale,Nyamagana,Mo-Sa 08:00-18:00,Pamba,32.904439,-2.5202274
mwanza_businesses.4813,4813,4814,8532226784,Nyerere Road,,"Pamba ""A""",,,Mwanza,wholesale,Nyamagana,Mo-Sa 08:00-18:00,Pamba,32.9048467,-2.5202274
mwanza_businesses.4814,4814,4815,8532228384,Nyerere Road,,"Pamba ""A""",,,Mwanza,clothes,Nyamagana,Mo-Sa 08:00-18:00,Pamba,32.9048252,-2.5202059
mwanza_businesses.4815,4815,4816,8532227164,Nyerere Road,,Pamba,,,Mwanza,wholesale,Nyamagana,Mo-Sa 08:00-18:00,Pamba,32.9047608,-2.5201845
mwanza_businesses.4816,4816,4817,8532227031,Nyerere Road,,"Pamba ""A""",,,Mwanza,convenience,Nyamagana,Mo-Sa 08:00-18:00,Pamba,32.9048038,-2.5201845
mwanza_businesses.4817,4817,4818,8532228431,Nyerere Road,,"Pamba ""A""",,,Mwanza,wholesale,Nyamagana,Mo-Sa 08:00-18:00,Pamba,32.9047394,-2.520163
mwanza_businesses.4818,4818,4819,8532227519,Nyerere Road,,"Pamba ""A""",Mang'ula Complex Electronics & Accessories,0626381234,Mwanza,electronics,Nyamagana,Mo-Sa 08:00-18:00,Pamba,32.9043746,-2.5201416
mwanza_businesses.4819,4819,4820,8532226736,Nyerere Road,,"Pamba ""A""",,,Mwanza,wholesale,Nyamagana,Mo-Sa 08:00-18:00,Pamba,32.9047179,-2.5201416
mwanza_businesses.4820,4820,4821,8532227590,Nyerere Road,,"Pamba ""A""",,,Mwanza,wholesale,Nyamagana,Mo-Sa 08:00-18:00,Pamba,32.9046959,-2.520123
mwanza_businesses.4821,4821,4822,8532227456,Nyerere Road,,"Pamba ""A""",,,Mwanza,wholesale,Nyamagana,Mo-Sa 08:00-18:00,Pamba,32.904675,-2.5201202
mwanza_businesses.4822,4822,4823,8532227348,Ribeti,,"Pamba ""A""",,,Mwanza,wholesale,Nyamagana,Mo-Sa 08:00-18:00,Pamba,32.9046535,-2.5201202
mwanza_businesses.4823,4823,4824,8532227218,Ribeti,,"Pamba ""A""",,,Mwanza,wholesale,Nyamagana,Mo-Sa 08:00-18:00,Pamba,32.9046106,-2.5200987
mwanza_businesses.4824,4824,4825,8532228437,Ribeti,,"Pamba ""A""",,,Mwanza,wholesale,Nyamagana,Mo-Sa 08:00-18:00,Pamba,32.9045033,-2.5200987
mwanza_businesses.4825,4825,4826,8532227141,Ribeti,,"Pamba ""A""",,,Mwanza,wholesale,Nyamagana,Mo-Su 09:00-21:00;Mo-Sa 08:00-18:00,Pamba,32.9045677,-2.5200773
mwanza_businesses.4826,4826,4827,8532228546,Ribeti,,"Pamba ""A""",,,Mwanza,wholesale,Nyamagana,Mo-Sa 08:00-18:00,Pamba,32.9045248,-2.5200773
mwanza_businesses.4827,4827,4828,8532228414,Ribeti,,"Pamba ""A""",,,Mwanza,wholesale,Nyamagana,Mo-Fr 08:00-18:00; Sa-Su 08:00-15:00,Pamba,32.9048467,-2.5200344
mwanza_businesses.4828,4828,4829,8532228360,Ribeti,,"Pamba ""A""",,,Mwanza,wholesale,Nyamagana,Mo-Fr 08:00-18:00; Sa-Su 08:00-15:00,Pamba,32.9048038,-2.520013
mwanza_businesses.4829,4829,4830,8532227110,Ribeti,,"Pamba ""A""",,,Mwanza,wholesale,Nyamagana,Mo-Fr 08:00-18:00; Sa-Su 08:00-15:00,Pamba,32.9048252,-2.520013
mwanza_businesses.4830,4830,4831,8532229103,Nyerere Road,,"Pamba ""A""",,,Mwanza,wholesale,Nyamagana,Mo-Sa 08:00-18:00,Pamba,32.9045033,-2.5202917
mwanza_businesses.4831,4831,4832,4547819893,,,,Zec Electronics,,Mwanza,electronics,Nyamagana,,Pamba,32.900057,-2.5224354
mwanza_businesses.4832,4832,4833,8532206249,,,Rumumba,,,Mwanza,electronics,Nyamagana,Mo-Sa 09:00-20:00,Pamba,32.900126,-2.5227998
mwanza_businesses.4833,4833,4834,8532207215,,,Rumumba,,,Mwanza,houseware,Nyamagana,Mo-Su 09:00-21:00,Pamba,32.900126,-2.5228212
mwanza_businesses.4834,4834,4835,8532205604,,,Rumumba,,,Mwanza,stationery,Nyamagana,Mo-Fr 09:00-17:00,Pamba,32.9001474,-2.5227569
mwanza_businesses.4835,4835,4836,8532205857,,,Rumumba,,,Mwanza,convenience,Nyamagana,Mo-Fr 09:00-17:00,Pamba,32.9001474,-2.5227998
mwanza_businesses.4836,4836,4837,8532207312,,,Rumumba,,,Mwanza,bag,Nyamagana,Mo-Sa 09:00-17:00,Pamba,32.9001474,-2.5226497
mwanza_businesses.4837,4837,4838,8532207155,,,Rumumba,,,Mwanza,furniture,Nyamagana,Mo-Sa 09:00-20:00,Pamba,32.9001474,-2.5224354
mwanza_businesses.4838,4838,4839,8532206815,,,Rumumba,,,Mwanza,houseware,Nyamagana,Mo-Sa 09:00-20:00,Pamba,32.9001474,-2.5228212
mwanza_businesses.4839,4839,4840,8532207332,,,Rumumba,,,Mwanza,houseware,Nyamagana,Mo-Su 09:00-21:00,Pamba,32.9001474,-2.5226069
mwanza_businesses.4840,4840,4841,8532206078,,,Rumumba,,,Mwanza,furniture,Nyamagana,Mo-Sa 09:00-20:00,Pamba,32.9001689,-2.5229284
mwanza_businesses.4841,4841,4842,8532203741,,,Rumumba,,,Mwanza,jewelry,Nyamagana,Mo-Fr 09:00-17:00,Pamba,32.9001904,-2.5229927
mwanza_businesses.4842,4842,4843,8532205682,,,Rumumba,,,Mwanza,houseware,Nyamagana,Mo-Fr 09:00-17:00,Pamba,32.9001904,-2.522907
mwanza_businesses.4843,4843,4844,8532207042,,,Rumumba,,,Mwanza,furniture,Nyamagana,Mo-Sa 09:00-20:00,Pamba,32.9002118,-2.523057
mwanza_businesses.4844,4844,4845,4547819894,,,,Goldstar Paints,,Mwanza,hardware,Nyamagana,,Pamba,32.9002213,-2.5224031
mwanza_businesses.4845,4845,4846,8532206329,,,Rumumba,,,Mwanza,furniture,Nyamagana,Mo-Sa 09:00-20:00,Pamba,32.9002547,-2.5232285
mwanza_businesses.4846,4846,4847,8532206106,,,Rumumba,,,Mwanza,copyshop,Nyamagana,Mo-Fr 09:00-17:00,Pamba,32.9002762,-2.5232285
mwanza_businesses.4847,4847,4848,8532207137,,,Rumumba,,,Mwanza,hardware,Nyamagana,Mo-Su 09:00-21:00,Pamba,32.9002976,-2.5227569
mwanza_businesses.4848,4848,4849,8532206379,,,Rumumba,,,Mwanza,convenience,Nyamagana,Mo-Su 09:00-21:00,Pamba,32.9003191,-2.5233357
mwanza_businesses.4849,4849,4850,8532203770,,,Rumumba,,,Mwanza,copyshop,Nyamagana,Mo-Fr 09:00-17:00,Pamba,32.9003406,-2.5233357
mwanza_businesses.4850,4850,4851,8532206157,,,Rumumba,,,Mwanza,books,Nyamagana,Mo-Sa 09:00-20:00,Pamba,32.900362,-2.5232928
mwanza_businesses.4851,4851,4852,8532227566,Ribeti,,"Pamba ""A""",,,Mwanza,wholesale,Nyamagana,Mo-Fr 08:00-18:00; Sa-Su 08:00-15:00,Pamba,32.904911,-2.5200559
mwanza_businesses.4852,4852,4853,8532227595,Ribeti,,"Pamba ""A""",,,Mwanza,wholesale,Nyamagana,Mo-Fr 08:00-18:00; Sa-Su 08:00-15:00,Pamba,32.9049325,-2.5200773
mwanza_businesses.4853,4853,4854,8532227433,Ribeti,,"Pamba ""A""",,,Mwanza,wholesale,Nyamagana,Mo-Fr 08:00-18:00; Sa-Su 08:00-15:00,Pamba,32.904954,-2.5200773
mwanza_businesses.4854,4854,4855,8532227007,Ribeti,,"Pamba ""A""",,,Mwanza,wholesale,Nyamagana,Mo-Sa 08:00-18:00,Pamba,32.9050352,-2.5200765
mwanza_businesses.4855,4855,4856,8532227623,Ribeti,,"Pamba ""A""",,,Mwanza,wholesale,Nyamagana,Mo-Fr 08:00-18:00; Sa-Su 08:00-15:00,Pamba,32.9050555,-2.5199141
mwanza_businesses.4856,4856,4857,8532228387,Ribeti,,"Pamba ""A""",,,Mwanza,wholesale,Nyamagana,Mo-Sa 08:00-18:00,Pamba,32.9050555,-2.5200765
mwanza_businesses.4857,4857,4858,8532226768,Ribeti,,"Pamba ""A""",,,Mwanza,wholesale,Nyamagana,Mo-Sa 08:00-18:00,Pamba,32.9050961,-2.5200359
mwanza_businesses.4858,4858,4859,8532227351,Ribeti,,"Pamba ""A""",,,Mwanza,wholesale,Nyamagana,Mo-Fr 08:00-18:00; Sa-Su 08:00-15:00,Pamba,32.9050961,-2.5198532
mwanza_businesses.4859,4859,4860,8532227195,Ribeti,,"Pamba ""A""",,,Mwanza,wholesale,Nyamagana,Mo-Sa 08:00-18:00,Pamba,32.9051368,-2.519975
mwanza_businesses.4860,4860,4861,8532226925,Ribeti,,"Pamba ""A""",,,Mwanza,wholesale,Nyamagana,Mo-Fr 08:00-18:00; Sa-Su 08:00-15:00,Pamba,32.9051685,-2.5199058
mwanza_businesses.4861,4861,4862,8532227539,Ribeti,,"Pamba ""A""",,,Mwanza,wholesale,Nyamagana,Mo-Fr 08:00-18:00; Sa-Su 08:00-15:00,Pamba,32.9051774,-2.5198126
mwanza_businesses.4862,4862,4863,8532226795,Ribeti,,"Pamba ""A""",,,Mwanza,wholesale,Nyamagana,Mo-Fr 08:00-18:00; Sa-Su 08:00-15:00,Pamba,32.9051774,-2.5198329
mwanza_businesses.4863,4863,4864,8532227651,Ribeti,,"Pamba ""A""",,,Mwanza,wholesale,Nyamagana,Mo-Fr 08:00-18:00; Sa-Su 08:00-15:00,Pamba,32.9052587,-2.5197315
mwanza_businesses.4864,4864,4865,8532227662,Liberty,,Liberty,,,Mwanza,houseware,Nyamagana,Mo-Sa 08:00-18:00,Pamba,32.9052758,-2.5202488
mwanza_businesses.4865,4865,4866,8532227101,Liberty,,Liberty,,,Mwanza,houseware,Nyamagana,Mo-Sa 08:00-18:00,Pamba,32.9052973,-2.5202274
mwanza_businesses.4866,4866,4867,8532227111,Liberty,,Liberty,,,Mwanza,houseware,Nyamagana,Mo-Sa 08:00-18:00,Pamba,32.9053402,-2.5200987
mwanza_businesses.4867,4867,4868,8532228333,Liberty,,Liberty,,,Mwanza,houseware,Nyamagana,Mo-Sa 08:00-18:00,Pamba,32.9053831,-2.5202488
mwanza_businesses.4868,4868,4869,8532227527,Liberty,,Liberty,,,Mwanza,houseware,Nyamagana,Mo-Sa 08:00-18:00,Pamba,32.905426,-2.5202488
mwanza_businesses.4869,4869,4870,8532228468,Ribeti,,"Pamba ""A""",,,Mwanza,wholesale,Nyamagana,Mo-Sa 08:00-18:00,Pamba,32.9049946,-2.5200562
mwanza_businesses.4870,4870,4871,8532228562,Liberty,,Liberty,,,Mwanza,wholesale,Nyamagana,Mo-Sa 08:00-18:00,Pamba,32.9054046,-2.5202488
mwanza_businesses.4871,4871,4872,8532228574,Liberty,,Liberty,Tanzania Cuterias MFG LTD,,Mwanza,houseware,Nyamagana,Mo-Sa 08:00-18:00,Pamba,32.9052544,-2.5202274
mwanza_businesses.4872,4872,4873,8532228630,Liberty,,Liberty,,,Mwanza,houseware,Nyamagana,Mo-Sa 08:00-18:00,Pamba,32.905426,-2.5202917
mwanza_businesses.4873,4873,4874,8532228657,Ribeti,,"Pamba ""A""",,,Mwanza,wholesale,Nyamagana,Mo-Sa 09:00-17:00,Pamba,32.9050758,-2.5200968
mwanza_businesses.4874,4874,4875,8532228683,Ribeti,,"Pamba ""A""",,,Mwanza,wholesale,Nyamagana,Mo-Fr 08:00-18:00; Sa-Su 08:00-15:00,Pamba,32.905218,-2.5197315
mwanza_businesses.4875,4875,4876,8532228763,Liberty,,Liberty,,,Mwanza,houseware,Nyamagana,Mo-Sa 08:00-18:00,Pamba,32.9053831,-2.5199916
mwanza_businesses.4876,4876,4877,8532229001,Ribeti,,"Pamba ""A""",,,Mwanza,wholesale,Nyamagana,Mo-Fr 08:00-18:00; Sa-Su 08:00-15:00,Pamba,32.9051571,-2.5198938
mwanza_businesses.4877,4877,4878,8532229087,Ribeti,,"Pamba ""A""",,,Mwanza,wholesale,Nyamagana,Mo-Fr 08:00-18:00; Sa-Su 08:00-15:00,Pamba,32.9050352,-2.5199953
mwanza_businesses.4878,4878,4879,4404695790,,,,Lucky star bus office,,Mwanza,ticket,Nyamagana,,Pamba,32.9085347,-2.5219616
mwanza_businesses.4879,4879,4880,4404891789,,,,Bunda bus office,,Mwanza,ticket,Nyamagana,,Pamba,32.908708,-2.5219783
mwanza_businesses.4880,4880,4881,8532226936,,,Nata,,,Mwanza,kiosk,Nyamagana,Mo-Su 09:00-21:00,Pamba,32.9092071,-2.5220411
mwanza_businesses.4881,4881,4882,8532205973,Sokoni,,,,,Mwanza,bed,Nyamagana,Mo-Sa 08:00-18:00,Pamba,32.9040098,-2.5218351
mwanza_businesses.4882,4882,4883,8532198808,sokoni,,,,,Mwanza,clothes,Nyamagana,Mo-Sa 08:00-18:00,Pamba,32.9041386,-2.5217494
mwanza_businesses.4883,4883,4884,8532205673,Sokoni,,,,,Mwanza,clothes,Nyamagana,Mo-Sa 08:00-18:00,Pamba,32.9042244,-2.5216422
mwanza_businesses.4884,4884,4885,8532205835,Sokoni,,,,,Mwanza,clothes,Nyamagana,Mo-Sa 08:00-18:00,Pamba,32.9041171,-2.5216208
mwanza_businesses.4885,4885,4886,8532205734,Sokoni,,,,,Mwanza,clothes,Nyamagana,Mo-Sa 08:00-18:00,Pamba,32.9042459,-2.5214064
mwanza_businesses.4886,4886,4887,8532205725,Sokoni,,,,,Mwanza,fabric,Nyamagana,Mo-Sa 08:00-18:00,Pamba,32.9042673,-2.5214064
mwanza_businesses.4887,4887,4888,8532206033,Julius Nyerere,,Pamba,,,Mwanza,car_parts,Nyamagana,,Pamba,32.9053577,-2.5211867
mwanza_businesses.4888,4888,4889,8532206255,Julius Nyerere,,Pamba,,,Mwanza,convenience,Nyamagana,,Pamba,32.9057479,-2.5211491
mwanza_businesses.4889,4889,4890,4404638491,,,,Samsung store,,Mwanza,electronics,Nyamagana,,Pamba,32.9052424,-2.5211178
mwanza_businesses.4890,4890,4891,8532206055,Pamba,,Pamba,,,Mwanza,car_repair,Nyamagana,,Pamba,32.9050183,-2.521042
mwanza_businesses.4891,4891,4892,8532206428,Julius Nyerere,,Pamba,,,Mwanza,wholesale,Nyamagana,,Pamba,32.9052114,-2.521042
mwanza_businesses.4892,4892,4893,8532205659,,,pamba A,,,Mwanza,clothes,Nyamagana,24/7,Pamba,32.9045378,-2.5210221
mwanza_businesses.4893,4893,4894,8532206768,Julius Nyerere,,Pamba,,,Mwanza,electronics,Nyamagana,,Pamba,32.9054689,-2.5210205
mwanza_businesses.4894,4894,4895,8532207169,Julius Nyerere,,Pamba,,,Mwanza,convenience,Nyamagana,,Pamba,32.9053617,-2.5209777
mwanza_businesses.4895,4895,4896,8532228507,Julius Nyerere,,Pamba,,,Mwanza,bicycle,Nyamagana,,Pamba,32.9058337,-2.5209133
mwanza_businesses.4896,4896,4897,8532205808,,,pamba A,,,Mwanza,wholesale,Nyamagana,24/7,Pamba,32.9041127,-2.5208611
mwanza_businesses.4897,4897,4898,8532227046,Julius Nyerere,,Pamba,,,Mwanza,houseware,Nyamagana,,Pamba,32.9058766,-2.520849
mwanza_businesses.4898,4898,4899,8532207340,pamba A,,Pamba,,,Mwanza,clothes,Nyamagana,Mo-Sa 08:00-18:00,Pamba,32.9039865,-2.5208084
mwanza_businesses.4899,4899,4900,8532227263,Julius Nyerere,,Pamba,,,Mwanza,hardware,Nyamagana,,Pamba,32.9056835,-2.5207204
mwanza_businesses.4900,4900,4901,8532228696,Julius Nyerere,,Pamba,,,Mwanza,houseware,Nyamagana,,Pamba,32.9053402,-2.5206347
mwanza_businesses.4901,4901,4902,4453879204,,,,Mobisol,,Mwanza,electronics,Nyamagana,,Pamba,32.9051991,-2.5205896
mwanza_businesses.4902,4902,4903,8532227372,Liberty,,Liberty,,,Mwanza,houseware,Nyamagana,Mo-Sa 08:00-18:00,Pamba,32.9059196,-2.5205489
mwanza_businesses.4903,4903,4904,8532228408,Liberty,,Liberty,,,Mwanza,houseware,Nyamagana,Mo-Sa 08:00-18:00,Pamba,32.9058766,-2.5205275
mwanza_businesses.4904,4904,4905,8532226946,Liberty,,Liberty,,,Mwanza,houseware,Nyamagana,,Pamba,32.9059148,-2.5205086
mwanza_businesses.4905,4905,4906,8532227472,Julius Nyerere,,Pamba,Shamm's,,Mwanza,electronics,Nyamagana,,Pamba,32.9051471,-2.520506
mwanza_businesses.4906,4906,4907,8532227134,Liberty,,Liberty,,,Mwanza,houseware,Nyamagana,Mo-Sa 08:00-18:00,Pamba,32.9057908,-2.5204846
mwanza_businesses.4907,4907,4908,8532227426,Liberty,,Liberty,,,Mwanza,houseware,Nyamagana,Mo-Sa 08:00-18:00,Pamba,32.9057693,-2.5204632
mwanza_businesses.4908,4908,4909,8532227188,Liberty,,Liberty,,,Mwanza,houseware,Nyamagana,Mo-Sa 08:00-18:00,Pamba,32.9057908,-2.5204203
mwanza_businesses.4909,4909,4910,8532228626,Nyerere Road,,"Pamba ""A""",,,Mwanza,electronics,Nyamagana,Mo-Sa 08:00-18:00,Pamba,32.9046965,-2.520356
mwanza_businesses.4910,4910,4911,8532228729,Nyerere Road,,"Pamba ""A""",,,Mwanza,electronics,Nyamagana,Mo-Sa 08:00-18:00,Pamba,32.9046106,-2.520356
mwanza_businesses.4911,4911,4912,8532228814,Nyerere Road,,"Pamba ""A""",,,Mwanza,clothes,Nyamagana,Mo-Sa 08:00-18:00,Pamba,32.9046535,-2.520356
mwanza_businesses.4912,4912,4913,8532227616,Liberty,,Liberty,,,Mwanza,vacant,Nyamagana,,Pamba,32.9056424,-2.5203455
mwanza_businesses.4913,4913,4914,8532226760,Liberty,,Liberty,,,Mwanza,houseware,Nyamagana,Mo-Sa 08:00-18:00,Pamba,32.9056974,-2.5203383
mwanza_businesses.4914,4914,4915,8532227233,Liberty,,Liberty,,,Mwanza,houseware,Nyamagana,Mo-Sa 08:00-18:00,Pamba,32.9054866,-2.520323
mwanza_businesses.4915,4915,4916,8532228817,Liberty,,Liberty,,,Mwanza,houseware,Nyamagana,Mo-Sa 08:00-18:00,Pamba,32.9055119,-2.5203345
mwanza_businesses.4916,4916,4917,8532228838,Liberty,,Liberty,,,Mwanza,convenience,Nyamagana,Mo-Sa 08:00-18:00,Pamba,32.9056648,-2.5203455
mwanza_businesses.4917,4917,4918,8532228936,Julius Nyerere,,Pamba,Africab,,Mwanza,electronics,Nyamagana,,Pamba,32.9058766,-2.5208919
mwanza_businesses.4918,4918,4919,8532229056,Liberty,,Liberty,,,Mwanza,bicycle,Nyamagana,Mo-Sa 08:00-18:00,Pamba,32.9055333,-2.5203131
mwanza_businesses.4919,4919,4920,8532229079,Liberty,,Liberty,,,Mwanza,houseware,Nyamagana,Mo-Sa 08:00-18:00,Pamba,32.9057479,-2.5204417
mwanza_businesses.4920,4920,4921,8532229124,Julius Nyerere,,Pamba,,,Mwanza,houseware,Nyamagana,,Pamba,32.9054475,-2.5206561
mwanza_businesses.4921,4921,4922,8532229133,Liberty,,Liberty,,,Mwanza,houseware,Nyamagana,Mo-Sa 08:00-18:00,Pamba,32.9056621,-2.5203131
mwanza_businesses.4922,4922,4923,8532229157,Julius Nyerere,,Pamba,,,Mwanza,convenience,Nyamagana,,Pamba,32.905941,-2.5207633
mwanza_businesses.4923,4923,4924,8532229179,Liberty,,Liberty,,,Mwanza,houseware,Nyamagana,Mo-Sa 08:00-18:00,Pamba,32.9055333,-2.5202917
mwanza_businesses.4924,4924,4925,4400098291,,,,Tecno Electronics Shop,,Mwanza,electronics,Nyamagana,,Pamba,32.905143,-2.5205013
mwanza_businesses.4925,4925,4926,8532228974,Ribeti,,"Pamba ""A""",,,Mwanza,wholesale,Nyamagana,Mo-Fr 08:00-18:00; Sa-Su 08:00-15:00,Pamba,32.9047823,-2.5199916
mwanza_businesses.4926,4926,4927,8532226790,Ribeti,,"Pamba ""A""",,,Mwanza,wholesale,Nyamagana,Mo-Fr 08:00-18:00; Sa-Su 08:00-15:00,Pamba,32.9044449,-2.5199862
mwanza_businesses.4927,4927,4928,8532226720,Ribeti,,"Pamba ""A""",,,Mwanza,wholesale,Nyamagana,Mo-Fr 08:00-18:00; Sa-Su 08:00-15:00,Pamba,32.9043966,-2.5199716
mwanza_businesses.4928,4928,4929,8532227646,Ribeti,,"Pamba ""A""",,,Mwanza,wholesale,Nyamagana,Mo-Fr 08:00-18:00; Sa-Su 08:00-15:00,Pamba,32.904675,-2.5199487
mwanza_businesses.4929,4929,4930,8532227481,Ribeti,,"Pamba ""A""",,,Mwanza,wholesale,Nyamagana,Mo-Fr 08:00-18:00; Sa-Su 08:00-15:00,Pamba,32.9046535,-2.5199487
mwanza_businesses.4930,4930,4931,8532226953,Ribeti,,"Pamba ""A""",,,Mwanza,wholesale,Nyamagana,Mo-Fr 08:00-18:00; Sa-Su 08:00-15:00;Mo-Su 09:00-21:00,Pamba,32.9045677,-2.5199272
mwanza_businesses.4931,4931,4932,8532227377,Ribeti,,"Pamba ""A""",,,Mwanza,wholesale,Nyamagana,Mo-Fr 08:00-18:00; Sa-Su 08:00-15:00,Pamba,32.9047394,-2.5199272
mwanza_businesses.4932,4932,4933,8532227536,Ribeti,,"Pamba ""A""",,,Mwanza,wholesale,Nyamagana,Mo-Fr 08:00-18:00; Sa-Su 08:00-15:00;Mo-Su 09:00-21:00,Pamba,32.9046321,-2.5199058
mwanza_businesses.4933,4933,4934,8532226977,Ribeti,,"Pamba ""A""",,,Mwanza,wholesale,Nyamagana,Mo-Fr 08:00-18:00; Sa-Su 08:00-15:00,Pamba,32.9046965,-2.5199058
mwanza_businesses.4934,4934,4935,8532228867,Ribeti,,"Pamba ""A""",,,Mwanza,wholesale,Nyamagana,Mo-Fr 08:00-18:00; Sa-Su 08:00-15:00;Mo-Su 09:00-21:00,Pamba,32.9045463,-2.5199058
mwanza_businesses.4935,4935,4936,8532227085,Ribeti,,"Pamba ""A""",,,Mwanza,wholesale,Nyamagana,Mo-Fr 08:00-18:00; Sa-Su 08:00-15:00,Pamba,32.9047608,-2.5198844
mwanza_businesses.4936,4936,4937,8532228571,Ribeti,,"Pamba ""A""",,,Mwanza,wholesale,Nyamagana,Mo-Fr 08:00-18:00; Sa-Su 08:00-15:00,Pamba,32.9044819,-2.5198844
mwanza_businesses.4937,4937,4938,8532227401,Ribeti,,"Pamba ""A""",,,Mwanza,wholesale,Nyamagana,Mo-Fr 08:00-18:00; Sa-Su 08:00-15:00,Pamba,32.9044604,-2.5198629
mwanza_businesses.4938,4938,4939,8532228689,Ribeti,,"Pamba ""A""",,,Mwanza,wholesale,Nyamagana,Mo-Fr 08:00-18:00; Sa-Su 08:00-15:00,Pamba,32.904439,-2.5198629
mwanza_businesses.4939,4939,4940,8532228845,Ribeti,,"Pamba ""A""",,,Mwanza,wholesale,Nyamagana,Mo-Fr 08:00-18:00; Sa-Su 08:00-15:00,Pamba,32.9045677,-2.5198629
mwanza_businesses.4940,4940,4941,8532228554,Ribeti,,"Pamba ""A""",,,Mwanza,wholesale,Nyamagana,Mo-Fr 08:00-18:00; Sa-Su 08:00-15:00,Pamba,32.9043746,-2.5198415
mwanza_businesses.4941,4941,4942,8532227269,Ribeti,,"Pamba ""A""",,,Mwanza,wholesale,Nyamagana,Mo-Fr 08:00-18:00; Sa-Su 08:00-15:00;Mo-Su 09:00-21:00,Pamba,32.904675,-2.5198201
mwanza_businesses.4942,4942,4943,8532229029,Ribeti,,"Pamba ""A""",,,Mwanza,wholesale,Nyamagana,,Pamba,32.9047394,-2.5198201
mwanza_businesses.4943,4943,4944,8532228790,Ribeti,,"Pamba ""A""",,,Mwanza,wholesale,Nyamagana,Mo-Fr 08:00-18:00; Sa-Su 08:00-15:00,Pamba,32.9048038,-2.5197986
mwanza_businesses.4944,4944,4945,8532227512,Ribeti,,"Pamba ""A""",,,Mwanza,wholesale,Nyamagana,Mo-Fr 08:00-18:00; Sa-Su 08:00-15:00,Pamba,32.9046965,-2.5197772
mwanza_businesses.4945,4945,4946,8532226899,Ribeti,,"Pamba ""A""",,,Mwanza,wholesale,Nyamagana,Mo-Fr 08:00-18:00; Sa-Su 08:00-15:00,Pamba,32.9047608,-2.5197772
mwanza_businesses.4946,4946,4947,8532228491,Ribeti,,"Pamba ""A""",,,Mwanza,wholesale,Nyamagana,Mo-Fr 08:00-18:00; Sa-Su 08:00-15:00,Pamba,32.9047179,-2.5197343
mwanza_businesses.4947,4947,4948,8532228601,Ribeti,,"Pamba ""A""",,,Mwanza,wholesale,Nyamagana,Mo-Fr 08:00-18:00; Sa-Su 08:00-15:00,Pamba,32.9047394,-2.5196914
mwanza_businesses.4948,4948,4949,8532229054,Ribeti,,"Pamba ""A""",,,Mwanza,wholesale,Nyamagana,Mo-Fr 08:00-18:00; Sa-Su 08:00-15:00;Mo-Su 09:00-21:00,Pamba,32.9045892,-2.5199272
mwanza_businesses.4949,4949,4950,8532229109,Ribeti,,"Pamba ""A""",,,Mwanza,wholesale,Nyamagana,Mo-Fr 08:00-18:00; Sa-Su 08:00-15:00,Pamba,32.9047179,-2.5198844
mwanza_businesses.4950,4950,4951,8532229163,Ribeti,,"Pamba ""A""",,,Mwanza,wholesale,Nyamagana,Mo-Fr 08:00-18:00; Sa-Su 08:00-15:00,Pamba,32.9045033,-2.5198844
mwanza_businesses.4951,4951,4952,8520963965,,,Bugarika Kaskazini,,,Mwanza,car_repair,Nyamagana,Mo-Fr 08:00-18:00; Sa-Su 08:00-15:00,Pamba,32.9185367,-2.5333253
mwanza_businesses.4952,4952,4953,8520976072,,,Bugarika Kaskazini,Baraka Hair Cutz Salon,,Mwanza,hairdresser,Nyamagana,Mo-Su 09:00-21:00,Pamba,32.9184993,-2.5338387
mwanza_businesses.4953,4953,4954,8520976132,Bugarika Kaskazini,,Bugarika kaskazini,,,Mwanza,convenience,Nyamagana,Mo-Sa 09:00-20:00,Pamba,32.9174781,-2.5310913
mwanza_businesses.4954,4954,4955,8520976192,,,Nyerere B,Mama John Shop,,Mwanza,convenience,Nyamagana,Mo-Sa 08:00-18:00,Pamba,32.9163906,-2.5292024
mwanza_businesses.4955,4955,4956,8520976088,,,Nyerere B,,,Mwanza,convenience,Nyamagana,Mo-Su 09:00-21:00,Pamba,32.9161992,-2.5291936
mwanza_businesses.4956,4956,4957,8520976258,,,Bugarika,,,Mwanza,tailor,Nyamagana,Mo-Sa 09:00-17:00,Pamba,32.9159888,-2.5310632
mwanza_businesses.4957,4957,4958,8520975717,,,Bugarika kaskazini,J.Silas,,Mwanza,convenience,Nyamagana,Mo-Su 09:00-21:00,Pamba,32.9156869,-2.5297981
mwanza_businesses.4958,4958,4959,8520975777,,,Bugarika kaskazin,,,Mwanza,convenience,Nyamagana,Mo-Su 09:00-21:00,Pamba,32.9152825,-2.5305236
mwanza_businesses.4959,4959,4960,8520976540,,,Bugarika,Missa Shop,,Mwanza,convenience,Nyamagana,Mo-Sa 08:00-18:00,Pamba,32.915712,-2.531333
mwanza_businesses.4960,4960,4961,8520976568,Mlimani,,Bugarika Kasikazini,Top One Haircut Salon,,Mwanza,hairdresser,Nyamagana,Mo-Su 09:00-21:00,Pamba,32.9151034,-2.5305599
mwanza_businesses.4961,4961,4962,8520975760,,,Mlimani,Mama Vero Shop,,Mwanza,kiosk,Nyamagana,Mo-Su 09:00-21:00,Pamba,32.9176454,-2.5321196
mwanza_businesses.4962,4962,4963,8520975958,,,Mlimani,,,Mwanza,convenience,Nyamagana,Mo-Fr 08:00-18:00; Sa-Su 08:00-15:00,Pamba,32.9168178,-2.5320765
mwanza_businesses.4963,4963,4964,8520976233,,,Mlimani,,,Mwanza,convenience,Nyamagana,Mo-Fr 08:00-18:00; Sa-Su 08:00-15:00,Pamba,32.9176363,-2.5322038
mwanza_businesses.4964,4964,4965,8520976584,,,Mlimani,,,Mwanza,convenience,Nyamagana,Mo-Fr 08:00-18:00; Sa-Su 08:00-15:00,Pamba,32.9166938,-2.5320065
mwanza_businesses.4965,4965,4966,8532227496,Ribeti,,"Pamba ""A""",,,Mwanza,wholesale,Nyamagana,Mo-Fr 08:00-18:00; Sa-Su 08:00-15:00;Mo-Su 09:00-21:00;Mo-Fr 09:00-17:00,Pamba,32.9031255,-2.5193255
mwanza_businesses.4966,4966,4967,8532226815,Ribeti,,Pamba A,,,Mwanza,wholesale,Nyamagana,Mo-Fr 08:00-18:00; Sa-Su 08:00-15:00,Pamba,32.9032549,-2.5192534
mwanza_businesses.4967,4967,4968,8532227242,Ribeti,,"Pamba ""A""",,,Mwanza,wholesale,Nyamagana,Mo-Su 09:00-21:00,Pamba,32.9032677,-2.5194676
mwanza_businesses.4968,4968,4969,8532227070,Ribeti,,"Pamba ""A""",,,Mwanza,wholesale,Nyamagana,Mo-Fr 08:00-18:00; Sa-Su 08:00-15:00,Pamba,32.9032908,-2.519277
mwanza_businesses.4969,4969,4970,8532215213,Ribeti,,"Pamba ""A""",,,Mwanza,wholesale,Nyamagana,Mo-Su 09:00-21:00,Pamba,32.9033084,-2.5194879
mwanza_businesses.4970,4970,4971,8532228462,Ribeti,,"Pamba ""A""",,,Mwanza,wholesale,Nyamagana,Mo-Fr 08:00-18:00; Sa-Su 08:00-15:00,Pamba,32.9033217,-2.519277
mwanza_businesses.4971,4971,4972,8532227631,Ribeti,,Pamba A,,,Mwanza,wholesale,Nyamagana,Mo-Fr 08:00-18:00; Sa-Su 08:00-15:00,Pamba,32.9034092,-2.5193598
mwanza_businesses.4972,4972,4973,8532227654,Ribeti,,"Pamba ""A""",,,Mwanza,wholesale,Nyamagana,Mo-Su 09:00-21:00,Pamba,32.9034141,-2.519532
mwanza_businesses.4973,4973,4974,8532227332,Ribeti,,"Pamba ""A""",,,Mwanza,wholesale,Nyamagana,Mo-Su 09:00-21:00,Pamba,32.9034912,-2.5195488
mwanza_businesses.4974,4974,4975,8532227294,Ribeti,,"Pamba ""A""",,,Mwanza,wholesale,Nyamagana,Mo-Fr 08:00-18:00; Sa-Su 08:00-15:00,Pamba,32.9034948,-2.5194128
mwanza_businesses.4975,4975,4976,8532227015,Ribeti,,"Pamba ""A""",,,Mwanza,wholesale,Nyamagana,Mo-Su 09:00-21:00,Pamba,32.9035115,-2.5195691
mwanza_businesses.4976,4976,4977,8532226869,Ribeti,,"Pamba ""A""",,,Mwanza,wholesale,Nyamagana,Mo-Fr 08:00-18:00; Sa-Su 08:00-15:00,Pamba,32.9035684,-2.519431
mwanza_businesses.4977,4977,4978,8532227277,Ribeti,,"Pamba ""A""",,,Mwanza,wholesale,Nyamagana,Mo-Su 09:00-21:00,Pamba,32.9035928,-2.51963
mwanza_businesses.4978,4978,4979,8532227223,Ribeti,,"Pamba ""A""",,,Mwanza,wholesale,Nyamagana,Mo-Su 09:00-21:00,Pamba,32.9036334,-2.5196706
mwanza_businesses.4979,4979,4980,8532228368,Ribeti,,"Pamba ""A""",,,Mwanza,wholesale,Nyamagana,Mo-Fr 08:00-18:00; Sa-Su 08:00-15:00,Pamba,32.9036665,-2.5194985
mwanza_businesses.4980,4980,4981,8532226961,Ribeti,,"Pamba ""A""",,,Mwanza,wholesale,Nyamagana,Mo-Fr 08:00-18:00; Sa-Su 08:00-15:00,Pamba,32.903686,-2.519519
mwanza_businesses.4981,4981,4982,8532228442,Ribeti,,"Pamba ""A""",,,Mwanza,wholesale,Nyamagana,Mo-Su 09:00-21:00,Pamba,32.9036944,-2.5196909
mwanza_businesses.4982,4982,4983,8532227039,Ribeti,,"Pamba ""A""",,,Mwanza,wholesale,Nyamagana,Mo-Fr 08:00-18:00; Sa-Su 08:00-15:00,Pamba,32.9037952,-2.5195414
mwanza_businesses.4983,4983,4984,8532227406,Ribeti,,"Pamba ""A""",,,Mwanza,wholesale,Nyamagana,Mo-Su 09:00-21:00,Pamba,32.9038163,-2.5196503
mwanza_businesses.4984,4984,4985,8532228476,Ribeti,,"Pamba ""A""",,,Mwanza,wholesale,Nyamagana,Mo-Fr 08:00-18:00; Sa-Su 08:00-15:00,Pamba,32.9038167,-2.5195414
mwanza_businesses.4985,4985,4986,8532226775,Ribeti,,"Pamba ""A""",,,Mwanza,wholesale,Nyamagana,Mo-Su 09:00-21:00,Pamba,32.9038569,-2.5196706
mwanza_businesses.4986,4986,4987,8532227274,Ribeti,,"Pamba ""A""",,,Mwanza,wholesale,Nyamagana,Mo-Su 09:00-21:00,Pamba,32.9038607,-2.5196864
mwanza_businesses.4987,4987,4988,8532227574,Ribeti,,"Pamba ""A""",,,Mwanza,wholesale,Nyamagana,Mo-Fr 08:00-18:00; Sa-Su 08:00-15:00,Pamba,32.9039025,-2.5195843
mwanza_businesses.4988,4988,4989,8532227461,Ribeti,,"Pamba ""A""",,,Mwanza,wholesale,Nyamagana,Mo-Fr 08:00-18:00; Sa-Su 08:00-15:00,Pamba,32.9040098,-2.51967
mwanza_businesses.4989,4989,4990,8532228493,Ribeti,,"Pamba ""A""",,,Mwanza,wholesale,Nyamagana,Mo-Fr 08:00-18:00; Sa-Su 08:00-15:00,Pamba,32.9040313,-2.51967
mwanza_businesses.4990,4990,4991,8532228531,Ribeti,,"Pamba ""A""",,,Mwanza,wholesale,Nyamagana,Mo-Fr 08:00-18:00; Sa-Su 08:00-15:00;Mo-Su 09:00-21:00,Pamba,32.9031052,-2.5193255
mwanza_businesses.4991,4991,4992,8532228610,Ribeti,,"Pamba ""A""",,,Mwanza,wholesale,Nyamagana,Mo-Fr 08:00-18:00; Sa-Su 08:00-15:00,Pamba,32.9037523,-2.5195199
mwanza_businesses.4992,4992,4993,8532228705,Ribeti,,"Pamba ""A""",,,Mwanza,wholesale,Nyamagana,Mo-Su 09:00-21:00,Pamba,32.9031662,-2.5193661
mwanza_businesses.4993,4993,4994,8532228743,Nyerere Road,,"Pamba ""A""",,,Mwanza,clothes,Nyamagana,,Pamba,32.9032373,-2.51967
mwanza_businesses.4994,4994,4995,8532228760,Ribeti,,"Pamba ""A""",,,Mwanza,wholesale,Nyamagana,Mo-Su 09:00-21:00,Pamba,32.9034506,-2.5195285
mwanza_businesses.4995,4995,4996,8532228853,Ribeti,,"Pamba ""A""",,,Mwanza,wholesale,Nyamagana,Mo-Fr 08:00-18:00; Sa-Su 08:00-15:00,Pamba,32.903645,-2.5194985
mwanza_businesses.4996,4996,4997,8532228892,Ribeti,,"Pamba ""A""",,,Mwanza,wholesale,Nyamagana,Mo-Fr 08:00-18:00; Sa-Su 08:00-15:00,Pamba,32.9033525,-2.5193078
mwanza_businesses.4997,4997,4998,8532228906,Ribeti,,"Pamba ""A""",,,Mwanza,wholesale,Nyamagana,Mo-Fr 08:00-18:00; Sa-Su 08:00-15:00,Pamba,32.9038596,-2.5195628
mwanza_businesses.4998,4998,4999,8532228926,Ribeti,,"Pamba ""A""",,,Mwanza,wholesale,Nyamagana,Mo-Fr 08:00-18:00; Sa-Su 08:00-15:00,Pamba,32.9039669,-2.5196271
mwanza_businesses.4999,4999,5000,8532228945,Ribeti,,"Pamba ""A""",,,Mwanza,wholesale,Nyamagana,Mo-Fr 08:00-18:00; Sa-Su 08:00-15:00,Pamba,32.9035221,-2.5194002
mwanza_businesses.5000,5000,5001,8532228979,Ribeti,,"Pamba ""A""",,,Mwanza,wholesale,Nyamagana,Mo-Fr 08:00-18:00; Sa-Su 08:00-15:00,Pamba,32.9039884,-2.5196486
mwanza_businesses.5001,5001,5002,8532229038,Nyerere Road,,"Pamba ""A""",,,Mwanza,electronics,Nyamagana,Mo-Sa 08:00-18:00,Pamba,32.9030732,-2.5195549
mwanza_businesses.5002,5002,5003,8532229117,Ribeti,,"Pamba ""A""",,,Mwanza,wholesale,Nyamagana,Mo-Su 09:00-21:00,Pamba,32.903349,-2.5194879
mwanza_businesses.5003,5003,5004,8532229148,Ribeti,,"Pamba ""A""",,,Mwanza,wholesale,Nyamagana,Mo-Fr 08:00-18:00; Sa-Su 08:00-15:00,Pamba,32.9034296,-2.5193694
mwanza_businesses.5004,5004,5005,8532229188,Ribeti,,"Pamba ""A""",,,Mwanza,wholesale,Nyamagana,Mo-Fr 08:00-18:00; Sa-Su 08:00-15:00,Pamba,32.9034759,-2.5193848
mwanza_businesses.5005,5005,5006,8532201412,Ribeti,,"Pamba ""A""",,,Mwanza,wholesale,Nyamagana,Mo-Fr 08:00-18:00; Sa-Su 08:00-15:00,Pamba,32.9048146,-2.5196429
mwanza_businesses.5006,5006,5007,8532227325,Ribeti,,"Pamba ""A""",,,Mwanza,convenience,Nyamagana,Mo-Fr 08:00-18:00; Sa-Su 08:00-15:00,Pamba,32.9048529,-2.5196684
mwanza_businesses.5007,5007,5008,8532226737,Ribeti,,"Pamba ""A""",,,Mwanza,wholesale,Nyamagana,Mo-Fr 08:00-18:00; Sa-Su 08:00-15:00,Pamba,32.9053196,-2.5195894
mwanza_businesses.5008,5008,5009,8532228921,Ribeti,,"Pamba ""A""",,,Mwanza,wholesale,Nyamagana,Mo-Fr 08:00-18:00; Sa-Su 08:00-15:00;Mo-Su 09:00-21:00,Pamba,32.9047891,-2.5196429
mwanza_businesses.5009,5009,5010,8532229191,Ribeti,,"Pamba ""A""",,,Mwanza,wholesale,Nyamagana,Mo-Fr 08:00-18:00; Sa-Su 08:00-15:00,Pamba,32.9052993,-2.5196909
mwanza_businesses.5010,5010,5011,4406759190,,,,Manka Salon,,Mwanza,cosmetics,Nyamagana,,Pamba,32.904946,-2.5200197
mwanza_businesses.5011,5011,5012,8532227055,Nyerere Road,,"Pamba ""A""",,,Mwanza,wholesale,Nyamagana,Mo-Sa 08:00-18:00,Pamba,32.9030228,-2.5194342
mwanza_businesses.5012,5012,5013,8532227671,Nyerere Road,,"Pamba ""A""",Swai vipodozi,+255788783619,Mwanza,cosmetics,Nyamagana,Mo-Sa 08:00-18:00,Pamba,32.9030348,-2.5194094
mwanza_businesses.5013,5013,5014,8532227203,Nyerere Road,,"Pamba ""A""",,,Mwanza,wholesale,Nyamagana,Mo-Sa 08:00-18:00,Pamba,32.9030442,-2.5193913
mwanza_businesses.5014,5014,5015,8532228982,Nyerere Road,,"Pamba ""A""",Sony,,Mwanza,electronics,Nyamagana,Mo-Sa 08:00-18:00,Pamba,32.902987,-2.5195012
mwanza_businesses.5015,5015,5016,8520975798,,,Jiwe,,,Mwanza,convenience,Nyamagana,Mo-Sa 08:00-18:00,Igogo,32.9166652,-2.5369207
mwanza_businesses.5016,5016,5017,8520976243,,,Bugarika Kusini,,,Mwanza,convenience,Nyamagana,Mo-Sa 08:00-18:00,Igogo,32.9154038,-2.5343971
mwanza_businesses.5017,5017,5018,8520975770,,,Bugarika Kusini,,,Mwanza,hairdresser,Nyamagana,Mo-Sa 08:00-18:00,Igogo,32.9154038,-2.5343756
mwanza_businesses.5018,5018,5019,8520975876,,,Bugarika Kusini,,,Mwanza,convenience,Nyamagana,Mo-Sa 08:00-18:00,Igogo,32.9152536,-2.5340755
mwanza_businesses.5019,5019,5020,8520976352,,,Bugarika Kusini,,,Mwanza,convenience,Nyamagana,Mo-Sa 08:00-18:00,Igogo,32.9152751,-2.534097
mwanza_businesses.5020,5020,5021,8520976378,,,Jiwe,Bukene Saloon,,Mwanza,hairdresser,Nyamagana,Mo-Su 09:00-21:00,Igogo,32.9147963,-2.5366469
mwanza_businesses.5021,5021,5022,8520975943,,,Jiwe,Nchabhilinda Grocery by Elisha,,Mwanza,video,Nyamagana,Mo-Su 09:00-21:00,Igogo,32.9146186,-2.5364337
mwanza_businesses.5022,5022,5023,8520976004,,,Jiwe,,,Mwanza,electronics,Nyamagana,Mo-Su 09:00-21:00,Igogo,32.9146008,-2.5363536
mwanza_businesses.5023,5023,5024,8520976108,,,Jiwe,,,Mwanza,convenience,Nyamagana,,Igogo,32.9146446,-2.5363074
mwanza_businesses.5024,5024,5025,8520975736,,,Jiwe,,,Mwanza,convenience,Nyamagana,Mo-Sa 09:00-20:00,Igogo,32.9146222,-2.5358762
mwanza_businesses.5025,5025,5026,8520976422,,,Jiwe,,,Mwanza,convenience,Nyamagana,Mo-Sa 09:00-20:00,Igogo,32.9146011,-2.535813
mwanza_businesses.5026,5026,5027,8520976317,,,Jiwe,,,Mwanza,convenience,Nyamagana,Mo-Sa 09:00-20:00,Igogo,32.9145801,-2.5357919
mwanza_businesses.5027,5027,5028,8520976126,,,Jiwe,,,Mwanza,convenience,Nyamagana,Mo-Fr 08:00-18:00; Sa-Su 08:00-15:00,Igogo,32.9141164,-2.5352117
mwanza_businesses.5028,5028,5029,8520976226,,,Bugarika Kusini,,,Mwanza,beauty,Nyamagana,,Igogo,32.9134941,-2.5339255
mwanza_businesses.5029,5029,5030,8520976457,,,Bugarika Kusini,,,Mwanza,convenience,Nyamagana,Mo-Su 09:00-21:00,Igogo,32.9148914,-2.5336922
mwanza_businesses.5030,5030,5031,8520975979,,,Bugarika Kusini,,,Mwanza,convenience,Nyamagana,Mo-Su 09:00-21:00,Igogo,32.914973,-2.5336912
mwanza_businesses.5031,5031,5032,8520976081,,,Bugarika Kusini,,,Mwanza,convenience,Nyamagana,Mo-Su 09:00-21:00,Igogo,32.9146401,-2.5333697
mwanza_businesses.5032,5032,5033,8520976066,,,Bugarika Kusini,,,Mwanza,hairdresser,Nyamagana,Mo-Su 09:00-21:00,Igogo,32.9145241,-2.5331538
mwanza_businesses.5033,5033,5034,8520976168,,,,,,Mwanza,cosmetics,Nyamagana,,Igogo,32.9144382,-2.533068
mwanza_businesses.5034,5034,5035,8520975752,,,Bugarika Kusini,,,Mwanza,hairdresser,Nyamagana,,Igogo,32.9144168,-2.5330466
mwanza_businesses.5035,5035,5036,8520976334,,,Bugarika Kusini,,,Mwanza,betting,Nyamagana,Mo-Fr 09:00-17:00,Igogo,32.9144168,-2.5330251
mwanza_businesses.5036,5036,5037,8520975858,,,Bugarika Kusini,,,Mwanza,cosmetics,Nyamagana,,Igogo,32.9143095,-2.5329823
mwanza_businesses.5037,5037,5038,8520975961,,,Bugarika Kusini,,,Mwanza,electronics,Nyamagana,,Igogo,32.9143095,-2.5329608
mwanza_businesses.5038,5038,5039,8520976440,Bugarika Kusini,,Bugariki Kusini,,,Mwanza,beauty,Nyamagana,Mo-Su 09:00-21:00,Igogo,32.9137731,-2.5329608
mwanza_businesses.5039,5039,5040,8520976040,,,Bugarika Kusini,,,Mwanza,beverages,Nyamagana,Mo-Su 09:00-21:00,Igogo,32.9141378,-2.5327893
mwanza_businesses.5040,5040,5041,8520976483,,,Jiwe,,,Mwanza,convenience,Nyamagana,Mo-Su 09:00-21:00,Igogo,32.9147069,-2.5365786
mwanza_businesses.5041,5041,5042,8520976517,,,Bugarika Kusini,,,Mwanza,beverages,Nyamagana,Mo-Fr 09:00-17:00,Igogo,32.9137034,-2.5325323
mwanza_businesses.5042,5042,5043,8520976544,,,Bugariki Kusini,,,Mwanza,convenience,Nyamagana,Mo-Su 09:00-21:00,Igogo,32.9145455,-2.5332181
mwanza_businesses.5043,5043,5044,8520976562,,,Bugarika Kusini,,,Mwanza,hairdresser,Nyamagana,Mo-Su 09:00-21:00,Igogo,32.9147067,-2.5334695
mwanza_businesses.5044,5044,5045,8520976587,,,Jiwe,,,Mwanza,video,Nyamagana,Mo-Su 09:00-21:00,Igogo,32.9146307,-2.5363056
mwanza_businesses.5045,5045,5046,8520976603,,,Jiwe,,,Mwanza,convenience,Nyamagana,Mo-Sa 09:00-20:00,Igogo,32.9144634,-2.5353516
mwanza_businesses.5046,5046,5047,8520976620,,,Bugarika Kusini,,,Mwanza,gas,Nyamagana,Mo-Su 09:00-21:00,Igogo,32.9141378,-2.5328108
mwanza_businesses.5047,5047,5048,8520976647,,,Jiwe,,,Mwanza,convenience,Nyamagana,Mo-Su 09:00-21:00,Igogo,32.9140735,-2.5370338
mwanza_businesses.5048,5048,5049,8532205596,Jomo Kenyatta,,,Gold Star,,Mwanza,paint,Nyamagana,,Igogo,32.902021,-2.5325141
mwanza_businesses.5049,5049,5050,8532205655,Mlungushi,,Mlungushi,,,Mwanza,tailor,Nyamagana,Mo-Sa 08:00-18:00,Igogo,32.9041769,-2.5324031
mwanza_businesses.5050,5050,5051,8532205579,Mlungushi,,Mlungushi,,,Mwanza,convenience,Nyamagana,Mo-Sa 08:00-18:00,Igogo,32.9058597,-2.5322848
mwanza_businesses.5051,5051,5052,8532205606,,,Mungulushi,,,Mwanza,convenience,Nyamagana,,Igogo,32.9063702,-2.532232
mwanza_businesses.5052,5052,5053,8532203806,Mwenge Road,,Kwimba,,,Mwanza,convenience,Nyamagana,Mo-Su 09:00-21:00,Igogo,32.9077817,-2.535833
mwanza_businesses.5053,5053,5054,8532205520,,,,,,Mwanza,convenience,Nyamagana,Mo-Sa 08:00-18:00,Igogo,32.9077864,-2.5348473
mwanza_businesses.5054,5054,5055,8532203751,,,,,,Mwanza,vacant,Nyamagana,,Igogo,32.9078293,-2.5349544
mwanza_businesses.5055,5055,5056,8532205593,,,Minja,,,Mwanza,convenience,Nyamagana,,Igogo,32.9078937,-2.53444
mwanza_businesses.5056,5056,5057,8532205576,Mwenge Road,,Kwimba,,,Mwanza,convenience,Nyamagana,Mo-Su 09:00-21:00,Igogo,32.9084516,-2.5354475
mwanza_businesses.5057,5057,5058,8532205569,Mwenge Road,,Kwimba,,,Mwanza,convenience,Nyamagana,Mo-Su 09:00-21:00,Igogo,32.908473,-2.5352974
mwanza_businesses.5058,5058,5059,8532203799,Mwenge Road,,Kwimba,,,Mwanza,convenience,Nyamagana,Mo-Su 09:00-21:00,Igogo,32.9084962,-2.535332
mwanza_businesses.5059,5059,5060,8532198769,,,Minja,Shija Shop,,Mwanza,convenience,Nyamagana,Mo-Su 09:00-21:00,Igogo,32.9085374,-2.5339898
mwanza_businesses.5060,5060,5061,8532205536,Mwenge Road,,Kwimba,,,Mwanza,hairdresser,Nyamagana,Mo-Su 09:00-21:00,Igogo,32.9087016,-2.5355367
mwanza_businesses.5061,5061,5062,8532205517,Minja,,Igogo,,,Mwanza,cosmetics,Nyamagana,Mo-Sa 09:00-17:00,Igogo,32.9088385,-2.5353014
mwanza_businesses.5062,5062,5063,8532203768,Mwenge Road,,Kwimba,Mama Win,,Mwanza,convenience,Nyamagana,Mo-Su 09:00-21:00,Igogo,32.9088874,-2.5355561
mwanza_businesses.5063,5063,5064,8532203786,Mwenge Road,,Kwimba,Robby Shop,,Mwanza,convenience,Nyamagana,Mo-Su 09:00-21:00,Igogo,32.9089282,-2.5356152
mwanza_businesses.5064,5064,5065,8532205556,,,Kwimba,,,Mwanza,convenience,Nyamagana,Mo-Su 09:00-21:00,Igogo,32.9101818,-2.5357323
mwanza_businesses.5065,5065,5066,8532205694,,,Minja,Panorama,,Mwanza,beauty,Nyamagana,,Igogo,32.9079798,-2.534582
mwanza_businesses.5066,5066,5067,8532205744,Mwenge Road,,Kwimba,,,Mwanza,convenience,Nyamagana,Mo-Su 09:00-21:00,Igogo,32.9087707,-2.5354145
mwanza_businesses.5067,5067,5068,8532205767,,,Minja,,,Mwanza,convenience,Nyamagana,Mo-Su 09:00-21:00,Igogo,32.9100081,-2.5332868
mwanza_businesses.5068,5068,5069,8532205794,Mwenge Road,,Kwimba,,,Mwanza,convenience,Nyamagana,Mo-Su 09:00-21:00,Igogo,32.9084355,-2.535298
mwanza_businesses.5069,5069,5070,8532205799,,,Jomo Kenyatta,Simba Cement,,Mwanza,hardware,Nyamagana,,Igogo,32.9021583,-2.5347209
mwanza_businesses.5070,5070,5071,8532205800,Mwenge Road,,Kwimba,,,Mwanza,hairdresser,Nyamagana,Mo-Su 09:00-21:00,Igogo,32.9083228,-2.5352546
mwanza_businesses.5071,5071,5072,8532205816,Mwenge Road,,Kwimba,Mzaramo Wa Igogo,,Mwanza,convenience,Nyamagana,Mo-Su 09:00-21:00,Igogo,32.9083657,-2.535276
mwanza_businesses.5072,5072,5073,8532205820,,,,,,Mwanza,convenience,Nyamagana,Mo-Sa 08:00-18:00,Igogo,32.9078078,-2.5349544
mwanza_businesses.5073,5073,5074,8532205868,,,Minja,,0765437165,Mwanza,electronics,Nyamagana,,Igogo,32.907958,-2.5347615
mwanza_businesses.5074,5074,5075,8532205870,Jomo Kenyatta,,,Moraf Motors Ltd,,Mwanza,car_repair,Nyamagana,Mo-Sa 08:00-18:00,Igogo,32.9028082,-2.5355547
mwanza_businesses.5075,5075,5076,8532205887,Minja,,Igogo,,,Mwanza,stationery,Nyamagana,Mo-Sa 08:00-18:00,Igogo,32.9089451,-2.5354046
mwanza_businesses.5076,5076,5077,8532205919,Minja,,Igogo,,,Mwanza,beverages,Nyamagana,Mo-Sa 09:00-17:00,Igogo,32.909224,-2.5352117
mwanza_businesses.5077,5077,5078,8532205966,Mwenge Road,,Kwimba,,,Mwanza,tailor,Nyamagana,Mo-Su 09:00-21:00,Igogo,32.9084301,-2.5352974
mwanza_businesses.5078,5078,5079,8532205972,Mwenge Road,,Kwimba,,,Mwanza,convenience,Nyamagana,Mo-Su 09:00-21:00,Igogo,32.9085096,-2.5355397
mwanza_businesses.5079,5079,5080,8532205976,,,Mlungushi,Manoni Duka lá Vifaa Vya Ujenzi,0754573745,Mwanza,hardware,Nyamagana,Mo-Sa 08:00-18:00,Igogo,32.9039088,-2.5322351
mwanza_businesses.5080,5080,5081,8532205990,,,Minja,,,Mwanza,bakery,Nyamagana,,Igogo,32.9078722,-2.53444
mwanza_businesses.5081,5081,5082,8532205992,Jomo Kenyatta,,,Cherry,,Mwanza,clothes,Nyamagana,,Igogo,32.9020175,-2.5324504
mwanza_businesses.5082,5082,5083,8532206298,,,Voili,,,Mwanza,convenience,Nyamagana,Mo-Su 09:00-21:00,Igogo,32.9033247,-2.5435095
mwanza_businesses.5083,5083,5084,8532206219,,,Voili,,,Mwanza,convenience,Nyamagana,Mo-Fr 08:00-18:00; Sa-Su 08:00-15:00,Igogo,32.9039041,-2.5385605
mwanza_businesses.5084,5084,5085,8532205900,,,Voili,,,Mwanza,convenience,Nyamagana,Mo-Fr 08:00-18:00; Sa-Su 08:00-15:00,Igogo,32.9039669,-2.5387702
mwanza_businesses.5085,5085,5086,8532206444,,,Voili,,,Mwanza,convenience,Nyamagana,Mo-Fr 08:00-18:00; Sa-Su 08:00-15:00,Igogo,32.9040098,-2.5392418
mwanza_businesses.5086,5086,5087,8532203783,,,Voili,,,Mwanza,convenience,Nyamagana,Mo-Su 09:00-21:00,Igogo,32.9040098,-2.5392846
mwanza_businesses.5087,5087,5088,8532205850,,,Voili,,,Mwanza,convenience,Nyamagana,Mo-Fr 08:00-18:00; Sa-Su 08:00-15:00,Igogo,32.9040313,-2.5392418
mwanza_businesses.5088,5088,5089,8532205674,,,Voili,,,Mwanza,convenience,Nyamagana,Mo-Fr 08:00-18:00; Sa-Su 08:00-15:00,Igogo,32.9040865,-2.5393899
mwanza_businesses.5089,5089,5090,8532198801,,,Voili,,,Mwanza,convenience,Nyamagana,Mo-Fr 08:00-18:00; Sa-Su 08:00-15:00,Igogo,32.9040956,-2.5395419
mwanza_businesses.5090,5090,5091,8532205733,,,Voili,,,Mwanza,convenience,Nyamagana,Mo-Fr 08:00-18:00; Sa-Su 08:00-15:00,Igogo,32.9042128,-2.5408424
mwanza_businesses.5091,5091,5092,8532206739,,,Voili,,,Mwanza,convenience,Nyamagana,Mo-Su 09:00-21:00,Igogo,32.9043249,-2.5416165
mwanza_businesses.5092,5092,5093,8532207063,,,Voili,,,Mwanza,convenience,Nyamagana,Mo-Fr 08:00-18:00; Sa-Su 08:00-15:00,Igogo,32.9043454,-2.5416528
mwanza_businesses.5093,5093,5094,8532206270,,,Voili,,,Mwanza,hardware,Nyamagana,Mo-Fr 08:00-18:00; Sa-Su 08:00-15:00,Igogo,32.9043746,-2.539349
mwanza_businesses.5094,5094,5095,8532203761,,,Voili,,,Mwanza,convenience,Nyamagana,Mo-Sa 08:00-18:00,Igogo,32.904374,-2.5416099
mwanza_businesses.5095,5095,5096,8532206291,Pepsi,,Azimio,Nas Tyres Services,025282540899,Mwanza,motorcycle_repair,Nyamagana,Mo-Sa 08:00-18:00,Igogo,32.9045845,-2.5393316
mwanza_businesses.5096,5096,5097,7904480485,,,,TEMESA Mwanza office,,Mwanza,car_repair,Nyamagana,,Igogo,32.9053908,-2.5384244
mwanza_businesses.5097,5097,5098,8532206070,,,Azimio,Mwata Shop,,Mwanza,motorcycle_repair,Nyamagana,Mo-Sa 08:00-18:00,Igogo,32.9066121,-2.5394229
mwanza_businesses.5098,5098,5099,8532207162,,,Azimio,,,Mwanza,convenience,Nyamagana,Mo-Sa 08:00-18:00,Igogo,32.9070384,-2.5419418
mwanza_businesses.5099,5099,5100,8532206099,,,Azimio,,,Mwanza,video,Nyamagana,Mo-Sa 08:00-18:00,Igogo,32.9070384,-2.5418671
mwanza_businesses.5100,5100,5101,8532206025,,,Azimio,,,Mwanza,vacant,Nyamagana,,Igogo,32.9070384,-2.5419791
mwanza_businesses.5101,5101,5102,8532205704,,,Azimio,,,Mwanza,vacant,Nyamagana,,Igogo,32.9070384,-2.5420165
mwanza_businesses.5102,5102,5103,8532206865,,,Azimio,,,Mwanza,wholesale,Nyamagana,Mo-Sa 08:00-18:00,Igogo,32.9070944,-2.5419978
mwanza_businesses.5103,5103,5104,8532206127,,,Azimio,Butcher,,Mwanza,butcher,Nyamagana,Mo-Fr 08:00-18:00; Sa-Su 08:00-15:00,Igogo,32.9070944,-2.5418298
mwanza_businesses.5104,5104,5105,8532203789,,,Azimio,,,Mwanza,hairdresser,Nyamagana,Mo-Sa 08:00-18:00,Igogo,32.9071505,-2.5418111
mwanza_businesses.5105,5105,5106,8532207092,,,Azimio,,,Mwanza,convenience,Nyamagana,Mo-Sa 08:00-18:00;Mo-Fr 09:00-17:00,Igogo,32.9072146,-2.5401314
mwanza_businesses.5106,5106,5107,8532205996,,,Azimio,,,Mwanza,beverages,Nyamagana,Mo-Fr 09:00-17:00,Igogo,32.9072252,-2.5419791
mwanza_businesses.5107,5107,5108,8532205600,,,Azimio,,,Mwanza,cosmetics,Nyamagana,Mo-Fr 09:00-17:00,Igogo,32.9072977,-2.5419768
mwanza_businesses.5108,5108,5109,8532206937,,,Azimio,Saloon,,Mwanza,vacant,Nyamagana,,Igogo,32.9073151,-2.5419942
mwanza_businesses.5109,5109,5110,8532198813,,,Azimio,,,Mwanza,greengrocer,Nyamagana,,Igogo,32.907763,-2.5393726
mwanza_businesses.5110,5110,5111,8532207159,Mchafu kuoga,,Azimio,,,Mwanza,vacant,Nyamagana,,Igogo,32.9078507,-2.5430789
mwanza_businesses.5111,5111,5112,8532205627,Mchafu kuoga,,Azimio,,,Mwanza,video,Nyamagana,Mo-Su 09:00-21:00,Igogo,32.9078507,-2.5433147
mwanza_businesses.5112,5112,5113,8532207097,,,Azimio,,,Mwanza,convenience,Nyamagana,Mo-Su 09:00-21:00;Mo-Fr 09:00-17:00,Igogo,32.9078722,-2.5433362
mwanza_businesses.5113,5113,5114,8532198791,Mchafu kuoga,,Azimio,,,Mwanza,convenience,Nyamagana,Mo-Su 09:00-21:00,Igogo,32.9078722,-2.5433576
mwanza_businesses.5114,5114,5115,8532207237,,,Voili,,,Mwanza,convenience,Nyamagana,Mo-Fr 08:00-18:00; Sa-Su 08:00-15:00,Igogo,32.9041171,-2.5396276
mwanza_businesses.5115,5115,5116,8532207265,,,Voili,,,Mwanza,car_repair,Nyamagana,Mo-Fr 08:00-18:00; Sa-Su 08:00-15:00,Igogo,32.9042171,-2.5410135
mwanza_businesses.5116,5116,5117,8532207336,,,Azimio,,,Mwanza,convenience,Nyamagana,Mo-Sa 08:00-18:00,Igogo,32.9072881,-2.5419977
mwanza_businesses.5117,5117,5118,8532207132,,,Azimio,,,Mwanza,vacant,Nyamagana,,Igogo,32.9074024,-2.5419484
mwanza_businesses.5118,5118,5119,8520977220,,,Bugando,,,Mwanza,hairdresser,Nyamagana,Mo-Su 09:00-21:00,Igogo,32.9113591,-2.5352483
mwanza_businesses.5119,5119,5120,8520975596,,,Bugando,,,Mwanza,convenience,Nyamagana,Mo-Su 09:00-21:00,Igogo,32.9114287,-2.5352195
mwanza_businesses.5120,5120,5121,8520976068,,,Bugando,,,Mwanza,convenience,Nyamagana,Mo-Su 09:00-21:00,Igogo,32.9114798,-2.5353656
mwanza_businesses.5121,5121,5122,8520976272,,,Bugando,,,Mwanza,convenience,Nyamagana,Mo-Sa 09:00-20:00,Igogo,32.9115044,-2.5352742
mwanza_businesses.5122,5122,5123,8520976336,,,Bugando,,,Mwanza,convenience,Nyamagana,Mo-Sa 09:00-17:00,Igogo,32.911512,-2.535297
mwanza_businesses.5123,5123,5124,8520976546,,,Bugando,Baraka Madvd Library,,Mwanza,video,Nyamagana,Mo-Su 09:00-21:00;Mo-Sa 08:00-18:00,Igogo,32.9115349,-2.5352741
mwanza_businesses.5124,5124,5125,8520975860,,,Bugando,,,Mwanza,convenience,Nyamagana,Mo-Sa 09:00-17:00,Igogo,32.9115683,-2.5352592
mwanza_businesses.5125,5125,5126,8520975755,,,Bugando,,,Mwanza,convenience,Nyamagana,Mo-Su 09:00-21:00,Igogo,32.9115904,-2.5352347
mwanza_businesses.5126,5126,5127,8520976229,,,Bugando,,,Mwanza,convenience,Nyamagana,Mo-Su 09:00-21:00,Igogo,32.9116011,-2.535229
mwanza_businesses.5127,5127,5128,8520976650,,,Bugando,,,Mwanza,convenience,Nyamagana,Mo-Su 09:00-21:00,Igogo,32.9116038,-2.53522
mwanza_businesses.5128,5128,5129,8520963982,,,Bugando,,,Mwanza,convenience,Nyamagana,Mo-Sa 08:00-18:00,Igogo,32.9120135,-2.5345257
mwanza_businesses.5129,5129,5130,8520976171,,,Bugando,Ryamisanga Shop,,Mwanza,convenience,Nyamagana,Mo-Su 09:00-21:00,Igogo,32.9121249,-2.5350737
mwanza_businesses.5130,5130,5131,8520975964,,,Bugando,,0752799120,Mwanza,hairdresser,Nyamagana,Mo-Fr 08:00-18:00; Sa-Su 08:00-15:00,Igogo,32.9121765,-2.5349441
mwanza_businesses.5131,5131,5132,8520976567,,,Bugariki Kusini,,,Mwanza,convenience,Nyamagana,Mo-Sa 09:00-20:00,Igogo,32.9123056,-2.5322567
mwanza_businesses.5132,5132,5133,8520975800,Bugando,,Bugando,,,Mwanza,greengrocer,Nyamagana,Mo-Su 09:00-21:00,Igogo,32.9123569,-2.532725
mwanza_businesses.5133,5133,5134,8520976282,Bugando,,Bugando,,,Mwanza,agrarian,Nyamagana,Mo-Sa 09:00-20:00,Igogo,32.9124427,-2.5328536
mwanza_businesses.5134,5134,5135,8520976485,Bugando,,Bugando,,,Mwanza,betting,Nyamagana,Mo-Su 09:00-21:00,Igogo,32.9126143,-2.5326393
mwanza_businesses.5135,5135,5136,8520976401,Bugarika Kusini,,Bugarika Kusini,,,Mwanza,beauty,Nyamagana,Mo-Fr 09:00-17:00,Igogo,32.9126586,-2.5323331
mwanza_businesses.5136,5136,5137,8520976413,,,Bugarika Kusini,,,Mwanza,hardware,Nyamagana,Mo-Su 09:00-21:00,Igogo,32.9126573,-2.532331
mwanza_businesses.5137,5137,5138,8520975924,Bugarika Kusini,,Bugarika Kusini,,,Mwanza,supermarket,Nyamagana,Mo-Fr 09:00-17:00,Igogo,32.9126567,-2.5323328
mwanza_businesses.5138,5138,5139,8520975882,Bugarika Kusini,,Bugarika Kusini,,,Mwanza,cosmetics,Nyamagana,Mo-Fr 09:00-17:00,Igogo,32.9126603,-2.5323304
mwanza_businesses.5139,5139,5140,8520975892,Bugarika Kusini,,Bugarika Kusini,,,Mwanza,beverages,Nyamagana,Mo-Sa 09:00-17:00,Igogo,32.9126637,-2.5323332
mwanza_businesses.5140,5140,5141,8520976501,Bugando,,Bugando,Jomaro Shop,,Mwanza,kiosk,Nyamagana,Mo-Su 09:00-21:00,Igogo,32.9126787,-2.5325964
mwanza_businesses.5141,5141,5142,8520976463,Bugariki Kusini,,Bugariki Kusini,,,Mwanza,vacant,Nyamagana,Mo-Fr 09:00-17:00,Igogo,32.9127271,-2.5322773
mwanza_businesses.5142,5142,5143,8520976474,,,Bugarika Kusini,,,Mwanza,convenience,Nyamagana,Mo-Fr 09:00-17:00,Igogo,32.912744,-2.5325031
mwanza_businesses.5143,5143,5144,8520975996,,,Bugarika Kusini,,,Mwanza,beverages,Nyamagana,,Igogo,32.9128636,-2.5325425
mwanza_businesses.5144,5144,5145,8520976249,,,Bu,,,Mwanza,alcohol,Nyamagana,Mo-Fr 09:00-17:00,Igogo,32.9128718,-2.5324463
mwanza_businesses.5145,5145,5146,8520976191,,,Bugarika Kusini,,,Mwanza,convenience,Nyamagana,,Igogo,32.9128921,-2.5325408
mwanza_businesses.5146,5146,5147,8520976507,,,Bugarika Kusini,,,Mwanza,hairdresser,Nyamagana,Mo-Su 09:00-21:00,Igogo,32.9129164,-2.53254
mwanza_businesses.5147,5147,5148,8520976578,,,Bugarika Kusini,,,Mwanza,electronics,Nyamagana,,Igogo,32.9129977,-2.5325524
mwanza_businesses.5148,5148,5149,8520976098,,,Bugarika Kusini,,,Mwanza,cosmetics,Nyamagana,,Igogo,32.913022,-2.5324678
mwanza_businesses.5149,5149,5150,8520963992,,,Bugariki Kusini,,,Mwanza,beauty,Nyamagana,Mo-Su 09:00-21:00,Igogo,32.9131163,-2.5328466
mwanza_businesses.5150,5150,5151,8520976199,,,Bugarika Kusini,,,Mwanza,convenience,Nyamagana,Mo-Su 09:00-21:00,Igogo,32.913301,-2.5325321
mwanza_businesses.5151,5151,5152,8532205552,,,Kwimba,,,Mwanza,car_parts,Nyamagana,Mo-Sa 08:00-18:00,Igogo,32.9063352,-2.5375092
mwanza_businesses.5152,5152,5153,8532205807,,,Kwimba,,,Mwanza,vacant,Nyamagana,,Igogo,32.9063428,-2.5380305
mwanza_businesses.5153,5153,5154,8532207207,,,Kwimba,,,Mwanza,tailor,Nyamagana,Mo-Sa 08:00-18:00,Igogo,32.9063655,-2.538016
mwanza_businesses.5154,5154,5155,8532205999,,,Kwimba,,,Mwanza,motorcycle_repair,Nyamagana,Mo-Fr 08:00-18:00; Sa-Su 08:00-15:00,Igogo,32.9063702,-2.5376983
mwanza_businesses.5155,5155,5156,8532207034,,,Kwimba,Tripple M,,Mwanza,copyshop,Nyamagana,Mo-Sa 08:00-18:00,Igogo,32.9063918,-2.5380183
mwanza_businesses.5156,5156,5157,8532205726,,,Kwimba,KH,,Mwanza,stationery,Nyamagana,Mo-Sa 08:00-18:00,Igogo,32.906413,-2.538016
mwanza_businesses.5157,5157,5158,8532206372,,Airtel Money;MPESA;Tigo Pesa,Kwimba,Triple M Secretarial,,Mwanza,stationery,Nyamagana,Mo-Fr 08:30-15:30; Sa 09:00-13:00,Igogo,32.9064131,-2.5378698
mwanza_businesses.5158,5158,5159,8532205677,,,Kwimba,,,Mwanza,car_parts,Nyamagana,Mo-Sa 08:00-18:00,Igogo,32.9064131,-2.5365193
mwanza_businesses.5159,5159,5160,8532205923,,,Kwimba,Saloon,,Mwanza,beauty,Nyamagana,Mo-Fr 08:00-18:00; Sa-Su 08:00-15:00,Igogo,32.9064131,-2.5374625
mwanza_businesses.5160,5160,5161,8532205582,,,Kwimba,,,Mwanza,vacant,Nyamagana,,Igogo,32.9064631,-2.5378469
mwanza_businesses.5161,5161,5162,8532206858,,,Kwimba,,,Mwanza,beverages,Nyamagana,Mo-Sa 08:00-18:00,Igogo,32.9064606,-2.5379922
mwanza_businesses.5162,5162,5163,8532207339,,,Kwimba,,,Mwanza,tailor,Nyamagana,,Igogo,32.9064899,-2.5379938
mwanza_businesses.5163,5163,5164,8532205979,Igogo,,Kwimba,,,Mwanza,shoes,Nyamagana,Mo-Fr 08:00-18:00; Sa-Su 08:00-15:00,Igogo,32.9064978,-2.5378597
mwanza_businesses.5164,5164,5165,8532207114,,,Kwimba,,,Mwanza,vacant,Nyamagana,,Igogo,32.9064993,-2.5378469
mwanza_businesses.5165,5165,5166,8532203812,,,Kwimba,,,Mwanza,vacant,Nyamagana,,Igogo,32.9065356,-2.5378469
mwanza_businesses.5166,5166,5167,8532206807,,,Kwimba,Happy Fashion,,Mwanza,clothes,Nyamagana,Mo-Sa 08:00-18:00,Igogo,32.9065372,-2.5379818
mwanza_businesses.5167,5167,5168,8532205530,,,Kwimba,,,Mwanza,vacant,Nyamagana,,Igogo,32.9065633,-2.5378484
mwanza_businesses.5168,5168,5169,8532205929,,,Kwimba,,,Mwanza,shoes,Nyamagana,Mo-Fr 08:00-18:00; Sa-Su 08:00-15:00,Igogo,32.9065825,-2.5378597
mwanza_businesses.5169,5169,5170,8532206121,,,Kwimba,,,Mwanza,vacant,Nyamagana,,Igogo,32.9065899,-2.5378288
mwanza_businesses.5170,5170,5171,8532206150,,,Kwimba,,,Mwanza,shoes,Nyamagana,Mo-Sa 08:00-18:00,Igogo,32.9066443,-2.5378288
mwanza_businesses.5171,5171,5172,8532203733,,,Kwimba,Shoes Making Shop,,Mwanza,shoes,Nyamagana,Mo-Fr 08:00-18:00; Sa-Su 08:00-15:00,Igogo,32.9066461,-2.5378385
mwanza_businesses.5172,5172,5173,8532207289,,,Kwimba,,,Mwanza,clothes,Nyamagana,Mo-Sa 08:00-18:00,Igogo,32.9066986,-2.5378107
mwanza_businesses.5173,5173,5174,8532206242,,,Kwimba,,,Mwanza,tailor,Nyamagana,Mo-Fr 08:00-18:00; Sa-Su 08:00-15:00,Igogo,32.9067097,-2.5378173
mwanza_businesses.5174,5174,5175,8532206889,,,Kwimba,,,Mwanza,vacant,Nyamagana,,Igogo,32.9067349,-2.5378107
mwanza_businesses.5175,5175,5176,8532205757,,,Kwimba,,,Mwanza,tailor,Nyamagana,Mo-Su 09:00-21:00;Mo-Fr 08:00-18:00; Sa-Su 08:00-15:00,Igogo,32.9067521,-2.5378173
mwanza_businesses.5176,5176,5177,8532205950,,,Kwimba,,,Mwanza,car_parts,Nyamagana,Mo-Su 09:00-21:00,Igogo,32.9068025,-2.5375264
mwanza_businesses.5177,5177,5178,8532205778,,,Kwimba,,,Mwanza,shoes,Nyamagana,Mo-Fr 08:00-18:00; Sa-Su 08:00-15:00,Igogo,32.9068694,-2.537571
mwanza_businesses.5178,5178,5179,8532205603,,,Kwimba,,,Mwanza,shoes,Nyamagana,Mo-Fr 08:00-18:00; Sa-Su 08:00-15:00,Igogo,32.9068736,-2.5377072
mwanza_businesses.5179,5179,5180,8532207258,,,Kwimba,Sweke Auto Spare Parts,,Mwanza,car_parts,Nyamagana,Mo-Sa 08:00-18:00,Igogo,32.9069074,-2.5379233
mwanza_businesses.5180,5180,5181,8532205828,,,Kwimba,,,Mwanza,vacant,Nyamagana,,Igogo,32.9069233,-2.5379074
mwanza_businesses.5181,5181,5182,8532203758,,,Kwimba,,,Mwanza,beverages,Nyamagana,Mo-Su 09:00-21:00,Igogo,32.9070997,-2.5366051
mwanza_businesses.5182,5182,5183,8532206960,,,Kwimba,Jaffary,,Mwanza,convenience,Nyamagana,Mo-Sa 08:00-18:00,Igogo,32.9071212,-2.5377412
mwanza_businesses.5183,5183,5184,8532198773,,,Kwimba,,,Mwanza,convenience,Nyamagana,Mo-Fr 08:00-18:00; Sa-Su 08:00-15:00,Igogo,32.9071212,-2.5372696
mwanza_businesses.5184,5184,5185,8532207360,,,Kwimba,,,Mwanza,tailor,Nyamagana,Mo-Sa 08:00-18:00,Igogo,32.9071426,-2.5377412
mwanza_businesses.5185,5185,5186,8532205872,,,Kwimba,,,Mwanza,clothes,Nyamagana,Mo-Fr 08:00-18:00; Sa-Su 08:00-15:00,Igogo,32.9071856,-2.5372696
mwanza_businesses.5186,5186,5187,8532207168,,,Igogo,,,Mwanza,gas,Nyamagana,24/7,Igogo,32.9079523,-2.5400181
mwanza_businesses.5187,5187,5188,8532206204,,,,,,Mwanza,kiosk,Nyamagana,24/7,Igogo,32.9080938,-2.5399589
mwanza_businesses.5188,5188,5189,8532205588,,,Azimio,,,Mwanza,convenience,Nyamagana,Mo-Sa 08:00-18:00,Igogo,32.908276,-2.540715
mwanza_businesses.5189,5189,5190,8532206304,,,Azimio,African Beauty,,Mwanza,beauty,Nyamagana,,Igogo,32.9085914,-2.5396141
mwanza_businesses.5190,5190,5191,8532206455,,,Azimio,,,Mwanza,convenience,Nyamagana,Mo-Sa 09:00-17:00,Igogo,32.908709,-2.5429717
mwanza_businesses.5191,5191,5192,8532206054,,,Azimio,,,Mwanza,vacant,Nyamagana,Mo-Sa 08:00-18:00,Igogo,32.9087577,-2.5384756
mwanza_businesses.5192,5192,5193,8532206819,,,Malulu,,,Mwanza,convenience,Nyamagana,Mo-Su 09:00-21:00,Igogo,32.9090356,-2.5388511
mwanza_businesses.5193,5193,5194,8532207046,,,Malulu,,,Mwanza,shoes,Nyamagana,Mo-Su 09:00-21:00,Igogo,32.9091042,-2.5391175
mwanza_businesses.5194,5194,5195,8532206059,,,Azimio,,,Mwanza,convenience,Nyamagana,Mo-Sa 09:00-17:00,Igogo,32.9091811,-2.5429503
mwanza_businesses.5195,5195,5196,8532206946,,,Azimio,,,Mwanza,kiosk,Nyamagana,Mo-Sa 09:00-20:00,Igogo,32.9092534,-2.5412119
mwanza_businesses.5196,5196,5197,8532205564,,,Azimio,,,Mwanza,convenience,Nyamagana,Mo-Su 09:00-21:00,Igogo,32.9093742,-2.5429503
mwanza_businesses.5197,5197,5198,8532205663,,,Malulu,,,Mwanza,convenience,Nyamagana,,Igogo,32.9095394,-2.5427658
mwanza_businesses.5198,5198,5199,8532207196,,,Malulu,,,Mwanza,convenience,Nyamagana,,Igogo,32.9095888,-2.5426287
mwanza_businesses.5199,5199,5200,8532205739,,,Malulu,Msukuma Investment,,Mwanza,furniture,Nyamagana,24/7,Igogo,32.9096888,-2.5397267
mwanza_businesses.5200,5200,5201,8532205985,,,Azimio,,,Mwanza,kiosk,Nyamagana,Mo-Sa 08:00-18:00,Igogo,32.9100242,-2.5407748
mwanza_businesses.5201,5201,5202,8532205813,,,Mskitin,,,Mwanza,convenience,Nyamagana,Mo-Su 09:00-21:00;24/7,Igogo,32.9100523,-2.5403691
mwanza_businesses.5202,5202,5203,8532205912,,,Malulu,,,Mwanza,convenience,Nyamagana,Mo-Su 09:00-21:00,Igogo,32.9109625,-2.5394562
mwanza_businesses.5203,5203,5204,8532207219,Mansuli Road,,Malulu,,,Mwanza,convenience,Nyamagana,Mo-Sa 09:00-20:00,Igogo,32.9100749,-2.5389621
mwanza_businesses.5204,5204,5205,8532207271,,,Malulu,,,Mwanza,convenience,Nyamagana,Mo-Sa 08:00-18:00,Igogo,32.9097819,-2.5396919
mwanza_businesses.5205,5205,5206,8532207294,,,Majembe Makali,Nimtu Wa Mungu,,Mwanza,video,Nyamagana,24/7,Igogo,32.9093671,-2.539541
mwanza_businesses.5206,5206,5207,8532207345,,,Azimio,,,Mwanza,greengrocer,Nyamagana,Mo-Sa 08:00-18:00,Igogo,32.9103353,-2.540775
mwanza_businesses.5207,5207,5208,8532205939,,,Kwimba,,,Mwanza,convenience,Nyamagana,Mo-Fr 08:00-18:00; Sa-Su 08:00-15:00,Igogo,32.9073565,-2.5371385
mwanza_businesses.5208,5208,5209,8532203773,,,Kwimba,,,Mwanza,beverages,Nyamagana,Mo-Su 09:00-21:00;Mo-Sa 08:00-18:00,Igogo,32.9073786,-2.5374711
mwanza_businesses.5209,5209,5210,8532205715,,,Kwimba,,,Mwanza,alcohol,Nyamagana,Mo-Su 09:00-21:00,Igogo,32.9074001,-2.5373768
mwanza_businesses.5210,5210,5211,8532205542,,,Kwimba,Da Queen,,Mwanza,cosmetics,Nyamagana,Mo-Sa 08:00-18:00,Igogo,32.907443,-2.5370552
mwanza_businesses.5211,5211,5212,8532205614,,,Kwimba,,,Mwanza,copyshop,Nyamagana,Mo-Sa 08:00-18:00,Igogo,32.907481,-2.5378083
mwanza_businesses.5212,5212,5213,8532205890,,,Kwimba,Hawa Dress Salon,,Mwanza,hairdresser,Nyamagana,,Igogo,32.9077435,-2.5368409
mwanza_businesses.5213,5213,5214,8532205609,,,,,,Mwanza,vacant,Nyamagana,,Igogo,32.9077954,-2.5380254
mwanza_businesses.5214,5214,5215,8532207140,,,Kwimba,,,Mwanza,convenience,Nyamagana,,Igogo,32.9078507,-2.5380199
mwanza_businesses.5215,5215,5216,8532206005,,,Kwimba,Wilian Shop,,Mwanza,convenience,Nyamagana,,Igogo,32.907958,-2.5380413
mwanza_businesses.5216,5216,5217,8532206966,,,Kwimba,Mama Ester,0766025867,Mwanza,hairdresser,Nyamagana,,Igogo,32.9080653,-2.5380413
mwanza_businesses.5217,5217,5218,8532206155,,,Kwimba,Blayani,,Mwanza,convenience,Nyamagana,,Igogo,32.9080653,-2.5380628
mwanza_businesses.5218,5218,5219,8532206226,,,Kwimba,Nkwalimba Shop,,Mwanza,convenience,Nyamagana,,Igogo,32.9081941,-2.5380628
mwanza_businesses.5219,5219,5220,8532206327,,,Azimio,Mkombozi Butchery,,Mwanza,butcher,Nyamagana,Mo-Fr 08:00-18:00; Sa-Su 08:00-15:00;Mo-Sa 08:00-18:00,Igogo,32.9082859,-2.5382893
mwanza_businesses.5220,5220,5221,8532206399,,,Kwimba,,,Mwanza,convenience,Nyamagana,,Igogo,32.9083014,-2.5380413
mwanza_businesses.5221,5221,5222,8532206895,,,Kwimba,,,Mwanza,video,Nyamagana,,Igogo,32.9084301,-2.5380199
mwanza_businesses.5222,5222,5223,8532207191,,,Azimio,,,Mwanza,convenience,Nyamagana,Mo-Sa 08:00-18:00,Igogo,32.9085964,-2.5382796
mwanza_businesses.5223,5223,5224,8532205762,Kwimba,,Kwimba,,,Mwanza,convenience,Nyamagana,Mo-Su 09:00-21:00,Igogo,32.9095656,-2.5380523
mwanza_businesses.5224,5224,5225,8532207366,,,Kwimba,Swety,,Mwanza,alcohol,Nyamagana,,Igogo,32.9080009,-2.5380413
mwanza_businesses.5225,5225,5226,8532205822,Jomo Kenyatta,,,Total Rubia,,Mwanza,car_parts,Nyamagana,,Igogo,32.9018855,-2.5320176
mwanza_businesses.5226,5226,5227,8532206386,Jomo Kenyatta,,,Johnson Work Wear,,Mwanza,clothes,Nyamagana,,Igogo,32.9020175,-2.5324211
mwanza_businesses.5227,5227,5228,8532206263,Jomo Kenyatta,,,Vrajlas Agencies Ltd,+255282502763,Mwanza,travel_agency,Nyamagana,,Igogo,32.9022503,-2.5349973
mwanza_businesses.5228,5228,5229,8532206726,TANESCO,,Mlungushi,,,Mwanza,mall,Nyamagana,Mo-Fr 09:00-17:00,Igogo,32.9025781,-2.5318734
mwanza_businesses.5229,5229,5230,8532206018,Jomo Kenyatta,,,Oryx,,Mwanza,gas,Nyamagana,Mo-Sa 08:00-18:00,Igogo,32.9029588,-2.5367642
mwanza_businesses.5230,5230,5231,8532206436,Jomo Kenyatta,,Jomo Kenyatta,CTM Mwanza,,Mwanza,wholesale,Nyamagana,Mo-Sa 08:00-18:00,Igogo,32.9031455,-2.5357421
mwanza_businesses.5231,5231,5232,8532203736,,,Mlungushi,Ngoreme Shop,,Mwanza,convenience,Nyamagana,Mo-Sa 08:00-18:00,Igogo,32.903905,-2.5322303
mwanza_businesses.5232,5232,5233,8532206073,Mlungushi,,Mlungushi,,,Mwanza,convenience,Nyamagana,Mo-Sa 08:00-18:00,Igogo,32.9039164,-2.5322346
mwanza_businesses.5233,5233,5234,5306046822,,,,AutoExpress,,Mwanza,tyres,Nyamagana,,Igogo,32.9041015,-2.5377388
mwanza_businesses.5234,5234,5235,8532206788,Mlungushi,,Mlungushi,,,Mwanza,convenience,Nyamagana,Mo-Fr 08:00-18:00; Sa-Su 08:00-15:00,Igogo,32.9044711,-2.5325913
mwanza_businesses.5235,5235,5236,8532206190,,,Mulungushi,,,Mwanza,hardware,Nyamagana,Mo-Sa 08:00-18:00,Igogo,32.9044886,-2.5338961
mwanza_businesses.5236,5236,5237,8532206223,Mlungushi,,Mlungushi,Princess Shop,,Mwanza,convenience,Nyamagana,Mo-Fr 08:00-18:00; Sa-Su 08:00-15:00,Igogo,32.9045113,-2.5326878
mwanza_businesses.5237,5237,5238,8532206002,Mlungushi,,Mlungushi,,,Mwanza,convenience,Nyamagana,Mo-Fr 08:00-18:00; Sa-Su 08:00-15:00,Igogo,32.9053051,-2.5318366
mwanza_businesses.5238,5238,5239,8532198771,Pepsi,,Azimio,,,Mwanza,car_repair,Nyamagana,Mo-Sa 08:00-18:00,Igogo,32.9054629,-2.5363826
mwanza_businesses.5239,5239,5240,8532205522,Pepsi,,Azimio,,0766146925,Mwanza,paint,Nyamagana,Mo-Sa 08:00-18:00,Igogo,32.9054689,-2.5363907
mwanza_businesses.5240,5240,5241,2016351139,,,,TOYOTA,,Mwanza,car_repair,Nyamagana,,Igogo,32.905748,-2.5365878
mwanza_businesses.5241,5241,5242,8532206417,,,Mulungushi,Channel Grocery,,Mwanza,alcohol,Nyamagana,Mo-Su 09:00-21:00,Igogo,32.9057506,-2.5361464
mwanza_businesses.5242,5242,5243,8532206413,,,Mulungushi,,,Mwanza,vacant,Nyamagana,,Igogo,32.9060242,-2.5361274
mwanza_businesses.5243,5243,5244,8532206753,,,Mulungushi,Chuga Boy,,Mwanza,video,Nyamagana,Mo-Sa 08:00-18:00,Igogo,32.9060965,-2.5361454
mwanza_businesses.5244,5244,5245,8532206319,,,Kwimba,,,Mwanza,car_repair,Nyamagana,Mo-Su 09:00-21:00,Igogo,32.9061323,-2.5366891
mwanza_businesses.5245,5245,5246,8532205852,,,Kwimba,,,Mwanza,car_repair,Nyamagana,Mo-Su 09:00-21:00,Igogo,32.9061921,-2.5364762
mwanza_businesses.5246,5246,5247,8532206020,,,,,,Mwanza,vacant,Nyamagana,Mo-Sa 08:00-18:00,Igogo,32.9063597,-2.5361646
mwanza_businesses.5247,5247,5248,8532206737,,,Mungulushi,Ivory Hair Cutz,0759211854,Mwanza,hairdresser,Nyamagana,Mo-Sa 08:00-18:00,Igogo,32.9063916,-2.5322534
mwanza_businesses.5248,5248,5249,8532206314,,,Kwimba,,,Mwanza,vacant,Nyamagana,,Igogo,32.9064044,-2.5374747
mwanza_businesses.5249,5249,5250,8532205524,,,Kwimba,,,Mwanza,vacant,Nyamagana,,Igogo,32.9064909,-2.5374574
mwanza_businesses.5250,5250,5251,8532206093,,,,,,Mwanza,convenience,Nyamagana,,Igogo,32.9066491,-2.5374411
mwanza_businesses.5251,5251,5252,8532203753,,,Kwimba,,,Mwanza,tailor,Nyamagana,Mo-Sa 08:00-18:00,Igogo,32.9066706,-2.5374411
mwanza_businesses.5252,5252,5253,8532206174,,,,,,Mwanza,gas,Nyamagana,Mo-Sa 08:00-18:00,Igogo,32.9066802,-2.5325994
mwanza_businesses.5253,5253,5254,8532206830,Jomo Kenyatta,,,Moraf Motors Ltd,,Mwanza,car_parts,Nyamagana,Mo-Sa 08:00-18:00,Igogo,32.9031086,-2.5355547
mwanza_businesses.5254,5254,5255,8532206883,,,Kwimba,,,Mwanza,vacant,Nyamagana,,Igogo,32.9064563,-2.5374747
mwanza_businesses.5255,5255,5256,8532206954,Jomo Kenyatta,,,Honeywell,,Mwanza,vacant,Nyamagana,,Igogo,32.9020175,-2.5324797
mwanza_businesses.5256,5256,5257,8532206963,,,Mlungushi,,,Mwanza,convenience,Nyamagana,,Igogo,32.9049754,-2.531546
mwanza_businesses.5257,5257,5258,8532207004,Jomo Kenyatta,,,Moraf,,Mwanza,hardware,Nyamagana,Mo-Sa 08:00-18:00,Igogo,32.9031086,-2.5355332
mwanza_businesses.5258,5258,5259,8532207055,Pepsi,,Azimio,,,Mwanza,car_repair,Nyamagana,Mo-Sa 08:00-18:00,Igogo,32.904954,-2.5363264
mwanza_businesses.5259,5259,5260,8532207057,,,Kwimba,,,Mwanza,vacant,Nyamagana,,Igogo,32.9065082,-2.5374574
mwanza_businesses.5260,5260,5261,8532207085,,,Kwimba,,,Mwanza,car_parts,Nyamagana,Mo-Sa 08:00-18:00,Igogo,32.9063684,-2.5374923
mwanza_businesses.5261,5261,5262,8532207111,,,Mulungushi,,,Mwanza,car_repair,Nyamagana,Mo-Su 09:00-21:00,Igogo,32.9035167,-2.5327005
mwanza_businesses.5262,5262,5263,8532207138,,,Mungulushi,Satellite Security Limited,0767373135,Mwanza,vacant,Nyamagana,Mo-Sa 08:00-18:00,Igogo,32.9063916,-2.532232
mwanza_businesses.5263,5263,5264,8532207154,Jomo Kenyatta,,,,,Mwanza,car_repair,Nyamagana,,Igogo,32.902763,-2.5353913
mwanza_businesses.5264,5264,5265,8532205624,,,,,,Mwanza,convenience,Nyamagana,Mo-Sa 08:00-18:00,Igogo,32.9063757,-2.5361646
mwanza_businesses.5265,5265,5266,8532207210,,,Kwimba,,,Mwanza,convenience,Nyamagana,Mo-Sa 08:00-18:00,Igogo,32.9063702,-2.5365193
mwanza_businesses.5266,5266,5267,8532207283,,,Kwimba,,,Mwanza,vacant,Nyamagana,,Igogo,32.906439,-2.5374747
mwanza_businesses.5267,5267,5268,8532207353,Jomo Kenyatta,,,,,Mwanza,car_repair,Nyamagana,,Igogo,32.9019713,-2.532232
mwanza_businesses.5268,5268,5269,8532207384,,,,,,Mwanza,motorcycle_repair,Nyamagana,Mo-Sa 08:00-18:00,Igogo,32.906456,-2.5361763
mwanza_businesses.5269,5269,5270,8532206343,,,,,,Mwanza,tailor,Nyamagana,Mo-Fr 08:00-18:00; Sa-Su 08:00-15:00,Igogo,32.9068639,-2.5375365
mwanza_businesses.5270,5270,5271,8532206147,,,Kwimba,,,Mwanza,tailor,Nyamagana,Mo-Fr 09:00-17:00,Igogo,32.9069495,-2.5369266
mwanza_businesses.5271,5271,5272,8532206096,,,Kwimba,,,Mwanza,convenience,Nyamagana,Mo-Fr 08:00-18:00; Sa-Su 08:00-15:00,Igogo,32.90697,-2.5365454
mwanza_businesses.5272,5272,5273,8532206171,,,Kwimba,,,Mwanza,convenience,Nyamagana,Mo-Sa 08:00-18:00,Igogo,32.9070783,-2.5376126
mwanza_businesses.5273,5273,5274,8532205751,,,,,,Mwanza,bed,Nyamagana,Mo-Sa 08:00-18:00,Igogo,32.9070783,-2.537484
mwanza_businesses.5274,5274,5275,8532206394,,,Kwimba,,,Mwanza,shoes,Nyamagana,Mo-Sa 08:00-18:00,Igogo,32.9071426,-2.5377198
mwanza_businesses.5275,5275,5276,8532205527,,,Kwimba,,,Mwanza,vacant,Nyamagana,,Igogo,32.9071856,-2.5366265
mwanza_businesses.5276,5276,5277,8532206022,,,Kwimba,Phone Repair,,Mwanza,electronics,Nyamagana,Mo-Fr 08:00-18:00; Sa-Su 08:00-15:00,Igogo,32.9072714,-2.5366908
mwanza_businesses.5277,5277,5278,8532206231,,,Bugando,,,Mwanza,car_repair,Nyamagana,Mo-Sa 08:00-18:00,Igogo,32.9073787,-2.5364979
mwanza_businesses.5278,5278,5279,8532206796,,,Bugando,,,Mwanza,vacant,Nyamagana,Mo-Sa 08:00-18:00,Igogo,32.9073787,-2.5365193
mwanza_businesses.5279,5279,5280,8532206281,,,Kwimba,,,Mwanza,electronics,Nyamagana,Mo-Sa 08:00-18:00,Igogo,32.9073906,-2.5367344
mwanza_businesses.5280,5280,5281,8532206110,,,Kwimba,,,Mwanza,convenience,Nyamagana,Mo-Su 09:00-21:00,Igogo,32.907413,-2.5374479
mwanza_businesses.5281,5281,5282,8532206744,,,Kwimba,,,Mwanza,convenience,Nyamagana,Mo-Fr 08:00-18:00; Sa-Su 08:00-15:00,Igogo,32.9075086,-2.5367553
mwanza_businesses.5282,5282,5283,8532206089,,,,,,Mwanza,convenience,Nyamagana,Mo-Su 09:00-21:00,Igogo,32.9075635,-2.5339805
mwanza_businesses.5283,5283,5284,8532206181,,,Kwimba,Kaparale Tailor,,Mwanza,tailor,Nyamagana,,Igogo,32.9075933,-2.5373339
mwanza_businesses.5284,5284,5285,8532205789,,,Kwimba,Maganga K Machibya,,Mwanza,hardware,Nyamagana,,Igogo,32.9076147,-2.5374411
mwanza_businesses.5285,5285,5286,8532206723,,,Mwenge,Rasayu,,Mwanza,motorcycle_repair,Nyamagana,Mo-Sa 08:00-18:00,Igogo,32.9076663,-2.5343687
mwanza_businesses.5286,5286,5287,8532206354,Mwenge Road,,Kwimba,,,Mwanza,video,Nyamagana,Mo-Su 09:00-21:00,Igogo,32.9077391,-2.535937
mwanza_businesses.5287,5287,5288,8532206774,,,,,,Mwanza,convenience,Nyamagana,Mo-Sa 08:00-18:00,Igogo,32.9078293,-2.5351902
mwanza_businesses.5288,5288,5289,8532206434,,,Minja,Meshack Shop,,Mwanza,convenience,Nyamagana,,Igogo,32.9079188,-2.5345494
mwanza_businesses.5289,5289,5290,8532206312,,,Minja,Ogopa Mungu,0759949774,Mwanza,gas,Nyamagana,,Igogo,32.907958,-2.5346543
mwanza_businesses.5290,5290,5291,8532206260,,,Minja,,,Mwanza,convenience,Nyamagana,,Igogo,32.907958,-2.5346329
mwanza_businesses.5291,5291,5292,8532206827,,,Minja,,,Mwanza,convenience,Nyamagana,,Igogo,32.9079815,-2.5351862
mwanza_businesses.5292,5292,5293,8532206755,Mwenge Road,,Kwimba,Mama Rehema,,Mwanza,hairdresser,Nyamagana,Mo-Su 09:00-21:00,Igogo,32.9080016,-2.5353979
mwanza_businesses.5293,5293,5294,8532206829,,,Kwimba,,,Mwanza,shoes,Nyamagana,Mo-Sa 08:00-18:00,Igogo,32.9070277,-2.5373861
mwanza_businesses.5294,5294,5295,8532206848,,,Kwimba,,,Mwanza,video,Nyamagana,Mo-Fr 08:00-18:00; Sa-Su 08:00-15:00,Igogo,32.9074863,-2.5367664
mwanza_businesses.5295,5295,5296,8532206886,,,Kwimba,,,Mwanza,car_repair,Nyamagana,Mo-Fr 08:00-18:00; Sa-Su 08:00-15:00,Igogo,32.9068092,-2.5367014
mwanza_businesses.5296,5296,5297,8532206922,,,Kwimba,,,Mwanza,tailor,Nyamagana,,Igogo,32.9077005,-2.5369909
mwanza_businesses.5297,5297,5298,8532206952,,,Mwenge,,,Mwanza,cosmetics,Nyamagana,Mo-Sa 08:00-18:00,Igogo,32.9077005,-2.5345257
mwanza_businesses.5298,5298,5299,8532206971,,,Kwimba,Vodacom Mpesa,,Mwanza,vacant,Nyamagana,,Igogo,32.907443,-2.5369695
mwanza_businesses.5299,5299,5300,8532206982,,,Kwimba,,,Mwanza,convenience,Nyamagana,Mo-Fr 08:00-18:00; Sa-Su 08:00-15:00,Igogo,32.9071426,-2.5372696
mwanza_businesses.5300,5300,5301,8532207002,,,Minja,,,Mwanza,convenience,Nyamagana,,Igogo,32.9079151,-2.5345043
mwanza_businesses.5301,5301,5302,8532207060,,,Kwimba,Magele B,,Mwanza,video,Nyamagana,Mo-Sa 08:00-18:00,Igogo,32.907207,-2.5366265
mwanza_businesses.5302,5302,5303,8532207156,Mwenge Road,,Kwimba,Sonzile,,Mwanza,mall,Nyamagana,Mo-Su 09:00-21:00,Igogo,32.9079079,-2.5355689
mwanza_businesses.5303,5303,5304,8532205926,,,Kwimba,,,Mwanza,vacant,Nyamagana,,Igogo,32.907207,-2.5366479
mwanza_businesses.5304,5304,5305,8532207231,,,Kwimba,,,Mwanza,vacant,Nyamagana,,Igogo,32.9070524,-2.5373861
mwanza_businesses.5305,5305,5306,8532207248,,,Kwimba,Jacademia cutz,,Mwanza,hairdresser,Nyamagana,Mo-Su 09:00-21:00;Mo-Sa 08:00-18:00,Igogo,32.9074645,-2.5369909
mwanza_businesses.5306,5306,5307,8532207299,,,,,,Mwanza,convenience,Nyamagana,Mo-Sa 08:00-18:00,Igogo,32.9069281,-2.5330037
mwanza_businesses.5307,5307,5308,8532207380,,,,,,Mwanza,tailor,Nyamagana,Mo-Fr 08:00-18:00; Sa-Su 08:00-15:00,Igogo,32.9068646,-2.5376488
mwanza_businesses.5308,5308,5309,8532206192,Mwenge Road,,Kwimba,Bonge Library,,Mwanza,video,Nyamagana,Mo-Su 09:00-21:00,Igogo,32.9083009,-2.535253
mwanza_businesses.5309,5309,5310,8532206211,Minja,,Igogo,,,Mwanza,beauty,Nyamagana,Mo-Sa 08:00-18:00,Igogo,32.9083443,-2.5350831
mwanza_businesses.5310,5310,5311,8532206207,Mwenge Road,,Kwimba,,,Mwanza,convenience,Nyamagana,Mo-Su 09:00-21:00,Igogo,32.9083451,-2.5352747
mwanza_businesses.5311,5311,5312,8532206332,Minja,,Igogo,,,Mwanza,convenience,Nyamagana,Mo-Sa 08:00-18:00,Igogo,32.9083702,-2.5350226
mwanza_businesses.5312,5312,5313,8532206359,Mwenge Road,,Kwimba,,,Mwanza,convenience,Nyamagana,Mo-Su 09:00-21:00,Igogo,32.9084688,-2.5353147
mwanza_businesses.5313,5313,5314,8532206366,Mwenge Road,,Kwimba,,,Mwanza,convenience,Nyamagana,Mo-Su 09:00-21:00,Igogo,32.9084883,-2.5355393
mwanza_businesses.5314,5314,5315,8532206124,Mwenge Road,,Kwimba,,,Mwanza,convenience,Nyamagana,Mo-Su 09:00-21:00,Igogo,32.9086876,-2.5355332
mwanza_businesses.5315,5315,5316,8532206137,Minja,,Igogo,,,Mwanza,convenience,Nyamagana,Mo-Sa 08:00-18:00,Igogo,32.908709,-2.5353403
mwanza_businesses.5316,5316,5317,8532206107,Minja,,Igogo,,,Mwanza,convenience,Nyamagana,Mo-Sa 08:00-18:00,Igogo,32.9088472,-2.5352854
mwanza_businesses.5317,5317,5318,8532206104,Mwenge Road,,Kwimba,Kichere`s,,Mwanza,butcher,Nyamagana,Mo-Su 09:00-21:00,Igogo,32.908903,-2.5355904
mwanza_businesses.5318,5318,5319,8532206278,Mwenge Road,,Kwimba,,,Mwanza,convenience,Nyamagana,Mo-Su 09:00-21:00,Igogo,32.9089316,-2.5354399
mwanza_businesses.5319,5319,5320,8532206275,Minja,,Igogo,,,Mwanza,tailor,Nyamagana,Mo-Sa 09:00-17:00,Igogo,32.9092279,-2.5352568
mwanza_businesses.5320,5320,5321,8532206346,,,Kwimba,Mama Chris Beauty Salon Classic,,Mwanza,beauty,Nyamagana,Mo-Su 09:00-21:00,Igogo,32.9099293,-2.5356193
mwanza_businesses.5321,5321,5322,8520975616,Bugarika Kusini,,Bugarika Kusini,,,Mwanza,beauty,Nyamagana,Mo-Su 09:00-21:00,Igogo,32.9118927,-2.5318687
mwanza_businesses.5322,5322,5323,8520976294,,,Bugarika Kusini,,,Mwanza,furniture,Nyamagana,,Igogo,32.9121029,-2.5316308
mwanza_businesses.5323,5323,5324,8520976087,,,,,,Mwanza,convenience,Nyamagana,,Igogo,32.9123783,-2.5319104
mwanza_businesses.5324,5324,5325,8532205729,,,Kwimba,,,Mwanza,convenience,Nyamagana,Mo-Su 09:00-21:00,Igogo,32.909462,-2.5365504
mwanza_businesses.5325,5325,5326,8532206452,Mwenge Road,,Kwimba,Noreen,,Mwanza,hairdresser,Nyamagana,Mo-Su 09:00-21:00,Igogo,32.9088706,-2.5353227
mwanza_businesses.5326,5326,5327,8532206718,Malulu,,Malulu,,,Mwanza,convenience,Nyamagana,Mo-Su 09:00-21:00,Igogo,32.9108977,-2.5373982
mwanza_businesses.5327,5327,5328,8532206842,Mwenge Road,,Kwimba,Masimba Shop,,Mwanza,convenience,Nyamagana,Mo-Su 09:00-21:00,Igogo,32.9090875,-2.5361744
mwanza_businesses.5328,5328,5329,8532206876,Mwenge Road,,Kwimba,Baba B,,Mwanza,convenience,Nyamagana,Mo-Su 09:00-21:00,Igogo,32.9087859,-2.5354027
mwanza_businesses.5329,5329,5330,8532206927,Mwenge Road,,Kwimba,,,Mwanza,convenience,Nyamagana,Mo-Su 09:00-21:00,Igogo,32.9084567,-2.5353022
mwanza_businesses.5330,5330,5331,8532206934,Mwenge Road,,Kwimba,Texas Shop,,Mwanza,electronics,Nyamagana,Mo-Su 09:00-21:00,Igogo,32.908473,-2.5354689
mwanza_businesses.5331,5331,5332,8532207021,,,Kwimba,,,Mwanza,convenience,Nyamagana,Mo-Su 09:00-21:00,Igogo,32.9100216,-2.5355174
mwanza_businesses.5332,5332,5333,8532207050,Minja,,Igogo,,,Mwanza,butcher,Nyamagana,Mo-Sa 08:00-18:00,Igogo,32.9088412,-2.5352643
mwanza_businesses.5333,5333,5334,8532207053,Minja,,Igogo,,,Mwanza,convenience,Nyamagana,Mo-Sa 08:00-18:00,Igogo,32.909224,-2.5352331
mwanza_businesses.5334,5334,5335,8532207069,Mwenge Road,,Kwimba,,,Mwanza,convenience,Nyamagana,Mo-Su 09:00-21:00,Igogo,32.9087432,-2.5355412
mwanza_businesses.5335,5335,5336,8532207089,Mwenge Road,,Kwimba,,,Mwanza,convenience,Nyamagana,Mo-Su 09:00-21:00,Igogo,32.9090953,-2.5361549
mwanza_businesses.5336,5336,5337,8532207102,Mwenge Road,,Kwimba,,,Mwanza,convenience,Nyamagana,Mo-Su 09:00-21:00,Igogo,32.9084445,-2.535295
mwanza_businesses.5337,5337,5338,8532207109,Mwenge Road,,Kwimba,,,Mwanza,convenience,Nyamagana,Mo-Fr 09:00-17:00,Igogo,32.908458,-2.5355414
mwanza_businesses.5338,5338,5339,8532207175,Minja,,Igogo,,,Mwanza,clothes,Nyamagana,Mo-Sa 09:00-17:00,Igogo,32.9092279,-2.5352217
mwanza_businesses.5339,5339,5340,8532205934,,,Kwimba,,,Mwanza,convenience,Nyamagana,Mo-Su 09:00-21:00,Igogo,32.9099425,-2.5369993
mwanza_businesses.5340,5340,5341,8532207227,,,Minja,Lilian Grocery,,Mwanza,beverages,Nyamagana,Mo-Su 09:00-21:00,Igogo,32.9085374,-2.5340112
mwanza_businesses.5341,5341,5342,8532207242,Mwenge Road,,Kwimba,,,Mwanza,tailor,Nyamagana,Mo-Su 09:00-21:00,Igogo,32.9090357,-2.5360882
mwanza_businesses.5342,5342,5343,8532207245,Mwenge Road,,Kwimba,,,Mwanza,convenience,Nyamagana,Mo-Su 09:00-21:00,Igogo,32.9088626,-2.5353109
mwanza_businesses.5343,5343,5344,8532207326,Mwenge Road,,Kwimba,,,Mwanza,convenience,Nyamagana,Mo-Su 09:00-21:00,Igogo,32.9084521,-2.5353147
mwanza_businesses.5344,5344,5345,8532207333,Mwenge Road,,Kwimba,Loliondo Shop,,Mwanza,convenience,Nyamagana,Mo-Su 09:00-21:00,Igogo,32.9084625,-2.5354811
mwanza_businesses.5345,5345,5346,8520975728,,,Bugariki Kusini,,,Mwanza,convenience,Nyamagana,Mo-Su 09:00-21:00,Igogo,32.9133224,-2.5328536
mwanza_businesses.5346,5346,5347,8520975568,,,Bugarika Kusini,,,Mwanza,convenience,Nyamagana,Mo-Su 09:00-21:00,Igogo,32.9135799,-2.5325535
mwanza_businesses.5347,5347,5348,8532205644,Jomo Kenyatta,,,Total,,Mwanza,car_repair,Nyamagana,,Igogo,32.9014564,-2.5318676
mwanza_businesses.5348,5348,5349,8532206213,Jomo Kenyatta,,,Total,,Mwanza,car_repair,Nyamagana,,Igogo,32.9017997,-2.5316318
mwanza_businesses.5349,5349,5350,8532206040,Jomo Kenyatta,,,,,Mwanza,car_repair,Nyamagana,,Igogo,32.9014134,-2.5313102
mwanza_businesses.5350,5350,5351,8532206457,TANESCO,,Mlungushi,,,Mwanza,kiosk,Nyamagana,,Igogo,32.9022851,-2.5310879
mwanza_businesses.5351,5351,5352,8532206062,TANESCO,,Mlungushi,,0763491035,Mwanza,car_repair,Nyamagana,,Igogo,32.902205,-2.5309513
mwanza_businesses.5352,5352,5353,8532205621,TANESCO,,Mlungushi,,,Mwanza,car_repair,Nyamagana,,Igogo,32.9021954,-2.5307353
mwanza_businesses.5353,5353,5354,8532206751,TANESCO,,Mlungushi,,,Mwanza,vacant,Nyamagana,,Igogo,32.9022999,-2.5307208
mwanza_businesses.5354,5354,5355,8532205969,,,Mlungushi,,,Mwanza,tailor,Nyamagana,,Igogo,32.9046106,-2.5302384
mwanza_businesses.5355,5355,5356,8532205572,,,Mlungushi,,,Mwanza,convenience,Nyamagana,Mo-Fr 08:00-18:00; Sa-Su 08:00-15:00,Igogo,32.9033942,-2.5298718
mwanza_businesses.5356,5356,5357,8532205549,Jomo Kenyatta Road,,,,,Mwanza,car_repair,Nyamagana,Mo-Sa 08:00-18:00,Igogo,32.9011529,-2.5298077
mwanza_businesses.5357,5357,5358,8532205722,Jomo Kenyatta Road,,,Goodwill,,Mwanza,hardware,Nyamagana,Mo-Sa 08:00-18:00,Igogo,32.9013385,-2.5296576
mwanza_businesses.5358,5358,5359,8532206117,Jomo Kenyatta Road,,,,,Mwanza,vacant,Nyamagana,,Igogo,32.9013054,-2.5294756
mwanza_businesses.5359,5359,5360,8532206781,Kambarage,,Kambarage,,,Mwanza,convenience,Nyamagana,Mo-Sa 08:00-18:00,Igogo,32.9016853,-2.5293117
mwanza_businesses.5360,5360,5361,8532205775,Jomo Kenyatta Road,,,,0782281626,Mwanza,car_repair,Nyamagana,Mo-Sa 08:00-18:00,Igogo,32.9010404,-2.5293101
mwanza_businesses.5361,5361,5362,8532203802,Kambarage,,,,,Mwanza,convenience,Nyamagana,Mo-Sa 08:00-18:00,Igogo,32.9032829,-2.5290599
mwanza_businesses.5362,5362,5363,8532205825,Kambalage,,Kambarage,,,Mwanza,electronics,Nyamagana,Mo-Sa 08:00-18:00,Igogo,32.9017568,-2.5290165
mwanza_businesses.5363,5363,5364,8532203780,Jomo Kenyatta Road,,,,,Mwanza,vacant,Nyamagana,,Igogo,32.9012557,-2.5290123
mwanza_businesses.5364,5364,5365,8532205947,Jomo Kenyatta Road,,,,,Mwanza,car_repair,Nyamagana,Mo-Sa 08:00-18:00,Igogo,32.9011398,-2.5288138
mwanza_businesses.5365,5365,5366,2016350745,,,,DStv Shop,,Mwanza,convenience,Nyamagana,,Igogo,32.9017407,-2.528813
mwanza_businesses.5366,5366,5367,8532206216,,,kambarage,Sivoko Spring LTD,,Mwanza,electronics,Nyamagana,Mo-Fr 09:00-17:00,Igogo,32.9016881,-2.5285474
mwanza_businesses.5367,5367,5368,8532205649,,,Kambarage,Reni International Co.ltd,,Mwanza,electronics,Nyamagana,Mo-Fr 09:00-17:00,Igogo,32.9016711,-2.5285135
mwanza_businesses.5368,5368,5369,8532206045,,,Kambarage,Best Bilt,,Mwanza,car_parts,Nyamagana,Mo-Fr 09:00-17:00,Igogo,32.9016541,-2.528344
mwanza_businesses.5369,5369,5370,8532206362,,,kambarage,Afya Pure Drinks,,Mwanza,beverages,Nyamagana,Mo-Fr 09:00-17:00,Igogo,32.9016881,-2.528344
mwanza_businesses.5370,5370,5371,8532206140,Jeshini,,Kambarage,,,Mwanza,stationery,Nyamagana,Mo-Sa 08:00-18:00,Igogo,32.9034734,-2.528159
mwanza_businesses.5371,5371,5372,8532205896,,,Kambarage,,,Mwanza,convenience,Nyamagana,Mo-Su 09:00-21:00,Igogo,32.9036,-2.5279566
mwanza_businesses.5372,5372,5373,8532205747,,,Kambarage,,,Mwanza,clothes,Nyamagana,Mo-Sa 09:00-20:00,Igogo,32.9034716,-2.527922
mwanza_businesses.5373,5373,5374,8532206287,,,Kambarage,,,Mwanza,vacant,Nyamagana,,Igogo,32.9033518,-2.5277583
mwanza_businesses.5374,5374,5375,8532206066,,,Kambarage,,,Mwanza,vacant,Nyamagana,,Igogo,32.9033334,-2.5277399
mwanza_businesses.5375,5375,5376,8532206854,,,Kambarage,,,Mwanza,vacant,Nyamagana,,Igogo,32.9033149,-2.5276295
mwanza_businesses.5376,5376,5377,8532205797,,,Kambarage,,,Mwanza,clothes,Nyamagana,Mo-Sa 09:00-20:00,Igogo,32.9032965,-2.5276111
mwanza_businesses.5377,5377,5378,8532198797,,,Kambarage,,,Mwanza,vacant,Nyamagana,,Igogo,32.9033358,-2.5275639
mwanza_businesses.5378,5378,5379,8532206879,,,Kambarage,,,Mwanza,vacant,Nyamagana,,Igogo,32.9033334,-2.5276479
mwanza_businesses.5379,5379,5380,8532206908,Jomo Kenyatta Road,,,,,Mwanza,vacant,Nyamagana,,Igogo,32.9010735,-2.5299388
mwanza_businesses.5380,5380,5381,8532206930,,,Kambarage,,,Mwanza,convenience,Nyamagana,Mo-Sa 09:00-20:00,Igogo,32.9034307,-2.5278672
mwanza_businesses.5381,5381,5382,8532206957,Kambalage,,Kambarage,,,Mwanza,electronics,Nyamagana,Mo-Sa 08:00-18:00,Igogo,32.9018855,-2.5287807
mwanza_businesses.5382,5382,5383,8532207026,Jomo Kenyatta Road,,,,,Mwanza,vacant,Nyamagana,,Igogo,32.9016035,-2.5308819
mwanza_businesses.5383,5383,5384,8532207030,,,Kambarage,,,Mwanza,convenience,Nyamagana,Mo-Sa 08:00-18:00,Igogo,32.9035163,-2.5281161
mwanza_businesses.5384,5384,5385,8532207082,Jomo Kenyatta Road,,,,,Mwanza,vacant,Nyamagana,,Igogo,32.9011729,-2.5284994
mwanza_businesses.5385,5385,5386,8532207105,,,Kambarage,,,Mwanza,convenience,Nyamagana,Mo-Sa 08:00-18:00,Igogo,32.902804,-2.529226
mwanza_businesses.5386,5386,5387,8532207177,Jomo Kenyatta,,,Total,,Mwanza,car_repair,Nyamagana,,Igogo,32.901628,-2.5320819
mwanza_businesses.5387,5387,5388,8532207254,Jomo Kenyatta Road,,,,,Mwanza,vacant,Nyamagana,,Igogo,32.9013716,-2.5298396
mwanza_businesses.5388,5388,5389,8532207279,,,Kambarage,,,Mwanza,vacant,Nyamagana,,Igogo,32.9033702,-2.5277951
mwanza_businesses.5389,5389,5390,8532207303,,,Mlungushi,,,Mwanza,greengrocer,Nyamagana,,Igogo,32.9028822,-2.5318459
mwanza_businesses.5390,5390,5391,8532207329,,,Mlungushi,,,Mwanza,convenience,Nyamagana,Mo-Fr 08:00-18:00; Sa-Su 08:00-15:00,Igogo,32.9033894,-2.5296966
mwanza_businesses.5391,5391,5392,8532207357,Kambalage,,Kambarage,,,Mwanza,hardware,Nyamagana,Mo-Sa 08:00-18:00,Igogo,32.9018641,-2.5287592
mwanza_businesses.5392,5392,5393,8532206834,,,Pamba,,,Mwanza,car_repair,Nyamagana,24/7,Igogo,32.9014899,-2.5271341
mwanza_businesses.5393,5393,5394,8532198777,Mission,,Mission,,,Mwanza,car_parts,Nyamagana,Mo-Sa 08:00-18:00,Igogo,32.9016066,-2.5262726
mwanza_businesses.5394,5394,5395,8532207234,,,Pamba,,,Mwanza,car_parts,Nyamagana,24/7,Igogo,32.9015372,-2.5268363
mwanza_businesses.5395,5395,5396,8532205670,Bugando Mji,,Bugando Mji,Sokolo Shop,0627401206,Mwanza,convenience,Nyamagana,Mo-Sa 09:00-17:00;Mo-Sa 08:00-18:00,Igogo,32.9037952,-2.5260582
mwanza_businesses.5396,5396,5397,8532203729,Bugando Mji,,Bugando Mji,Nkonye Shopping,0683161606,Mwanza,convenience,Nyamagana,Mo-Sa 09:00-17:00;Mo-Sa 09:00-20:00,Igogo,32.903924,-2.5259296
mwanza_businesses.5397,5397,5398,8520963976,,,Bugarika Kusini,Msauth Baba Lao Cutting Salon,0748060796,Mwanza,hairdresser,Nyamagana,Mo-Su 09:00-21:00,Igogo,32.9146099,-2.5332824
mwanza_businesses.5398,5398,5399,8520688397,Mahina Gengeni,,Mahina Relini,,,Mwanza,beverages,Nyamagana,Mo-Su 09:00-21:00,Mkuyuni,32.9192018,-2.56056
mwanza_businesses.5399,5399,5400,8520688071,,,Mahina,,,Mwanza,kiosk,Nyamagana,Mo-Su 09:00-21:00,Mkuyuni,32.9193521,-2.560421
mwanza_businesses.5400,5400,5401,8520688211,,,,,,Mwanza,vacant,Nyamagana,,Mkuyuni,32.9189014,-2.560421
mwanza_businesses.5401,5401,5402,8520687948,,,Mahina,,,Mwanza,kiosk,Nyamagana,Mo-Su 09:00-21:00,Mkuyuni,32.9193306,-2.5603995
mwanza_businesses.5402,5402,5403,8520688192,Mahina Relini,,Mahina Relini,,,Mwanza,vacant,Nyamagana,,Mkuyuni,32.918644,-2.5603995
mwanza_businesses.5403,5403,5404,8520688260,Mahina Relini,,Mahina Relini,,,Mwanza,video,Nyamagana,Mo-Su 09:00-21:00,Mkuyuni,32.9187298,-2.5603781
mwanza_businesses.5404,5404,5405,8520688428,,,Mahina,,,Mwanza,kiosk,Nyamagana,Mo-Su 09:00-21:00,Mkuyuni,32.9192224,-2.5603423
mwanza_businesses.5405,5405,5406,8520688123,,,Mahina,,,Mwanza,kiosk,Nyamagana,Mo-Su 09:00-21:00,Mkuyuni,32.9191989,-2.5603188
mwanza_businesses.5406,5406,5407,8520688050,,,Mahina,,,Mwanza,kiosk,Nyamagana,Mo-Su 09:00-21:00,Mkuyuni,32.9191753,-2.5602953
mwanza_businesses.5407,5407,5408,8520687896,Saranda,,Mahakama,,,Mwanza,hairdresser,Nyamagana,Mo-Su 09:00-21:00,Mkuyuni,32.9175496,-2.5602923
mwanza_businesses.5408,5408,5409,8520688221,Saranda,,Mahakama,,,Mwanza,cosmetics,Nyamagana,Mo-Sa 08:00-18:00,Mkuyuni,32.9175067,-2.5602923
mwanza_businesses.5409,5409,5410,8520687931,Saranda,,Mahakama,,,Mwanza,convenience,Nyamagana,Mo-Sa 08:00-18:00,Mkuyuni,32.9175282,-2.5602923
mwanza_businesses.5410,5410,5411,8520688020,,,Mahina,,,Mwanza,kiosk,Nyamagana,Mo-Su 09:00-21:00,Mkuyuni,32.9195446,-2.5601223
mwanza_businesses.5411,5411,5412,8520688158,Mahakama,,Mahakama,,,Mwanza,car_parts,Nyamagana,Mo-Sa 09:00-17:00,Mkuyuni,32.9158115,-2.5601208
mwanza_businesses.5412,5412,5413,8520688252,Mahakama,,Mahakama,,,Mwanza,convenience,Nyamagana,Mo-Sa 08:00-18:00,Mkuyuni,32.915764,-2.5600929
mwanza_businesses.5413,5413,5414,8520688197,Mahakama,,Mahakama,,,Mwanza,video,Nyamagana,Mo-Sa 08:00-18:00,Mkuyuni,32.9156184,-2.560078
mwanza_businesses.5414,5414,5415,8520680590,Soko la Mkulima,,Mahina,,,Mwanza,convenience,Nyamagana,Mo-Sa 08:00-18:00,Mkuyuni,32.9158545,-2.5595635
mwanza_businesses.5415,5415,5416,8520688118,Soko la Mkulima,,Mahina,,,Mwanza,hairdresser,Nyamagana,Mo-Sa 08:00-18:00,Mkuyuni,32.9159403,-2.5595421
mwanza_businesses.5416,5416,5417,8520688255,Soko la Mkulima,,Mahina,,,Mwanza,hairdresser,Nyamagana,Mo-Sa 08:00-18:00,Mkuyuni,32.9160047,-2.5594563
mwanza_businesses.5417,5417,5418,8520687905,,,Sokoni,,,Mwanza,convenience,Nyamagana,Mo-Sa 09:00-17:00,Mkuyuni,32.9158972,-2.5594409
mwanza_businesses.5418,5418,5419,8520687965,,,Mahakama,Salanda,,Mwanza,convenience,Nyamagana,,Mkuyuni,32.9175282,-2.5594349
mwanza_businesses.5419,5419,5420,8520688019,,,Sokoni,,,Mwanza,convenience,Nyamagana,24/7,Mkuyuni,32.9156873,-2.5593938
mwanza_businesses.5420,5420,5421,8520688136,,,Sokoni,,,Mwanza,furniture,Nyamagana,24/7,Mkuyuni,32.9155736,-2.5592973
mwanza_businesses.5421,5421,5422,8520688006,,,Sokoni,Mkulima Butchery,,Mwanza,butcher,Nyamagana,Mo-Sa 08:00-18:00,Mkuyuni,32.9155401,-2.5592805
mwanza_businesses.5422,5422,5423,8520680567,,,Sokoni,,,Mwanza,vacant,Nyamagana,,Mkuyuni,32.91553,-2.5592795
mwanza_businesses.5423,5423,5424,8520680595,,,Sokoni,,,Mwanza,convenience,Nyamagana,Mo-Sa 08:00-18:00,Mkuyuni,32.9155511,-2.5592751
mwanza_businesses.5424,5424,5425,8520680555,,,Sokoni,,,Mwanza,tailor,Nyamagana,Mo-Sa 08:00-18:00,Mkuyuni,32.9155111,-2.5592634
mwanza_businesses.5425,5425,5426,8520688122,,,Sokoni,,,Mwanza,clothes,Nyamagana,Mo-Sa 08:00-18:00,Mkuyuni,32.9154464,-2.5592597
mwanza_businesses.5426,5426,5427,8520688164,,,Mahakama,,,Mwanza,hairdresser,Nyamagana,Mo-Sa 09:00-17:00,Mkuyuni,32.9165196,-2.5591777
mwanza_businesses.5427,5427,5428,8520688231,,,Mahakama,Sam Mahela,,Mwanza,convenience,Nyamagana,Mo-Fr 08:00-18:00; Sa-Su 08:00-15:00,Mkuyuni,32.9164767,-2.5591777
mwanza_businesses.5428,5428,5429,8520688191,,,Sokoni,,,Mwanza,convenience,Nyamagana,24/7,Mkuyuni,32.9154009,-2.5591753
mwanza_businesses.5429,5429,5430,8520687826,,,Mahakama,Willy Cut Caloon,,Mwanza,hairdresser,Nyamagana,Mo-Fr 08:00-18:00; Sa-Su 08:00-15:00,Mkuyuni,32.9169059,-2.5591133
mwanza_businesses.5430,5430,5431,8520687959,,,Mahakama,,,Mwanza,convenience,Nyamagana,Mo-Sa 09:00-20:00,Mkuyuni,32.9172707,-2.5591133
mwanza_businesses.5431,5431,5432,8520688154,,,Mahakama,,0785 239581 0755 755591,Mwanza,herbalist,Nyamagana,Mo-Fr 08:00-18:00; Sa-Su 08:00-15:00,Mkuyuni,32.916863,-2.5591133
mwanza_businesses.5432,5432,5433,8520688291,,,Mahakama,Veda Electronics,,Mwanza,electronics,Nyamagana,Mo-Sa 09:00-20:00,Mkuyuni,32.9173565,-2.5591133
mwanza_businesses.5433,5433,5434,8520688065,sokoni,,sokoni,,,Mwanza,furniture,Nyamagana,Mo-Sa 08:00-18:00,Mkuyuni,32.9123998,-2.5594778
mwanza_businesses.5434,5434,5435,8520688051,sokoni,,sokoni,,,Mwanza,car_repair,Nyamagana,Mo-Sa 09:00-17:00,Mkuyuni,32.9125526,-2.5591881
mwanza_businesses.5435,5435,5436,8520687907,sokoni,,Sokoni,,,Mwanza,motorcycle_repair,Nyamagana,Mo-Sa 09:00-17:00,Mkuyuni,32.9126358,-2.5595849
mwanza_businesses.5436,5436,5437,8520680541,Sokoni,,Sokoni,Bifaty,,Mwanza,jewelry,Nyamagana,Mo-Sa 08:00-18:00,Mkuyuni,32.912786,-2.5598422
mwanza_businesses.5437,5437,5438,8520688021,,,Sokoni,,,Mwanza,butcher,Nyamagana,Mo-Sa 09:00-20:00,Mkuyuni,32.9128504,-2.5588132
mwanza_businesses.5438,5438,5439,8520687991,,,Sokoni,,,Mwanza,vacant,Nyamagana,,Mkuyuni,32.9129255,-2.55878
mwanza_businesses.5439,5439,5440,8520687838,sokoni,,sokoni,Wallen Auto parts,,Mwanza,car_parts,Nyamagana,Mo-Sa 08:00-18:00,Mkuyuni,32.9129362,-2.5597564
mwanza_businesses.5440,5440,5441,8520687870,Sokoni,,Sokoni,,,Mwanza,farm,Nyamagana,Mo-Sa 09:00-17:00,Mkuyuni,32.913022,-2.5602066
mwanza_businesses.5441,5441,5442,8520687953,Sokoni,,Sokoni,,,Mwanza,convenience,Nyamagana,Mo-Sa 09:00-20:00,Mkuyuni,32.9130435,-2.5588775
mwanza_businesses.5442,5442,5443,8520687947,Sokoni,,sokoni,,,Mwanza,clothes,Nyamagana,Mo-Sa 09:00-20:00,Mkuyuni,32.913065,-2.5589204
mwanza_businesses.5443,5443,5444,8520688026,Sokoni,,Sokoni,,,Mwanza,alcohol,Nyamagana,Mo-Sa 09:00-20:00,Mkuyuni,32.9131079,-2.5588561
mwanza_businesses.5444,5444,5445,8520688025,sokoni,,sokoni,,,Mwanza,convenience,Nyamagana,Mo-Sa 09:00-20:00,Mkuyuni,32.9131786,-2.5594992
mwanza_businesses.5445,5445,5446,8520680616,Sokoni,,Sokoni,,,Mwanza,hairdresser,Nyamagana,Mo-Fr 09:00-17:00,Mkuyuni,32.9131912,-2.5604047
mwanza_businesses.5446,5446,5447,8520680573,,,Sokoni,,,Mwanza,convenience,Nyamagana,Mo-Fr 08:00-18:00; Sa-Su 08:00-15:00,Mkuyuni,32.9132366,-2.5594349
mwanza_businesses.5447,5447,5448,8520688032,,,Sokoni,,,Mwanza,cosmetics,Nyamagana,Mo-Fr 08:00-18:00; Sa-Su 08:00-15:00,Mkuyuni,32.9132795,-2.559392
mwanza_businesses.5448,5448,5449,8520688056,,,Sokoni,,,Mwanza,bed,Nyamagana,Mo-Fr 08:00-18:00; Sa-Su 08:00-15:00,Mkuyuni,32.9133439,-2.5595849
mwanza_businesses.5449,5449,5450,8520680602,,,Sokoni,,,Mwanza,convenience,Nyamagana,Mo-Fr 08:00-18:00; Sa-Su 08:00-15:00,Mkuyuni,32.9133654,-2.5595635
mwanza_businesses.5450,5450,5451,8520687918,,,Sokoni,,,Mwanza,convenience,Nyamagana,Mo-Fr 08:00-18:00; Sa-Su 08:00-15:00,Mkuyuni,32.9133654,-2.5593706
mwanza_businesses.5451,5451,5452,8520680532,,,Sokoni,,,Mwanza,convenience,Nyamagana,Mo-Fr 08:00-18:00; Sa-Su 08:00-15:00,Mkuyuni,32.9134008,-2.5596684
mwanza_businesses.5452,5452,5453,8520687989,,,Sokoni,,,Mwanza,convenience,Nyamagana,Mo-Fr 08:00-18:00; Sa-Su 08:00-15:00,Mkuyuni,32.9134083,-2.5593491
mwanza_businesses.5453,5453,5454,8520688101,,,Sokoni,,,Mwanza,wholesale,Nyamagana,Mo-Sa 08:00-18:00,Mkuyuni,32.9129896,-2.5586732
mwanza_businesses.5454,5454,5455,8520688114,Sokoni,,Sokoni,,,Mwanza,convenience,Nyamagana,Mo-Fr 09:00-17:00,Mkuyuni,32.9131079,-2.5602709
mwanza_businesses.5455,5455,5456,8520688129,,,Sokoni,,,Mwanza,convenience,Nyamagana,Mo-Fr 08:00-18:00; Sa-Su 08:00-15:00,Mkuyuni,32.9134083,-2.5595206
mwanza_businesses.5456,5456,5457,8520688138,sokoni,,sokoni,,,Mwanza,farm,Nyamagana,24/7,Mkuyuni,32.9128504,-2.5597779
mwanza_businesses.5457,5457,5458,8520688170,,,Sokoni,,,Mwanza,clothes,Nyamagana,Mo-Fr 08:00-18:00; Sa-Su 08:00-15:00,Mkuyuni,32.9132152,-2.5594563
mwanza_businesses.5458,5458,5459,8520688171,Sokoni,,Sokoni,,,Mwanza,bakery,Nyamagana,Mo-Sa 09:00-20:00,Mkuyuni,32.9133224,-2.5585989
mwanza_businesses.5459,5459,5460,8520688177,sokoni,,sokoni,,,Mwanza,car_parts,Nyamagana,Mo-Sa 09:00-17:00,Mkuyuni,32.9132366,-2.5594135
mwanza_businesses.5460,5460,5461,8520688184,Sokoni,,Sokoni,,,Mwanza,convenience,Nyamagana,Mo-Fr 09:00-17:00,Mkuyuni,32.9131787,-2.5601821
mwanza_businesses.5461,5461,5462,8520688233,Sokoni,,Sokoni,,,Mwanza,farm,Nyamagana,Mo-Sa 08:00-18:00,Mkuyuni,32.9128075,-2.5602923
mwanza_businesses.5462,5462,5463,8520688237,,,Sokoni,,,Mwanza,convenience,Nyamagana,Mo-Fr 08:00-18:00; Sa-Su 08:00-15:00,Mkuyuni,32.9132581,-2.5594135
mwanza_businesses.5463,5463,5464,8520688244,Sokoni,,Sokoni,,,Mwanza,alcohol,Nyamagana,Mo-Sa 09:00-20:00,Mkuyuni,32.9133619,-2.5593415
mwanza_businesses.5464,5464,5465,8520688272,Sokoni,,Sokoni,,,Mwanza,beauty,Nyamagana,Mo-Fr 09:00-17:00,Mkuyuni,32.9134083,-2.5590919
mwanza_businesses.5465,5465,5466,8520688274,Sokoni,,Sokoni,plascorn colour,,Mwanza,paint,Nyamagana,Mo-Sa 08:00-18:00,Mkuyuni,32.9119492,-2.5588132
mwanza_businesses.5466,5466,5467,8520688278,Sokoni,,Sokoni,,,Mwanza,beauty,Nyamagana,Mo-Sa 09:00-20:00,Mkuyuni,32.913065,-2.5588775
mwanza_businesses.5467,5467,5468,8520688285,sokoni,,sokoni,,,Mwanza,hardware,Nyamagana,Mo-Sa 09:00-17:00,Mkuyuni,32.9133693,-2.5605209
mwanza_businesses.5468,5468,5469,8520688295,sokoni,Airtel Money;MPESA;Tigo Pesa,sokoni,Nana auto spare parts,,Mwanza,car_parts,Nyamagana,Mo-Sa 09:00-17:00,Mkuyuni,32.913022,-2.5599494
mwanza_businesses.5469,5469,5470,8520688304,sokoni,,sokoni,,,Mwanza,alcohol,Nyamagana,Mo-Sa 09:00-20:00,Mkuyuni,32.9127216,-2.5596064
mwanza_businesses.5470,5470,5471,8520688307,Sokoni,,Sokoni,,,Mwanza,motorcycle_repair,Nyamagana,24/7,Mkuyuni,32.9130006,-2.5598636
mwanza_businesses.5471,5471,5472,8520688346,Sokoni,,Sokoni,plascorn colour,,Mwanza,paint,Nyamagana,Mo-Sa 09:00-17:00,Mkuyuni,32.9121423,-2.5587918
mwanza_businesses.5472,5472,5473,8520688350,,,Sokoni,,,Mwanza,convenience,Nyamagana,Mo-Fr 08:00-18:00; Sa-Su 08:00-15:00,Mkuyuni,32.9134512,-2.5594992
mwanza_businesses.5473,5473,5474,8520688357,,,Sokoni,,,Mwanza,convenience,Nyamagana,Mo-Fr 08:00-18:00; Sa-Su 08:00-15:00,Mkuyuni,32.9133868,-2.5595421
mwanza_businesses.5474,5474,5475,8520688377,Sokoni,,Sokoni,Zenze,,Mwanza,bed,Nyamagana,Mo-Sa 08:00-18:00,Mkuyuni,32.9124641,-2.5595635
mwanza_businesses.5475,5475,5476,8520688382,,,Sokoni,,,Mwanza,butcher,Nyamagana,Mo-Fr 08:00-18:00; Sa-Su 08:00-15:00,Mkuyuni,32.9134223,-2.5596879
mwanza_businesses.5476,5476,5477,8520688389,Sokoni,,Sokoni,,,Mwanza,beauty,Nyamagana,Mo-Sa 09:00-20:00,Mkuyuni,32.9132581,-2.5591991
mwanza_businesses.5477,5477,5478,8520688426,Sokoni,,Sokoni,,,Mwanza,car_parts,Nyamagana,Mo-Sa 09:00-20:00,Mkuyuni,32.9132795,-2.5586632
mwanza_businesses.5478,5478,5479,8520688432,Sokoni,,Sokoni,,,Mwanza,convenience,Nyamagana,Mo-Fr 09:00-17:00,Mkuyuni,32.9134297,-2.5591348
mwanza_businesses.5479,5479,5480,8520688039,Mahakama,,Mahakama,,,Mwanza,hairdresser,Nyamagana,Mo-Sa 08:00-18:00,Mkuyuni,32.9145241,-2.5603566
mwanza_businesses.5480,5480,5481,8520687969,Mahakama,,Mahakama,,,Mwanza,gas,Nyamagana,Mo-Sa 09:00-17:00,Mkuyuni,32.9145026,-2.5603352
mwanza_businesses.5481,5481,5482,8520688012,,,Sokoni,,,Mwanza,furniture,Nyamagana,Mo-Fr 08:00-18:00; Sa-Su 08:00-15:00,Mkuyuni,32.9136229,-2.5600351
mwanza_businesses.5482,5482,5483,8520688225,,,Sokoni,,,Mwanza,convenience,Nyamagana,Mo-Fr 08:00-18:00; Sa-Su 08:00-15:00,Mkuyuni,32.9136625,-2.5600024
mwanza_businesses.5483,5483,5484,8520687830,,,Sokoni,,,Mwanza,butcher,Nyamagana,Mo-Sa 09:00-17:00,Mkuyuni,32.9135799,-2.5599922
mwanza_businesses.5484,5484,5485,8520688265,,,Sokoni,,,Mwanza,convenience,Nyamagana,Mo-Fr 08:00-18:00; Sa-Su 08:00-15:00,Mkuyuni,32.9137194,-2.5599456
mwanza_businesses.5485,5485,5486,8520687900,,,Sokoni,,,Mwanza,convenience,Nyamagana,Mo-Fr 08:00-18:00; Sa-Su 08:00-15:00,Mkuyuni,32.913762,-2.5599172
mwanza_businesses.5486,5486,5487,8520688368,,,Sokoni,,,Mwanza,convenience,Nyamagana,Mo-Fr 08:00-18:00; Sa-Su 08:00-15:00,Mkuyuni,32.9137905,-2.559903
mwanza_businesses.5487,5487,5488,8520688337,,,Sokoni,,,Mwanza,agrarian,Nyamagana,Mo-Su 09:00-21:00,Mkuyuni,32.9135696,-2.5599
mwanza_businesses.5488,5488,5489,8520687940,,,Sokoni,,,Mwanza,convenience,Nyamagana,Mo-Fr 08:00-18:00; Sa-Su 08:00-15:00,Mkuyuni,32.9138331,-2.5598888
mwanza_businesses.5489,5489,5490,8520688086,Sokoni,,Sokoni,,,Mwanza,convenience,Nyamagana,Mo-Sa 09:00-20:00,Mkuyuni,32.9142022,-2.5598636
mwanza_businesses.5490,5490,5491,8520688204,Sokoni,,Sokoni,,,Mwanza,beauty,Nyamagana,Mo-Sa 09:00-20:00,Mkuyuni,32.9147184,-2.5598571
mwanza_businesses.5491,5491,5492,8520680580,,,Sokoni,,,Mwanza,convenience,Nyamagana,Mo-Fr 08:00-18:00; Sa-Su 08:00-15:00,Mkuyuni,32.9139185,-2.5598319
mwanza_businesses.5492,5492,5493,8520687958,,,Sokoni,,,Mwanza,butcher,Nyamagana,Mo-Su 09:00-21:00,Mkuyuni,32.9134988,-2.5597928
mwanza_businesses.5493,5493,5494,8520688001,,,Sokoni,,,Mwanza,convenience,Nyamagana,Mo-Fr 08:00-18:00; Sa-Su 08:00-15:00,Mkuyuni,32.913949,-2.5597574
mwanza_businesses.5494,5494,5495,8520688326,Mahakama,,Mahakama,,,Mwanza,clothes,Nyamagana,Mo-Sa 08:00-18:00,Mkuyuni,32.9151678,-2.559735
mwanza_businesses.5495,5495,5496,8520687836,Sokoni,,Sokoni,,,Mwanza,convenience,Nyamagana,Mo-Sa 09:00-17:00,Mkuyuni,32.9144812,-2.559735
mwanza_businesses.5496,5496,5497,8520688075,Mahakama,,Mahakama,,,Mwanza,houseware,Nyamagana,Mo-Sa 08:00-18:00,Mkuyuni,32.9151249,-2.559735
mwanza_businesses.5497,5497,5498,8520687911,,,Sokoni,,,Mwanza,convenience,Nyamagana,Mo-Fr 08:00-18:00; Sa-Su 08:00-15:00,Mkuyuni,32.9135765,-2.5597075
mwanza_businesses.5498,5498,5499,8520688401,,,Sokoni,,,Mwanza,clothes,Nyamagana,Mo-Fr 08:00-18:00; Sa-Su 08:00-15:00,Mkuyuni,32.9139136,-2.5597055
mwanza_businesses.5499,5499,5500,8520680550,,,Sokoni,,,Mwanza,clothes,Nyamagana,Mo-Fr 08:00-18:00; Sa-Su 08:00-15:00,Mkuyuni,32.9138805,-2.5596664
mwanza_businesses.5500,5500,5501,8520688094,Sokoni,,Sokoni,,,Mwanza,convenience,Nyamagana,Mo-Sa 09:00-20:00,Mkuyuni,32.9144597,-2.5596493
mwanza_businesses.5501,5501,5502,8520687820,,,Sokoni,,,Mwanza,cosmetics,Nyamagana,Mo-Fr 08:00-18:00; Sa-Su 08:00-15:00,Mkuyuni,32.914146,-2.5596331
mwanza_businesses.5502,5502,5503,8520688043,,,Sokoni,,,Mwanza,clothes,Nyamagana,Mo-Fr 08:00-18:00; Sa-Su 08:00-15:00,Mkuyuni,32.9142171,-2.5595763
mwanza_businesses.5503,5503,5504,8520688331,,,Sokoni,,,Mwanza,convenience,Nyamagana,Mo-Fr 08:00-18:00; Sa-Su 08:00-15:00,Mkuyuni,32.9143163,-2.5595612
mwanza_businesses.5504,5504,5505,8520687930,,,Sokoni,,,Mwanza,agrarian,Nyamagana,Mo-Fr 08:00-18:00; Sa-Su 08:00-15:00,Mkuyuni,32.9142882,-2.5595194
mwanza_businesses.5505,5505,5506,8520688100,,,Sokoni,,,Mwanza,convenience,Nyamagana,Mo-Fr 08:00-18:00; Sa-Su 08:00-15:00,Mkuyuni,32.9134727,-2.5594778
mwanza_businesses.5506,5506,5507,8520680539,,,Sokoni,,,Mwanza,hairdresser,Nyamagana,Mo-Fr 08:00-18:00; Sa-Su 08:00-15:00,Mkuyuni,32.9142597,-2.5594626
mwanza_businesses.5507,5507,5508,8520680525,Sokoni,,Sokoni,,,Mwanza,alcohol,Nyamagana,Mo-Sa 09:00-20:00,Mkuyuni,32.9147172,-2.5594349
mwanza_businesses.5508,5508,5509,8520687849,,,Sokoni,,,Mwanza,convenience,Nyamagana,Mo-Fr 08:00-18:00; Sa-Su 08:00-15:00,Mkuyuni,32.9135585,-2.5594135
mwanza_businesses.5509,5509,5510,8520687934,,,Sokoni,Moshi Dress Saloon,,Mwanza,hairdresser,Nyamagana,Mo-Su 09:00-21:00,Mkuyuni,32.9145064,-2.5593734
mwanza_businesses.5510,5510,5511,8520688419,,,Sokoni,Beauty Salon,,Mwanza,hairdresser,Nyamagana,Mo-Fr 08:00-18:00; Sa-Su 08:00-15:00,Mkuyuni,32.913866,-2.5593643
mwanza_businesses.5511,5511,5512,8520688314,Sokoni,,Sokoni,,,Mwanza,beauty,Nyamagana,Mo-Fr 09:00-17:00,Mkuyuni,32.9134941,-2.559242
mwanza_businesses.5512,5512,5513,8520688063,Sokoni,,Sokoni,,,Mwanza,electronics,Nyamagana,Mo-Fr 09:00-17:00,Mkuyuni,32.9134941,-2.5591991
mwanza_businesses.5513,5513,5514,8520687889,Sokoni,,Sokoni,,,Mwanza,alcohol,Nyamagana,Mo-Fr 09:00-17:00,Mkuyuni,32.9135828,-2.5591818
mwanza_businesses.5514,5514,5515,8520688425,,,Sokoni,,,Mwanza,electronics,Nyamagana,Mo-Fr 08:00-18:00; Sa-Su 08:00-15:00,Mkuyuni,32.9134941,-2.5594563
mwanza_businesses.5515,5515,5516,8520688443,Sokoni,,Sokoni,,,Mwanza,convenience,Nyamagana,Mo-Sa 09:00-20:00,Mkuyuni,32.9145026,-2.5595849
mwanza_businesses.5516,5516,5517,8520680609,,,Sokoni,,,Mwanza,butcher,Nyamagana,Mo-Sa 09:00-20:00;Mo-Su 09:00-21:00,Mkuyuni,32.915314,-2.5591265
mwanza_businesses.5517,5517,5518,8520688049,,,Sokoni,,,Mwanza,convenience,Nyamagana,24/7,Mkuyuni,32.9153605,-2.5591551
mwanza_businesses.5518,5518,5519,8520688301,,,Sokoni,,0767872562,Mwanza,agrarian,Nyamagana,Mo-Sa 08:00-18:00,Mkuyuni,32.9153971,-2.5591687
mwanza_businesses.5519,5519,5520,8520688375,,,Sokoni,,,Mwanza,mobile_phone,Nyamagana,Mo-Sa 08:00-18:00,Mkuyuni,32.9153373,-2.5591236
mwanza_businesses.5520,5520,5521,8520687821,Mahakama,,Mahakama,,,Mwanza,hairdresser,Nyamagana,Mo-Sa 08:00-18:00,Mkuyuni,32.9155053,-2.5606266
mwanza_businesses.5521,5521,5522,8520688080,,,Sokoni,,,Mwanza,agrarian,Nyamagana,Mo-Sa 08:00-18:00,Mkuyuni,32.91547,-2.5592521
mwanza_businesses.5522,5522,5523,8520687824,,,Mkuyuni sokoni,,,Mwanza,convenience,Nyamagana,,Mkuyuni,32.9149961,-2.5588561
mwanza_businesses.5523,5523,5524,8520688351,Sokoni,,Sokoni,,,Mwanza,beauty,Nyamagana,Mo-Sa 09:00-20:00,Mkuyuni,32.9134941,-2.5588347
mwanza_businesses.5524,5524,5525,8520688219,,,Mkuyuni sokoni,Neema shop,0769051134,Mwanza,clothes,Nyamagana,Mo-Sa 08:00-18:00,Mkuyuni,32.9149961,-2.5588347
mwanza_businesses.5525,5525,5526,8520688183,,,Mkuyuni sokoni,,,Mwanza,cosmetics,Nyamagana,,Mkuyuni,32.914803,-2.5587489
mwanza_businesses.5526,5526,5527,8520680586,,,Mkuyuni sokoni,,,Mwanza,convenience,Nyamagana,,Mkuyuni,32.914803,-2.5587275
mwanza_businesses.5527,5527,5528,8520688288,,,Mkuyuni sokoni,,,Mwanza,agrarian,Nyamagana,Mo-Sa 08:00-18:00,Mkuyuni,32.9147816,-2.5587275
mwanza_businesses.5528,5528,5529,8520688321,,,Mkuyuni sokoni,,,Mwanza,vacant,Nyamagana,,Mkuyuni,32.9138589,-2.558213
mwanza_businesses.5529,5529,5530,8520687825,,,Mkuyuni sokoni,Vunjabei shop,,Mwanza,convenience,Nyamagana,Mo-Su 09:00-21:00,Mkuyuni,32.9138589,-2.5581916
mwanza_businesses.5530,5530,5531,8520687925,,,Mkuyuni sokoni,,,Mwanza,convenience,Nyamagana,Mo-Su 09:00-21:00,Mkuyuni,32.9138374,-2.5581916
mwanza_businesses.5531,5531,5532,8520687895,,,Mkuyuni sokoni,Ebenezer Byutt salon,,Mwanza,hairdresser,Nyamagana,Mo-Su 09:00-21:00,Mkuyuni,32.9136882,-2.5581447
mwanza_businesses.5532,5532,5533,8520688152,,,Mkuyuni sokoni,,,Mwanza,vacant,Nyamagana,,Mkuyuni,32.9137563,-2.5581347
mwanza_businesses.5533,5533,5534,8520687964,,,Mkuyuni sokoni,,,Mwanza,vacant,Nyamagana,,Mkuyuni,32.9144812,-2.5579987
mwanza_businesses.5534,5534,5535,8520688070,,,Sokoni,,,Mwanza,convenience,Nyamagana,Mo-Su 09:00-21:00,Mkuyuni,32.9135156,-2.5579772
mwanza_businesses.5535,5535,5536,8520688438,,,Sokoni,Janeth Shop,,Mwanza,convenience,Nyamagana,Mo-Su 09:00-21:00,Mkuyuni,32.913537,-2.5579772
mwanza_businesses.5536,5536,5537,8520688038,,,Mkuyuni sokoni,,,Mwanza,tailor,Nyamagana,Mo-Fr 08:00-18:00; Sa-Su 08:00-15:00,Mkuyuni,32.9142428,-2.5579027
mwanza_businesses.5537,5537,5538,8520688363,,,Mkuyuni sokoni,,,Mwanza,convenience,Nyamagana,Mo-Su 09:00-21:00,Mkuyuni,32.9142451,-2.55787
mwanza_businesses.5538,5538,5539,8520688079,,,Mkuyuni sokoni,,,Mwanza,convenience,Nyamagana,Mo-Su 09:00-21:00,Mkuyuni,32.9145241,-2.5576986
mwanza_businesses.5539,5539,5540,8520688405,,,Mkuyuni sokoni,,,Mwanza,convenience,Nyamagana,Mo-Su 09:00-21:00,Mkuyuni,32.9145241,-2.5575914
mwanza_businesses.5540,5540,5541,8520680574,,,Sokoni,,,Mwanza,beauty,Nyamagana,Mo-Sa 08:00-18:00,Mkuyuni,32.9130538,-2.5585877
mwanza_businesses.5541,5541,5542,8520688096,Sokoni,,Sokoni,plascorn colour,,Mwanza,paint,Nyamagana,Mo-Sa 09:00-17:00,Mkuyuni,32.9118848,-2.5585774
mwanza_businesses.5542,5542,5543,8520680611,Sokoni,,Sokoni,Comfy Product,,Mwanza,bed,Nyamagana,Mo-Sa 08:00-18:00,Mkuyuni,32.9114342,-2.5584274
mwanza_businesses.5543,5543,5544,8520688113,,,Sokoni,,,Mwanza,vacant,Nyamagana,,Mkuyuni,32.913225,-2.5584166
mwanza_businesses.5544,5544,5545,8520680545,,,Sokoni,,,Mwanza,convenience,Nyamagana,Mo-Sa 08:00-18:00,Mkuyuni,32.9130282,-2.5582202
mwanza_businesses.5545,5545,5546,8520688130,,,Sokoni,Twiga Chemicals Industry Limited,0282552042,Mwanza,agrarian,Nyamagana,Mo-Sa 08:00-18:00,Mkuyuni,32.9117236,-2.5576791
mwanza_businesses.5546,5546,5547,8520687880,sokoni,,sokoni,Comfy Product,,Mwanza,bed,Nyamagana,Mo-Sa 08:00-18:00,Mkuyuni,32.9104933,-2.5576779
mwanza_businesses.5547,5547,5548,8520680521,,,Sokoni,,,Mwanza,vacant,Nyamagana,,Mkuyuni,32.9111244,-2.5572812
mwanza_businesses.5548,5548,5549,8520688044,,,Sokoni,Dalusi Auto Spare,,Mwanza,car_parts,Nyamagana,Mo-Sa 08:00-18:00,Mkuyuni,32.9111863,-2.5571465
mwanza_businesses.5549,5549,5550,8520680591,,,Sokoni,,,Mwanza,car_parts,Nyamagana,Mo-Sa 08:00-18:00,Mkuyuni,32.9111304,-2.5571162
mwanza_businesses.5550,5550,5551,8520688119,,,Sokoni,,,Mwanza,convenience,Nyamagana,Mo-Fr 08:00-18:00; Sa-Su 08:00-15:00,Mkuyuni,32.9123277,-2.5563544
mwanza_businesses.5551,5551,5552,8520687941,Sokoni,,Sokoni,Comfy Product,,Mwanza,bed,Nyamagana,Mo-Sa 08:00-18:00,Mkuyuni,32.9092811,-2.5563281
mwanza_businesses.5552,5552,5553,8520687860,,,Sokoni,,,Mwanza,alcohol,Nyamagana,Mo-Sa 09:00-20:00,Mkuyuni,32.9121405,-2.5561786
mwanza_businesses.5553,5553,5554,8520687883,,,kang'anga,,,Mwanza,convenience,Nyamagana,Mo-Sa 08:00-18:00,Mkuyuni,32.913301,-2.555362
mwanza_businesses.5554,5554,5555,8520688013,,,Kanga'anga,Modren Hair,,Mwanza,hairdresser,Nyamagana,Mo-Sa 08:00-18:00,Mkuyuni,32.9097858,-2.555056
mwanza_businesses.5555,5555,5556,8520680562,,,kang'anga,,,Mwanza,convenience,Nyamagana,Mo-Sa 08:00-18:00,Mkuyuni,32.9121886,-2.5546853
mwanza_businesses.5556,5556,5557,8520687843,,,Kang'ang'a,,,Mwanza,convenience,Nyamagana,Mo-Su 09:00-21:00,Mkuyuni,32.9110694,-2.5540758
mwanza_businesses.5557,5557,5558,8520687831,,,Kang'ang'a,,,Mwanza,clothes,Nyamagana,Mo-Su 09:00-21:00,Mkuyuni,32.9110479,-2.5540758
mwanza_businesses.5558,5558,5559,8520687871,,,Kanga'anga,,,Mwanza,convenience,Nyamagana,Mo-Sa 08:00-18:00,Mkuyuni,32.909381,-2.5538836
mwanza_businesses.5559,5559,5560,8520688089,Sokoni,,sokoni,,,Mwanza,furniture,Nyamagana,Mo-Sa 09:00-20:00,Mkuyuni,32.9080224,-2.5537114
mwanza_businesses.5560,5560,5561,8520688159,,,Kanga'anga,,,Mwanza,convenience,Nyamagana,Mo-Sa 08:00-18:00,Mkuyuni,32.909802,-2.5550723
mwanza_businesses.5561,5561,5562,8520688167,Sokoni,,Sokoni,Comfy Product,,Mwanza,paint,Nyamagana,Mo-Sa 08:00-18:00,Mkuyuni,32.9110186,-2.5580152
mwanza_businesses.5562,5562,5563,8520688198,sokoni,,sokoni,Comfy Product,,Mwanza,bed,Nyamagana,Mo-Sa 08:00-18:00,Mkuyuni,32.9095395,-2.5568444
mwanza_businesses.5563,5563,5564,8520688210,,,kang'anga,,,Mwanza,convenience,Nyamagana,Mo-Sa 08:00-18:00,Mkuyuni,32.9132152,-2.5552548
mwanza_businesses.5564,5564,5565,8520688238,,,Kanga'anga,,,Mwanza,convenience,Nyamagana,Mo-Sa 08:00-18:00,Mkuyuni,32.9094283,-2.5539262
mwanza_businesses.5565,5565,5566,8520688266,,,Sokoni,,,Mwanza,bakery,Nyamagana,Mo-Sa 09:00-20:00,Mkuyuni,32.912392,-2.5551967
mwanza_businesses.5566,5566,5567,8520688338,,,Kanga'anga,,,Mwanza,convenience,Nyamagana,Mo-Sa 08:00-18:00,Mkuyuni,32.909802,-2.5551047
mwanza_businesses.5567,5567,5568,8520688421,,,Sokoni,,,Mwanza,convenience,Nyamagana,Mo-Sa 09:00-20:00,Mkuyuni,32.912786,-2.5581487
mwanza_businesses.5568,5568,5569,8520688227,Shede,,Kang'ang'a,,,Mwanza,convenience,Nyamagana,Mo-Su 09:00-21:00;Mo-Fr 09:00-17:00,Mkuyuni,32.9091051,-2.5520549
mwanza_businesses.5569,5569,5570,8520680534,Shede,,Kang'ang'a,,,Mwanza,convenience,Nyamagana,Mo-Su 09:00-21:00,Mkuyuni,32.9081726,-2.5516265
mwanza_businesses.5570,5570,5571,8520680604,,,Shede,,,Mwanza,convenience,Nyamagana,Mo-Sa 08:00-18:00,Mkuyuni,32.9076576,-2.551482
mwanza_businesses.5571,5571,5572,8520688267,,,shede,,,Mwanza,convenience,Nyamagana,Mo-Sa 08:00-18:00,Mkuyuni,32.9076147,-2.551482
mwanza_businesses.5572,5572,5573,8520688339,,,Shede,,,Mwanza,convenience,Nyamagana,Mo-Sa 08:00-18:00,Mkuyuni,32.9075924,-2.5514007
mwanza_businesses.5573,5573,5574,8520687844,,,Shede,,,Mwanza,convenience,Nyamagana,Mo-Su 09:00-21:00,Mkuyuni,32.909238,-2.5512814
mwanza_businesses.5574,5574,5575,8520688239,,,Shede,,,Mwanza,hairdresser,Nyamagana,Mo-Sa 08:00-18:00,Mkuyuni,32.9075718,-2.5512676
mwanza_businesses.5575,5575,5576,8520687984,,,Shede,,,Mwanza,convenience,Nyamagana,Mo-Sa 08:00-18:00,Mkuyuni,32.9075503,-2.5512462
mwanza_businesses.5576,5576,5577,8520688246,,,Shede,,,Mwanza,convenience,Nyamagana,Mo-Sa 08:00-18:00;24/7,Mkuyuni,32.9075289,-2.5512248
mwanza_businesses.5577,5577,5578,8520688059,,,Shede,,,Mwanza,video,Nyamagana,Mo-Sa 08:00-18:00,Mkuyuni,32.9075074,-2.5511605
mwanza_businesses.5578,5578,5579,8520688279,,,Shede,,,Mwanza,convenience,Nyamagana,Mo-Sa 08:00-18:00,Mkuyuni,32.9074565,-2.5510782
mwanza_businesses.5579,5579,5580,8520688027,,,Shede,Agape Hair Cut,,Mwanza,hairdresser,Nyamagana,Mo-Sa 08:00-18:00,Mkuyuni,32.9075297,-2.5510538
mwanza_businesses.5580,5580,5581,8520687954,,,Shede,Msomali Hair Cut,,Mwanza,hairdresser,Nyamagana,Mo-Sa 08:00-18:00,Mkuyuni,32.9075541,-2.5510538
mwanza_businesses.5581,5581,5582,8520688427,,,Shede,Tina Hair Dresing,,Mwanza,hairdresser,Nyamagana,Mo-Sa 08:00-18:00,Mkuyuni,32.9075786,-2.5510538
mwanza_businesses.5582,5582,5583,8520680576,,,Shede,,,Mwanza,video,Nyamagana,Mo-Sa 08:00-18:00,Mkuyuni,32.9076274,-2.5510294
mwanza_businesses.5583,5583,5584,8520688102,,,Shede,,,Mwanza,video,Nyamagana,Mo-Sa 08:00-18:00,Mkuyuni,32.9076762,-2.551005
mwanza_businesses.5584,5584,5585,8520688109,,,Shede,,,Mwanza,video,Nyamagana,Mo-Sa 08:00-18:00,Mkuyuni,32.9077006,-2.5509806
mwanza_businesses.5585,5585,5586,8520688434,,,Shede,,,Mwanza,convenience,Nyamagana,Mo-Sa 08:00-18:00,Mkuyuni,32.9077251,-2.5509318
mwanza_businesses.5586,5586,5587,8520687851,,,Shede,,,Mwanza,convenience,Nyamagana,Mo-Sa 08:00-18:00,Mkuyuni,32.9077006,-2.5508952
mwanza_businesses.5587,5587,5588,8520688180,,,Shede,,,Mwanza,butcher,Nyamagana,Mo-Sa 08:00-18:00,Mkuyuni,32.9076762,-2.5508586
mwanza_businesses.5588,5588,5589,8520687912,,,Shede,,,Mwanza,convenience,Nyamagana,Mo-Su 09:00-21:00,Mkuyuni,32.9083443,-2.5506674
mwanza_businesses.5589,5589,5590,8520688383,,,Shede,,,Mwanza,vacant,Nyamagana,,Mkuyuni,32.9083014,-2.550646
mwanza_businesses.5590,5590,5591,8520687983,,,Shede,,,Mwanza,convenience,Nyamagana,Mo-Su 09:00-21:00,Mkuyuni,32.9083014,-2.5506246
mwanza_businesses.5591,5591,5592,8520680533,Shede shuleni,,Shede,,,Mwanza,convenience,Nyamagana,Mo-Su 09:00-21:00,Mkuyuni,32.9077158,-2.5501399
mwanza_businesses.5592,5592,5593,8520687990,Mlumbani,,Mlumbani,DJ Evod DVD,,Mwanza,video,Nyamagana,Mo-Su 09:00-21:00,Mkuyuni,32.9101253,-2.5501315
mwanza_businesses.5593,5593,5594,8520688064,,,Shede,Home Boy Music library,,Mwanza,video,Nyamagana,Mo-Sa 08:00-18:00,Mkuyuni,32.9073633,-2.5500741
mwanza_businesses.5594,5594,5595,8520688315,,,Shede,,,Mwanza,convenience,Nyamagana,Mo-Sa 08:00-18:00,Mkuyuni,32.9072247,-2.5500683
mwanza_businesses.5595,5595,5596,8520680540,,,Shede,,,Mwanza,convenience,Nyamagana,Mo-Fr 09:00-17:00,Mkuyuni,32.9074078,-2.549864
mwanza_businesses.5596,5596,5597,8520688137,,,Shede,,,Mwanza,convenience,Nyamagana,Mo-Sa 08:00-18:00,Mkuyuni,32.9072765,-2.5498266
mwanza_businesses.5597,5597,5598,8520680610,,,Shede,,,Mwanza,convenience,Nyamagana,Mo-Sa 08:00-18:00,Mkuyuni,32.9073259,-2.5497422
mwanza_businesses.5598,5598,5599,8520688273,,,Shede,,,Mwanza,convenience,Nyamagana,Mo-Sa 08:00-18:00,Mkuyuni,32.9072625,-2.5496888
mwanza_businesses.5599,5599,5600,8520687878,,,Shede,,,Mwanza,gas,Nyamagana,Mo-Sa 08:00-18:00,Mkuyuni,32.9072967,-2.549637
mwanza_businesses.5600,5600,5601,8520688108,Mlumbani,,Mlumbani,,,Mwanza,convenience,Nyamagana,Mo-Sa 08:00-18:00,Mkuyuni,32.9090524,-2.5494027
mwanza_businesses.5601,5601,5602,8520688245,,,Shede,,,Mwanza,convenience,Nyamagana,Mo-Sa 08:00-18:00,Mkuyuni,32.9073181,-2.5493875
mwanza_businesses.5602,5602,5603,8520687850,,,Shede,,,Mwanza,greengrocer,Nyamagana,Mo-Sa 08:00-18:00,Mkuyuni,32.9073961,-2.5493864
mwanza_businesses.5603,5603,5604,8520688178,,,Shede,,,Mwanza,convenience,Nyamagana,Mo-Sa 08:00-18:00,Mkuyuni,32.9073695,-2.5493085
mwanza_businesses.5604,5604,5605,8520687919,,,Shede,,,Mwanza,greengrocer,Nyamagana,Mo-Sa 08:00-18:00,Mkuyuni,32.9073572,-2.5492955
mwanza_businesses.5605,5605,5606,8520688316,,,Shede,,,Mwanza,convenience,Nyamagana,Mo-Sa 09:00-20:00,Mkuyuni,32.9075289,-2.5491669
mwanza_businesses.5606,5606,5607,8520687865,,,Shede,,,Mwanza,convenience,Nyamagana,Mo-Sa 08:00-18:00,Mkuyuni,32.907443,-2.5491454
mwanza_businesses.5607,5607,5608,8520687920,,,Shede,,,Mwanza,tailor,Nyamagana,Mo-Sa 08:00-18:00,Mkuyuni,32.907443,-2.549124
mwanza_businesses.5608,5608,5609,8520687822,,,Shede,,,Mwanza,cosmetics,Nyamagana,Mo-Su 09:00-21:00,Mkuyuni,32.9075964,-2.5491077
mwanza_businesses.5609,5609,5610,8520688149,,,Shede,,,Mwanza,electronics,Nyamagana,Mo-Su 09:00-21:00,Mkuyuni,32.9075289,-2.5490811
mwanza_businesses.5610,5610,5611,8520687891,,,Shede,,,Mwanza,stationery,Nyamagana,Mo-Fr 08:00-18:00; Sa-Su 08:00-15:00;Mo-Sa 09:00-20:00;Mo-Su 09:00-21:00,Mkuyuni,32.9075289,-2.5490383
mwanza_businesses.5611,5611,5612,8520688217,,,Shede,,,Mwanza,convenience,Nyamagana,Mo-Sa 08:00-18:00,Mkuyuni,32.9074001,-2.5490383
mwanza_businesses.5612,5612,5613,8520687960,,,Shede,,,Mwanza,butcher,Nyamagana,Mo-Su 09:00-21:00,Mkuyuni,32.9075074,-2.5489954
mwanza_businesses.5613,5613,5614,8520688286,,,Shede,,,Mwanza,clothes,Nyamagana,Mo-Su 09:00-21:00,Mkuyuni,32.9074953,-2.5489537
mwanza_businesses.5614,5614,5615,8520688359,,,Shede,,,Mwanza,stationery,Nyamagana,Mo-Fr 09:00-17:00,Mkuyuni,32.9074715,-2.5489073
mwanza_businesses.5615,5615,5616,8520688257,,,Shede,,,Mwanza,gas,Nyamagana,Mo-Sa 08:00-18:00,Mkuyuni,32.9071842,-2.548901
mwanza_businesses.5616,5616,5617,8520680597,,,Shede,,,Mwanza,video,Nyamagana,Mo-Sa 08:00-18:00,Mkuyuni,32.9070997,-2.5488453
mwanza_businesses.5617,5617,5618,8520688003,,,Shede,,,Mwanza,convenience,Nyamagana,24/7,Mkuyuni,32.9071212,-2.5486095
mwanza_businesses.5618,5618,5619,8520688045,,,Relwe,,,Mwanza,beverages,Nyamagana,Mo-Su 09:00-21:00,Mkuyuni,32.9077435,-2.5475307
mwanza_businesses.5619,5619,5620,8520688370,,,Relwe,,,Mwanza,beverages,Nyamagana,Mo-Sa 09:00-20:00,Mkuyuni,32.9072285,-2.5470447
mwanza_businesses.5620,5620,5621,8520688193,Relwe,,Relwe,,,Mwanza,greengrocer,Nyamagana,,Mkuyuni,32.9113384,-2.5459679
mwanza_businesses.5621,5621,5622,8520688190,,,Relwe,,,Mwanza,beverages,Nyamagana,Mo-Sa 09:00-20:00,Mkuyuni,32.9071781,-2.545752
mwanza_businesses.5622,5622,5623,8520680592,Azimio,,Azimio,,,Mwanza,kiosk,Nyamagana,Mo-Su 09:00-21:00,Mkuyuni,32.9106617,-2.5452869
mwanza_businesses.5623,5623,5624,8520688403,,,Shede,,,Mwanza,clothes,Nyamagana,Mo-Sa 08:00-18:00;24/7,Mkuyuni,32.9071426,-2.548631
mwanza_businesses.5624,5624,5625,8532205846,,,Azimio,Toroka Uje Zoazoa Shop,,Mwanza,convenience,Nyamagana,Mo-Sa 09:00-20:00,Mkuyuni,32.907614,-2.5449138
mwanza_businesses.5625,5625,5626,8532206238,,,Relwe,,,Mwanza,convenience,Nyamagana,Mo-Sa 09:00-20:00,Mkuyuni,32.9076293,-2.5449747
mwanza_businesses.5626,5626,5627,8532206411,,,Kwimba,Kwa Bhoke Shop,,Mwanza,convenience,Nyamagana,Mo-Su 09:00-21:00,Mkuyuni,32.9076938,-2.5441914
mwanza_businesses.5627,5627,5628,8532206803,Railway,,Relwe,,,Mwanza,hairdresser,Nyamagana,Mo-Sa 09:00-20:00,Mkuyuni,32.9070785,-2.5451488
mwanza_businesses.5628,5628,5629,8520687914,,,Mahina Relini,,,Mwanza,bed,Nyamagana,,Mkuyuni,32.9200602,-2.5610855
mwanza_businesses.5629,5629,5630,8520688310,,,Mahina Relini,,,Mwanza,beauty,Nyamagana,,Mkuyuni,32.9200172,-2.561064
mwanza_businesses.5630,5630,5631,8520687845,,,Mahina Relini,,,Mwanza,vacant,Nyamagana,,Mkuyuni,32.9200172,-2.5610426
mwanza_businesses.5631,5631,5632,8520680546,,,Mahina Relini,,,Mwanza,convenience,Nyamagana,,Mkuyuni,32.9199958,-2.5610426
mwanza_businesses.5632,5632,5633,8520688240,,,Mahina Relini,,,Mwanza,tailor,Nyamagana,,Mkuyuni,32.9199743,-2.5610212
mwanza_businesses.5633,5633,5634,8520688322,Mahina Gengeni,,Mahina Relini,Rock City Hair Sheaving Saloon,,Mwanza,beauty,Nyamagana,,Mkuyuni,32.9198241,-2.5609997
mwanza_businesses.5634,5634,5635,8520688173,Mahina Gengeni,,Mahina Relini,,,Mwanza,vacant,Nyamagana,,Mkuyuni,32.9198027,-2.5609569
mwanza_businesses.5635,5635,5636,8520688103,,,Mahina,,,Mwanza,kiosk,Nyamagana,Mo-Su 09:00-21:00,Mkuyuni,32.9201461,-2.5609452
mwanza_businesses.5636,5636,5637,8520688165,Mahina Gengeni,,Mahina Relini,,,Mwanza,hairdresser,Nyamagana,,Mkuyuni,32.9197812,-2.5609354
mwanza_businesses.5637,5637,5638,8520688095,,,Mahina Relini,,,Mwanza,tailor,Nyamagana,,Mkuyuni,32.9196739,-2.5609354
mwanza_businesses.5638,5638,5639,8520687985,,,Mahina,,,Mwanza,kiosk,Nyamagana,Mo-Su 09:00-21:00,Mkuyuni,32.920127,-2.5609262
mwanza_businesses.5639,5639,5640,8520688352,,,Mahina Relini,,,Mwanza,convenience,Nyamagana,,Mkuyuni,32.9196954,-2.560914
mwanza_businesses.5640,5640,5641,8520687955,Mahina Gengeni,,Mahina Relini,,0674441106,Mwanza,vacant,Nyamagana,,Mkuyuni,32.9197598,-2.560914
mwanza_businesses.5641,5641,5642,8520687926,,,Mahina Relini,,,Mwanza,beauty,Nyamagana,,Mkuyuni,32.9197168,-2.560914
mwanza_businesses.5642,5642,5643,8520687837,Mahina Gengeni,,Mahina Relini,,,Mwanza,tailor,Nyamagana,,Mkuyuni,32.9197383,-2.560914
mwanza_businesses.5643,5643,5644,8520688028,,,Mahina,,,Mwanza,kiosk,Nyamagana,Mo-Su 09:00-21:00,Mkuyuni,32.920108,-2.5609072
mwanza_businesses.5644,5644,5645,8520687885,,,Mahina,,,Mwanza,kiosk,Nyamagana,Mo-Su 09:00-21:00,Mkuyuni,32.920089,-2.5609072
mwanza_businesses.5645,5645,5646,8520688280,Mahina Gengeni,,Mahina Relini,,,Mwanza,hairdresser,Nyamagana,Mo-Su 09:00-21:00,Mkuyuni,32.9195881,-2.5608282
mwanza_businesses.5646,5646,5647,8520680568,Mahina Gengeni,,Mahina Relini,,,Mwanza,motorcycle_repair,Nyamagana,,Mkuyuni,32.9195452,-2.5608068
mwanza_businesses.5647,5647,5648,8520687997,Mahina Gengeni,,Mahina Relini,,,Mwanza,supermarket,Nyamagana,Mo-Su 09:00-21:00,Mkuyuni,32.9193521,-2.5607211
mwanza_businesses.5648,5648,5649,8520688302,Mahina Gengeni,,Mahina Relini,,,Mwanza,vacant,Nyamagana,,Mkuyuni,32.9191375,-2.5605281
mwanza_businesses.5649,5649,5650,8520688332,,,Mahina Relini,,,Mwanza,video,Nyamagana,Mo-Fr 08:00-18:00; Sa-Su 08:00-15:00,Mkuyuni,32.9188156,-2.5604638
mwanza_businesses.5650,5650,5651,8520687906,Kambarage,,Mahina Relini,,,Mwanza,clothes,Nyamagana,Mo-Su 09:00-21:00,Mkuyuni,32.9189444,-2.5604424
mwanza_businesses.5651,5651,5652,8520687864,Mahina Relini,,Mahina Relini,,,Mwanza,convenience,Nyamagana,Mo-Fr 08:00-18:00; Sa-Su 08:00-15:00,Mkuyuni,32.9187942,-2.5603781
mwanza_businesses.5652,5652,5653,8520688376,Mahina e,,Mahina Relini,,,Mwanza,vacant,Nyamagana,,Mkuyuni,32.9191817,-2.5605801
mwanza_businesses.5653,5653,5654,8520688420,,,Mahina,,,Mwanza,kiosk,Nyamagana,Mo-Su 09:00-21:00,Mkuyuni,32.9194593,-2.5604638
mwanza_businesses.5654,5654,5655,8520688033,,,Mahakamani,,,Mwanza,vacant,Nyamagana,,Mkuyuni,32.9174983,-2.5551894
mwanza_businesses.5655,5655,5656,8520687973,,,Nyakurunduma,,,Mwanza,vacant,Nyamagana,,Mkuyuni,32.9187818,-2.5547323
mwanza_businesses.5656,5656,5657,8532205691,,,Azimio,,,Mwanza,hairdresser,Nyamagana,Mo-Su 09:00-21:00,Mkuyuni,32.9075249,-2.5435662
mwanza_businesses.5657,5657,5658,8532206086,,,Azimio,,,Mwanza,convenience,Nyamagana,Mo-Su 09:00-21:00,Mkuyuni,32.9076933,-2.5434883
mwanza_businesses.5658,5658,5659,8520688091,,,Nkamba,,,Mwanza,hairdresser,Nyamagana,Mo-Su 09:00-21:00,Nyegezi,32.9222023,-2.5898833
mwanza_businesses.5659,5659,5660,8520688016,,,Nkamba,,,Mwanza,books,Nyamagana,Mo-Su 09:00-21:00,Nyegezi,32.9225632,-2.5897534
mwanza_businesses.5660,5660,5661,8520680613,,,Nkamba,,,Mwanza,beverages,Nyamagana,Mo-Su 09:00-21:00,Nyegezi,32.9213118,-2.5871347
mwanza_businesses.5661,5661,5662,8520680571,,,Nkamba,,,Mwanza,convenience,Nyamagana,Mo-Su 09:00-21:00,Nyegezi,32.9211442,-2.5866256
mwanza_businesses.5662,5662,5663,8520687840,,,Nkamba,,,Mwanza,convenience,Nyamagana,Mo-Su 09:00-21:00,Nyegezi,32.9209614,-2.5861759
mwanza_businesses.5663,5663,5664,8520687980,,,Nyabulogoya,,,Mwanza,hairdresser,Nyamagana,Mo-Sa 08:00-18:00,Nyegezi,32.9238727,-2.5860778
mwanza_businesses.5664,5664,5665,8520687909,,,Nkamba,,,Mwanza,convenience,Nyamagana,Mo-Sa 09:00-20:00,Nyegezi,32.9209203,-2.5856596
mwanza_businesses.5665,5665,5666,8520687928,Nyablogoya,,Nyablogoya,Zungu shopping,0763475326,Mwanza,convenience,Nyamagana,Mo-Sa 08:00-18:00,Nyegezi,32.9210071,-2.5830332
mwanza_businesses.5666,5666,5667,8520688116,,,Nyabuligoya,,,Mwanza,beverages,Nyamagana,Mo-Su 09:00-21:00,Nyegezi,32.9263547,-2.5830188
mwanza_businesses.5667,5667,5668,8520687938,,,Swila,,,Mwanza,convenience,Nyamagana,Mo-Sa 09:00-17:00,Nyegezi,32.9283293,-2.5827872
mwanza_businesses.5668,5668,5669,8520688041,,,Nyabuligoya,,,Mwanza,beverages,Nyamagana,Mo-Su 09:00-21:00,Nyegezi,32.9260683,-2.5825644
mwanza_businesses.5669,5669,5670,4223464550,,,,Queen bakery,,Mwanza,bakery,Nyamagana,,Nyegezi,32.9192876,-2.5809165
mwanza_businesses.5670,5670,5671,8520688023,,,Ibanda,,,Mwanza,convenience,Nyamagana,Mo-Sa 08:00-18:00,Nyegezi,32.9190731,-2.5806995
mwanza_businesses.5671,5671,5672,8520687922,,,Ibanda,,,Mwanza,clothes,Nyamagana,Mo-Sa 08:00-18:00,Nyegezi,32.9190731,-2.5806566
mwanza_businesses.5672,5672,5673,8520687967,,,Ibanda,Royal Oven Bakery,,Mwanza,bakery,Nyamagana,Mo-Sa 08:00-18:00,Nyegezi,32.9189685,-2.5805096
mwanza_businesses.5673,5673,5674,8520688067,,,Swila,,,Mwanza,convenience,Nyamagana,Mo-Sa 08:00-18:00,Nyegezi,32.9221055,-2.579922
mwanza_businesses.5674,5674,5675,8520687898,,,Swila,,,Mwanza,convenience,Nyamagana,Mo-Su 09:00-21:00,Nyegezi,32.9222479,-2.5794828
mwanza_businesses.5675,5675,5676,8520687962,,,,,,Mwanza,alcohol,Nyamagana,Mo-Su 09:00-21:00,Nyegezi,32.9195719,-2.5786761
mwanza_businesses.5676,5676,5677,8520688036,,,,Mwatano Hussein Music Sound,,Mwanza,video,Nyamagana,Mo-Su 09:00-21:00,Nyegezi,32.9195237,-2.5786202
mwanza_businesses.5677,5677,5678,8520680584,,,,,,Mwanza,convenience,Nyamagana,Mo-Su 09:00-21:00,Nyegezi,32.9194379,-2.5785559
mwanza_businesses.5678,5678,5679,8520688111,,,,,,Mwanza,convenience,Nyamagana,Mo-Su 09:00-21:00,Nyegezi,32.9194593,-2.5785345
mwanza_businesses.5679,5679,5680,8520687853,,,,,,Mwanza,alcohol,Nyamagana,Mo-Su 09:00-21:00,Nyegezi,32.9194906,-2.5784422
mwanza_businesses.5680,5680,5681,8520680589,,,,,,Mwanza,convenience,Nyamagana,Mo-Su 09:00-21:00,Nyegezi,32.9199743,-2.5781272
mwanza_businesses.5681,5681,5682,8520687999,,,Swila,,,Mwanza,convenience,Nyamagana,Mo-Sa 08:00-18:00,Nyegezi,32.9255533,-2.577266
mwanza_businesses.5682,5682,5683,8520687858,,,Ibanda,,,Mwanza,convenience,Nyamagana,Mo-Fr 08:00-18:00; Sa-Su 08:00-15:00,Nyegezi,32.9240727,-2.5771626
mwanza_businesses.5683,5683,5684,8520688162,,,Nkamba,,,Mwanza,alcohol,Nyamagana,Mo-Su 09:00-21:00,Nyegezi,32.9220557,-2.5895311
mwanza_businesses.5684,5684,5685,8520688168,,,Nkamba,,,Mwanza,convenience,Nyamagana,Mo-Su 09:00-21:00,Nyegezi,32.921133,-2.5862085
mwanza_businesses.5685,5685,5686,8520688181,,,Swila,,,Mwanza,convenience,Nyamagana,Mo-Su 09:00-21:00,Nyegezi,32.9223011,-2.5783732
mwanza_businesses.5686,5686,5687,8520688186,,,,,,Mwanza,convenience,Nyamagana,Mo-Su 09:00-21:00,Nyegezi,32.9199529,-2.5781272
mwanza_businesses.5687,5687,5688,8520688208,,,Nkamba,,,Mwanza,convenience,Nyamagana,Mo-Su 09:00-21:00,Nyegezi,32.9215462,-2.5855878
mwanza_businesses.5688,5688,5689,8520688223,,,Nyabuligoya,,,Mwanza,hairdresser,Nyamagana,Mo-Su 09:00-21:00,Nyegezi,32.9261112,-2.5826073
mwanza_businesses.5689,5689,5690,8520688235,,,Nyabuligoya,,,Mwanza,beverages,Nyamagana,Mo-Su 09:00-21:00,Nyegezi,32.9287029,-2.58439
mwanza_businesses.5690,5690,5691,8520688248,,,Swila,,,Mwanza,convenience,Nyamagana,Mo-Sa 09:00-17:00,Nyegezi,32.926755,-2.5805709
mwanza_businesses.5691,5691,5692,8520688254,,,,,,Mwanza,stationery,Nyamagana,Mo-Fr 09:00-17:00,Nyegezi,32.9199958,-2.5781057
mwanza_businesses.5692,5692,5693,8520688269,,,Nkamba,,,Mwanza,convenience,Nyamagana,Mo-Su 09:00-21:00,Nyegezi,32.9217078,-2.5874252
mwanza_businesses.5693,5693,5694,8520688276,,,Nyabuligoya,,,Mwanza,beverages,Nyamagana,Mo-Su 09:00-21:00,Nyegezi,32.9259797,-2.582289
mwanza_businesses.5694,5694,5695,8520688293,,,Swila,,,Mwanza,convenience,Nyamagana,Mo-Sa 09:00-20:00,Nyegezi,32.9222703,-2.5800778
mwanza_businesses.5695,5695,5696,8520688305,,,Nyabulogoya,,,Mwanza,convenience,Nyamagana,Mo-Su 09:00-21:00;Mo-Sa 08:00-18:00,Nyegezi,32.923857,-2.5860621
mwanza_businesses.5696,5696,5697,8520688318,,,,,,Mwanza,kiosk,Nyamagana,Mo-Su 09:00-21:00,Nyegezi,32.9191144,-2.5801631
mwanza_businesses.5697,5697,5698,8520688335,,,Swila,,,Mwanza,convenience,Nyamagana,Mo-Sa 09:00-20:00,Nyegezi,32.9220128,-2.5802493
mwanza_businesses.5698,5698,5699,8520688341,,,Nkamba,,,Mwanza,alcohol,Nyamagana,Mo-Su 09:00-21:00,Nyegezi,32.9219913,-2.5892738
mwanza_businesses.5699,5699,5700,8520688348,,,Nyabuligoya,,,Mwanza,beverages,Nyamagana,Mo-Su 09:00-21:00,Nyegezi,32.9258775,-2.5818258
mwanza_businesses.5700,5700,5701,8520688366,,,Nyabuligoya,,,Mwanza,beverages,Nyamagana,Mo-Su 09:00-21:00,Nyegezi,32.9269168,-2.5834531
mwanza_businesses.5701,5701,5702,8520688393,,,,,,Mwanza,convenience,Nyamagana,Mo-Su 09:00-21:00,Nyegezi,32.9190703,-2.5798588
mwanza_businesses.5702,5702,5703,8520688399,Nyablogoya,,Nyablogoya,Mangi Shopping centre,,Mwanza,convenience,Nyamagana,Mo-Sa 08:00-18:00,Nyegezi,32.9209526,-2.5830933
mwanza_businesses.5703,5703,5704,8520688410,,,,,,Mwanza,beauty,Nyamagana,Mo-Su 09:00-21:00,Nyegezi,32.9195918,-2.578754
mwanza_businesses.5704,5704,5705,8520688416,,,Nkamba,,,Mwanza,stationery,Nyamagana,Mo-Su 09:00-21:00,Nyegezi,32.9235148,-2.5887594
mwanza_businesses.5705,5705,5706,8520688423,,,Ibanda,MwaJ Alcohol Shop,,Mwanza,alcohol,Nyamagana,Mo-Su 09:00-21:00;Mo-Sa 08:00-18:00,Nyegezi,32.9190946,-2.5807424
mwanza_businesses.5706,5706,5707,8520688436,,,,,,Mwanza,convenience,Nyamagana,Mo-Su 09:00-21:00,Nyegezi,32.9195566,-2.5786457
mwanza_businesses.5707,5707,5708,8520688441,,,,,,Mwanza,convenience,Nyamagana,Mo-Su 09:00-21:00,Nyegezi,32.9195452,-2.5785988
mwanza_businesses.5708,5708,5709,8520688010,,,,Faizo Quality Sofa,,Mwanza,furniture,Nyamagana,Mo-Su 09:00-21:00,Nyegezi,32.9186381,-2.5790375
mwanza_businesses.5709,5709,5710,8520680559,,,Swila,,,Mwanza,convenience,Nyamagana,Mo-Sa 09:00-17:00,Nyegezi,32.9353595,-2.5763694
mwanza_businesses.5710,5710,5711,8520687875,,,Swila,,,Mwanza,convenience,Nyamagana,24/7,Nyegezi,32.9323554,-2.5740758
mwanza_businesses.5711,5711,5712,8520687916,,,Swila,,,Mwanza,convenience,Nyamagana,24/7,Nyegezi,32.9378069,-2.5761669
mwanza_businesses.5712,5712,5713,8520688084,,,Swila,,,Mwanza,convenience,Nyamagana,24/7,Nyegezi,32.9326558,-2.575662
mwanza_businesses.5713,5713,5714,8520687828,,,Ibanda,,,Mwanza,convenience,Nyamagana,Mo-Fr 08:00-18:00; Sa-Su 08:00-15:00,Nyegezi,32.9266906,-2.5752119
mwanza_businesses.5714,5714,5715,8520688054,,,Swila,,,Mwanza,convenience,Nyamagana,24/7,Nyegezi,32.9307246,-2.5750833
mwanza_businesses.5715,5715,5716,8520680607,,,Ibanda,Salum Shop,,Mwanza,convenience,Nyamagana,Mo-Su 09:00-21:00,Nyegezi,32.9193306,-2.5748689
mwanza_businesses.5716,5716,5717,8520680537,,,Ibanda,Ozanga,,Mwanza,butcher,Nyamagana,Mo-Su 09:00-21:00,Nyegezi,32.9193091,-2.5748475
mwanza_businesses.5717,5717,5718,8520687987,,,Ibanda,,,Mwanza,cosmetics,Nyamagana,Mo-Su 09:00-21:00,Nyegezi,32.9193306,-2.5748475
mwanza_businesses.5718,5718,5719,8520688134,,,Ibanda,,,Mwanza,convenience,Nyamagana,Mo-Su 09:00-21:00,Nyegezi,32.9193521,-2.5747617
mwanza_businesses.5719,5719,5720,8520688030,,,Ibanda,,,Mwanza,convenience,Nyamagana,Mo-Su 09:00-21:00,Nyegezi,32.9193735,-2.5747403
mwanza_businesses.5720,5720,5721,8520688061,,,Ibanda,,,Mwanza,convenience,Nyamagana,Mo-Su 09:00-21:00,Nyegezi,32.9193619,-2.574717
mwanza_businesses.5721,5721,5722,8520680530,,,swila,,,Mwanza,convenience,Nyamagana,Mo-Su 09:00-21:00,Nyegezi,32.9282442,-2.5746922
mwanza_businesses.5722,5722,5723,8520687868,,,Ibanda,,,Mwanza,convenience,Nyamagana,Mo-Fr 08:00-18:00; Sa-Su 08:00-15:00,Nyegezi,32.9252419,-2.5741186
mwanza_businesses.5723,5723,5724,8520687945,,,swila,,,Mwanza,convenience,Nyamagana,Mo-Su 09:00-21:00,Nyegezi,32.9293359,-2.5739968
mwanza_businesses.5724,5724,5725,8520688017,,,Ibanda,,,Mwanza,convenience,Nyamagana,Mo-Fr 08:00-18:00; Sa-Su 08:00-15:00,Nyegezi,32.9251242,-2.5739257
mwanza_businesses.5725,5725,5726,8520688156,,,Ibanda,,,Mwanza,convenience,Nyamagana,Mo-Fr 08:00-18:00; Sa-Su 08:00-15:00,Nyegezi,32.924347,-2.5751066
mwanza_businesses.5726,5726,5727,8520688202,,,Ibanda,,,Mwanza,convenience,Nyamagana,Mo-Fr 08:00-18:00; Sa-Su 08:00-15:00,Nyegezi,32.9261327,-2.5740115
mwanza_businesses.5727,5727,5728,8520688263,,,Ibanda,,,Mwanza,butcher,Nyamagana,Mo-Fr 08:00-18:00; Sa-Su 08:00-15:00,Nyegezi,32.925961,-2.5743544
mwanza_businesses.5728,5728,5729,8520688312,,,Ibanda,,,Mwanza,convenience,Nyamagana,Mo-Fr 08:00-18:00; Sa-Su 08:00-15:00,Nyegezi,32.924876,-2.5741227
mwanza_businesses.5729,5729,5730,8520688342,,,swila,,,Mwanza,convenience,Nyamagana,Mo-Su 09:00-21:00,Nyegezi,32.930525,-2.5737934
mwanza_businesses.5730,5730,5731,8520688387,,,Ibanda,,,Mwanza,convenience,Nyamagana,Mo-Sa 08:00-18:00,Nyegezi,32.91961,-2.5750637
mwanza_businesses.5731,5731,5732,8520688417,,,swila,,,Mwanza,convenience,Nyamagana,Mo-Su 09:00-21:00,Nyegezi,32.9311863,-2.5721882
mwanza_businesses.5732,5732,5733,8509257200,Ng'washi,,Ng'washi,Mama J Shop,,Mwanza,convenience,Nyamagana,Mo-Su 09:00-21:00,Buhongwa,32.9420757,-2.6340095
mwanza_businesses.5733,5733,5734,8509257193,,,Ng'washi,,,Mwanza,convenience,Nyamagana,Mo-Fr 08:00-18:00; Sa-Su 08:00-15:00,Buhongwa,32.9426551,-2.6322732
mwanza_businesses.5734,5734,5735,8509257203,Mlima wa Nyuki,,Ng'washi,Anna Shop,,Mwanza,convenience,Nyamagana,,Buhongwa,32.9370546,-2.6322518
mwanza_businesses.5735,5735,5736,8509257197,,,Ng'washi,,,Mwanza,vacant,Nyamagana,,Buhongwa,32.9445219,-2.6304513
mwanza_businesses.5736,5736,5737,8509257207,,,Ng'washi,,,Mwanza,convenience,Nyamagana,Mo-Su 09:00-21:00;Mo-Sa 08:00-18:00,Buhongwa,32.9445798,-2.630169
mwanza_businesses.5737,5737,5738,8509257202,,,Ng'washi,Amina hair dress,,Mwanza,hairdresser,Nyamagana,Mo-Su 09:00-21:00;Mo-Sa 09:00-20:00,Buhongwa,32.9447678,-2.6296981
mwanza_businesses.5738,5738,5739,8509257195,,,Ng'washi,,,Mwanza,hairdresser,Nyamagana,Mo-Fr 08:00-18:00; Sa-Su 08:00-15:00,Buhongwa,32.9424191,-2.6291652
mwanza_businesses.5739,5739,5740,8509257196,,,Ng'washi,,,Mwanza,vacant,Nyamagana,,Buhongwa,32.9404664,-2.6291223
mwanza_businesses.5740,5740,5741,8509257206,,,Ng'washi,,,Mwanza,convenience,Nyamagana,Mo-Fr 08:00-18:00; Sa-Su 08:00-15:00,Buhongwa,32.9423118,-2.6291223
mwanza_businesses.5741,5741,5742,8509257189,,,Ng'washi,,,Mwanza,convenience,Nyamagana,Mo-Fr 08:00-18:00; Sa-Su 08:00-15:00,Buhongwa,32.9404449,-2.6290365
mwanza_businesses.5742,5742,5743,8509257199,,,Ng'washi,,,Mwanza,convenience,Nyamagana,Mo-Fr 08:00-18:00; Sa-Su 08:00-15:00,Buhongwa,32.9405951,-2.6290365
mwanza_businesses.5743,5743,5744,8509257191,,,Ng'washi,,,Mwanza,convenience,Nyamagana,Mo-Fr 08:00-18:00; Sa-Su 08:00-15:00,Buhongwa,32.9404235,-2.6289722
mwanza_businesses.5744,5744,5745,8509257209,,,Ng'washi,,,Mwanza,convenience,Nyamagana,Mo-Fr 08:00-18:00; Sa-Su 08:00-15:00,Buhongwa,32.9423547,-2.6289722
mwanza_businesses.5745,5745,5746,8509257204,,,Ng'washi,Queen Irene Beauty Salon,,Mwanza,convenience,Nyamagana,Mo-Su 09:00-21:00,Buhongwa,32.9411252,-2.628616
mwanza_businesses.5746,5746,5747,8509257194,,,Ng'washi,,,Mwanza,convenience,Nyamagana,Mo-Su 09:00-21:00,Buhongwa,32.9412834,-2.628563
mwanza_businesses.5747,5747,5748,8509257205,,,Ng'washi,,,Mwanza,alcohol,Nyamagana,Mo-Su 09:00-21:00,Buhongwa,32.9432131,-2.6281325
mwanza_businesses.5748,5748,5749,8509257188,,,Ng'washi,Mwakatange Hair Cutting Salon,,Mwanza,hairdresser,Nyamagana,Mo-Sa 09:00-20:00;Mo-Su 09:00-21:00,Buhongwa,32.9431051,-2.6279694
mwanza_businesses.5749,5749,5750,8509257198,,,Ng'washi,Grace Edo,,Mwanza,tailor,Nyamagana,Mo-Sa 08:00-18:00,Buhongwa,32.9430597,-2.6278944
mwanza_businesses.5750,5750,5751,8509257211,,,Ng'washi,Boss Pub,,Mwanza,alcohol,Nyamagana,Mo-Su 09:00-21:00,Buhongwa,32.9411801,-2.6285989
mwanza_businesses.5751,5751,5752,8509257213,,,Ng'washi,,,Mwanza,vacant,Nyamagana,,Buhongwa,32.9421186,-2.6293366
mwanza_businesses.5752,5752,5753,8509257214,,,Ng'washi,,,Mwanza,hairdresser,Nyamagana,Mo-Fr 08:00-18:00; Sa-Su 08:00-15:00,Buhongwa,32.9441357,-2.6319946
mwanza_businesses.5753,5753,5754,8509313617,,,Ng'washi,,,Mwanza,furniture,Nyamagana,Mo-Su 09:00-21:00,Buhongwa,32.9427512,-2.6279567
mwanza_businesses.5754,5754,5755,8509313618,,,Ng'washi,,,Mwanza,hairdresser,Nyamagana,Mo-Fr 08:00-18:00; Sa-Su 08:00-15:00,Buhongwa,32.940462,-2.6290788
mwanza_businesses.5755,5755,5756,8509313619,,,Ng'washi,,,Mwanza,vacant,Nyamagana,,Buhongwa,32.9445697,-2.6301901
mwanza_businesses.5756,5756,5757,8509313621,,,Ng'washi,,,Mwanza,convenience,Nyamagana,Mo-Su 09:00-21:00,Buhongwa,32.9430152,-2.6278578
mwanza_businesses.5757,5757,5758,8509313622,,,Ng'washi,Bibi Kelvin shop,,Mwanza,convenience,Nyamagana,Mo-Sa 09:00-20:00;Mo-Sa 08:00-18:00,Buhongwa,32.9447515,-2.6296981
mwanza_businesses.5758,5758,5759,8509313624,,,Ng'washi,,,Mwanza,vacant,Nyamagana,,Buhongwa,32.9411284,-2.6286683
mwanza_businesses.5759,5759,5760,8509313625,,,Ng'washi,,,Mwanza,vacant,Nyamagana,,Buhongwa,32.9420328,-2.6292938
mwanza_businesses.5760,5760,5761,8509313626,,,Ng'washi,,,Mwanza,convenience,Nyamagana,Mo-Fr 08:00-18:00; Sa-Su 08:00-15:00,Buhongwa,32.9440928,-2.6319517
mwanza_businesses.5761,5761,5762,8509313629,,,Ng'washi,,,Mwanza,convenience,Nyamagana,Mo-Fr 08:00-18:00; Sa-Su 08:00-15:00,Buhongwa,32.9404431,-2.629
mwanza_businesses.5762,5762,5763,8509313631,,,Ng'washi,tj Shop,,Mwanza,convenience,Nyamagana,Mo-Su 09:00-21:00,Buhongwa,32.9431265,-2.6280192
mwanza_businesses.5763,5763,5764,8509313632,Mlima wa Nyuki,,Ng'washi,,,Mwanza,greengrocer,Nyamagana,,Buhongwa,32.9384494,-2.6296367
mwanza_businesses.5764,5764,5765,8509313633,,,Ng'washi,,,Mwanza,vacant,Nyamagana,,Buhongwa,32.9425049,-2.6324447
mwanza_businesses.5765,5765,5766,8509313634,,,Ng'washi,,,Mwanza,furniture,Nyamagana,Mo-Su 09:00-21:00,Buhongwa,32.9412406,-2.6285712
mwanza_businesses.5766,5766,5767,8509313635,,,Ng'washi,,,Mwanza,clothes,Nyamagana,Mo-Fr 08:00-18:00; Sa-Su 08:00-15:00,Buhongwa,32.9405093,-2.6292723
mwanza_businesses.5767,5767,5768,8509313636,,,Ng'washi,,,Mwanza,convenience,Nyamagana,Mo-Fr 08:00-18:00; Sa-Su 08:00-15:00,Buhongwa,32.9423761,-2.6291437
mwanza_businesses.5768,5768,5769,8506790306,Veta,,Buhongwa Magharibi,Denis,,Mwanza,electronics,Nyamagana,,Buhongwa,32.9452515,-2.6239564
mwanza_businesses.5769,5769,5770,8602174070,,,Buhongwa Magharibi,Mshana Shop,,Mwanza,convenience,Nyamagana,,Buhongwa,32.9452217,-2.6238713
mwanza_businesses.5770,5770,5772,8506790268,Veta,,Buhongwa Magharibi,,,Mwanza,hardware,Nyamagana,,Buhongwa,32.9452944,-2.6238707
mwanza_businesses.5771,5771,5773,8602166108,,,Buhongwa Magharibi,,,Mwanza,hardware,Nyamagana,,Buhongwa,32.9451656,-2.6238492
mwanza_businesses.5772,5772,5775,8602175518,,,Buhongwa Magharibi,,,Mwanza,car_parts,Nyamagana,,Buhongwa,32.9451194,-2.6237906
mwanza_businesses.5773,5773,5777,8602172522,Veta,,Buhongwa Magharibi,Pamela,,Mwanza,stationery,Nyamagana,,Buhongwa,32.945413,-2.6237673
mwanza_businesses.5774,5774,5779,8506790244,,,Buhongwa Magharibi,,,Mwanza,furniture,Nyamagana,,Buhongwa,32.9450344,-2.6237118
mwanza_businesses.5775,5775,5780,8602168763,,,Buhongwa Magharibi,,,Mwanza,car_parts,Nyamagana,,Buhongwa,32.945016,-2.6236967
mwanza_businesses.5776,5776,5782,8506790319,,,Buhongwa Magharibi,,,Mwanza,gas,Nyamagana,,Buhongwa,32.944994,-2.6236778
mwanza_businesses.5777,5777,5783,8506790311,Veta,,Buhongwa Magharibi,,,Mwanza,convenience,Nyamagana,,Buhongwa,32.9453974,-2.6236689
mwanza_businesses.5778,5778,5784,8506774599,Veta,,Buhongwa Magharibi,Mordern shop,,Mwanza,convenience,Nyamagana,,Buhongwa,32.9453507,-2.6236318
mwanza_businesses.5779,5779,5785,8506790273,Veta,,Buhongwa Magharibi,Ebenezer Fashion,,Mwanza,clothes,Nyamagana,,Buhongwa,32.9452991,-2.6236003
mwanza_businesses.5780,5780,5786,8506790281,Veta,,Buhongwa Magharibi,Paul,,Mwanza,hardware,Nyamagana,,Buhongwa,32.9454875,-2.6235706
mwanza_businesses.5781,5781,5787,8506790278,,,Buhongwa Magharibi,New Tujenge,,Mwanza,hardware,Nyamagana,,Buhongwa,32.9447662,-2.6235472
mwanza_businesses.5782,5782,5788,8506774605,Veta,,Buhongwa Magharibi,Bismillakhy,,Mwanza,convenience,Nyamagana,,Buhongwa,32.9455039,-2.6235448
mwanza_businesses.5783,5783,5790,8506790356,,,Buhongwa Magharibi,,,Mwanza,furniture,Nyamagana,,Buhongwa,32.9448009,-2.6235063
mwanza_businesses.5784,5784,5791,8602172170,,,Buhongwa Magharibi,,,Mwanza,furniture,Nyamagana,,Buhongwa,32.9444361,-2.6232705
mwanza_businesses.5785,5785,5792,8602164295,Veta,,Buhongwa Magharibi,Joyness,,Mwanza,hairdresser,Nyamagana,,Buhongwa,32.9456377,-2.6232705
mwanza_businesses.5786,5786,5795,8506774612,Veta,,Buhongwa Magharibi,,,Mwanza,hardware,Nyamagana,,Buhongwa,32.9456806,-2.6232491
mwanza_businesses.5787,5787,5796,8602159039,Veta,,Buhongwa Magharibi,Wj,,Mwanza,wholesale,Nyamagana,,Buhongwa,32.9456826,-2.6232246
mwanza_businesses.5788,5788,5798,8602140396,Veta,,Buhongwa Magharibi,Mama G,,Mwanza,clothes,Nyamagana,,Buhongwa,32.9456983,-2.6232013
mwanza_businesses.5789,5789,5800,8602161071,,,Buhongwa Magharibi,,,Mwanza,convenience,Nyamagana,,Buhongwa,32.9442,-2.623099
mwanza_businesses.5790,5790,5813,4938040121,,,,,,Mwanza,convenience,Nyamagana,,Buhongwa,32.9380446,-2.6184398
mwanza_businesses.5791,5791,5822,8506790233,,,Buhongwa Kasikazini,,,Mwanza,car_repair,Nyamagana,Mo-Fr 08:00-18:00; Sa-Su 08:00-15:00,Buhongwa,32.9420757,-2.6217486
mwanza_businesses.5792,5792,5824,8506790262,,,Buhogwa Kaskazini,,,Mwanza,jewelry,Nyamagana,Mo-Sa 09:00-20:00,Buhongwa,32.9433632,-2.6218772
mwanza_businesses.5793,5793,5825,8506790274,,,Buhongwa Kaskazini,,,Mwanza,convenience,Nyamagana,Mo-Fr 08:00-18:00; Sa-Su 08:00-15:00,Buhongwa,32.9443288,-2.6171829
mwanza_businesses.5794,5794,5826,8506774602,,,Buhongwa Kasikazini,,,Mwanza,convenience,Nyamagana,Mo-Fr 08:00-18:00; Sa-Su 08:00-15:00,Buhongwa,32.9447365,-2.6178474
mwanza_businesses.5795,5795,5827,8506774606,,,Buhongwa Kasikazini,Amani Hair Cut Salon,,Mwanza,hairdresser,Nyamagana,Mo-Fr 08:00-18:00; Sa-Su 08:00-15:00,Buhongwa,32.9447579,-2.6178688
mwanza_businesses.5796,5796,5828,8506790240,,,Buhongwa Magharibi,,,Mwanza,convenience,Nyamagana,Mo-Sa 09:00-20:00,Buhongwa,32.9453588,-2.6203339
mwanza_businesses.5797,5797,5829,8506774614,,,Buhongwa Magharibi,,,Mwanza,convenience,Nyamagana,Mo-Sa 09:00-20:00,Buhongwa,32.945509,-2.6202696
mwanza_businesses.5798,5798,5830,8506790324,,,Buhongwa Kaskazini,,,Mwanza,convenience,Nyamagana,Mo-Fr 08:00-18:00; Sa-Su 08:00-15:00,Buhongwa,32.9443073,-2.6171614
mwanza_businesses.5799,5799,5831,8506790338,,,Buhongwa Kasikazini,,,Mwanza,car_repair,Nyamagana,,Buhongwa,32.9420972,-2.6218129
mwanza_businesses.5800,5800,5834,8602159082,,,Buhogwa kaskazini,,,Mwanza,alcohol,Nyamagana,Mo-Su 09:00-21:00,Buhongwa,32.9417102,-2.6214884
mwanza_businesses.5801,5801,5835,8602160880,,,Buhongwa Kasikazini,,,Mwanza,car_repair,Nyamagana,Mo-Fr 08:00-18:00; Sa-Su 08:00-15:00,Buhongwa,32.9420543,-2.62162
mwanza_businesses.5802,5802,5836,8602164310,,,Buhogwa kaskazini,,,Mwanza,vacant,Nyamagana,,Buhongwa,32.9415822,-2.6159611
mwanza_businesses.5803,5803,5837,8602164827,,,Buhongwa Magharibi,,,Mwanza,convenience,Nyamagana,Mo-Sa 09:00-20:00,Buhongwa,32.9454875,-2.6203124
mwanza_businesses.5804,5804,5838,8602166600,,,Buhogwa Kaskazini,Otonde hardware,,Mwanza,hardware,Nyamagana,Mo-Sa 09:00-20:00,Buhongwa,32.9433203,-2.6218558
mwanza_businesses.5805,5805,5839,8602166896,,,Buhogwa Kaskazini,,,Mwanza,alcohol,Nyamagana,Mo-Su 09:00-21:00,Buhongwa,32.9415735,-2.6215567
mwanza_businesses.5806,5806,5840,8602168263,,,Buhongwa Kaskazini,,,Mwanza,car_repair,Nyamagana,Mo-Fr 08:00-18:00; Sa-Su 08:00-15:00,Buhongwa,32.9420583,-2.6217359
mwanza_businesses.5807,5807,5841,8602168419,,,Buhogwa Kaskazini,,,Mwanza,vacant,Nyamagana,,Buhongwa,32.9415438,-2.6159434
mwanza_businesses.5808,5808,5842,8506790355,,,Buhogwa Kaskazini,Mama Diana,,Mwanza,convenience,Nyamagana,Mo-Su 09:00-21:00,Buhongwa,32.9411304,-2.6151327
mwanza_businesses.5809,5809,5846,8602173359,,,Buhogwa kaskazini,,,Mwanza,convenience,Nyamagana,Mo-Su 09:00-21:00,Buhongwa,32.941153,-2.615168
mwanza_businesses.5810,5810,5848,8602177361,,,Buhogwa kaskazini,,,Mwanza,vacant,Nyamagana,,Buhongwa,32.9416685,-2.615997
mwanza_businesses.5811,5811,5850,8602181295,,,Buhogwa kaskazini,,,Mwanza,vacant,Nyamagana,,Buhongwa,32.9415028,-2.6159283
mwanza_businesses.5812,5812,5852,8602182777,,,Buhogwa Kaskazini,,,Mwanza,convenience,Nyamagana,Mo-Su 09:00-21:00,Buhongwa,32.9416263,-2.6159756
mwanza_businesses.5813,5813,5856,8506790280,,,Buhogwa kaskazini,Classic Salon,,Mwanza,hairdresser,Nyamagana,Mo-Su 09:00-21:00,Buhongwa,32.9411827,-2.6151951
mwanza_businesses.5814,5814,5858,8506790359,,,Buhongwa Magharibi,Madael's Cosmas Dressing Salon,,Mwanza,hairdresser,Nyamagana,Mo-Sa 09:00-20:00,Buhongwa,32.9463458,-2.6218558
mwanza_businesses.5815,5815,5860,8506790322,,,Buhongwa Magharibi,Kirikuu Shop,,Mwanza,convenience,Nyamagana,Mo-Sa 09:00-20:00,Buhongwa,32.9463673,-2.6218558
mwanza_businesses.5816,5816,5862,8506790220,,,Buhongwa Magharibi,Malekana Hair Cutz,,Mwanza,hairdresser,Nyamagana,Mo-Sa 09:00-20:00,Buhongwa,32.9464253,-2.6216364
mwanza_businesses.5817,5817,5864,8506774583,,,Buhongwa Magharibi,Jb Hair Cutz,,Mwanza,hairdresser,Nyamagana,Mo-Sa 09:00-20:00,Buhongwa,32.9464316,-2.6217272
mwanza_businesses.5818,5818,5868,8602166368,,,Buhongwa Magharibi,,,Mwanza,convenience,Nyamagana,Mo-Sa 09:00-20:00,Buhongwa,32.9464746,-2.6215557
mwanza_businesses.5819,5819,5869,8602181005,,,Buhongwa Magharibi,,,Mwanza,hardware,Nyamagana,Mo-Sa 09:00-20:00,Buhongwa,32.9464746,-2.6216628
mwanza_businesses.5820,5820,5870,8506790255,,,Buhongwa Magharibi,Dunia ya Warembo Hair Beauty Salon,,Mwanza,hairdresser,Nyamagana,Mo-Sa 09:00-20:00,Buhongwa,32.946496,-2.6213413
mwanza_businesses.5821,5821,5872,8506790368,,,Buhongwa Magharibi,,,Mwanza,convenience,Nyamagana,Mo-Sa 09:00-20:00,Buhongwa,32.946496,-2.6215985
mwanza_businesses.5822,5822,5874,8506790226,,,Buhongwa Magharibi,,,Mwanza,convenience,Nyamagana,Mo-Sa 09:00-20:00,Buhongwa,32.9465175,-2.6214699
mwanza_businesses.5823,5823,5876,8506774589,,,Buhongwa Magharibi,Melemeta Dunia ya Warembo Cosmetics,,Mwanza,beauty,Nyamagana,Mo-Sa 09:00-20:00,Buhongwa,32.9465389,-2.6213413
mwanza_businesses.5824,5824,5878,8506790232,,,Buhongwa Magharibi,Amos Hair Cutz,,Mwanza,hairdresser,Nyamagana,Mo-Sa 09:00-20:00,Buhongwa,32.9465389,-2.6215985
mwanza_businesses.5825,5825,5880,8506774586,,,Buhongwa Magharibi,,,Mwanza,convenience,Nyamagana,Mo-Sa 09:00-20:00,Buhongwa,32.9465604,-2.6215342
mwanza_businesses.5826,5826,5882,8506790258,,,Buhongwa Magharibi,Sylvester Stationery,,Mwanza,stationery,Nyamagana,Mo-Sa 09:00-20:00,Buhongwa,32.9466248,-2.6213413
mwanza_businesses.5827,5827,5884,8506790223,,,Buhongwa Magharibi,Mama Furaha Fundi Nguo,,Mwanza,tailor,Nyamagana,Mo-Sa 09:00-20:00,Buhongwa,32.9466462,-2.6212984
mwanza_businesses.5828,5828,5886,8506790305,,,Buhongwa Magharibi,Emmy Shop,,Mwanza,convenience,Nyamagana,Mo-Sa 09:00-20:00,Buhongwa,32.9466528,-2.621264
mwanza_businesses.5829,5829,5888,8506774592,,,Buhongwa Magharibi,,,Mwanza,cosmetics,Nyamagana,Mo-Sa 09:00-20:00,Buhongwa,32.9466677,-2.6212341
mwanza_businesses.5830,5830,5890,8506790301,Nyambiti,,Nyambiti,,,Mwanza,convenience,Nyamagana,Mo-Su 09:00-21:00,Buhongwa,32.9352093,-2.6125743
mwanza_businesses.5831,5831,5892,8506790263,Nyambiti,,Nyambiti,,,Mwanza,convenience,Nyamagana,Mo-Su 09:00-21:00,Buhongwa,32.935338,-2.6134531
mwanza_businesses.5832,5832,5893,8602161993,,,Nyambiti,,,Mwanza,clothes,Nyamagana,Mo-Sa 08:00-18:00,Buhongwa,32.9359174,-2.6146964
mwanza_businesses.5833,5833,5895,8506790260,,,Nyambiti,,,Mwanza,beauty,Nyamagana,Mo-Sa 08:00-18:00,Buhongwa,32.9359312,-2.6147123
mwanza_businesses.5834,5834,5896,8602162896,,,Nyambiti,Mama Sabina Shop,,Mwanza,convenience,Nyamagana,Mo-Sa 08:00-18:00,Buhongwa,32.9359648,-2.6147433
mwanza_businesses.5835,5835,5898,8506790336,,,Nyambiti,,,Mwanza,vacant,Nyamagana,,Buhongwa,32.9360247,-2.6148464
mwanza_businesses.5836,5836,5900,8506790298,,,Nyambiti,Majura Butcher,,Mwanza,butcher,Nyamagana,Mo-Sa 08:00-18:00,Buhongwa,32.9360461,-2.6148893
mwanza_businesses.5837,5837,5901,8506774594,,,Nyambiti,,,Mwanza,car_parts,Nyamagana,Mo-Sa 08:00-18:00,Buhongwa,32.936199,-2.6151336
mwanza_businesses.5838,5838,5902,8602159400,,,Nyambiti,Hamiss,,Mwanza,convenience,Nyamagana,Mo-Sa 08:00-18:00,Buhongwa,32.9365011,-2.6139593
mwanza_businesses.5839,5839,5904,8506790266,,,Nyambiti,,,Mwanza,convenience,Nyamagana,Mo-Sa 08:00-18:00,Buhongwa,32.9375482,-2.6145249
mwanza_businesses.5840,5840,5905,8506790231,,,Nyambiti,,,Mwanza,convenience,Nyamagana,Mo-Sa 08:00-18:00,Buhongwa,32.9376655,-2.6131968
mwanza_businesses.5841,5841,5906,8602162856,,,Nyambiti,,,Mwanza,convenience,Nyamagana,Mo-Sa 08:00-18:00,Buhongwa,32.9384299,-2.6143763
mwanza_businesses.5842,5842,5908,8602165098,,,Nyambiti,Mama Darmat Shop,,Mwanza,convenience,Nyamagana,Mo-Sa 08:00-18:00,Buhongwa,32.9384494,-2.609016
mwanza_businesses.5843,5843,5910,8602167266,,,Nyambiti,,,Mwanza,convenience,Nyamagana,Mo-Sa 08:00-18:00,Buhongwa,32.9400896,-2.6053398
mwanza_businesses.5844,5844,5912,8506790218,,,Nyambiti,,,Mwanza,hairdresser,Nyamagana,Mo-Sa 08:00-18:00,Buhongwa,32.9401016,-2.605372
mwanza_businesses.5845,5845,5913,8602163569,,,Nyambiti,,,Mwanza,kiosk,Nyamagana,Mo-Sa 08:00-18:00,Buhongwa,32.94013,-2.6054041
mwanza_businesses.5846,5846,5916,8506790253,,,Nyambiti,,,Mwanza,convenience,Nyamagana,Mo-Sa 09:00-20:00,Buhongwa,32.940233,-2.6097379
mwanza_businesses.5847,5847,5917,8602164923,,,Nyambiti,,,Mwanza,vacant,Nyamagana,,Buhongwa,32.9403325,-2.6097852
mwanza_businesses.5848,5848,5919,8602169975,,,Nyambiti,,,Mwanza,convenience,Nyamagana,Mo-Sa 08:00-18:00,Buhongwa,32.9403653,-2.6087107
mwanza_businesses.5849,5849,5921,8602169983,,,Nuambiti,,,Mwanza,hairdresser,Nyamagana,Mo-Sa 09:00-20:00;Mo-Sa 08:00-18:00,Buhongwa,32.9403806,-2.6087373
mwanza_businesses.5850,5850,5925,8602172061,,,Buhogwa kaskazini,,,Mwanza,convenience,Nyamagana,Mo-Su 09:00-21:00,Buhongwa,32.9417753,-2.6148679
mwanza_businesses.5851,5851,5934,8506790289,Nyambiti,,Nyambiti,,,Mwanza,cosmetics,Nyamagana,Mo-Su 09:00-21:00,Buhongwa,32.9336429,-2.610195
mwanza_businesses.5852,5852,5935,8506790367,Nyambiti,,Nyambiti,Amigo Stationary,,Mwanza,stationery,Nyamagana,,Buhongwa,32.9336429,-2.6098949
mwanza_businesses.5853,5853,5936,8506790251,Nyambiti,,Nyambiti,Juliana Shop,,Mwanza,convenience,Nyamagana,Mo-Sa 09:00-17:00,Buhongwa,32.9336643,-2.6103021
mwanza_businesses.5854,5854,5937,8506790327,Nyambiti,,Nyambiti,,,Mwanza,convenience,Nyamagana,Mo-Sa 09:00-17:00,Buhongwa,32.9337502,-2.6104951
mwanza_businesses.5855,5855,5938,8506774585,Nyambiti,,Nyambiti,,,Mwanza,convenience,Nyamagana,Mo-Su 09:00-21:00,Buhongwa,32.9339004,-2.6107951
mwanza_businesses.5856,5856,5940,8506790228,,,Nyambiti,,,Mwanza,convenience,Nyamagana,Mo-Sa 09:00-20:00,Buhongwa,32.9340836,-2.6077518
mwanza_businesses.5857,5857,5942,8506774582,Nyambiti,,Nyambiti,Jaz Saloon,,Mwanza,hairdresser,Nyamagana,,Buhongwa,32.9341793,-2.6109666
mwanza_businesses.5858,5858,5943,8506790333,,,Nyambiti,,,Mwanza,vacant,Nyamagana,,Buhongwa,32.9342192,-2.6076216
mwanza_businesses.5859,5859,5950,8602169987,Nyambiti,,Nyambiti,Amigo Stationary,,Mwanza,stationery,Nyamagana,,Buhongwa,32.9336422,-2.6098775
mwanza_businesses.5860,5860,5952,8602172398,Nyambiti,,Nyambiti,,,Mwanza,convenience,Nyamagana,Mo-Sa 08:00-18:00,Buhongwa,32.933042,-2.6091018
mwanza_businesses.5861,5861,5953,8602173903,,,Nyambiti,,,Mwanza,vacant,Nyamagana,,Buhongwa,32.9341038,-2.6077367
mwanza_businesses.5862,5862,5954,8602179347,Nyambiti,,Nyambiti,,,Mwanza,convenience,Nyamagana,Mo-Su 09:00-21:00,Buhongwa,32.9331064,-2.6082658
mwanza_businesses.5863,5863,5955,8602186592,,,Nyambiti,,,Mwanza,gas,Nyamagana,Mo-Sa 09:00-20:00,Buhongwa,32.934066,-2.6077638
mwanza_businesses.5864,5864,5956,8506774328,Mongo,,Ny'wang'alanga,,,Mwanza,greengrocer,Nyamagana,,Buhongwa,32.9482985,-2.5969049
mwanza_businesses.5865,5865,5957,8506774333,Mongo,,Ny'wang'alanga,Bony Love Saloon,,Mwanza,hairdresser,Nyamagana,,Buhongwa,32.9485559,-2.5972479
mwanza_businesses.5866,5866,5958,8506774324,,,Ny'wang'alanga,Halima Shop,,Mwanza,convenience,Nyamagana,,Buhongwa,32.9487062,-2.597055
mwanza_businesses.5867,5867,5959,8506774330,Mongo,,Ny'wang'alanga,,,Mwanza,greengrocer,Nyamagana,,Buhongwa,32.9489422,-2.5970979
mwanza_businesses.5868,5868,5960,8506774326,Mongo,,Ny'wang'alanga,,,Mwanza,hairdresser,Nyamagana,,Buhongwa,32.950526,-2.5978814
mwanza_businesses.5869,5869,5961,8506774331,Mongo,,Ny'wang'alanga,,,Mwanza,convenience,Nyamagana,,Buhongwa,32.9505679,-2.5979093
mwanza_businesses.5870,5870,5962,8506790340,,,Buhongwa Magharibi,,,Mwanza,tailor,Nyamagana,Mo-Sa 09:00-20:00,Buhongwa,32.9467964,-2.6209769
mwanza_businesses.5871,5871,5963,8506790363,,,Buhongwa Magharibi,City Hunter,,Mwanza,convenience,Nyamagana,Mo-Sa 08:00-18:00,Buhongwa,32.9499292,-2.6209769
mwanza_businesses.5872,5872,5964,8506774598,,,Buhongwa Magharibi,,,Mwanza,butcher,Nyamagana,Mo-Sa 09:00-20:00,Buhongwa,32.9468393,-2.6209341
mwanza_businesses.5873,5873,5965,8506790265,,,Buhongwa Magharibi,Kinyozi Cuts Hair Salon,,Mwanza,hairdresser,Nyamagana,Mo-Sa 09:00-20:00,Buhongwa,32.9460669,-2.6209126
mwanza_businesses.5874,5874,5966,8506790302,,,Buhongwa Magharibi,,,Mwanza,convenience,Nyamagana,Mo-Sa 09:00-20:00,Buhongwa,32.9468393,-2.6208912
mwanza_businesses.5875,5875,5967,8506790313,,,Buhongwa Magharibi,Alan Hair Cutz,,Mwanza,hairdresser,Nyamagana,Mo-Sa 09:00-20:00,Buhongwa,32.9460669,-2.6208697
mwanza_businesses.5876,5876,5969,8506790271,,,Buhongwa Magharibi,Anne Salon,,Mwanza,hairdresser,Nyamagana,Mo-Sa 09:00-20:00,Buhongwa,32.9468822,-2.6208269
mwanza_businesses.5877,5877,5970,8506790235,,,Buhongwa Magharibi,Bugati Hair Cutz,,Mwanza,hairdresser,Nyamagana,Mo-Sa 09:00-20:00,Buhongwa,32.9469252,-2.6207411
mwanza_businesses.5878,5878,5971,8506790346,,,Buhongwa Magharibi,Mzazi Shop,,Mwanza,convenience,Nyamagana,Mo-Sa 09:00-20:00,Buhongwa,32.9469252,-2.6207197
mwanza_businesses.5879,5879,5972,8506790309,,,Buhongwa Magharibi,,,Mwanza,tailor,Nyamagana,Mo-Sa 09:00-20:00,Buhongwa,32.9469681,-2.6206554
mwanza_businesses.5880,5880,5974,8506790288,,,Buhongwa Magharibi,Kanyoros Aluminum,0712530826,Mwanza,houseware,Nyamagana,Mo-Sa 09:00-20:00,Buhongwa,32.9498434,-2.620634
mwanza_businesses.5881,5881,5975,8506790350,,,Buhongwa Magharibi,,,Mwanza,convenience,Nyamagana,Mo-Sa 09:00-20:00,Buhongwa,32.9459596,-2.6205482
mwanza_businesses.5882,5882,5976,8506774601,,,Buhongwa Magharibi,Joshua Hardware,,Mwanza,hardware,Nyamagana,Mo-Sa 09:00-20:00,Buhongwa,32.9470539,-2.6203982
mwanza_businesses.5883,5883,5978,8506790249,,,Buhongwa Magharibi,,,Mwanza,convenience,Nyamagana,Mo-Sa 09:00-20:00,Buhongwa,32.9458952,-2.6203553
mwanza_businesses.5884,5884,5979,8506790245,,,Buhongwa Magharibi,Ndege Shop,,Mwanza,convenience,Nyamagana,Mo-Sa 09:00-20:00,Buhongwa,32.9470754,-2.6203339
mwanza_businesses.5885,5885,5980,8506790248,,,Buhongwa Magharibi,,,Mwanza,convenience,Nyamagana,Mo-Sa 08:00-18:00,Buhongwa,32.9504871,-2.618962
mwanza_businesses.5886,5886,5981,8506790358,,,Buhongwa Magharibi,,,Mwanza,convenience,Nyamagana,Mo-Sa 09:00-20:00,Buhongwa,32.9463868,-2.6162796
mwanza_businesses.5887,5887,5982,8506790286,,,Buhongwa Magharibi,,,Mwanza,convenience,Nyamagana,Mo-Sa 09:00-20:00,Buhongwa,32.9464738,-2.6154711
mwanza_businesses.5888,5888,5983,8506774611,,,Buhongwa Magharibi,,,Mwanza,convenience,Nyamagana,Mo-Sa 09:00-20:00,Buhongwa,32.9472256,-2.6154466
mwanza_businesses.5889,5889,6000,8506790290,,,Buhongwa Magharibi,,,Mwanza,convenience,Nyamagana,Mo-Sa 08:00-18:00,Buhongwa,32.9433417,-2.6133674
mwanza_businesses.5890,5890,6001,8506774597,,,Buhongwa Magharibi,,,Mwanza,convenience,Nyamagana,Mo-Sa 09:00-20:00,Buhongwa,32.9467569,-2.6133174
mwanza_businesses.5891,5891,6002,8506774591,,,Buhongwa Magharibi,,,Mwanza,convenience,Nyamagana,Mo-Sa 09:00-17:00,Buhongwa,32.9470345,-2.613478
mwanza_businesses.5892,5892,6004,8506790354,,,Buhongwa Magharibi,,,Mwanza,convenience,Nyamagana,Mo-Sa 08:00-18:00,Buhongwa,32.9502997,-2.6136236
mwanza_businesses.5893,5893,6005,8506790308,,,Buhongwa Magharibi,,,Mwanza,clothes,Nyamagana,Mo-Sa 08:00-18:00,Buhongwa,32.9502997,-2.6136587
mwanza_businesses.5894,5894,6007,8506790270,,,Buhongwa Magharibi,,,Mwanza,vacant,Nyamagana,,Buhongwa,32.9503231,-2.6136704
mwanza_businesses.5895,5895,6008,8602165573,,,Buhongwa Magharibi,,,Mwanza,convenience,Nyamagana,Mo-Sa 08:00-18:00,Buhongwa,32.9503584,-2.6119527
mwanza_businesses.5896,5896,6010,8602158855,,,Buhongwa Magharibi,,,Mwanza,vacant,Nyamagana,,Buhongwa,32.9503903,-2.6125217
mwanza_businesses.5897,5897,6012,8506790239,,,Buhongwa Magharibi,,,Mwanza,vacant,Nyamagana,,Buhongwa,32.9503903,-2.6125403
mwanza_businesses.5898,5898,6013,8602167840,,,Buhongwa,Ney Shop,,Mwanza,beauty,Nyamagana,Mo-Sa 08:00-18:00,Buhongwa,32.9507661,-2.6118884
mwanza_businesses.5899,5899,6015,8506790317,,,Buhongwa Magharibi,,,Mwanza,convenience,Nyamagana,Mo-Sa 08:00-18:00,Buhongwa,32.9507875,-2.6118669
mwanza_businesses.5900,5900,6016,8602162052,,,Buhongwa Magharibi,,,Mwanza,alcohol,Nyamagana,Mo-Sa 08:00-18:00,Buhongwa,32.950809,-2.611824
mwanza_businesses.5901,5901,6024,8506790259,,,Buhongwa Magharibi,,,Mwanza,hardware,Nyamagana,,Buhongwa,32.9437065,-2.6226917
mwanza_businesses.5902,5902,6025,8602158697,Veta,,Buhongwa Magharibi,,,Mwanza,convenience,Nyamagana,,Buhongwa,32.9459773,-2.6226312
mwanza_businesses.5903,5903,6028,8506790297,Veta,,Buhongwa Magharibi,Sm,,Mwanza,stationery,Nyamagana,,Buhongwa,32.9459937,-2.6225959
mwanza_businesses.5904,5904,6029,8506790224,,,Buhongwa Kasikazini,,,Mwanza,furniture,Nyamagana,Mo-Fr 08:00-18:00; Sa-Su 08:00-15:00,Buhongwa,32.9431486,-2.6225846
mwanza_businesses.5905,5905,6030,8506774584,,,Buhongwa Kasikazini,,,Mwanza,furniture,Nyamagana,Mo-Fr 08:00-18:00; Sa-Su 08:00-15:00,Buhongwa,32.9430842,-2.6225417
mwanza_businesses.5906,5906,6031,8602162727,,,Buhogwa Kaskazini,,,Mwanza,furniture,Nyamagana,Mo-Sa 09:00-20:00,Buhongwa,32.9430628,-2.6223488
mwanza_businesses.5907,5907,6033,8602174471,,,Buhongwa Magharibi,,,Mwanza,convenience,Nyamagana,Mo-Sa 08:00-18:00,Buhongwa,32.9489422,-2.6222845
mwanza_businesses.5908,5908,6036,8506790341,Veta,,Buhongwa Magharibi,Isha,,Mwanza,hairdresser,Nyamagana,,Buhongwa,32.946142,-2.6222788
mwanza_businesses.5909,5909,6037,8602163231,Veta,,Buhongwa Magharibi,Sky Stationary,,Mwanza,stationery,Nyamagana,,Buhongwa,32.9461527,-2.6222599
mwanza_businesses.5910,5910,6039,8602169113,Veta,,Buhongwa Magharibi,Francis,,Mwanza,clothes,Nyamagana,,Buhongwa,32.9461527,-2.6222416
mwanza_businesses.5911,5911,6041,8602167543,Veta,,Buhongwa Magharibi,Mama Naomi,,Mwanza,convenience,Nyamagana,,Buhongwa,32.9461703,-2.6222391
mwanza_businesses.5912,5912,6046,8506790264,,,Buhongwa Magharibi,,,Mwanza,butcher,Nyamagana,Mo-Sa 09:00-20:00,Buhongwa,32.9467106,-2.6211484
mwanza_businesses.5913,5913,6048,8506790343,,,Buhongwa Magharibi,Mabula Shop,,Mwanza,convenience,Nyamagana,Mo-Sa 09:00-20:00,Buhongwa,32.9467106,-2.6210841
mwanza_businesses.5914,5914,6050,8506790229,,,Buhongwa Magharibi,,,Mwanza,convenience,Nyamagana,Mo-Sa 09:00-20:00,Buhongwa,32.946732,-2.6210412
mwanza_businesses.5915,5915,6052,4938039521,,,,,,Mwanza,hairdresser,Nyamagana,,Buhongwa,32.9491624,-2.6277269
mwanza_businesses.5916,5916,6053,8506790320,,,Buhongwa Magharibi,NELSON,0742924324,Mwanza,hardware,Nyamagana,Mo-Sa 08:00-18:00,Buhongwa,32.9495859,-2.6216628
mwanza_businesses.5917,5917,6055,8506790357,,,Buhongwa Magharibi,,,Mwanza,convenience,Nyamagana,Mo-Fr 09:00-17:00,Buhongwa,32.9497147,-2.6212341
mwanza_businesses.5918,5918,6056,8506790360,,,Buhongwa Magharibi,Bahebe Shop Fashion,,Mwanza,clothes,Nyamagana,Mo-Sa 09:00-20:00,Buhongwa,32.9497361,-2.621127
mwanza_businesses.5919,5919,6058,8506790279,,,Buhongwa Magharibi,Mama Pc shop,,Mwanza,convenience,Nyamagana,Mo-Su 09:00-21:00,Buhongwa,32.9497361,-2.6211698
mwanza_businesses.5920,5920,6060,8506790242,,,Buhongwa Magharibi,Shom,0768842488,Mwanza,electronics,Nyamagana,Mo-Sa 09:00-20:00,Buhongwa,32.9497576,-2.6210841
mwanza_businesses.5921,5921,6062,8506774613,,,Buhongwa Magharibi,,,Mwanza,convenience,Nyamagana,Mo-Sa 09:00-20:00,Buhongwa,32.9499197,-2.6210685
mwanza_businesses.5922,5922,6065,8506790282,,,Buhongwa Magharibi,,,Mwanza,convenience,Nyamagana,Mo-Su 09:00-21:00,Buhongwa,32.9496932,-2.621277
mwanza_businesses.5923,5923,6067,6784224985,,,,Yoghurt Kitchen,,Mwanza,beverages,Nyamagana,,Luchelele,32.8983271,-2.6005127
mwanza_businesses.5924,5924,6068,6784225085,,,,Yoghurt Kitchen,,Mwanza,beverages,Nyamagana,Mo-Sa 09:00-18:00,Luchelele,32.8983621,-2.6010491
mwanza_businesses.5925,5925,6069,4548916593,,,,Zebedayo medical,,Mwanza,medical_supply,Nyamagana,,Mahina,32.9426359,-2.551097
mwanza_businesses.5926,5926,6070,4549351689,,,,Madiwani Shop,,Mwanza,yes,Nyamagana,,Mahina,32.943099,-2.5499337
mwanza_businesses.5927,5927,6071,4548950090,,,,Winengo Stationary,,Mwanza,stationery,Nyamagana,,Mahina,32.9508918,-2.5541827
mwanza_businesses.5928,5928,6072,4548904297,,,,Biganio medical shop,,Mwanza,medical_supply,Nyamagana,,Mahina,32.9509014,-2.5542704
mwanza_businesses.5929,5929,6073,4404730795,,,,Nyehunge Bus Garage,,Mwanza,car_repair,Nyamagana,,Mahina,32.9345934,-2.5350301
mwanza_businesses.5930,5930,6074,4404884192,,,,Afline company,,Mwanza,hardware,Nyamagana,,Mahina,32.9366275,-2.5353232
mwanza_businesses.5931,5931,6075,8520976185,Pata Mahitaji,,,Lau Shop,,Mwanza,wholesale,Nyamagana,Mo-Sa 09:00-20:00,Mahina,32.9268674,-2.5374752
mwanza_businesses.5932,5932,6076,8520976288,,,,Nyaganga,,Mwanza,butcher,Nyamagana,Mo-Sa 09:00-20:00,Mahina,32.9268812,-2.5374615
mwanza_businesses.5933,5933,6077,8520975815,Pata Mahitaji,,Pata Mahitaji,,,Mwanza,convenience,Nyamagana,Mo-Su 09:00-21:00,Mahina,32.9269376,-2.5374607
mwanza_businesses.5934,5934,6078,8520975920,Pata Mahitaji,,Pata Mahitaji,,,Mwanza,convenience,Nyamagana,Mo-Sa 09:00-20:00,Mahina,32.9267679,-2.5374009
mwanza_businesses.5935,5935,6079,8520976342,Pata Mahitaji,,Pata Mahitaji,,,Mwanza,convenience,Nyamagana,Mo-Sa 09:00-20:00,Mahina,32.9267408,-2.5374009
mwanza_businesses.5936,5936,6080,8520975867,Pata Mahitaji,,Pata Mahitaji,Dogo Maligwa M-pesa,,Mwanza,convenience,Nyamagana,Mo-Su 09:00-21:00,Mahina,32.9266053,-2.5373738
mwanza_businesses.5937,5937,6081,8520975969,Pata Mahitaji,,Pata Mahitaji,,,Mwanza,convenience,Nyamagana,Mo-Sa 09:00-20:00,Mahina,32.9265917,-2.5373603
mwanza_businesses.5938,5938,6082,8520976073,Pata Mahitaji,,Pata Mahitaji,,,Mwanza,convenience,Nyamagana,Mo-Su 09:00-21:00,Mahina,32.9264697,-2.5373467
mwanza_businesses.5939,5939,6083,8520976176,Pata Mahitaji,,Pata Mahitaji,,,Mwanza,convenience,Nyamagana,Mo-Su 09:00-21:00,Mahina,32.9263748,-2.5373197
mwanza_businesses.5940,5940,6084,8520975805,Pata Mahitaji,,Pata Mahitaji,,,Mwanza,convenience,Nyamagana,Mo-Sa 09:00-20:00,Mahina,32.9267729,-2.5372647
mwanza_businesses.5941,5941,6085,8520975909,Pata Mahitaji,,Pata Mahitaji,,,Mwanza,convenience,Nyamagana,Mo-Sa 09:00-20:00,Mahina,32.9266477,-2.5372482
mwanza_businesses.5942,5942,6086,8520976013,Pata Mahitaji,,Pata Mahitaji,,,Mwanza,convenience,Nyamagana,Mo-Sa 09:00-20:00,Mahina,32.9265833,-2.5372267
mwanza_businesses.5943,5943,6087,8520976116,Pata Mahitaji,,Pata Mahitaji,,,Mwanza,convenience,Nyamagana,Mo-Sa 09:00-20:00,Mahina,32.9265618,-2.5372267
mwanza_businesses.5944,5944,6088,8520976217,Pata Mahitaji,,Pata Mahitaji,,,Mwanza,convenience,Nyamagana,Mo-Su 09:00-21:00,Mahina,32.9264697,-2.5371978
mwanza_businesses.5945,5945,6089,8520975953,Pata Mahitaji,,Pata Mahitaji,,,Mwanza,convenience,Nyamagana,Mo-Su 09:00-21:00,Mahina,32.9264606,-2.5371922
mwanza_businesses.5946,5946,6090,8520975744,Pata Mahitaji,,Pata Mahitaji,,,Mwanza,copyshop,Nyamagana,Mo-Sa 09:00-20:00,Mahina,32.9264286,-2.537188
mwanza_businesses.5947,5947,6091,8520976387,Pata Mahitaji,,Pata Mahitaji,"Double ""A"" Garment",0762099363,Mwanza,tailor,Nyamagana,Mo-Sa 09:00-20:00,Mahina,32.9267508,-2.5372647
mwanza_businesses.5948,5948,6092,8520976448,Pata Mahitaji,,Pata Mahitaji,,,Mwanza,convenience,Nyamagana,Mo-Sa 09:00-20:00,Mahina,32.926551,-2.5373603
mwanza_businesses.5949,5949,6093,8520976491,Pata Mahitaji,,Pata Mahitaji,,,Mwanza,convenience,Nyamagana,Mo-Su 09:00-21:00,Mahina,32.9266691,-2.5372482
mwanza_businesses.5950,5950,6094,8520976551,Pata Mahitaji,,Pata Mahitaji,,,Mwanza,convenience,Nyamagana,Mo-Sa 09:00-20:00,Mahina,32.9265782,-2.5373603
mwanza_businesses.5951,5951,6095,8520976595,Pata Mahitaji,,Pata Mahitaji,,,Mwanza,convenience,Nyamagana,Mo-Su 09:00-21:00,Mahina,32.9266047,-2.5372267
mwanza_businesses.5952,5952,6096,8520976638,Pata Mahitaji,,Pata Mahitaji,,,Mwanza,convenience,Nyamagana,Mo-Su 09:00-21:00,Mahina,32.9264426,-2.5373332
mwanza_businesses.5953,5953,6097,8520976057,Igelegele Road,,Igelegele,Mama Aisha shop,,Mwanza,convenience,Nyamagana,Mo-Su 09:00-21:00,Mahina,32.9238394,-2.5369306
mwanza_businesses.5954,5954,6098,8520976261,,,,,,Mwanza,kiosk,Nyamagana,Mo-Su 09:00-21:00,Mahina,32.9283727,-2.5361815
mwanza_businesses.5955,5955,6099,8520976160,Pata Mahitaji,,,,0743146524,Mwanza,vacant,Nyamagana,Mo-Sa 08:00-18:00,Mahina,32.9292057,-2.5352319
mwanza_businesses.5956,5956,6100,8520975941,,,Igelegele,,,Mwanza,video,Nyamagana,Mo-Su 09:00-21:00,Mahina,32.9251012,-2.5349286
mwanza_businesses.5957,5957,6101,8520975839,,,Igelegele,,,Mwanza,convenience,Nyamagana,Mo-Su 09:00-21:00,Mahina,32.9247162,-2.5344756
mwanza_businesses.5958,5958,6102,8520976370,Igelegele Road,,Igelegele,,,Mwanza,convenience,Nyamagana,Mo-Fr 08:00-18:00; Sa-Su 08:00-15:00,Mahina,32.9230347,-2.5362823
mwanza_businesses.5959,5959,6103,8520976421,,,Igelegele,,,Mwanza,convenience,Nyamagana,Mo-Su 09:00-21:00,Mahina,32.9244315,-2.5337722
mwanza_businesses.5960,5960,6104,8520976534,Igeregere,,Patamahitaji,,,Mwanza,alcohol,Nyamagana,Mo-Su 09:00-21:00,Mahina,32.9239684,-2.5369918
mwanza_businesses.5961,5961,6105,4404884193,,,,Bakhresa Office Mwanza,,Mwanza,department_store,Nyamagana,,Mahina,32.9406121,-2.5365082
mwanza_businesses.5962,5962,6106,8520975733,,,Igelegele,,,Mwanza,convenience,Nyamagana,Mo-Su 09:00-21:00,Mahina,32.9243988,-2.5360844
mwanza_businesses.5963,5963,6107,8520975600,,,Patamahitaji,,,Mwanza,convenience,Nyamagana,Mo-Sa 09:00-20:00,Mahina,32.9254675,-2.537291
mwanza_businesses.5964,5964,6108,8520963966,Pata Mahitaji,,Pata Mahitaji,,,Mwanza,convenience,Nyamagana,Mo-Su 09:00-21:00,Mahina,32.9264155,-2.5373332
mwanza_businesses.5965,5965,6109,8520975611,Pata Mahitaji,,,Kisunte Pamba Kali,,Mwanza,clothes,Nyamagana,Mo-Sa 09:00-20:00,Mahina,32.9269087,-2.5374752
mwanza_businesses.5966,5966,6110,4404891890,,,,,,Mwanza,clothes,Nyamagana,,Mahina,32.938337,-2.5362133
mwanza_businesses.5967,5967,6111,6830034487,,,,Tunge furniture,,Mwanza,furniture,Nyamagana,,Mhandu,32.9499462,-2.5393135
mwanza_businesses.5968,5968,6112,8506145318,,,,Machinjioni,,Mwanza,butcher,Nyamagana,,Mhandu,32.9615369,-2.5493587
mwanza_businesses.5969,5969,6113,8520680536,Iseni,,Amani,,,Mwanza,hairdresser,Nyamagana,Mo-Sa 09:00-17:00;Mo-Sa 08:00-18:00,Butimba,32.9187298,-2.5748053
mwanza_businesses.5970,5970,6114,8520687986,Iseni,,Amani,,,Mwanza,kiosk,Nyamagana,Mo-Sa 08:00-18:00,Butimba,32.9187454,-2.5747995
mwanza_businesses.5971,5971,6115,8520680528,Iseni,,Amani,,,Mwanza,hairdresser,Nyamagana,Mo-Sa 09:00-17:00;Mo-Sa 08:00-18:00,Butimba,32.9184606,-2.5747738
mwanza_businesses.5972,5972,6116,8520687866,Iseni,,Amani,,,Mwanza,kiosk,Nyamagana,Mo-Sa 08:00-18:00,Butimba,32.918601,-2.5747617
mwanza_businesses.5973,5973,6117,8520688052,Iseni,,Amani,,,Mwanza,kiosk,Nyamagana,Mo-Sa 08:00-18:00,Butimba,32.9183435,-2.5747403
mwanza_businesses.5974,5974,6118,8520687908,Iseni,,Amani,,,Mwanza,convenience,Nyamagana,Mo-Sa 08:00-18:00,Butimba,32.9183435,-2.5747189
mwanza_businesses.5975,5975,6119,8520687839,Iseni,,Amani,,,Mwanza,stationery,Nyamagana,Mo-Sa 08:00-18:00,Butimba,32.9181221,-2.5746349
mwanza_businesses.5976,5976,6120,8520680588,,,Ibanda,,,Mwanza,convenience,Nyamagana,Mo-Su 09:00-21:00,Butimba,32.9279587,-2.5720544
mwanza_businesses.5977,5977,6121,8520680558,,,Ibanda,,,Mwanza,convenience,Nyamagana,Mo-Su 09:00-21:00,Butimba,32.9297348,-2.5714942
mwanza_businesses.5978,5978,6122,8520687827,,,Ibanda,,,Mwanza,butcher,Nyamagana,Mo-Su 09:00-21:00,Butimba,32.9297348,-2.5713684
mwanza_businesses.5979,5979,6123,8520688155,,,Ibanda,,,Mwanza,convenience,Nyamagana,Mo-Su 09:00-21:00,Butimba,32.9251404,-2.5713134
mwanza_businesses.5980,5980,6124,8520688125,,,Ibanda,,,Mwanza,car_parts,Nyamagana,Mo-Su 09:00-21:00,Butimba,32.9296229,-2.5712566
mwanza_businesses.5981,5981,6125,8520680549,HILL,,Amani,,,Mwanza,convenience,Nyamagana,24/7,Butimba,32.9192898,-2.5708631
mwanza_businesses.5982,5982,6126,8520680544,HILL,,Amani,Grace,0786889532,Mwanza,clothes,Nyamagana,Mo-Sa 08:00-18:00,Butimba,32.9192156,-2.5707234
mwanza_businesses.5983,5983,6127,8520688166,Iseni,,Amani,,,Mwanza,convenience,Nyamagana,Mo-Sa 08:00-18:00,Butimba,32.9175027,-2.5747235
mwanza_businesses.5984,5984,6128,8520688196,,,Amani,,,Mwanza,convenience,Nyamagana,,Butimba,32.9194379,-2.5697457
mwanza_businesses.5985,5985,6129,8520688222,,,Ibanda,,,Mwanza,car_repair,Nyamagana,Mo-Su 09:00-21:00,Butimba,32.9250424,-2.5712834
mwanza_businesses.5986,5986,6130,8520688234,Iseni,,Amani,,,Mwanza,clothes,Nyamagana,Mo-Sa 08:00-18:00,Butimba,32.9187727,-2.5746545
mwanza_businesses.5987,5987,6131,8520688262,Iseni,,Amani,,,Mwanza,convenience,Nyamagana,Mo-Sa 08:00-18:00,Butimba,32.918601,-2.5747827
mwanza_businesses.5988,5988,6132,8520688334,Iseni,,Amani,,,Mwanza,convenience,Nyamagana,Mo-Sa 08:00-18:00,Butimba,32.9180674,-2.5747443
mwanza_businesses.5989,5989,6133,8520688378,HILL,,Amani,,,Mwanza,car_repair,Nyamagana,Mo-Sa 08:00-18:00,Butimba,32.9192221,-2.5717264
mwanza_businesses.5990,5990,6134,8520688386,Iseni,,Amani,,,Mwanza,video,Nyamagana,Mo-Sa 08:00-18:00,Butimba,32.9187361,-2.5747268
mwanza_businesses.5991,5991,6135,8520688409,,,Ibanda,,,Mwanza,convenience,Nyamagana,Mo-Su 09:00-21:00,Butimba,32.9299736,-2.5717821
mwanza_businesses.5992,5992,6136,8520687835,Butimba Road,,Ziwa,,,Mwanza,convenience,Nyamagana,Mo-Fr 08:00-18:00; Sa-Su 08:00-15:00,Butimba,32.9134083,-2.5626289
mwanza_businesses.5993,5993,6137,8520687927,,,Amani,Ntenzi Mana,,Mwanza,convenience,Nyamagana,Mo-Su 09:00-21:00,Butimba,32.9134512,-2.5680522
mwanza_businesses.5994,5994,6138,8520687888,,,Amani,,,Mwanza,convenience,Nyamagana,Mo-Sa 09:00-20:00,Butimba,32.9134512,-2.5665946
mwanza_businesses.5995,5995,6139,8520687876,Butimba Road,,Ziwa,,,Mwanza,convenience,Nyamagana,Mo-Sa 08:00-18:00;24/7,Butimba,32.9134941,-2.5625431
mwanza_businesses.5996,5996,6140,8520687998,,,Amani,,,Mwanza,convenience,Nyamagana,Mo-Sa 08:00-18:00,Butimba,32.9135799,-2.5674306
mwanza_businesses.5997,5997,6141,8520688072,Iseni,,Amani,,,Mwanza,stationery,Nyamagana,Mo-Sa 08:00-18:00,Butimba,32.9138803,-2.5727896
mwanza_businesses.5998,5998,6142,8520688104,Iseni,,Amani,,,Mwanza,kiosk,Nyamagana,Mo-Sa 08:00-18:00,Butimba,32.9139876,-2.5732183
mwanza_businesses.5999,5999,6143,8520680547,Iseni,,Amani,,,Mwanza,convenience,Nyamagana,Mo-Sa 08:00-18:00,Butimba,32.9140091,-2.5731969
mwanza_businesses.6000,6000,6144,8520687874,Iseni,,Amani,,,Mwanza,hairdresser,Nyamagana,Mo-Sa 08:00-18:00,Butimba,32.9140091,-2.5732398
mwanza_businesses.6001,6001,6145,8520687846,Iseni,,Amani,,,Mwanza,hairdresser,Nyamagana,Mo-Sa 08:00-18:00,Butimba,32.9140131,-2.5729299
mwanza_businesses.6002,6002,6146,8520680577,Iseni,,Amani,,,Mwanza,convenience,Nyamagana,Mo-Sa 08:00-18:00,Butimba,32.9140735,-2.573004
mwanza_businesses.6003,6003,6147,8520688055,Iseni,,Amani,,,Mwanza,hairdresser,Nyamagana,Mo-Sa 08:00-18:00,Butimba,32.9141593,-2.5731112
mwanza_businesses.6004,6004,6148,8520687956,,,Amani,J4 Shop,,Mwanza,convenience,Nyamagana,,Butimba,32.9143095,-2.5691455
mwanza_businesses.6005,6005,6149,8520680560,,,Amani,,,Mwanza,convenience,Nyamagana,Mo-Su 09:00-21:00,Butimba,32.914331,-2.5648583
mwanza_businesses.6006,6006,6150,8520688011,,,Butimba,,,Mwanza,convenience,Nyamagana,Mo-Su 09:00-21:00,Butimba,32.9144382,-2.5646439
mwanza_businesses.6007,6007,6151,8520687929,,,Amani,,,Mwanza,convenience,Nyamagana,Mo-Su 09:00-21:00,Butimba,32.9150605,-2.5647511
mwanza_businesses.6008,6008,6152,8520687869,,,Amani,,,Mwanza,convenience,Nyamagana,Mo-Sa 08:00-18:00,Butimba,32.9159909,-2.5678924
mwanza_businesses.6009,6009,6153,8520688024,,,Butimba kona,,,Mwanza,convenience,Nyamagana,Mo-Su 09:00-21:00,Butimba,32.9161469,-2.5647295
mwanza_businesses.6010,6010,6154,8520680614,Amani,,Amani,,,Mwanza,vacant,Nyamagana,,Butimba,32.9163265,-2.5657586
mwanza_businesses.6011,6011,6155,8520687882,,,,,,Mwanza,tailor,Nyamagana,Mo-Su 09:00-21:00,Butimba,32.9165536,-2.5652421
mwanza_businesses.6012,6012,6156,8520688074,Amani,,Amani,,,Mwanza,greengrocer,Nyamagana,,Butimba,32.9171064,-2.5674795
mwanza_businesses.6013,6013,6157,8520688141,,,Amani,,,Mwanza,convenience,Nyamagana,Mo-Sa 08:00-18:00,Butimba,32.9155665,-2.5671946
mwanza_businesses.6014,6014,6158,8520688146,,,Butimba kona,,,Mwanza,greengrocer,Nyamagana,Mo-Su 09:00-21:00,Butimba,32.9162192,-2.5646225
mwanza_businesses.6015,6015,6159,8520688163,Butimba Road,,Ziwa,,,Mwanza,clothes,Nyamagana,Mo-Fr 08:00-18:00; Sa-Su 08:00-15:00,Butimba,32.9133485,-2.5626409
mwanza_businesses.6016,6016,6160,8520688174,Iseni,,Amani,,,Mwanza,kiosk,Nyamagana,Mo-Sa 08:00-18:00,Butimba,32.9141378,-2.5730897
mwanza_businesses.6017,6017,6161,8520688201,Iseni,,Amani,ROM Duka la Dawa Baridi,,Mwanza,convenience,Nyamagana,Mo-Sa 08:00-18:00,Butimba,32.9140091,-2.5732183
mwanza_businesses.6018,6018,6162,8520688209,,,Boari,,,Mwanza,convenience,Nyamagana,Mo-Su 09:00-21:00,Butimba,32.9173932,-2.5659705
mwanza_businesses.6019,6019,6163,8520688241,Iseni,,Amani,,,Mwanza,convenience,Nyamagana,Mo-Sa 08:00-18:00,Butimba,32.9138276,-2.5729397
mwanza_businesses.6020,6020,6164,8520688277,,,Boari,,,Mwanza,convenience,Nyamagana,Mo-Su 09:00-21:00,Butimba,32.9165017,-2.5652811
mwanza_businesses.6021,6021,6165,8520688300,Butimba Road,,Ziwa,,,Mwanza,convenience,Nyamagana,Mo-Sa 08:00-18:00,Butimba,32.9134895,-2.562514
mwanza_businesses.6022,6022,6166,8520688325,,,Amani,Kabanwa Family,0759094501,Mwanza,agrarian,Nyamagana,Mo-Sa 08:00-18:00,Butimba,32.915041,-2.5647654
mwanza_businesses.6023,6023,6167,8520688398,,,Amani,,,Mwanza,greengrocer,Nyamagana,Mo-Sa 09:00-20:00,Butimba,32.9151913,-2.5690502
mwanza_businesses.6024,6024,6168,8520687904,,,Amani,,,Mwanza,convenience,Nyamagana,Mo-Sa 08:00-18:00,Butimba,32.9147578,-2.561894
mwanza_businesses.6025,6025,6169,8520688411,,,Amani,,,Mwanza,convenience,Nyamagana,Mo-Fr 09:00-17:00,Butimba,32.9134297,-2.5667661
mwanza_businesses.6026,6026,6170,8520688424,,,,,,Mwanza,convenience,Nyamagana,Mo-Su 09:00-21:00,Butimba,32.9163314,-2.5648572
mwanza_businesses.6027,6027,6171,8520688429,Iseni,,Amani,,,Mwanza,convenience,Nyamagana,Mo-Sa 08:00-18:00,Butimba,32.9141808,-2.5730897
mwanza_businesses.6028,6028,6172,8520688264,,,Amani,,,Mwanza,convenience,Nyamagana,,Butimba,32.9184508,-2.5683309
mwanza_businesses.6029,6029,6173,8520688394,,,Amani,,,Mwanza,convenience,Nyamagana,,Butimba,32.9190731,-2.5680951
mwanza_businesses.6030,6030,6174,8520688099,Bohari,,Amani,,,Mwanza,convenience,Nyamagana,,Butimba,32.9179573,-2.5676664
mwanza_businesses.6031,6031,6175,8520687841,Bohari,,Amani,Mnyama,,Mwanza,butcher,Nyamagana,,Butimba,32.9180002,-2.5674092
mwanza_businesses.6032,6032,6176,8520687819,,,Ibanda,,,Mwanza,convenience,Nyamagana,Mo-Sa 08:00-18:00,Butimba,32.9189658,-2.5669376
mwanza_businesses.6033,6033,6177,8520688306,,,Ibanda,,,Mwanza,convenience,Nyamagana,Mo-Sa 08:00-18:00,Butimba,32.9186654,-2.5666375
mwanza_businesses.6034,6034,6178,8520687854,Nyerere Road,,Kambarage,,,Mwanza,convenience,Nyamagana,Mo-Fr 08:00-18:00; Sa-Su 08:00-15:00,Butimba,32.9276909,-2.5653845
mwanza_businesses.6035,6035,6179,8520688182,Nyerere Road,,Kambarage,,,Mwanza,hairdresser,Nyamagana,Mo-Sa 08:00-18:00,Butimba,32.9276991,-2.5653727
mwanza_businesses.6036,6036,6180,8520688250,,,Kambarage,,,Mwanza,butcher,Nyamagana,,Butimba,32.9275695,-2.5650148
mwanza_businesses.6037,6037,6181,8520688320,,,Kambarage,,,Mwanza,tailor,Nyamagana,Mo-Fr 08:00-18:00; Sa-Su 08:00-15:00,Butimba,32.9275274,-2.5649869
mwanza_businesses.6038,6038,6182,8520688069,,,Kambarage,,,Mwanza,convenience,Nyamagana,Mo-Sa 08:00-18:00,Butimba,32.9273129,-2.5648797
mwanza_businesses.6039,6039,6183,8520688289,,,Kambarage,,,Mwanza,vacant,Nyamagana,Mo-Sa 08:00-18:00,Butimba,32.9270485,-2.5646612
mwanza_businesses.6040,6040,6184,8520687894,,,Kambarage,,,Mwanza,butcher,Nyamagana,Mo-Sa 08:00-18:00;Mo-Sa 09:00-17:00,Butimba,32.9269488,-2.5646114
mwanza_businesses.6041,6041,6185,8520688362,,,Kambarage,,,Mwanza,tailor,Nyamagana,Mo-Sa 08:00-18:00,Butimba,32.9264331,-2.5640866
mwanza_businesses.6042,6042,6186,8520687963,,,Kambarage,,,Mwanza,convenience,Nyamagana,Mo-Fr 08:00-18:00; Sa-Su 08:00-15:00,Butimba,32.9286538,-2.564068
mwanza_businesses.6043,6043,6187,8520688112,,,Kambarage,,,Mwanza,convenience,Nyamagana,Mo-Fr 08:00-18:00; Sa-Su 08:00-15:00,Butimba,32.9255114,-2.5637516
mwanza_businesses.6044,6044,6188,8520688037,,,Kambarage,,,Mwanza,convenience,Nyamagana,Mo-Fr 08:00-18:00; Sa-Su 08:00-15:00,Butimba,32.9252407,-2.5635805
mwanza_businesses.6045,6045,6189,8520680585,,,Kambarage,,,Mwanza,agrarian,Nyamagana,Mo-Fr 08:00-18:00; Sa-Su 08:00-15:00,Butimba,32.9252023,-2.5635549
mwanza_businesses.6046,6046,6190,8520688298,,,Amani,,,Mwanza,convenience,Nyamagana,Mo-Sa 08:00-18:00,Butimba,32.9116488,-2.5672162
mwanza_businesses.6047,6047,6191,8520687862,,,Amani,,,Mwanza,convenience,Nyamagana,Mo-Sa 08:00-18:00,Butimba,32.9125929,-2.5670447
mwanza_businesses.6048,6048,6192,8520688258,,,Amani,,,Mwanza,convenience,Nyamagana,Mo-Fr 09:00-17:00,Butimba,32.9129151,-2.5669511
mwanza_businesses.6049,6049,6193,8520688224,,,Amani,,,Mwanza,beauty,Nyamagana,Mo-Fr 08:00-18:00; Sa-Su 08:00-15:00,Butimba,32.9117692,-2.5643188
mwanza_businesses.6050,6050,6194,8520688207,,,Amani,,,Mwanza,convenience,Nyamagana,Mo-Fr 08:00-18:00;Sa-Su 08:00-15:00,Butimba,32.9118551,-2.5643045
mwanza_businesses.6051,6051,6195,8520688365,,,,,,Mwanza,alcohol,Nyamagana,Mo-Fr 08:00-18:00; Sa-Su 08:00-15:00,Butimba,32.9119124,-2.5642329
mwanza_businesses.6052,6052,6196,8520688022,Butimba Road,,Ziwa,,,Mwanza,clothes,Nyamagana,Mo-Fr 08:00-18:00; Sa-Su 08:00-15:00,Butimba,32.911374,-2.5641332
mwanza_businesses.6053,6053,6197,8520688435,,,Amani,,,Mwanza,video,Nyamagana,Mo-Fr 08:00-18:00; Sa-Su 08:00-15:00,Butimba,32.9120843,-2.5641328
mwanza_businesses.6054,6054,6198,8520688066,Butimba Road,,Ziwa,,,Mwanza,convenience,Nyamagana,Mo-Sa 08:00-18:00,Butimba,32.9116488,-2.5640222
mwanza_businesses.6055,6055,6199,8520688139,Butimba Road,,Ziwa,,,Mwanza,clothes,Nyamagana,Mo-Fr 08:00-18:00; Sa-Su 08:00-15:00,Butimba,32.911763,-2.5639812
mwanza_businesses.6056,6056,6200,8520688292,,,Amani,,,Mwanza,tailor,Nyamagana,Mo-Fr 08:00-18:00; Sa-Su 08:00-15:00,Butimba,32.9126143,-2.5639794
mwanza_businesses.6057,6057,6201,8520688317,Butimba Road,,Ziwa,,,Mwanza,clothes,Nyamagana,Mo-Sa 08:00-18:00,Butimba,32.9116394,-2.5639757
mwanza_businesses.6058,6058,6202,8520680542,Butimba Road,,Ziwa,,,Mwanza,butcher,Nyamagana,Mo-Sa 08:00-18:00,Butimba,32.911756,-2.5639579
mwanza_businesses.6059,6059,6203,8520688218,,,Amani,,,Mwanza,betting,Nyamagana,Mo-Fr 08:00-18:00; Sa-Su 08:00-15:00,Butimba,32.9124641,-2.5639365
mwanza_businesses.6060,6060,6204,8520688287,,,Amani,,,Mwanza,beverages,Nyamagana,Mo-Fr 08:00-18:00; Sa-Su 08:00-15:00,Butimba,32.9125071,-2.5639365
mwanza_businesses.6061,6061,6205,8520688392,Butimba Road,,Ziwa,Mokili Butcher,,Mwanza,butcher,Nyamagana,Mo-Sa 09:00-20:00,Butimba,32.9117224,-2.5638098
mwanza_businesses.6062,6062,6206,8520688115,Butimba Road,,Ziwa,,,Mwanza,convenience,Nyamagana,Mo-Sa 08:00-18:00,Butimba,32.9120564,-2.5637221
mwanza_businesses.6063,6063,6207,8520680612,Butimba Road,,Ziwa,,,Mwanza,butcher,Nyamagana,Mo-Sa 08:00-18:00,Butimba,32.9120471,-2.5636686
mwanza_businesses.6064,6064,6208,8520688110,Butimba Road,,Ziwa,,,Mwanza,convenience,Nyamagana,Mo-Fr 08:00-18:00; Sa-Su 08:00-15:00,Butimba,32.9122066,-2.5636364
mwanza_businesses.6065,6065,6209,8520688035,Butimba Road,,Ziwa,,,Mwanza,hairdresser,Nyamagana,Mo-Su 09:00-21:00,Butimba,32.9121376,-2.5636187
mwanza_businesses.6066,6066,6210,8520688179,Butimba Road,,Ziwa,,,Mwanza,hairdresser,Nyamagana,Mo-Fr 08:00-18:00; Sa-Su 08:00-15:00,Butimba,32.9122496,-2.563615
mwanza_businesses.6067,6067,6211,8520687892,,,Amani,,,Mwanza,convenience,Nyamagana,Mo-Sa 08:00-18:00,Butimba,32.9126177,-2.5636121
mwanza_businesses.6068,6068,6212,8520687852,Butimba Road,,Ziwa,,,Mwanza,convenience,Nyamagana,Mo-Sa 08:00-18:00,Butimba,32.9122379,-2.5635521
mwanza_businesses.6069,6069,6213,8520688247,Butimba Road,,Ziwa,,,Mwanza,convenience,Nyamagana,Mo-Sa 08:00-18:00,Butimba,32.9123569,-2.5635078
mwanza_businesses.6070,6070,6214,8520687921,Butimba Road,,Ziwa,,,Mwanza,convenience,Nyamagana,Mo-Sa 08:00-18:00,Butimba,32.9123266,-2.5634169
mwanza_businesses.6071,6071,6215,8520680578,Butimba TTC,,Ziwani,,,Mwanza,hairdresser,Nyamagana,Mo-Sa 08:00-18:00,Butimba,32.9081082,-2.5665517
mwanza_businesses.6072,6072,6216,8520687972,Butimba TTC,,Ziwani,,,Mwanza,convenience,Nyamagana,Mo-Sa 09:00-17:00,Butimba,32.9081941,-2.5665088
mwanza_businesses.6073,6073,6217,8520687847,Butimba TTC,,Ziwani,,,Mwanza,hairdresser,Nyamagana,Mo-Sa 08:00-18:00,Butimba,32.9089451,-2.5662945
mwanza_businesses.6074,6074,6218,8520688189,Butimba TTC,,Ziwani,,,Mwanza,convenience,Nyamagana,Mo-Sa 08:00-18:00,Butimba,32.9091167,-2.5662302
mwanza_businesses.6075,6075,6219,8520688004,Butimba TTC,,Ziwani,,,Mwanza,hairdresser,Nyamagana,Mo-Sa 08:00-18:00,Butimba,32.9092455,-2.5661873
mwanza_businesses.6076,6076,6220,8520687902,Butimba TTC,,Ziwani,,,Mwanza,jewelry,Nyamagana,Mo-Sa 09:00-17:00;24/7,Butimba,32.9092455,-2.5661659
mwanza_businesses.6077,6077,6221,8520687818,Butimba TTC,,Ziwani,,,Mwanza,clothes,Nyamagana,Mo-Sa 09:00-17:00,Butimba,32.9093528,-2.5661873
mwanza_businesses.6078,6078,6222,8520680548,Butimba TTC,,Ziwani,,,Mwanza,cosmetics,Nyamagana,Mo-Sa 09:00-17:00,Butimba,32.9093742,-2.5662087
mwanza_businesses.6079,6079,6223,8520688073,Butimba TTC,,Ziwani,,,Mwanza,convenience,Nyamagana,Mo-Sa 08:00-18:00,Butimba,32.9095459,-2.5662087
mwanza_businesses.6080,6080,6224,8520687933,Butimba TTC,,Ziwani,,,Mwanza,convenience,Nyamagana,Mo-Sa 08:00-18:00,Butimba,32.9099288,-2.5653508
mwanza_businesses.6081,6081,6225,8520687957,Butimba TTC,,Ziwani,,,Mwanza,fabric,Nyamagana,24/7,Butimba,32.9099481,-2.565068
mwanza_businesses.6082,6082,6226,8520688242,Butimba Darajani,,Butimba Darajani,,,Mwanza,kiosk,Nyamagana,,Butimba,32.9099536,-2.5665517
mwanza_businesses.6083,6083,6227,8520688329,Butimba TTC,,Ziwani,,,Mwanza,hairdresser,Nyamagana,Mo-Sa 08:00-18:00,Butimba,32.910018,-2.5652227
mwanza_businesses.6084,6084,6228,8520680523,Butimba TTC,,Ziwani,,078655659,Mwanza,clothes,Nyamagana,Mo-Sa 09:00-17:00;Mo-Sa 08:00-18:00,Butimba,32.9100605,-2.5650418
mwanza_businesses.6085,6085,6229,8520688046,Butimba TTC,,Ziwani,,,Mwanza,convenience,Nyamagana,24/7,Butimba,32.9101424,-2.5650195
mwanza_businesses.6086,6086,6230,8520688145,,,,,,Mwanza,gas,Nyamagana,Mo-Sa 08:00-18:00,Butimba,32.9102969,-2.5659301
mwanza_businesses.6087,6087,6231,8520688078,,,,,,Mwanza,convenience,Nyamagana,Mo-Sa 08:00-18:00,Butimba,32.9103184,-2.5658229
mwanza_businesses.6088,6088,6232,8520688121,Butimba TTC,,Ziwani,,,Mwanza,kiosk,Nyamagana,24/7,Butimba,32.9103873,-2.5648189
mwanza_businesses.6089,6089,6233,8520688090,Butimba TTC,,Ziwani,Cassian Shop,,Mwanza,convenience,Nyamagana,24/7,Butimba,32.9104595,-2.564631
mwanza_businesses.6090,6090,6234,8520688213,,,,,,Mwanza,convenience,Nyamagana,Mo-Sa 08:00-18:00,Butimba,32.91049,-2.5652227
mwanza_businesses.6091,6091,6235,8520688097,,,,,,Mwanza,convenience,Nyamagana,Mo-Sa 08:00-18:00,Butimba,32.9106188,-2.5650941
mwanza_businesses.6092,6092,6236,8520680570,,,,,,Mwanza,hairdresser,Nyamagana,Mo-Sa 08:00-18:00,Butimba,32.9106211,-2.5650824
mwanza_businesses.6093,6093,6237,8520688161,Butimba TTC,,Ziwani,,,Mwanza,kiosk,Nyamagana,24/7,Butimba,32.9106262,-2.5647126
mwanza_businesses.6094,6094,6238,8520680535,,,Amani,,,Mwanza,convenience,Nyamagana,Mo-Fr 08:00-18:00; Sa-Su 08:00-15:00,Butimba,32.9107615,-2.5648969
mwanza_businesses.6095,6095,6239,8520688058,,,Amani,,,Mwanza,alcohol,Nyamagana,Mo-Fr 08:00-18:00; Sa-Su 08:00-15:00,Butimba,32.9107904,-2.5649654
mwanza_businesses.6096,6096,6240,8520688132,,,Amani,,,Mwanza,convenience,Nyamagana,Mo-Fr 08:00-18:00; Sa-Su 08:00-15:00,Butimba,32.9108763,-2.5649226
mwanza_businesses.6097,6097,6241,8520687943,,,Amani,,,Mwanza,convenience,Nyamagana,Mo-Fr 08:00-18:00; Sa-Su 08:00-15:00,Butimba,32.9111123,-2.5647939
mwanza_businesses.6098,6098,6242,8520688268,,,Amani,,,Mwanza,betting,Nyamagana,Mo-Fr 08:00-18:00; Sa-Su 08:00-15:00,Butimba,32.9111552,-2.5649654
mwanza_businesses.6099,6099,6243,8520688275,,,Amani,,,Mwanza,beauty,Nyamagana,Mo-Fr 08:00-18:00; Sa-Su 08:00-15:00,Butimba,32.9111981,-2.5649654
mwanza_businesses.6100,6100,6244,8520687879,,,ama,,,Mwanza,video,Nyamagana,Mo-Fr 08:00-18:00; Sa-Su 08:00-15:00,Butimba,32.9112411,-2.5648154
mwanza_businesses.6101,6101,6245,8520688340,Butimba TTC,,Ziwani,,0765873215,Mwanza,stationery,Nyamagana,Mo-Sa 08:00-18:00,Butimba,32.9104063,-2.564866
mwanza_businesses.6102,6102,6246,8520688371,Butimba TTC,,Ziwani,,,Mwanza,convenience,Nyamagana,Mo-Sa 08:00-18:00,Butimba,32.9095459,-2.5661873
mwanza_businesses.6103,6103,6247,8520688404,,,,Jirani Hair Dress Salon,,Mwanza,hairdresser,Nyamagana,Mo-Sa 08:00-18:00,Butimba,32.9105759,-2.5651584
mwanza_businesses.6104,6104,6248,8520688415,Butimba TTC,,Ziwani,Mwananchi,,Mwanza,clothes,Nyamagana,Mo-Sa 08:00-18:00,Butimba,32.9106402,-2.5647511
mwanza_businesses.6105,6105,6249,8520688422,,,Amani,,,Mwanza,tailor,Nyamagana,Mo-Fr 08:00-18:00; Sa-Su 08:00-15:00,Butimba,32.9113054,-2.5647296
mwanza_businesses.6106,6106,6250,8520688430,,,Amani,,,Mwanza,convenience,Nyamagana,Mo-Su 09:00-21:00,Butimba,32.9110909,-2.5668089
mwanza_businesses.6107,6107,6251,8520680608,,,Kambarage,,,Mwanza,vacant,Nyamagana,,Butimba,32.924931,-2.5630362
mwanza_businesses.6108,6108,6252,8520688062,,,Kambarage,Mbulwa,,Mwanza,vacant,Nyamagana,Mo-Sa 08:00-18:00,Butimba,32.9248452,-2.562929
mwanza_businesses.6109,6109,6253,8520688388,,,kambarage,,,Mwanza,kiosk,Nyamagana,Mo-Sa 09:00-20:00,Butimba,32.924239,-2.5626218
mwanza_businesses.6110,6110,6254,8520688135,,,Kambarage,,,Mwanza,hardware,Nyamagana,Mo-Su 09:00-21:00,Butimba,32.9214127,-2.5620051
mwanza_businesses.6111,6111,6255,8520688018,,,kambarage,Fatuma Hair Dress,,Mwanza,hairdresser,Nyamagana,Mo-Sa 09:00-20:00;Mo-Su 09:00-21:00,Butimba,32.9227077,-2.5619991
mwanza_businesses.6112,6112,6256,8520688343,,,kambarage,,,Mwanza,hairdresser,Nyamagana,Mo-Sa 09:00-20:00,Butimba,32.9233512,-2.5619882
mwanza_businesses.6113,6113,6257,8520688106,,,Kambarage,God ls Good Butcher,,Mwanza,butcher,Nyamagana,Mo-Su 09:00-21:00,Butimba,32.9214334,-2.5619844
mwanza_businesses.6114,6114,6258,8520688356,,,Kambarage,,,Mwanza,tailor,Nyamagana,Mo-Fr 08:00-18:00; Sa-Su 08:00-15:00,Butimba,32.9214542,-2.5619637
mwanza_businesses.6115,6115,6259,8520688176,Kambarage,,Kambarage,Sweet Shop,,Mwanza,kiosk,Nyamagana,Mo-Su 09:00-21:00,Butimba,32.9225707,-2.5619001
mwanza_businesses.6116,6116,6260,8520688031,,,kambarage,Mwii,,Mwanza,mobile_phone,Nyamagana,Mo-Sa 09:00-17:00,Butimba,32.9208822,-2.5613566
mwanza_businesses.6117,6117,6261,8520687917,,,Kambarage,,,Mwanza,convenience,Nyamagana,Mo-Sa 09:00-20:00,Butimba,32.9241255,-2.5581902
mwanza_businesses.6118,6118,6262,8520688431,,,Kambarage,,,Mwanza,clothes,Nyamagana,Mo-Sa 09:00-20:00,Butimba,32.9240689,-2.5581703
mwanza_businesses.6119,6119,6263,8520688418,,,Kambarage,,,Mwanza,convenience,Nyamagana,Mo-Sa 09:00-20:00,Butimba,32.923874,-2.5580061
mwanza_businesses.6120,6120,6264,4938040122,,,,,,Mwanza,hairdresser,Nyamagana,,Mkolani,32.9308886,-2.5996112
mwanza_businesses.6121,6121,6265,4938040421,,,,,,Mwanza,hairdresser,Nyamagana,,Mkolani,32.9311703,-2.6019657
mwanza_businesses.6122,6122,6266,4938039522,,,,,,Mwanza,convenience,Nyamagana,,Mkolani,32.931766,-2.6032181
mwanza_businesses.6123,6123,6267,4938040321,,,,,,Mwanza,hairdresser,Nyamagana,,Mkolani,32.9321747,-2.6044452
mwanza_businesses.6124,6124,6268,8520976105,Posta,,Posta,,,Mwanza,kiosk,Nyamagana,Mo-Sa 08:00-18:00,Mabatini,32.9128334,-2.5274515
mwanza_businesses.6125,6125,6269,8520976205,Posta,,Posta,,,Mwanza,kiosk,Nyamagana,Mo-Sa 08:00-18:00,Mabatini,32.9128007,-2.527338
mwanza_businesses.6126,6126,6270,8520975946,Posta,,Posta,,,Mwanza,kiosk,Nyamagana,Mo-Sa 08:00-18:00,Mabatini,32.9137525,-2.5268833
mwanza_businesses.6127,6127,6271,8520975840,,,"Nyerere ""B""",,,Mwanza,convenience,Nyamagana,Mo-Sa 08:00-18:00,Mabatini,32.9146998,-2.5260239
mwanza_businesses.6128,6128,6272,8520975933,,,Nyerere b,,,Mwanza,convenience,Nyamagana,Mo-Sa 08:00-18:00,Mabatini,32.9145363,-2.5259857
mwanza_businesses.6129,6129,6273,8520976252,,,"Nyerere ""B""",,,Mwanza,convenience,Nyamagana,Mo-Sa 08:00-18:00,Mabatini,32.9143466,-2.5257907
mwanza_businesses.6130,6130,6274,8520976037,,,Nyerere b,,,Mwanza,convenience,Nyamagana,Mo-Sa 08:00-18:00,Mabatini,32.9141245,-2.5256934
mwanza_businesses.6131,6131,6275,8520975884,,,Nyerere b,,,Mwanza,convenience,Nyamagana,Mo-Sa 08:00-18:00,Mabatini,32.9141227,-2.5256837
mwanza_businesses.6132,6132,6276,8520976240,,,Nyerere B,,,Mwanza,stationery,Nyamagana,Mo-Sa 08:00-18:00,Mabatini,32.9145796,-2.5256615
mwanza_businesses.6133,6133,6277,8520975830,,,Nyerere B,,,Mwanza,beauty,Nyamagana,Mo-Sa 08:00-18:00,Mabatini,32.9145938,-2.5256474
mwanza_businesses.6134,6134,6278,8520976140,,,Nyerere B,,,Mwanza,hardware,Nyamagana,Mo-Sa 08:00-18:00,Mabatini,32.9146151,-2.5256467
mwanza_businesses.6135,6135,6279,8520976359,,,Mbugan B,,,Mwanza,stationery,Nyamagana,Mo-Fr 09:00-17:00,Mabatini,32.9146043,-2.5256936
mwanza_businesses.6136,6136,6280,8520976411,,,Nyerere B,,,Mwanza,beauty,Nyamagana,Mo-Sa 08:00-18:00,Mabatini,32.9146043,-2.5256455
mwanza_businesses.6137,6137,6281,8520976420,,,"Nyerere ""B""",,,Mwanza,stationery,Nyamagana,Mo-Sa 08:00-18:00,Mabatini,32.9146619,-2.526005
mwanza_businesses.6138,6138,6282,8520976466,,,Nyerere B,,,Mwanza,beauty,Nyamagana,Mo-Sa 08:00-18:00,Mabatini,32.9146079,-2.5256615
mwanza_businesses.6139,6139,6283,8520976515,,,"Nyerere ""B""",,,Mwanza,convenience,Nyamagana,Mo-Sa 08:00-18:00,Mabatini,32.9144795,-2.5258287
mwanza_businesses.6140,6140,6284,8520976585,Posta,,Posta,,,Mwanza,kiosk,Nyamagana,Mo-Sa 08:00-18:00,Mabatini,32.912825,-2.5278232
mwanza_businesses.6141,6141,6285,8532205638,,,Posta B,,,Mwanza,convenience,Nyamagana,Mo-Fr 08:00-18:00; Sa-Su 08:00-15:00,Mabatini,32.9116702,-2.5253936
mwanza_businesses.6142,6142,6286,8520976047,Mlimani,,Mlimani,Masunga Shop,,Mwanza,convenience,Nyamagana,Mo-Fr 09:00-17:00,Mabatini,32.9116917,-2.5281376
mwanza_businesses.6143,6143,6287,8532229145,,,Lango,,,Mwanza,shoes,Nyamagana,Mo-Sa 08:00-18:00,Mabatini,32.9111896,-2.5225429
mwanza_businesses.6144,6144,6288,4400971190,,,,,,Mwanza,clothes,Nyamagana,,Mabatini,32.911214,-2.5224218
mwanza_businesses.6145,6145,6289,8532198765,Nyerere Road,,Mission,Masoud Used Spare Parts,0745555566,Mwanza,car_parts,Nyamagana,Mo-Fr 08:00-18:00; Sa-Su 08:00-15:00,Mabatini,32.9120544,-2.5235163
mwanza_businesses.6146,6146,6290,8532206998,Nyerere Road,,Mission,Seif Used Spare Parts,,Mwanza,car_parts,Nyamagana,Mo-Fr 08:00-18:00; Sa-Su 08:00-15:00,Mabatini,32.9121055,-2.5235255
mwanza_businesses.6147,6147,6291,8532226717,,,Lango,,,Mwanza,vacant,Nyamagana,,Mabatini,32.9121423,-2.5232071
mwanza_businesses.6148,6148,6292,8532206257,Nyerere Road,,Mission,,,Mwanza,car_parts,Nyamagana,Mo-Fr 08:00-18:00; Sa-Su 08:00-15:00,Mabatini,32.9121623,-2.5235681
mwanza_businesses.6149,6149,6293,8532205865,Nyerere Road,,Mission,,,Mwanza,car_parts,Nyamagana,Mo-Fr 08:00-18:00; Sa-Su 08:00-15:00,Mabatini,32.9121907,-2.5235681
mwanza_businesses.6150,6150,6294,8532227513,,,Lango,,,Mwanza,hardware,Nyamagana,Mo-Fr 09:00-17:00,Mabatini,32.9122066,-2.5232285
mwanza_businesses.6151,6151,6295,8532206430,Nyerere Road,,Mission,,,Mwanza,bicycle,Nyamagana,Mo-Fr 08:00-18:00; Sa-Su 08:00-15:00,Mabatini,32.9122104,-2.5235922
mwanza_businesses.6152,6152,6296,8520976347,Nyerere Road,,Mission,,,Mwanza,bicycle,Nyamagana,Mo-Sa 08:00-18:00,Mabatini,32.9123955,-2.52364
mwanza_businesses.6153,6153,6297,8520975563,Nyerere Road,,Mission,Cardluck Shoes,0713511281,Mwanza,shoes,Nyamagana,Mo-Sa 08:00-18:00,Mabatini,32.9124467,-2.5236821
mwanza_businesses.6154,6154,6298,8520976059,,,Mission,Sinda hair saloon,,Mwanza,hairdresser,Nyamagana,,Mabatini,32.9127347,-2.5243525
mwanza_businesses.6155,6155,6299,8520976035,Nyerere Road,,Mission,Jathorene Lubricants,0754648024,Mwanza,car_parts,Nyamagana,Mo-Fr 08:00-18:00; Sa-Su 08:00-15:00,Mabatini,32.9127446,-2.5238377
mwanza_businesses.6156,6156,6300,8520976263,,,Mission,,,Mwanza,hairdresser,Nyamagana,Mo-Sa 08:00-18:00,Mabatini,32.9127447,-2.524495
mwanza_businesses.6157,6157,6301,8520975613,Nyerere Road,,Mission,,0754490908,Mwanza,bicycle,Nyamagana,Mo-Fr 08:00-18:00; Sa-Su 08:00-15:00,Mabatini,32.9127731,-2.5238235
mwanza_businesses.6158,6158,6302,8520976273,,,Mission,Ebenezer haircutting Saloon,,Mwanza,hairdresser,Nyamagana,Mo-Sa 08:00-18:00,Mabatini,32.9127829,-2.5245521
mwanza_businesses.6159,6159,6303,8520975595,,,Mission,,,Mwanza,convenience,Nyamagana,Mo-Sa 08:00-18:00,Mabatini,32.9128019,-2.5245521
mwanza_businesses.6160,6160,6304,8520976408,Nyerere Road,,Mission,Rajbhai Enterprises,,Mwanza,electronics,Nyamagana,Mo-Fr 08:00-18:00; Sa-Su 08:00-15:00,Mabatini,32.9128157,-2.5239228
mwanza_businesses.6161,6161,6305,8520975827,Nyerere Road,,Mission,Al-Hakimi Auto Spare Parts,0683395268,Mwanza,car_parts,Nyamagana,Mo-Sa 08:00-18:00,Mabatini,32.9128576,-2.523924
mwanza_businesses.6162,6162,6306,8520976211,,,Mission,,,Mwanza,convenience,Nyamagana,Mo-Sa 08:00-18:00,Mabatini,32.9128878,-2.5252417
mwanza_businesses.6163,6163,6307,8520975738,,,Mission,,,Mwanza,convenience,Nyamagana,Mo-Sa 08:00-18:00,Mabatini,32.9129109,-2.5252483
mwanza_businesses.6164,6164,6308,8520975930,Nyerere Road,,Mission,,0767682723,Mwanza,convenience,Nyamagana,Mo-Sa 08:00-18:00,Mabatini,32.9129322,-2.5238743
mwanza_businesses.6165,6165,6309,8520976301,Nyerere Road,,Mission,Tyre Service Shop,,Mwanza,car_repair,Nyamagana,Mo-Sa 08:00-18:00,Mabatini,32.9129978,-2.5239948
mwanza_businesses.6166,6166,6310,8520975723,Nyerere Road,,Mission,Zakaria Auto Parts,0754092879,Mwanza,car_parts,Nyamagana,Mo-Fr 08:00-18:00; Sa-Su 08:00-15:00,Mabatini,32.9130099,-2.5240239
mwanza_businesses.6167,6167,6311,8520976100,,,Mission,,,Mwanza,hairdresser,Nyamagana,Mo-Sa 09:00-20:00,Mabatini,32.9130377,-2.5244621
mwanza_businesses.6168,6168,6312,8532228740,,,Lango,,,Mwanza,hardware,Nyamagana,Mo-Su 09:00-21:00,Mabatini,32.9122175,-2.5232075
mwanza_businesses.6169,6169,6313,8532227502,Mission.,,Mission.,,,Mwanza,convenience,Nyamagana,Mo-Sa 08:00-18:00,Mabatini,32.9094983,-2.5209771
mwanza_businesses.6170,6170,6314,8532229152,Uhuru,,Mkanyenye,,,Mwanza,clothes,Nyamagana,Mo-Sa 08:00-18:00,Mabatini,32.9101549,-2.520963
mwanza_businesses.6171,6171,6315,8532229100,,,Uhuru,,,Mwanza,hairdresser,Nyamagana,Mo-Sa 08:00-18:00,Mabatini,32.9099994,-2.521179
mwanza_businesses.6172,6172,6316,8532229020,,,Uhuru,,,Mwanza,beauty,Nyamagana,Mo-Sa 08:00-18:00,Mabatini,32.909902,-2.5210934
mwanza_businesses.6173,6173,6317,8532229010,Uhuru,,Uhuru,Mitumba,,Mwanza,shoes,Nyamagana,Mo-Sa 08:00-18:00,Mabatini,32.9110417,-2.5213678
mwanza_businesses.6174,6174,6318,8532228965,Uhuru,,Mkanyenye,,,Mwanza,hairdresser,Nyamagana,Mo-Sa 08:00-18:00,Mabatini,32.9103347,-2.5210283
mwanza_businesses.6175,6175,6319,8532228912,Uhuru,,Uhuru,Mitumba,0763299129,Mwanza,clothes,Nyamagana,Mo-Sa 08:00-18:00,Mabatini,32.9108071,-2.5211947
mwanza_businesses.6176,6176,6320,8532228726,Mission.,,Mission.,,,Mwanza,convenience,Nyamagana,Mo-Sa 08:00-18:00,Mabatini,32.9094725,-2.5209651
mwanza_businesses.6177,6177,6321,8532228488,Unguja Road,,Unguja,,,Mwanza,convenience,Nyamagana,Mo-Su 09:00-21:00,Mabatini,32.9101172,-2.5198905
mwanza_businesses.6178,6178,6322,8532228405,,,Uhuru,,,Mwanza,houseware,Nyamagana,Mo-Sa 09:00-17:00,Mabatini,32.9096838,-2.5212081
mwanza_businesses.6179,6179,6323,8532227637,Uhuru,,Uhuru,,,Mwanza,bicycle,Nyamagana,Mo-Sa 08:00-18:00,Mabatini,32.9104882,-2.5211194
mwanza_businesses.6180,6180,6324,8532227557,Mission.,,Mission.,,,Mwanza,convenience,Nyamagana,Mo-Sa 08:00-18:00,Mabatini,32.9095299,-2.5209243
mwanza_businesses.6181,6181,6325,8532227493,,,Lango,,,Mwanza,bag,Nyamagana,Mo-Sa 08:00-18:00,Mabatini,32.9110641,-2.521992
mwanza_businesses.6182,6182,6326,8532226968,,,Lango,Secret Closet,,Mwanza,clothes,Nyamagana,Mo-Sa 08:00-18:00,Mabatini,32.9106397,-2.5214443
mwanza_businesses.6183,6183,6327,8532227131,Uhuru,,Uhuru,,,Mwanza,convenience,Nyamagana,Mo-Sa 08:00-18:00,Mabatini,32.9106295,-2.5208068
mwanza_businesses.6184,6184,6328,8532227082,Unguja Road,,Unguja,,,Mwanza,hairdresser,Nyamagana,,Mabatini,32.9102588,-2.5200648
mwanza_businesses.6185,6185,6329,8532226833,,,Uhuru,,,Mwanza,clothes,Nyamagana,Mo-Sa 08:00-18:00,Mabatini,32.9101368,-2.521193
mwanza_businesses.6186,6186,6330,8532227020,,,Uhuru,,,Mwanza,convenience,Nyamagana,Mo-Sa 09:00-17:00,Mabatini,32.909902,-2.5211322
mwanza_businesses.6187,6187,6331,8532227447,,,Uhuru,,,Mwanza,convenience,Nyamagana,Mo-Sa 09:00-17:00,Mabatini,32.9096829,-2.5211911
mwanza_businesses.6188,6188,6332,8532227076,,,Uhuru,,,Mwanza,convenience,Nyamagana,Mo-Sa 08:00-18:00,Mabatini,32.9096549,-2.5209837
mwanza_businesses.6189,6189,6333,8532226757,Uhuru,,Mkanyenye,,,Mwanza,convenience,Nyamagana,Mo-Sa 08:00-18:00,Mabatini,32.909421,-2.520627
mwanza_businesses.6190,6190,6334,8532226943,,,Uhuru,,,Mwanza,convenience,Nyamagana,Mo-Sa 08:00-18:00,Mabatini,32.9094192,-2.5208726
mwanza_businesses.6191,6191,6335,8532226733,,,Uhuru,,,Mwanza,convenience,Nyamagana,Mo-Sa 08:00-18:00,Mabatini,32.9093044,-2.5207989
mwanza_businesses.6192,6192,6336,8532226778,,,Uhuru,,,Mwanza,clothes,Nyamagana,Mo-Sa 08:00-18:00,Mabatini,32.909284,-2.5207989
mwanza_businesses.6193,6193,6337,8532226724,Uhuru,,Mkanyenye,,,Mwanza,electronics,Nyamagana,Mo-Sa 08:00-18:00,Mabatini,32.9092828,-2.5205786
mwanza_businesses.6194,6194,6338,8532229045,,,Uhuru,,,Mwanza,houseware,Nyamagana,Mo-Sa 08:00-18:00,Mabatini,32.9099994,-2.5211998
mwanza_businesses.6195,6195,6339,8532229026,Unguja,,Rufiji,,,Mwanza,convenience,Nyamagana,Mo-Su 09:00-21:00,Mabatini,32.9107046,-2.5202488
mwanza_businesses.6196,6196,6340,8532228858,,,Lango,Furniture general supply,,Mwanza,furniture,Nyamagana,Mo-Sa 08:00-18:00,Mabatini,32.9104238,-2.521489
mwanza_businesses.6197,6197,6341,8532228779,Uhuru,,Mkanyenye,,,Mwanza,stationery,Nyamagana,Mo-Sa 08:00-18:00,Mabatini,32.9098113,-2.5208017
mwanza_businesses.6198,6198,6342,8532228672,,,Uhuru,,,Mwanza,clothes,Nyamagana,Mo-Sa 08:00-18:00,Mabatini,32.909902,-2.5211128
mwanza_businesses.6199,6199,6343,8532228617,,,Uhuru,,,Mwanza,convenience,Nyamagana,Mo-Sa 08:00-18:00,Mabatini,32.9101368,-2.521212
mwanza_businesses.6200,6200,6344,8532228592,,,Uhuru,,,Mwanza,convenience,Nyamagana,Mo-Sa 08:00-18:00,Mabatini,32.9094045,-2.5208873
mwanza_businesses.6201,6201,6345,8532228543,Unguja,,Rufiji,,,Mwanza,convenience,Nyamagana,Mo-Su 09:00-21:00,Mabatini,32.9105973,-2.5202059
mwanza_businesses.6202,6202,6346,8532228351,Uhuru,,Mkanyenye,,,Mwanza,stationery,Nyamagana,Mo-Sa 08:00-18:00,Mabatini,32.9098524,-2.5208052
mwanza_businesses.6203,6203,6347,8532227691,Mission.,,Mission.,,,Mwanza,convenience,Nyamagana,Mo-Sa 08:00-18:00,Mabatini,32.9095169,-2.5209263
mwanza_businesses.6204,6204,6348,8532227533,,,Unguja,,,Mwanza,convenience,Nyamagana,Mo-Su 09:00-21:00,Mabatini,32.9110096,-2.520393
mwanza_businesses.6205,6205,6349,8532227291,,,Unguja,,,Mwanza,video,Nyamagana,Mo-Su 09:00-21:00,Mabatini,32.9109037,-2.5203136
mwanza_businesses.6206,6206,6350,8532227239,,,Lango,,,Mwanza,bag,Nyamagana,Mo-Sa 08:00-18:00,Mabatini,32.910713,-2.5215541
mwanza_businesses.6207,6207,6351,8532227392,,,Uhuru,,,Mwanza,clothes,Nyamagana,Mo-Sa 08:00-18:00,Mabatini,32.9101368,-2.521231
mwanza_businesses.6208,6208,6352,8532226812,,,Uhuru,,,Mwanza,beauty,Nyamagana,Mo-Sa 08:00-18:00,Mabatini,32.9100124,-2.5211395
mwanza_businesses.6209,6209,6353,8532227369,,,Uhuru,,,Mwanza,beverages,Nyamagana,Mo-Sa 08:00-18:00,Mabatini,32.9098825,-2.5211128
mwanza_businesses.6210,6210,6354,8532226890,Uhuru,,Mkanyenye,,,Mwanza,clothes,Nyamagana,Mo-Sa 08:00-18:00,Mabatini,32.9096645,-2.5207509
mwanza_businesses.6211,6211,6355,8532201403,,,Uhuru,,,Mwanza,convenience,Nyamagana,Mo-Sa 08:00-18:00,Mabatini,32.9093907,-2.5208741
mwanza_businesses.6212,6212,6356,8532228381,Mission,,Mission,,,Mwanza,alcohol,Nyamagana,Mo-Sa 08:00-18:00,Mabatini,32.9075915,-2.5206714
mwanza_businesses.6213,6213,6357,8532227345,Mission,,Mission,,,Mwanza,clothes,Nyamagana,Mo-Sa 08:00-18:00,Mabatini,32.9078905,-2.5200954
mwanza_businesses.6214,6214,6358,8532226919,Mission,,Mission,,,Mwanza,clothes,Nyamagana,Mo-Sa 08:00-18:00,Mabatini,32.9079151,-2.520163
mwanza_businesses.6215,6215,6359,8532227587,Mission,,Mission,,,Mwanza,convenience,Nyamagana,Mo-Sa 08:00-18:00,Mabatini,32.9080009,-2.521042
mwanza_businesses.6216,6216,6360,8532227321,Mission,,Mission,,,Mwanza,clothes,Nyamagana,Mo-Sa 08:00-18:00,Mabatini,32.9080761,-2.5202585
mwanza_businesses.6217,6217,6361,8532227297,Mission,,Mission,,,Mwanza,clothes,Nyamagana,Mo-Sa 08:00-18:00,Mabatini,32.9081082,-2.5202702
mwanza_businesses.6218,6218,6362,8532228327,Mission,,Mission,,,Mwanza,beverages,Nyamagana,Mo-Sa 08:00-18:00,Mabatini,32.9081635,-2.5210621
mwanza_businesses.6219,6219,6363,8532227058,Uhuru,,Mission,,,Mwanza,clothes,Nyamagana,Mo-Sa 08:00-18:00,Mabatini,32.9082,-2.5200716
mwanza_businesses.6220,6220,6364,8532227619,Uhuru,,Mission,,,Mwanza,clothes,Nyamagana,Mo-Sa 08:00-18:00,Mabatini,32.9082973,-2.5201426
mwanza_businesses.6221,6221,6365,8532227209,Uhuru,,Mission,,,Mwanza,clothes,Nyamagana,Mo-Sa 08:00-18:00,Mabatini,32.908301,-2.5201178
mwanza_businesses.6222,6222,6366,8532227414,Mission,,Mission,,,Mwanza,furniture,Nyamagana,,Mabatini,32.9083104,-2.5203746
mwanza_businesses.6223,6223,6367,8532227206,Mission,,Mission,,,Mwanza,stationery,Nyamagana,Mo-Sa 08:00-18:00,Mabatini,32.9084024,-2.5208686
mwanza_businesses.6224,6224,6368,8532228708,Uhuru,,Mission,,,Mwanza,convenience,Nyamagana,Mo-Sa 08:00-18:00,Mabatini,32.9081771,-2.520083
mwanza_businesses.6225,6225,6369,8532228868,Mission,,Mission,,,Mwanza,clothes,Nyamagana,Mo-Sa 08:00-18:00,Mabatini,32.9081297,-2.5202702
mwanza_businesses.6226,6226,6370,8532229055,Uhuru,,Mission,,,Mwanza,clothes,Nyamagana,Mo-Sa 08:00-18:00,Mabatini,32.9081541,-2.5200601
mwanza_businesses.6227,6227,6371,8532229097,Mission,,Mission,,,Mwanza,electronics,Nyamagana,Mo-Sa 08:00-18:00,Mabatini,32.9083437,-2.5203858
mwanza_businesses.6228,6228,6372,8532229176,Mission,,Mission,,,Mwanza,stationery,Nyamagana,Mo-Sa 08:00-18:00,Mabatini,32.908441,-2.5208859
mwanza_businesses.6229,6229,6373,8520976170,,,Mission,,,Mwanza,convenience,Nyamagana,Mo-Sa 09:00-17:00,Mabatini,32.913235,-2.5245716
mwanza_businesses.6230,6230,6374,8520976291,Nyerere Road,,Mission,Nnaye Nnaye Auto Spare Parts and Accessories,,Mwanza,car_parts,Nyamagana,Mo-Sa 08:00-18:00,Mabatini,32.9132979,-2.5243177
mwanza_businesses.6231,6231,6375,8520976476,,,,,,Mwanza,convenience,Nyamagana,Mo-Sa 08:00-18:00,Mabatini,32.9135126,-2.5247086
mwanza_businesses.6232,6232,6376,8520976649,,,Mission,,,Mwanza,butcher,Nyamagana,Mo-Sa 08:00-18:00,Mabatini,32.9135636,-2.5248178
mwanza_businesses.6233,6233,6377,8520975894,Nyerere Road,,Mission,Ebeneza Spare Parts,,Mwanza,car_parts,Nyamagana,Mo-Fr 08:00-18:00; Sa-Su 08:00-15:00,Mabatini,32.9135847,-2.5243195
mwanza_businesses.6234,6234,6378,8520975586,,,Mission,,,Mwanza,convenience,Nyamagana,Mo-Sa 08:00-18:00,Mabatini,32.9136003,-2.5248684
mwanza_businesses.6235,6235,6379,8520963994,Nyerere Road,,Mission,Msafiri Spare Parts,,Mwanza,car_parts,Nyamagana,Mo-Fr 08:00-18:00; Sa-Su 08:00-15:00,Mabatini,32.9136143,-2.5243195
mwanza_businesses.6236,6236,6380,8520976371,,,Mission,,,Mwanza,beverages,Nyamagana,Mo-Sa 08:00-18:00,Mabatini,32.9136194,-2.5249292
mwanza_businesses.6237,6237,6381,8520976580,Nyerere Road,,Mission,,,Mwanza,car_parts,Nyamagana,Mo-Fr 08:00-18:00; Sa-Su 08:00-15:00,Mabatini,32.9136439,-2.5243638
mwanza_businesses.6238,6238,6382,8520976640,Nyerere Road,,Mission,Mchapakazi - Mabatini,0654543443,Mwanza,car_parts,Nyamagana,Mo-Fr 08:00-18:00; Sa-Su 08:00-15:00,Mabatini,32.9136439,-2.5243342
mwanza_businesses.6239,6239,6383,8520975791,Nyerere Road,,Mission,Utukufu Lubricants,,Mwanza,car_parts,Nyamagana,Mo-Fr 08:00-18:00; Sa-Su 08:00-15:00,Mabatini,32.9137473,-2.5244081
mwanza_businesses.6240,6240,6384,8520975851,Nyerere Road,,Mission,Tusome Biblia Book Shop,0754041423/0787041423,Mwanza,books,Nyamagana,Mo-Sa 08:00-18:00,Mabatini,32.9138562,-2.5244835
mwanza_businesses.6241,6241,6385,8520976539,Nyerere Road,,Mission,Alexander Seat Cover,0755659853,Mwanza,tailor,Nyamagana,Mo-Sa 08:00-18:00,Mabatini,32.9141862,-2.52464
mwanza_businesses.6242,6242,6386,8520976470,,,Mission,Hammer Used Parts,,Mwanza,car_parts,Nyamagana,Mo-Fr 08:00-18:00; Sa-Su 08:00-15:00,Mabatini,32.9143809,-2.5251115
mwanza_businesses.6243,6243,6387,8520976164,,,Mission,,,Mwanza,car_parts,Nyamagana,Mo-Fr 08:00-18:00; Sa-Su 08:00-15:00,Mabatini,32.914385,-2.5250817
mwanza_businesses.6244,6244,6388,8520976643,,,Mission,,,Mwanza,car_parts,Nyamagana,Mo-Fr 08:00-18:00; Sa-Su 08:00-15:00,Mabatini,32.914385,-2.5250542
mwanza_businesses.6245,6245,6389,8520975589,Nyerere Road,,Mission,,,Mwanza,car_parts,Nyamagana,Mo-Sa 08:00-18:00,Mabatini,32.914413,-2.5252123
mwanza_businesses.6246,6246,6390,8520976266,Nyerere Road,,Mission,,,Mwanza,car_parts,Nyamagana,Mo-Sa 08:00-18:00,Mabatini,32.9144543,-2.5249713
mwanza_businesses.6247,6247,6391,8520976094,Nyerere Road,,Mbugani B,Meshack Salon,0756633681,Mwanza,beauty,Nyamagana,Mo-Sa 08:00-18:00,Mabatini,32.9144592,-2.5247865
mwanza_businesses.6248,6248,6392,8520963988,Nyerere Road,,Mission,,,Mwanza,car_parts,Nyamagana,Mo-Sa 08:00-18:00,Mabatini,32.9144665,-2.5251785
mwanza_businesses.6249,6249,6393,8520976374,Nyerere Road,,Mission,,,Mwanza,car_parts,Nyamagana,Mo-Sa 08:00-18:00,Mabatini,32.9144774,-2.5249267
mwanza_businesses.6250,6250,6394,8520976364,Nyerere Road,,Mbugani B,,,Mwanza,car_parts,Nyamagana,Mo-Sa 08:00-18:00,Mabatini,32.9145153,-2.5248541
mwanza_businesses.6251,6251,6395,8520975897,,,Mbugani B,,,Mwanza,car_parts,Nyamagana,Mo-Fr 08:00-18:00; Sa-Su 08:00-15:00,Mabatini,32.91455,-2.525219
mwanza_businesses.6252,6252,6396,8520976319,,,Mission,,,Mwanza,car_parts,Nyamagana,Mo-Fr 08:00-18:00; Sa-Su 08:00-15:00,Mabatini,32.9145637,-2.5248893
mwanza_businesses.6253,6253,6397,8520975844,,,Mbugani B,,,Mwanza,car_parts,Nyamagana,Mo-Fr 08:00-18:00; Sa-Su 08:00-15:00,Mabatini,32.9145637,-2.5251916
mwanza_businesses.6254,6254,6398,8520976426,,,Mbugani B,,,Mwanza,car_parts,Nyamagana,Mo-Fr 08:00-18:00; Sa-Su 08:00-15:00,Mabatini,32.9145775,-2.5251504
mwanza_businesses.6255,6255,6399,8520975947,Nyerere Road,,Mission,,,Mwanza,car_parts,Nyamagana,Mo-Sa 08:00-18:00,Mabatini,32.9145813,-2.5248673
mwanza_businesses.6256,6256,6400,8520975794,,,Mbugani B,,,Mwanza,car_parts,Nyamagana,Mo-Fr 08:00-18:00; Sa-Su 08:00-15:00,Mabatini,32.9146127,-2.5252684
mwanza_businesses.6257,6257,6401,8520975887,,,Mbugani B,Kamal Lubricants Spare Parts,,Mwanza,car_parts,Nyamagana,Mo-Fr 08:00-18:00; Sa-Su 08:00-15:00,Mabatini,32.9146462,-2.5250405
mwanza_businesses.6258,6258,6402,8532227252,Mtemi Baganda,,Rufiji,MHL,,Mwanza,wholesale,Nyamagana,Mo-Sa 08:00-18:00,Mabatini,32.9112726,-2.5214335
mwanza_businesses.6259,6259,6403,8532227067,,,Lango,,,Mwanza,shoes,Nyamagana,Mo-Sa 08:00-18:00,Mabatini,32.9112882,-2.5222276
mwanza_businesses.6260,6260,6404,8532226933,Mtemi Baganda,,Rufiji,Anitha Salon,,Mwanza,beauty,Nyamagana,Mo-Su 09:00-21:00,Mabatini,32.91132,-2.5212455
mwanza_businesses.6261,6261,6405,8532227137,Unguja A,,Unguja A,,,Mwanza,convenience,Nyamagana,Mo-Su 09:00-21:00,Mabatini,32.9113583,-2.5198759
mwanza_businesses.6262,6262,6406,8532227306,Mtemi Baganda,,Rufiji,,,Mwanza,convenience,Nyamagana,Mo-Sa 08:00-18:00,Mabatini,32.9113653,-2.5212946
mwanza_businesses.6263,6263,6407,8532227122,,,Lango,,,Mwanza,bicycle,Nyamagana,Mo-Sa 08:00-18:00,Mabatini,32.9114471,-2.5223856
mwanza_businesses.6264,6264,6408,8532226826,Mtemi Baganda,,Uhuru,Sellah G Fashion,,Mwanza,convenience,Nyamagana,Mo-Sa 08:00-18:00,Mabatini,32.911458,-2.5215262
mwanza_businesses.6265,6265,6409,8532226866,Unguja,,Unguja,Home Boy Smart Shave,,Mwanza,hairdresser,Nyamagana,Mo-Su 09:00-21:00,Mabatini,32.9116758,-2.5208831
mwanza_businesses.6266,6266,6410,8532227478,Unguja,,Unguja,,,Mwanza,video,Nyamagana,Mo-Su 09:00-21:00,Mabatini,32.9116985,-2.5208453
mwanza_businesses.6267,6267,6411,8532227028,Mbugani,,Mbugani,,,Mwanza,convenience,Nyamagana,Mo-Sa 09:00-20:00,Mabatini,32.9117278,-2.5201768
mwanza_businesses.6268,6268,6412,8532227359,Rufiji,,Rufiji,Mussa Electronic,,Mwanza,electronics,Nyamagana,Mo-Su 09:00-21:00,Mabatini,32.911756,-2.5213196
mwanza_businesses.6269,6269,6413,8532227107,,,Unguja,,,Mwanza,greengrocer,Nyamagana,Mo-Su 09:00-21:00,Mabatini,32.9117633,-2.5205409
mwanza_businesses.6270,6270,6414,8532227052,Unguja,,Unguja,,,Mwanza,convenience,Nyamagana,Mo-Su 09:00-21:00,Mabatini,32.9118027,-2.5207077
mwanza_businesses.6271,6271,6415,8532227145,,,Lango,,,Mwanza,fabric,Nyamagana,Mo-Sa 08:00-18:00,Mabatini,32.9118912,-2.5230387
mwanza_businesses.6272,6272,6416,8532227383,Mtemi Baganda,,Uhuru,,,Mwanza,wholesale,Nyamagana,Mo-Sa 08:00-18:00,Mabatini,32.9119525,-2.5217269
mwanza_businesses.6273,6273,6417,8532227453,Mbugani,,Mbugani,,,Mwanza,convenience,Nyamagana,Mo-Sa 09:00-20:00,Mabatini,32.9120872,-2.5199233
mwanza_businesses.6274,6274,6418,8021950785,Mabatini,,,,,Mwanza,greengrocer,Nyamagana,,Mabatini,32.912222,-2.522978
mwanza_businesses.6275,6275,6419,8532201394,,,Lango,,,Mwanza,convenience,Nyamagana,Mo-Sa 08:00-18:00,Mabatini,32.9122757,-2.5223442
mwanza_businesses.6276,6276,6420,8532226803,Unguja,,Unguja,Neema Shopping,,Mwanza,convenience,Nyamagana,Mo-Fr 08:00-18:00; Sa-Su 08:00-15:00,Mabatini,32.9123629,-2.5209309
mwanza_businesses.6277,6277,6421,8520975835,Unguja,,Unguja,,,Mwanza,convenience,Nyamagana,Mo-Sa 08:00-18:00,Mabatini,32.9128718,-2.5209777
mwanza_businesses.6278,6278,6422,8520976309,Unguja,,Unguja,,,Mwanza,video,Nyamagana,Mo-Sa 08:00-18:00,Mabatini,32.9129362,-2.5210205
mwanza_businesses.6279,6279,6423,8520976203,Unguja,,Mbugani,,,Mwanza,convenience,Nyamagana,Mo-Su 09:00-21:00,Mabatini,32.9131012,-2.5211972
mwanza_businesses.6280,6280,6424,8520975730,Unguja,,Unguja,,,Mwanza,convenience,Nyamagana,Mo-Sa 08:00-18:00,Mabatini,32.9133125,-2.5210955
mwanza_businesses.6281,6281,6425,8532228365,,,Lango,Mitumbani,,Mwanza,clothes,Nyamagana,Mo-Sa 08:00-18:00,Mabatini,32.9118848,-2.5230142
mwanza_businesses.6282,6282,6426,8532228395,Rufiji,,Rufiji,,,Mwanza,convenience,Nyamagana,Mo-Su 09:00-21:00,Mabatini,32.9123864,-2.5216013
mwanza_businesses.6283,6283,6427,8532228459,Mtemi Baganda,,Rufiji,,,Mwanza,clothes,Nyamagana,Mo-Su 09:00-21:00,Mabatini,32.9114279,-2.5211864
mwanza_businesses.6284,6284,6428,8532228513,Unguja,,Unguja,Hair Cutting Salon,,Mwanza,hairdresser,Nyamagana,Mo-Sa 08:00-18:00,Mabatini,32.9116812,-2.5208336
mwanza_businesses.6285,6285,6429,8532228528,Mtemi Baganda,,Uhuru,,,Mwanza,vacant,Nyamagana,,Mabatini,32.9117207,-2.5216497
mwanza_businesses.6286,6286,6430,8532228583,,,Lango,,,Mwanza,convenience,Nyamagana,Mo-Sa 08:00-18:00,Mabatini,32.9113595,-2.5222647
mwanza_businesses.6287,6287,6431,8532228638,Mtemi Baganda,,Uhuru,,,Mwanza,greengrocer,Nyamagana,Mo-Sa 08:00-18:00,Mabatini,32.9123543,-2.5219121
mwanza_businesses.6288,6288,6432,8532228647,Unguja,,Unguja,,,Mwanza,convenience,Nyamagana,Mo-Sa 08:00-18:00,Mabatini,32.9116058,-2.5210205
mwanza_businesses.6289,6289,6433,8532228678,Unguja,,Unguja,,,Mwanza,convenience,Nyamagana,Mo-Sa 09:00-20:00,Mabatini,32.9121507,-2.5200923
mwanza_businesses.6290,6290,6434,8532228717,Mtemi Baganda,,Uhuru,,,Mwanza,cosmetics,Nyamagana,Mo-Sa 08:00-18:00,Mabatini,32.9115971,-2.5215879
mwanza_businesses.6291,6291,6435,8532228757,Rufiji,,Rufiji,,,Mwanza,butcher,Nyamagana,Mo-Su 09:00-21:00,Mabatini,32.911782,-2.5207284
mwanza_businesses.6292,6292,6436,8532228772,,,Lango,,,Mwanza,betting,Nyamagana,Mo-Sa 08:00-18:00,Mabatini,32.912363,-2.5224136
mwanza_businesses.6293,6293,6437,8532228795,,,Lango,Sereniva Building,,Mwanza,travel_agency,Nyamagana,24/7,Mabatini,32.9117314,-2.5229414
mwanza_businesses.6294,6294,6438,8532228995,,,Unguja,,,Mwanza,greengrocer,Nyamagana,Mo-Su 09:00-21:00,Mabatini,32.9116407,-2.5206627
mwanza_businesses.6295,6295,6439,8532229035,,,Lango,D&A Food Heaven,,Mwanza,supermarket,Nyamagana,Mo-Su 09:00-21:00,Mabatini,32.912035,-2.5230999
mwanza_businesses.6296,6296,6440,8532229091,,,Lango,,,Mwanza,clothes,Nyamagana,Mo-Sa 08:00-18:00,Mabatini,32.9119262,-2.5227671
mwanza_businesses.6297,6297,6441,8532229130,Unguja,,Unguja,Frank Hair Cutting,,Mwanza,hairdresser,Nyamagana,Mo-Su 09:00-21:00,Mabatini,32.9117614,-2.5207696
mwanza_businesses.6298,6298,6442,8532229185,Unguja,,Unguja,,,Mwanza,convenience,Nyamagana,Mo-Su 09:00-21:00,Mabatini,32.9118439,-2.5207077
mwanza_businesses.6299,6299,6443,4400918102,,,,,,Mwanza,bicycle,Nyamagana,,Mabatini,32.9113571,-2.5225923
mwanza_businesses.6300,6300,6444,4400995689,,,,,,Mwanza,tyres,Nyamagana,,Mabatini,32.9113951,-2.5228339
mwanza_businesses.6301,6301,6445,8532227628,,,Lango,,,Mwanza,bicycle,Nyamagana,Mo-Sa 08:00-18:00,Mabatini,32.9115965,-2.5224803
mwanza_businesses.6302,6302,6446,8532227215,Mission,,Mission,EJ,,Mwanza,clothes,Nyamagana,Mo-Sa 08:00-18:00,Mabatini,32.9076576,-2.5200344
mwanza_businesses.6303,6303,6447,8532227643,Mission,,Mission,,,Mwanza,clothes,Nyamagana,Mo-Sa 08:00-18:00,Mabatini,32.9076598,-2.52003
mwanza_businesses.6304,6304,6448,8532226872,Mission,,Mkanyenye,,,Mwanza,clothes,Nyamagana,Mo-Sa 08:00-18:00,Mabatini,32.9077681,-2.519879
mwanza_businesses.6305,6305,6449,8532226978,Mission,,Mission,,,Mwanza,clothes,Nyamagana,Mo-Sa 08:00-18:00,Mabatini,32.9078042,-2.520055
mwanza_businesses.6306,6306,6450,8532226949,Mission,,Mkanyenye,,,Mwanza,gas,Nyamagana,Mo-Sa 08:00-18:00,Mabatini,32.9078091,-2.5197676
mwanza_businesses.6307,6307,6451,8532227402,Uhuru,,Mission,Mercie Kids Store,,Mwanza,clothes,Nyamagana,Mo-Sa 08:00-18:00,Mabatini,32.9079533,-2.5199329
mwanza_businesses.6308,6308,6452,8532227484,Uhuru,,Mission,,,Mwanza,electronics,Nyamagana,Mo-Sa 08:00-18:00,Mabatini,32.9079666,-2.5199157
mwanza_businesses.6309,6309,6453,8532228357,Mission,,Mission,,,Mwanza,clothes,Nyamagana,Mo-Sa 09:00-17:00,Mabatini,32.907958,-2.5201845
mwanza_businesses.6310,6310,6454,8532228411,Uhuru,,Mission,,,Mwanza,clothes,Nyamagana,Mo-Sa 08:00-18:00,Mabatini,32.9078362,-2.5198894
mwanza_businesses.6311,6311,6455,8532226763,Mission,,Mission,,,Mwanza,clothes,Nyamagana,Mo-Sa 08:00-18:00,Mabatini,32.9079147,-2.5201164
mwanza_businesses.6312,6312,6456,8532228627,Uhuru,,Mission,,,Mwanza,mobile_phone,Nyamagana,Mo-Sa 08:00-18:00,Mabatini,32.9080402,-2.5199853
mwanza_businesses.6313,6313,6457,8532228653,Mission,,Mbugani,,,Mwanza,clothes,Nyamagana,Mo-Sa 08:00-18:00,Mabatini,32.9078401,-2.5201167
mwanza_businesses.6314,6314,6458,8532228811,Mission,,Mission,,,Mwanza,clothes,Nyamagana,Mo-Sa 08:00-18:00,Mabatini,32.907958,-2.5202059
mwanza_businesses.6315,6315,6459,8532228864,Mission,,Mission,,,Mwanza,bakery,Nyamagana,Mo-Sa 08:00-18:00,Mabatini,32.9076605,-2.5200332
mwanza_businesses.6316,6316,6460,8532228948,Uhuru,,Mission,,,Mwanza,clothes,Nyamagana,Mo-Sa 08:00-18:00,Mabatini,32.9079847,-2.5199519
mwanza_businesses.6317,6317,6461,8532226787,Uhuru,,Mission,,,Mwanza,clothes,Nyamagana,Mo-Sa 08:00-18:00,Mabatini,32.9085265,-2.5202038
mwanza_businesses.6318,6318,6462,8532227398,Uhuru,,Mission,,,Mwanza,clothes,Nyamagana,Mo-Sa 08:00-18:00,Mabatini,32.9085478,-2.5202251
mwanza_businesses.6319,6319,6463,8532228598,Uhuru,,Mission,,,Mwanza,clothes,Nyamagana,Mo-Sa 08:00-18:00,Mabatini,32.9085478,-2.5202038
mwanza_businesses.6320,6320,6464,8532227578,,,Uhuru,,,Mwanza,wholesale,Nyamagana,Mo-Sa 08:00-18:00,Mabatini,32.9085526,-2.5211437
mwanza_businesses.6321,6321,6465,8532227152,,,Uhuru,,,Mwanza,convenience,Nyamagana,Mo-Sa 08:00-18:00,Mabatini,32.9087277,-2.5212422
mwanza_businesses.6322,6322,6466,8532227282,,,Uhuru,,,Mwanza,bed,Nyamagana,Mo-Sa 09:00-20:00,Mabatini,32.9087698,-2.5212029
mwanza_businesses.6323,6323,6467,8532226781,Mission.,,Mission.,,,Mwanza,convenience,Nyamagana,Mo-Sa 08:00-18:00,Mabatini,32.9088716,-2.520938
mwanza_businesses.6324,6324,6468,8532227563,Uhuru,,Rufiji,Salim Transport Co.2007,,Mwanza,paint,Nyamagana,Mo-Sa 08:00-18:00,Mabatini,32.908911,-2.5201161
mwanza_businesses.6325,6325,6469,8532226965,Uhuru,,Mission,,,Mwanza,car,Nyamagana,Mo-Sa 08:00-18:00,Mabatini,32.9090003,-2.520466
mwanza_businesses.6326,6326,6470,8532227389,Uhuru,,Mkanyenye,,,Mwanza,car_parts,Nyamagana,Mo-Sa 08:00-18:00,Mabatini,32.9090379,-2.5204626
mwanza_businesses.6327,6327,6471,8532226911,Uhuru,,Mkanyenye,,,Mwanza,clothes,Nyamagana,Mo-Sa 08:00-18:00,Mabatini,32.9090581,-2.5204626
mwanza_businesses.6328,6328,6472,8532227524,Mission.,,Mission.,,,Mwanza,convenience,Nyamagana,Mo-Sa 08:00-18:00,Mabatini,32.9091698,-2.5209438
mwanza_businesses.6329,6329,6473,8532227019,,,Uhuru,,,Mwanza,convenience,Nyamagana,Mo-Sa 08:00-18:00,Mabatini,32.9091736,-2.5207565
mwanza_businesses.6330,6330,6474,8532228559,Mission.,,Mission.,,,Mwanza,car_repair,Nyamagana,Mo-Sa 08:00-18:00,Mabatini,32.9091877,-2.5209697
mwanza_businesses.6331,6331,6475,8532227098,Mission.,,Mission.,,,Mwanza,convenience,Nyamagana,Mo-Sa 08:00-18:00,Mabatini,32.9092062,-2.5209727
mwanza_businesses.6332,6332,6476,8532228425,Mission.,,Mission.,,,Mwanza,convenience,Nyamagana,Mo-Sa 08:00-18:00,Mabatini,32.9092275,-2.5209499
mwanza_businesses.6333,6333,6477,8532227634,,,Uhuru,,,Mwanza,convenience,Nyamagana,Mo-Sa 08:00-18:00,Mabatini,32.9092636,-2.5208192
mwanza_businesses.6334,6334,6478,8532226841,Uhuru,,Rufiji,,,Mwanza,convenience,Nyamagana,Mo-Su 09:00-21:00;Mo-Sa 08:00-18:00,Mabatini,32.9092994,-2.5202186
mwanza_businesses.6335,6335,6479,8532228614,Uhuru,,Mission,Mangoko,,Mwanza,books,Nyamagana,Mo-Sa 08:00-18:00,Mabatini,32.908804,-2.5203635
mwanza_businesses.6336,6336,6480,8532228623,,,Uhuru,,,Mwanza,bakery,Nyamagana,Mo-Sa 08:00-18:00,Mabatini,32.909284,-2.5208192
mwanza_businesses.6337,6337,6481,8532228669,,,Uhuru,,,Mwanza,car_parts,Nyamagana,Mo-Sa 09:00-17:00,Mabatini,32.9086004,-2.5211394
mwanza_businesses.6338,6338,6482,8532228802,,,Uhuru,,,Mwanza,convenience,Nyamagana,Mo-Sa 08:00-18:00,Mabatini,32.9088368,-2.5212697
mwanza_businesses.6339,6339,6483,8532228855,,,Uhuru,,,Mwanza,bed,Nyamagana,Mo-Sa 09:00-17:00,Mabatini,32.9085871,-2.5211699
mwanza_businesses.6340,6340,6484,8532229042,,,Uhuru,,,Mwanza,convenience,Nyamagana,Mo-Sa 08:00-18:00,Mabatini,32.9091896,-2.5207726
mwanza_businesses.6341,6341,6485,8520975921,Mabatini kusini,,Mabatini Kusini,,,Mwanza,convenience,Nyamagana,Mo-Sa 08:00-18:00,Mabatini,32.9173396,-2.5243051
mwanza_businesses.6342,6342,6486,8520975748,Zahanati,,Mabatini,,,Mwanza,kiosk,Nyamagana,Mo-Su 09:00-21:00,Mabatini,32.9180481,-2.5240398
mwanza_businesses.6343,6343,6487,8520975553,,,Unguja,,,Mwanza,kiosk,Nyamagana,24/7,Mabatini,32.916863,-2.5240217
mwanza_businesses.6344,6344,6488,8520975914,Zahanati,,Mabatini,,,Mwanza,kiosk,Nyamagana,Mo-Su 09:00-21:00,Mabatini,32.9179886,-2.5239655
mwanza_businesses.6345,6345,6489,8520975965,,,Unguja,,,Mwanza,car_parts,Nyamagana,Mo-Su 09:00-21:00,Mabatini,32.9163082,-2.5232121
mwanza_businesses.6346,6346,6490,8520975597,,,Unguja,,,Mwanza,convenience,Nyamagana,Mo-Su 09:00-21:00,Mabatini,32.9163718,-2.5231139
mwanza_businesses.6347,6347,6491,8520975801,,,Unguja,,,Mwanza,convenience,Nyamagana,Mo-Su 09:00-21:00,Mabatini,32.9161786,-2.5230655
mwanza_businesses.6348,6348,6492,8520975905,Mashiri,,Mashiri,,0769031890,Mwanza,convenience,Nyamagana,Mo-Sa 09:00-17:00,Mabatini,32.9169363,-2.5229059
mwanza_businesses.6349,6349,6493,8520975793,,,,,,Mwanza,kiosk,Nyamagana,Mo-Su 09:00-21:00,Mabatini,32.9168784,-2.5228334
mwanza_businesses.6350,6350,6494,8520964005,,,,,,Mwanza,kiosk,Nyamagana,Mo-Su 09:00-21:00,Mabatini,32.917015,-2.522697
mwanza_businesses.6351,6351,6495,8520964010,,,kileluu,,,Mwanza,convenience,Nyamagana,Mo-Su 09:00-21:00,Mabatini,32.9190621,-2.5223418
mwanza_businesses.6352,6352,6496,8520975587,,,kileluu,,,Mwanza,video,Nyamagana,Mo-Su 09:00-21:00,Mabatini,32.918614,-2.5222955
mwanza_businesses.6353,6353,6497,8520975937,,,,,,Mwanza,kiosk,Nyamagana,Mo-Su 09:00-21:00,Mabatini,32.9167217,-2.522133
mwanza_businesses.6354,6354,6498,8520975895,,,kileluu,,,Mwanza,convenience,Nyamagana,Mo-Su 09:00-21:00,Mabatini,32.9188042,-2.5221061
mwanza_businesses.6355,6355,6499,8520963977,,,kileluu,,,Mwanza,convenience,Nyamagana,Mo-Su 09:00-21:00,Mabatini,32.9186981,-2.5219366
mwanza_businesses.6356,6356,6500,8520975824,,,Unguja,,,Mwanza,convenience,Nyamagana,24/7,Mabatini,32.9150373,-2.5210061
mwanza_businesses.6357,6357,6501,8520963985,,,Mzambalaweni,,,Mwanza,convenience,Nyamagana,Mo-Su 09:00-21:00,Mabatini,32.91682,-2.5208062
mwanza_businesses.6358,6358,6502,8520975773,,,Mzambalaweni,,,Mwanza,convenience,Nyamagana,Mo-Su 09:00-21:00,Mabatini,32.9172703,-2.52078
mwanza_businesses.6359,6359,6503,8520975719,,,Mzambalaweni,,,Mwanza,gas,Nyamagana,Mo-Su 09:00-21:00,Mabatini,32.9173136,-2.5205489
mwanza_businesses.6360,6360,6504,8520963979,,,Mzambalaweni,,,Mwanza,convenience,Nyamagana,Mo-Su 09:00-21:00,Mabatini,32.9164124,-2.5204632
mwanza_businesses.6361,6361,6505,8520975988,,,Mzambalaweni,,,Mwanza,convenience,Nyamagana,Mo-Su 09:00-21:00,Mabatini,32.9164553,-2.520356
mwanza_businesses.6362,6362,6506,8520975999,,,Unguja,,,Mwanza,convenience,Nyamagana,Mo-Su 09:00-21:00,Mabatini,32.9165148,-2.5234293
mwanza_businesses.6363,6363,6507,8520976025,,,Unguja,,,Mwanza,hairdresser,Nyamagana,24/7,Mabatini,32.9170004,-2.5241124
mwanza_businesses.6364,6364,6508,8520976042,Mabatini Kusini,,Mabatini Kusini,,,Mwanza,tailor,Nyamagana,Mo-Sa 08:00-18:00,Mabatini,32.9173396,-2.5242918
mwanza_businesses.6365,6365,6509,8520976043,,,Unguja B,,,Mwanza,convenience,Nyamagana,Mo-Sa 08:00-18:00;24/7,Mabatini,32.9163265,-2.5214278
mwanza_businesses.6366,6366,6510,8520976069,,,,,,Mwanza,kiosk,Nyamagana,Mo-Su 09:00-21:00,Mabatini,32.9170832,-2.5231744
mwanza_businesses.6367,6367,6511,8520976084,Unguja,,Mbugani,,,Mwanza,kiosk,Nyamagana,Mo-Su 09:00-21:00;Mo-Fr 09:00-17:00,Mabatini,32.915587,-2.520516
mwanza_businesses.6368,6368,6512,8520976090,,,Mzambalaweni,,,Mwanza,butcher,Nyamagana,Mo-Su 09:00-21:00,Mabatini,32.9173136,-2.5205275
mwanza_businesses.6369,6369,6513,8520976111,,,Laini Polisi,,,Mwanza,convenience,Nyamagana,Mo-Su 09:00-21:00,Mabatini,32.9157458,-2.5227204
mwanza_businesses.6370,6370,6514,8520976162,Unguja,,Mashiri,,,Mwanza,convenience,Nyamagana,Mo-Sa 09:00-17:00,Mabatini,32.9172786,-2.5223623
mwanza_businesses.6371,6371,6515,8520976172,,,Unguja,,,Mwanza,convenience,Nyamagana,Mo-Su 09:00-21:00,Mabatini,32.9163479,-2.5231593
mwanza_businesses.6372,6372,6516,8520976193,,,Unguja,Manyama House,,Mwanza,convenience,Nyamagana,Mo-Su 09:00-21:00,Mabatini,32.9182094,-2.5216044
mwanza_businesses.6373,6373,6517,8520976212,,,,,,Mwanza,kiosk,Nyamagana,Mo-Su 09:00-21:00,Mabatini,32.9172744,-2.5225878
mwanza_businesses.6374,6374,6518,8520976264,,,kileluu,,,Mwanza,convenience,Nyamagana,Mo-Su 09:00-21:00,Mabatini,32.9190085,-2.5222249
mwanza_businesses.6375,6375,6519,8520976274,Mashiri,,Mashiri,Mitiro,0784176138,Mwanza,video,Nyamagana,Mo-Sa 09:00-20:00,Mabatini,32.9173466,-2.5231139
mwanza_businesses.6376,6376,6520,8520976297,,,Unguja,,,Mwanza,convenience,Nyamagana,24/7;Mo-Sa 09:00-17:00,Mabatini,32.9149884,-2.5212884
mwanza_businesses.6377,6377,6521,8520976337,St. Benjamin,,Mzambarauni,,,Mwanza,vacant,Nyamagana,,Mabatini,32.9176569,-2.5237216
mwanza_businesses.6378,6378,6522,8520976354,,,Mzambalaweni,,,Mwanza,convenience,Nyamagana,Mo-Su 09:00-21:00;Mo-Sa 08:00-18:00,Mabatini,32.9165196,-2.5206347
mwanza_businesses.6379,6379,6523,8520976382,,,,,,Mwanza,kiosk,Nyamagana,Mo-Su 09:00-21:00,Mabatini,32.9173426,-2.5229834
mwanza_businesses.6380,6380,6524,8520976399,Mabatini Kusini,,Mabatini Kusini,,,Mwanza,vacant,Nyamagana,,Mabatini,32.9173528,-2.5243051
mwanza_businesses.6381,6381,6525,8520976403,,,Unguja B,,,Mwanza,convenience,Nyamagana,Mo-Sa 08:00-18:00;24/7,Mabatini,32.9159794,-2.5213983
mwanza_businesses.6382,6382,6526,8520976443,,,Mzambarauni,Baba J shop,,Mwanza,beverages,Nyamagana,Mo-Su 09:00-21:00,Mabatini,32.9177427,-2.5234215
mwanza_businesses.6383,6383,6527,8520976460,,,Mzambalaweni,,,Mwanza,convenience,Nyamagana,Mo-Su 09:00-21:00,Mabatini,32.917335,-2.5205704
mwanza_businesses.6384,6384,6528,8520976477,,,kileluu,,,Mwanza,convenience,Nyamagana,Mo-Su 09:00-21:00,Mabatini,32.9186404,-2.5219873
mwanza_businesses.6385,6385,6529,8520976486,,,Laini polisi,Marwa Shop,,Mwanza,convenience,Nyamagana,Mo-Su 09:00-21:00,Mabatini,32.9159559,-2.5228658
mwanza_businesses.6386,6386,6530,8520976520,,,Mbugani,,,Mwanza,vacant,Nyamagana,,Mabatini,32.9145831,-2.5221197
mwanza_businesses.6387,6387,6531,8520976547,St. Benjamin,,Mzambarauni,,,Mwanza,vacant,Nyamagana,,Mabatini,32.9181504,-2.5231857
mwanza_businesses.6388,6388,6532,8520976570,,,Mzambalaweni,,,Mwanza,convenience,Nyamagana,Mo-Su 09:00-21:00,Mabatini,32.9165411,-2.5205275
mwanza_businesses.6389,6389,6533,8520976581,,,Unguja,,,Mwanza,kiosk,Nyamagana,24/7,Mabatini,32.9165411,-2.5234429
mwanza_businesses.6390,6390,6534,8520976591,Unguja,,Mashiri,,,Mwanza,convenience,Nyamagana,Mo-Sa 09:00-20:00,Mabatini,32.9172268,-2.5227293
mwanza_businesses.6391,6391,6535,8520976651,,,Mzambarauni,,,Mwanza,video,Nyamagana,Mo-Su 09:00-21:00,Mabatini,32.9175711,-2.5231642
mwanza_businesses.6392,6392,6536,8520975992,,,Mbugan,,,Mwanza,alcohol,Nyamagana,24/7,Mabatini,32.9147987,-2.5245381
mwanza_businesses.6393,6393,6537,8520976052,Nyerere Road,,Mbugani B,Farid Car Decorations,0717764646,Mwanza,car_parts,Nyamagana,Mo-Sa 08:00-18:00,Mabatini,32.9148223,-2.5249449
mwanza_businesses.6394,6394,6538,8520975579,Nyerere Road,,Mbugani B,,,Mwanza,convenience,Nyamagana,Mo-Sa 08:00-18:00,Mabatini,32.9149461,-2.5249598
mwanza_businesses.6395,6395,6539,8520975779,,,Nyerere B,,,Mwanza,bed,Nyamagana,Mo-Sa 08:00-18:00,Mabatini,32.9153488,-2.525237
mwanza_businesses.6396,6396,6540,8520975561,,,Line Police,,,Mwanza,bed,Nyamagana,Mo-Sa 08:00-18:00,Mabatini,32.9157003,-2.5254119
mwanza_businesses.6397,6397,6541,8520976030,,,Line Police,,,Mwanza,convenience,Nyamagana,Mo-Sa 08:00-18:00,Mabatini,32.9159307,-2.525375
mwanza_businesses.6398,6398,6542,8520975558,,,Line Police,,,Mwanza,stationery,Nyamagana,Mo-Sa 08:00-18:00,Mabatini,32.9160567,-2.5254745
mwanza_businesses.6399,6399,6543,8520976051,,,,,,Mwanza,convenience,Nyamagana,,Mabatini,32.9164864,-2.525582
mwanza_businesses.6400,6400,6544,8520975729,,,Mabatini kusini,,,Mwanza,stationery,Nyamagana,Mo-Sa 08:00-18:00,Mabatini,32.9168929,-2.5251902
mwanza_businesses.6401,6401,6545,8520976083,,,Mabatini kusini,,,Mwanza,fuel,Nyamagana,Mo-Sa 08:00-18:00,Mabatini,32.9170346,-2.5253293
mwanza_businesses.6402,6402,6546,8520975834,,,Mabatini kusini,,,Mwanza,convenience,Nyamagana,Mo-Sa 08:00-18:00,Mabatini,32.9170623,-2.5252653
mwanza_businesses.6403,6403,6547,8520975936,Mabatini Kusini,,Mabatini,,,Mwanza,beauty,Nyamagana,Mo-Sa 08:00-18:00,Mabatini,32.9172277,-2.5246005
mwanza_businesses.6404,6404,6548,8520975861,,,Mabatini Kusini,,,Mwanza,hairdresser,Nyamagana,Mo-Sa 08:00-18:00,Mabatini,32.9172707,-2.5254151
mwanza_businesses.6405,6405,6549,8520976144,Mabatini Kusini,,Mabatini Kusini,,,Mwanza,beauty,Nyamagana,Mo-Sa 08:00-18:00,Mabatini,32.9173994,-2.5247077
mwanza_businesses.6406,6406,6550,8520964014,Mabatini Kusini,,Mabatini Kusini,,,Mwanza,vacant,Nyamagana,,Mabatini,32.9173994,-2.524579
mwanza_businesses.6407,6407,6551,8520975570,,,Mabatini Kusini,,,Mwanza,tailor,Nyamagana,Mo-Sa 08:00-18:00,Mabatini,32.9174209,-2.5247077
mwanza_businesses.6408,6408,6552,8520975908,,,Mabatini kusini,,,Mwanza,mobile_phone,Nyamagana,Mo-Sa 08:00-18:00,Mabatini,32.9174423,-2.5254365
mwanza_businesses.6409,6409,6553,8520976245,Mabatini Kusini,,Mabatini Kusini,,,Mwanza,convenience,Nyamagana,Mo-Sa 08:00-18:00,Mabatini,32.9175496,-2.5246648
mwanza_businesses.6410,6410,6554,8520976308,,,Mabatini kusini,,,Mwanza,convenience,Nyamagana,Mo-Sa 08:00-18:00,Mabatini,32.916915,-2.5251902
mwanza_businesses.6411,6411,6555,8520976329,,,Mabatini Kusini,,,Mwanza,tailor,Nyamagana,Mo-Sa 08:00-18:00,Mabatini,32.9174133,-2.5246966
mwanza_businesses.6412,6412,6556,8520976385,,,Mabatini Kusini,,,Mwanza,bakery,Nyamagana,Mo-Sa 08:00-18:00,Mabatini,32.9174638,-2.5254365
mwanza_businesses.6413,6413,6557,8520976509,Nyerere B,,Nyerere B,,,Mwanza,car_parts,Nyamagana,Mo-Sa 09:00-20:00,Mabatini,32.9160322,-2.5255204
mwanza_businesses.6414,6414,6558,8520976519,Mabatini Kusini,,Mabatini Kusini,,,Mwanza,video,Nyamagana,Mo-Sa 08:00-18:00,Mabatini,32.91723,-2.5246012
mwanza_businesses.6415,6415,6559,8520976529,Nyerere Road,,Mbugani B,,,Mwanza,convenience,Nyamagana,Mo-Sa 08:00-18:00,Mabatini,32.9147662,-2.5249102
mwanza_businesses.6416,6416,6560,8520976554,,,Line Police,,,Mwanza,motorcycle_repair,Nyamagana,Mo-Sa 08:00-18:00,Mabatini,32.9161078,-2.5254888
mwanza_businesses.6417,6417,6561,8520976569,,,Nyerere B,,,Mwanza,convenience,Nyamagana,Mo-Sa 08:00-18:00,Mabatini,32.9158158,-2.5254246
mwanza_businesses.6418,6418,6562,8520976574,Nyerere Road,,Mbugani B,Mwalu Store,0756146762,Mwanza,beverages,Nyamagana,Mo-Sa 08:00-18:00,Mabatini,32.9149408,-2.52492
mwanza_businesses.6419,6419,6563,8520976622,,,Mabatini Kusini,,,Mwanza,tailor,Nyamagana,Mo-Sa 08:00-18:00,Mabatini,32.9173994,-2.5246862
mwanza_businesses.6420,6420,6564,8520975576,,,Nyerere B,,,Mwanza,vacant,Nyamagana,Mo-Sa 08:00-18:00,Mabatini,32.9149747,-2.5258009
mwanza_businesses.6421,6421,6565,8520976048,,,Nyerere B,,,Mwanza,vacant,Nyamagana,Mo-Sa 08:00-18:00,Mabatini,32.9149903,-2.5258607
mwanza_businesses.6422,6422,6566,8520975734,,,Nyerere b,,,Mwanza,bed,Nyamagana,Mo-Sa 08:00-18:00,Mabatini,32.9150387,-2.5260878
mwanza_businesses.6423,6423,6567,8520975566,,,Nyerere B,,,Mwanza,convenience,Nyamagana,Mo-Sa 08:00-18:00,Mabatini,32.9152536,-2.5258438
mwanza_businesses.6424,6424,6568,8520976525,,,Nyerere B,,,Mwanza,beauty,Nyamagana,Mo-Sa 08:00-18:00,Mabatini,32.9152536,-2.5258653
mwanza_businesses.6425,6425,6569,8520976136,,,Nyerere B,,,Mwanza,tailor,Nyamagana,Mo-Sa 08:00-18:00,Mabatini,32.9154468,-2.5259939
mwanza_businesses.6426,6426,6570,8520976076,,,Nyerere B,,,Mwanza,convenience,Nyamagana,Mo-Sa 08:00-18:00,Mabatini,32.9155145,-2.5261984
mwanza_businesses.6427,6427,6571,8520963970,,,Nyerere B,,,Mwanza,beauty,Nyamagana,Mo-Sa 08:00-18:00,Mabatini,32.9157257,-2.5260796
mwanza_businesses.6428,6428,6572,8520976133,,,Nyerere B,,,Mwanza,tailor,Nyamagana,Mo-Sa 08:00-18:00,Mabatini,32.9157318,-2.5260788
mwanza_businesses.6429,6429,6573,8520976237,,,Nyerere B,,,Mwanza,vacant,Nyamagana,,Mabatini,32.9159617,-2.5261011
mwanza_businesses.6430,6430,6574,8520976345,,,Nyerere B,,,Mwanza,convenience,Nyamagana,Mo-Sa 08:00-18:00,Mabatini,32.9160168,-2.5263563
mwanza_businesses.6431,6431,6575,8520975972,,,Nyerere B,,,Mwanza,gas,Nyamagana,Mo-Sa 08:00-18:00,Mabatini,32.9160908,-2.5263933
mwanza_businesses.6432,6432,6576,8520975823,Line Police,,Nyerere B,,,Mwanza,tailor,Nyamagana,Mo-Sa 08:00-18:00,Mabatini,32.9161422,-2.526217
mwanza_businesses.6433,6433,6577,8520975761,,,Nyerere B,,,Mwanza,convenience,Nyamagana,Mo-Sa 08:00-18:00,Mabatini,32.9163495,-2.5262762
mwanza_businesses.6434,6434,6578,8520964003,,,Nyerere B,,,Mwanza,hairdresser,Nyamagana,Mo-Sa 08:00-18:00,Mabatini,32.916348,-2.5262726
mwanza_businesses.6435,6435,6579,8520976034,,,Nyetere B,,,Mwanza,hairdresser,Nyamagana,Mo-Sa 08:00-18:00,Mabatini,32.9163922,-2.5262904
mwanza_businesses.6436,6436,6580,8520976528,Nyerere B,,Mabatini,,,Mwanza,convenience,Nyamagana,Mo-Sa 08:00-18:00,Mabatini,32.9164371,-2.5257348
mwanza_businesses.6437,6437,6581,8520976153,Nyerere B,,Mabatini,,,Mwanza,cosmetics,Nyamagana,Mo-Su 09:00-21:00,Mabatini,32.9165167,-2.5263225
mwanza_businesses.6438,6438,6582,8520976618,,,Nyerere B,,,Mwanza,tailor,Nyamagana,Mo-Sa 09:00-17:00;Mo-Sa 08:00-18:00,Mabatini,32.9152108,-2.5259658
mwanza_businesses.6439,6439,6583,8520976628,,,Nyerere B,,,Mwanza,convenience,Nyamagana,Mo-Sa 08:00-18:00,Mabatini,32.9149839,-2.5258199
mwanza_businesses.6440,6440,6584,8520976007,,,Nyerere B,,,Mwanza,convenience,Nyamagana,Mo-Fr 08:00-18:00; Sa-Su 08:00-15:00,Mabatini,32.9165295,-2.5282161
mwanza_businesses.6441,6441,6585,8520976178,,,Nyerere B,,,Mwanza,convenience,Nyamagana,Mo-Su 09:00-21:00,Mabatini,32.9177095,-2.5280978
mwanza_businesses.6442,6442,6586,8520963999,,,Nyerere B,,,Mwanza,convenience,Nyamagana,Mo-Sa 08:00-18:00,Mabatini,32.9150922,-2.5273979
mwanza_businesses.6443,6443,6587,8520975912,,,Nyerere B,,,Mwanza,convenience,Nyamagana,Mo-Su 09:00-21:00,Mabatini,32.9177559,-2.5270809
mwanza_businesses.6444,6444,6588,8520976017,,,Nyerere B,New Sauti ya Dume,0758486560,Mwanza,butcher,Nyamagana,Mo-Su 09:00-21:00,Mabatini,32.9177067,-2.5270686
mwanza_businesses.6445,6445,6589,8520976119,,,Nyerere B,Fatma Hair Dressing Salon,,Mwanza,beauty,Nyamagana,Mo-Su 09:00-21:00,Mabatini,32.9176268,-2.5269965
mwanza_businesses.6446,6446,6590,8520976221,,,Nyerere B,,,Mwanza,convenience,Nyamagana,Mo-Su 09:00-21:00,Mabatini,32.917391,-2.5269049
mwanza_businesses.6447,6447,6591,8520975746,,,Nyerere B,Chonks Haircut Salon,,Mwanza,hairdresser,Nyamagana,Mo-Su 09:00-21:00,Mabatini,32.91726,-2.5268788
mwanza_businesses.6448,6448,6592,8520975945,,,Nyerere B,,,Mwanza,convenience,Nyamagana,Mo-Fr 08:00-18:00; Sa-Su 08:00-15:00,Mabatini,32.9164381,-2.5268456
mwanza_businesses.6449,6449,6593,8520975990,,,Nyerere B,Roma Butcher,,Mwanza,butcher,Nyamagana,Mo-Fr 08:00-18:00; Sa-Su 08:00-15:00,Mabatini,32.916736,-2.5267848
mwanza_businesses.6450,6450,6594,8520975928,,,Nyerere B,,,Mwanza,houseware,Nyamagana,Mo-Fr 09:00-17:00,Mabatini,32.9168438,-2.5267848
mwanza_businesses.6451,6451,6595,8520976127,,,Nyerere B,Gobo Video Library,0757253869,Mwanza,video,Nyamagana,Mo-Sa 09:00-17:00,Mabatini,32.9171553,-2.5267741
mwanza_businesses.6452,6452,6596,8520975870,,,Nyerere B,,,Mwanza,alcohol,Nyamagana,Mo-Sa 08:00-18:00,Mabatini,32.916281,-2.526638
mwanza_businesses.6453,6453,6597,8520975963,,,Nyerere B,,,Mwanza,convenience,Nyamagana,Mo-Sa 08:00-18:00,Mabatini,32.9171013,-2.5266174
mwanza_businesses.6454,6454,6598,8520975955,,,Nyerere B,,,Mwanza,car_repair,Nyamagana,Mo-Sa 08:00-18:00,Mabatini,32.9173715,-2.5266115
mwanza_businesses.6455,6455,6599,8520976327,,,Nyerere B,Rash Auto Spares,0767558339,Mwanza,car_parts,Nyamagana,Mo-Sa 08:00-18:00,Mabatini,32.91726,-2.5268395
mwanza_businesses.6456,6456,6600,8520976389,,,Nyerere B,,,Mwanza,convenience,Nyamagana,Mo-Su 09:00-21:00,Mabatini,32.9177559,-2.5270932
mwanza_businesses.6457,6457,6601,8520976406,,,Nyerere B,,,Mwanza,tailor,Nyamagana,Mo-Sa 08:00-18:00,Mabatini,32.9169457,-2.5268133
mwanza_businesses.6458,6458,6602,8520976452,,,Nyerere B,,,Mwanza,convenience,Nyamagana,Mo-Sa 08:00-18:00,Mabatini,32.9157999,-2.5266902
mwanza_businesses.6459,6459,6603,8520976503,Nyerere B,,Mabatini,,,Mwanza,convenience,Nyamagana,Mo-Sa 08:00-18:00,Mabatini,32.9171018,-2.5266197
mwanza_businesses.6460,6460,6604,8520976563,,,Nyerere B,,,Mwanza,convenience,Nyamagana,Mo-Fr 08:00-18:00; Sa-Su 08:00-15:00,Mabatini,32.9170243,-2.5267348
mwanza_businesses.6461,6461,6605,8520976590,,,Nyerere B,Kimecha JR,,Mwanza,convenience,Nyamagana,Mo-Su 09:00-21:00,Mabatini,32.9172823,-2.5289913
mwanza_businesses.6462,6462,6606,8520976605,Nyerere B,,Mabatini,,,Mwanza,butcher,Nyamagana,Mo-Sa 08:00-18:00,Mabatini,32.9171213,-2.5266141
mwanza_businesses.6463,6463,6607,8520976613,,,Nyerere B,,,Mwanza,beverages,Nyamagana,Mo-Sa 08:00-18:00,Mabatini,32.9157695,-2.5269029
mwanza_businesses.6464,6464,6608,8520976572,,,Line Police,,,Mwanza,vacant,Nyamagana,Mo-Sa 08:00-18:00,Mabatini,32.9167822,-2.525729
mwanza_businesses.6465,6465,6609,8520976195,,,Nyerere B,,,Mwanza,vacant,Nyamagana,Mo-Sa 08:00-18:00,Mabatini,32.9168208,-2.525781
mwanza_businesses.6466,6466,6610,8520975721,,,Laini Polisi,,,Mwanza,convenience,Nyamagana,Mo-Su 09:00-21:00,Mabatini,32.9168828,-2.5258738
mwanza_businesses.6467,6467,6611,8520976299,,,Nyerere B,,,Mwanza,video,Nyamagana,Mo-Sa 08:00-18:00,Mabatini,32.9169134,-2.5258541
mwanza_businesses.6468,6468,6612,8520976459,,,Nyerere B,,,Mwanza,vacant,Nyamagana,Mo-Sa 08:00-18:00,Mabatini,32.9169273,-2.5258438
mwanza_businesses.6469,6469,6613,8520963978,,,Nyerere B,,,Mwanza,vacant,Nyamagana,Mo-Sa 08:00-18:00,Mabatini,32.9170484,-2.5258992
mwanza_businesses.6470,6470,6614,8520976187,,,Nyerere B,,,Mwanza,hairdresser,Nyamagana,Mo-Sa 08:00-18:00,Mabatini,32.9170484,-2.525871
mwanza_businesses.6471,6471,6615,8520975612,,,Nyerere B,,,Mwanza,mobile_phone,Nyamagana,Mo-Sa 08:00-18:00,Mabatini,32.9170575,-2.5258904
mwanza_businesses.6472,6472,6616,8520976290,,,Nyerere B,,,Mwanza,hairdresser,Nyamagana,Mo-Sa 08:00-18:00,Mabatini,32.9170575,-2.5258746
mwanza_businesses.6473,6473,6617,8520976335,,,Nyerere B,,,Mwanza,tailor,Nyamagana,Mo-Sa 08:00-18:00,Mabatini,32.9172225,-2.5260406
mwanza_businesses.6474,6474,6618,8520976183,,,Nyerere B,,,Mwanza,convenience,Nyamagana,Mo-Sa 08:00-18:00,Mabatini,32.9174314,-2.5260444
mwanza_businesses.6475,6475,6619,8520975812,,,Nyerere B,,,Mwanza,convenience,Nyamagana,Mo-Sa 08:00-18:00,Mabatini,32.9174339,-2.5259764
mwanza_businesses.6476,6476,6620,8520976215,,,Nyerere B,,,Mwanza,vacant,Nyamagana,Mo-Sa 08:00-18:00,Mabatini,32.9174542,-2.5260782
mwanza_businesses.6477,6477,6621,8520975608,,,Nyerere B,,,Mwanza,vacant,Nyamagana,Mo-Sa 08:00-18:00,Mabatini,32.9174596,-2.5260444
mwanza_businesses.6478,6478,6622,8520976350,,,Nyerere B,,,Mwanza,alcohol,Nyamagana,Mo-Sa 08:00-18:00,Mabatini,32.9174952,-2.5260868
mwanza_businesses.6479,6479,6623,8520975977,,,Nyerere B,,,Mwanza,convenience,Nyamagana,Mo-Sa 08:00-18:00,Mabatini,32.9175285,-2.5260542
mwanza_businesses.6480,6480,6624,8520975926,,,Nyerere B,,,Mwanza,beverages,Nyamagana,Mo-Sa 08:00-18:00,Mabatini,32.9175646,-2.5260752
mwanza_businesses.6481,6481,6625,8520976286,Line Police,,Nyerere B,,,Mwanza,convenience,Nyamagana,Mo-Su 09:00-21:00,Mabatini,32.9176147,-2.5260354
mwanza_businesses.6482,6482,6626,8520963973,Line Police,,Nyerere B,,,Mwanza,agrarian,Nyamagana,Mo-Su 09:00-21:00,Mabatini,32.9176286,-2.5260494
mwanza_businesses.6483,6483,6627,8520976559,,,Nyetere B,,,Mwanza,electronics,Nyamagana,Mo-Sa 08:00-18:00,Mabatini,32.9176999,-2.5260662
mwanza_businesses.6484,6484,6628,8520975768,,,Nyerere B,,,Mwanza,motorcycle_repair,Nyamagana,Mo-Sa 08:00-18:00,Mabatini,32.9177213,-2.5261225
mwanza_businesses.6485,6485,6629,8520976134,Mabatini Bridge,,Nyerere B,,,Mwanza,car_repair,Nyamagana,Mo-Sa 08:00-18:00,Mabatini,32.9179002,-2.526182
mwanza_businesses.6486,6486,6630,8520976298,Br.ya Julius,,Mabatini kaskazini,Kwa babu,,Mwanza,convenience,Nyamagana,Mo-Sa 08:00-18:00,Mabatini,32.9179135,-2.5257947
mwanza_businesses.6487,6487,6631,8520976593,Mtaa Wa Keruu,,Mabatini Kaskazini,Mama Njile Hair Dressing salon,,Mwanza,beauty,Nyamagana,Mo-Fr 08:00-18:00; Sa-Su 08:00-15:00,Mabatini,32.9179245,-2.5257553
mwanza_businesses.6488,6488,6632,8520964016,Mtaa Wa Keruu,,Mabatini Kaskazini,,,Mwanza,vacant,Nyamagana,,Mabatini,32.9179245,-2.5257399
mwanza_businesses.6489,6489,6633,8520976601,Mtaa Wa Keruu,,Mabatini Kaskazini,Idd Hardware,0755960534,Mwanza,hardware,Nyamagana,Mo-Fr 08:00-18:00; Sa-Su 08:00-15:00;Mo-Fr 08:00-18:00; Sa-Su 08:00-15:00,Mabatini,32.9179261,-2.525758
mwanza_businesses.6490,6490,6634,8520976177,kleruu,,Mabatini kaskazini,,,Mwanza,beauty,Nyamagana,Mo-Sa 08:00-18:00,Mabatini,32.9179757,-2.5258154
mwanza_businesses.6491,6491,6635,8520975559,,,Mabatini kaskazini,,,Mwanza,hairdresser,Nyamagana,,Mabatini,32.9180171,-2.5258567
mwanza_businesses.6492,6492,6636,8520975742,Mirongo River,,Mabatini kaskazini,,,Mwanza,convenience,Nyamagana,Mo-Sa 08:00-18:00,Mabatini,32.9180378,-2.5258567
mwanza_businesses.6493,6493,6637,8520976499,Mirongo River,,Mabatini kaskazini,,,Mwanza,convenience,Nyamagana,Mo-Sa 08:00-18:00,Mabatini,32.9180585,-2.5258981
mwanza_businesses.6494,6494,6638,8520976280,Mtaa Wa Keruu,,Mabatini Kaskazini,,,Mwanza,convenience,Nyamagana,Mo-Fr 08:00-18:00; Sa-Su 08:00-15:00,Mabatini,32.9180861,-2.5257366
mwanza_businesses.6495,6495,6639,8520976394,Mirongo River,,Mabatini kaskazini,,,Mwanza,hardware,Nyamagana,Mo-Sa 08:00-18:00,Mabatini,32.9180904,-2.5259154
mwanza_businesses.6496,6496,6640,8520975970,Mirongo River,,Mabatini kaskazini,,,Mwanza,motorcycle_repair,Nyamagana,Mo-Sa 08:00-18:00,Mabatini,32.9182908,-2.5258332
mwanza_businesses.6497,6497,6641,8520976001,,,Nyerere A,,,Mwanza,car_repair,Nyamagana,24/7,Mabatini,32.9185688,-2.5261815
mwanza_businesses.6498,6498,6642,8520976611,,,Nyerere B,,,Mwanza,car_repair,Nyamagana,Mo-Sa 08:00-18:00,Mabatini,32.9178018,-2.5262604
mwanza_businesses.6499,6499,6643,8520977221,,,Nyerere B,,,Mwanza,convenience,Nyamagana,Mo-Sa 08:00-18:00,Mabatini,32.9171996,-2.526052
mwanza_businesses.6500,6500,6644,8520975856,,,Mabatini kusini,,,Mwanza,electronics,Nyamagana,Mo-Sa 08:00-18:00,Mabatini,32.9176168,-2.5254925
mwanza_businesses.6501,6501,6645,8520976322,,,Mabatini kusini,,,Mwanza,beverages,Nyamagana,Mo-Sa 08:00-18:00,Mabatini,32.9176168,-2.5255284
mwanza_businesses.6502,6502,6646,8520975772,,,Mabatini kusini,,,Mwanza,convenience,Nyamagana,Mo-Sa 08:00-18:00,Mabatini,32.9176264,-2.5249637
mwanza_businesses.6503,6503,6647,8520976331,,,Mabatini Kusini,,,Mwanza,vacant,Nyamagana,,Mabatini,32.9176569,-2.5255437
mwanza_businesses.6504,6504,6648,8520976510,,,Mabatini Kusini,,,Mwanza,alcohol,Nyamagana,Mo-Sa 08:00-18:00,Mabatini,32.9176647,-2.5255643
mwanza_businesses.6505,6505,6649,8520976031,,,Mabatini Kusini,,,Mwanza,convenience,Nyamagana,Mo-Sa 08:00-18:00,Mabatini,32.9176784,-2.5255695
mwanza_businesses.6506,6506,6650,8520975750,,,Mabatini kusini,,,Mwanza,convenience,Nyamagana,Mo-Sa 08:00-18:00,Mabatini,32.9176998,-2.5255437
mwanza_businesses.6507,6507,6651,8520975872,Mabatini Kusini,,Mabatini,,,Mwanza,beauty,Nyamagana,Mo-Sa 08:00-18:00,Mabatini,32.9177387,-2.5249723
mwanza_businesses.6508,6508,6652,8520976453,Mabatini Kusini,,Mabatini,,,Mwanza,video,Nyamagana,Mo-Sa 08:00-18:00,Mabatini,32.9177627,-2.5249893
mwanza_businesses.6509,6509,6653,8520975927,,,Mabatini Kusini,,,Mwanza,butcher,Nyamagana,Mo-Sa 08:00-18:00,Mabatini,32.9177752,-2.5254979
mwanza_businesses.6510,6510,6654,8520976556,Mabatini Kusini,,Mabatini,,,Mwanza,convenience,Nyamagana,Mo-Sa 08:00-18:00,Mabatini,32.9177856,-2.5250319
mwanza_businesses.6511,6511,6655,8520976114,,,Mabatini kusini,,,Mwanza,convenience,Nyamagana,Mo-Sa 08:00-18:00,Mabatini,32.9177935,-2.5254873
mwanza_businesses.6512,6512,6656,8520975974,Mabatini Kusini,,Mabatini Kusini,,,Mwanza,convenience,Nyamagana,Mo-Sa 08:00-18:00,Mabatini,32.9178004,-2.5250098
mwanza_businesses.6513,6513,6657,8520963971,Mabatini kusini,,Mabatini kusini,,,Mwanza,convenience,Nyamagana,Mo-Sa 08:00-18:00,Mabatini,32.9178229,-2.5250875
mwanza_businesses.6514,6514,6658,8520975804,,,Mabatini Kusini,,,Mwanza,beauty,Nyamagana,Mo-Sa 08:00-18:00,Mabatini,32.9178286,-2.5254365
mwanza_businesses.6515,6515,6659,8520976277,,,Mabatini Kusini,,,Mwanza,vacant,Nyamagana,Mo-Sa 08:00-18:00,Mabatini,32.91785,-2.525458
mwanza_businesses.6516,6516,6660,8520976180,,,Mabatini Kusini,,,Mwanza,convenience,Nyamagana,Mo-Sa 08:00-18:00,Mabatini,32.9178708,-2.5251358
mwanza_businesses.6517,6517,6661,8520976121,,,Mabatini Kusini,,,Mwanza,vacant,Nyamagana,Mo-Sa 08:00-18:00,Mabatini,32.9179025,-2.525123
mwanza_businesses.6518,6518,6662,8520975605,,,Mabatini kusini,,,Mwanza,beauty,Nyamagana,Mo-Sa 08:00-18:00,Mabatini,32.9179099,-2.525152
mwanza_businesses.6519,6519,6663,8520964007,,,Mabatini kasikazin,,,Mwanza,hairdresser,Nyamagana,Mo-Su 09:00-21:00,Mabatini,32.9180347,-2.5254765
mwanza_businesses.6520,6520,6664,8520975911,,,Mabatini kasikazin,,,Mwanza,tailor,Nyamagana,Mo-Fr 09:00-17:00,Mabatini,32.9181075,-2.5254794
mwanza_businesses.6521,6521,6665,8520976405,,,Mabatini kasikazin,,,Mwanza,alcohol,Nyamagana,Mo-Su 09:00-21:00,Mabatini,32.9181453,-2.5254614
mwanza_businesses.6522,6522,6666,8520976234,Mtaa Wa Keruu,,Mabatini Kaskazini,,,Mwanza,tailor,Nyamagana,Mo-Su 09:00-21:00,Mabatini,32.9181869,-2.525632
mwanza_businesses.6523,6523,6667,8520975762,,,Mabatini kasikazin,Rock City,,Mwanza,hairdresser,Nyamagana,Mo-Su 09:00-21:00,Mabatini,32.9182013,-2.5254348
mwanza_businesses.6524,6524,6668,8520976343,Mtaa Wa Keruu,,Mabatini Kaskazini,Lela bakery,0753553991,Mwanza,bakery,Nyamagana,Mo-Fr 08:00-18:00; Sa-Su 08:00-15:00,Mabatini,32.9182023,-2.5256166
mwanza_businesses.6525,6525,6669,8520976449,,,Mabatini kasikazin,,,Mwanza,convenience,Nyamagana,Mo-Su 09:00-21:00,Mabatini,32.918223,-2.5254287
mwanza_businesses.6526,6526,6670,8520976015,,,Mabatini kasikazin,,,Mwanza,convenience,Nyamagana,Mo-Sa 09:00-20:00,Mabatini,32.9182269,-2.525379
mwanza_businesses.6527,6527,6671,8520975868,Mtaa Wa Keruu,,Mabatini Kaskazini,M bet,,Mwanza,betting,Nyamagana,Mo-Fr 08:00-18:00; Sa-Su 08:00-15:00,Mabatini,32.9182311,-2.5256352
mwanza_businesses.6528,6528,6672,8520976344,,,Mabatini kasikazin,Mtenzi Shop,0764692986,Mwanza,convenience,Nyamagana,Mo-Su 09:00-21:00,Mabatini,32.9182283,-2.5253308
mwanza_businesses.6529,6529,6673,8520975869,,,Mabatini kasikazin,,,Mwanza,cosmetics,Nyamagana,Mo-Su 09:00-21:00,Mabatini,32.9183224,-2.5253702
mwanza_businesses.6530,6530,6674,8520976552,Mtaa Wa Keruu,,Mabatini Kaskazini,Oryx Gas,,Mwanza,gas,Nyamagana,Mo-Fr 08:00-18:00; Sa-Su 08:00-15:00;Mo-Su 09:00-21:00,Mabatini,32.9183227,-2.5256463
mwanza_businesses.6531,6531,6675,8520976074,Mtaa Wa Keruu,,Mabatini Kaskazini,,,Mwanza,video,Nyamagana,Mo-Su 09:00-21:00,Mabatini,32.9183202,-2.5256767
mwanza_businesses.6532,6532,6676,8520976032,Mtaa Wa Keruu,,Mabatini Kaskazini,Dangote Stationary,,Mwanza,stationery,Nyamagana,Mo-Fr 08:00-18:00; Sa-Su 08:00-15:00,Mabatini,32.9183258,-2.5256012
mwanza_businesses.6533,6533,6677,8520976496,,,Mabatini kasikazin,Melania Investment Garment,,Mwanza,tailor,Nyamagana,Mo-Sa 08:00-18:00,Mabatini,32.9183283,-2.5253266
mwanza_businesses.6534,6534,6678,8520963967,Mtaa Wa Keruu,,Mabatini Kaskazini,,,Mwanza,convenience,Nyamagana,Mo-Fr 08:00-18:00; Sa-Su 08:00-15:00,Mabatini,32.9183468,-2.525595
mwanza_businesses.6535,6535,6679,8520976018,,,Mabatin Kusin,,,Mwanza,convenience,Nyamagana,Mo-Fr 08:00-18:00; Sa-Su 08:00-15:00,Mabatini,32.9183478,-2.5247323
mwanza_businesses.6536,6536,6680,8520976493,,,Mabatini kasikazin,Flite Bakers,0755955893,Mwanza,bakery,Nyamagana,Mo-Su 09:00-21:00,Mabatini,32.9183952,-2.5253538
mwanza_businesses.6537,6537,6681,8520976175,Mtaa Wa Keruu,,Mabatini Kaskazini,,,Mwanza,beauty,Nyamagana,Mo-Fr 08:00-18:00; Sa-Su 08:00-15:00,Mabatini,32.9183988,-2.5256253
mwanza_businesses.6538,6538,6682,8520975602,,,Mabatini kasikazin,Nyonyi's shop,0752039891,Mwanza,convenience,Nyamagana,Mo-Sa 09:00-20:00,Mabatini,32.9184341,-2.5253171
mwanza_businesses.6539,6539,6683,8520976235,,,Mabatini kasikazin,Pilla Classic Saloon,,Mwanza,beauty,Nyamagana,Mo-Su 09:00-21:00,Mabatini,32.9184951,-2.5253005
mwanza_businesses.6540,6540,6684,8520976222,,,Mabatini kasikazin,,,Mwanza,convenience,Nyamagana,Mo-Sa 09:00-20:00,Mabatini,32.9185068,-2.5253034
mwanza_businesses.6541,6541,6685,8520975763,,,Mabatini kasikazin,,,Mwanza,convenience,Nyamagana,Mo-Su 09:00-21:00,Mabatini,32.9185281,-2.5253015
mwanza_businesses.6542,6542,6686,8520975806,Mtaa Wa Keruu,,Mabatini Kaskazini,,,Mwanza,tailor,Nyamagana,Mo-Fr 08:00-18:00; Sa-Su 08:00-15:00,Mabatini,32.9185727,-2.5254932
mwanza_businesses.6543,6543,6687,8520976492,Mtaa Wa Keruu,,Maabatini Kaskazini,,,Mwanza,bag,Nyamagana,Mo-Su 09:00-21:00,Mabatini,32.9188371,-2.5253936
mwanza_businesses.6544,6544,6688,8520975846,,,Mabatini kasikazin,Divine Grace Shop,,Mwanza,convenience,Nyamagana,Mo-Sa 09:00-20:00,Mabatini,32.9189129,-2.5251228
mwanza_businesses.6545,6545,6689,8520976218,,,Mabatini kasikazin,Rhoda Hair Dressing Saloon,,Mwanza,beauty,Nyamagana,Mo-Sa 09:00-20:00,Mabatini,32.9189301,-2.5251228
mwanza_businesses.6546,6546,6690,8520976458,,,Mabatini kasikazin,Pilla,,Mwanza,motorcycle_repair,Nyamagana,Mo-Sa 08:00-18:00,Mabatini,32.9189816,-2.5251228
mwanza_businesses.6547,6547,6691,8520975743,,,Mabatini kasikazin,Pilla Dressing Saloon,,Mwanza,beauty,Nyamagana,Mo-Sa 08:00-18:00,Mabatini,32.9190116,-2.5251178
mwanza_businesses.6548,6548,6692,8520976594,,,Mabatini kasikazin,,,Mwanza,beauty,Nyamagana,Mo-Sa 09:00-20:00,Mabatini,32.919029,-2.5251178
mwanza_businesses.6549,6549,6693,8520976014,Mtaa Wa Keruu,,Mabatini Kaskazini,,,Mwanza,hairdresser,Nyamagana,Mo-Su 09:00-21:00,Mabatini,32.9190312,-2.5253446
mwanza_businesses.6550,6550,6694,8520975560,Mtaa Wa Keruu,,Maabatini Kaskazini,,,Mwanza,convenience,Nyamagana,Mo-Su 09:00-21:00,Mabatini,32.9190302,-2.5253722
mwanza_businesses.6551,6551,6695,8520975726,,,Mabatini kasikazin,Mtanga Shop,,Mwanza,convenience,Nyamagana,Mo-Sa 09:00-20:00,Mabatini,32.9190464,-2.5251178
mwanza_businesses.6552,6552,6696,8520976596,,,Mabatini kasikazin,Mama Romeo Cosmetics,,Mwanza,cosmetics,Nyamagana,Mo-Sa 09:00-20:00,Mabatini,32.9183619,-2.5253504
mwanza_businesses.6553,6553,6697,8520976599,,,Mabatini kasikazin,Kalulumbe Video Production,0716701411,Mwanza,video,Nyamagana,Mo-Sa 09:00-20:00,Mabatini,32.9185295,-2.525292
mwanza_businesses.6554,6554,6698,8520975910,,,Nyerere A,,,Mwanza,agrarian,Nyamagana,Mo-Sa 08:00-18:00,Mabatini,32.9187879,-2.5263337
mwanza_businesses.6555,6555,6699,8520964012,Nyerere B,,Nyerere B,Juli store,0762627632,Mwanza,convenience,Nyamagana,24/7,Mabatini,32.9187942,-2.5269157
mwanza_businesses.6556,6556,6700,8520975603,Nyerere B,,Nyerere B,,,Mwanza,convenience,Nyamagana,24/7,Mabatini,32.9188684,-2.5280751
mwanza_businesses.6557,6557,6701,8520975989,Nyerere B,,Nyerere B,California store,,Mwanza,alcohol,Nyamagana,Mo-Fr 08:00-18:00; Sa-Su 08:00-15:00,Mabatini,32.9189229,-2.5269585
mwanza_businesses.6558,6558,6702,8520963986,Darajani,,Nyerere A,,,Mwanza,convenience,Nyamagana,Mo-Sa 09:00-20:00,Mabatini,32.9191225,-2.5278763
mwanza_businesses.6559,6559,6703,8520975809,Mabatini Darajani,HaloPesa;Airtel Money;Tigo Pesa;MPESA,Nyerere A,Nmb wakala,,Mwanza,hairdresser,Nyamagana,Mo-Su 09:00-21:00;Mo-Sa 08:00-18:00,Mabatini,32.919266,-2.5271618
mwanza_businesses.6560,6560,6704,8520976005,Darajani,,Nyerere A,,,Mwanza,convenience,Nyamagana,Mo-Sa 09:00-20:00,Mabatini,32.9196704,-2.5283577
mwanza_businesses.6561,6561,6705,8520975737,,,Nyerere A,,,Mwanza,convenience,Nyamagana,Mo-Sa 08:00-18:00,Mabatini,32.9197812,-2.5270214
mwanza_businesses.6562,6562,6706,8520975771,,,Nyerere A,,,Mwanza,wholesale,Nyamagana,Mo-Sa 08:00-18:00,Mabatini,32.9201892,-2.5272823
mwanza_businesses.6563,6563,6707,8520975799,Mtoni Street,,Mabatini Kusini,,,Mwanza,convenience,Nyamagana,Mo-Su 09:00-21:00,Mabatini,32.9203281,-2.5267543
mwanza_businesses.6564,6564,6708,8520975944,Mtoni Street,,Mabatini Kusini,,,Mwanza,cosmetics,Nyamagana,Mo-Su 09:00-21:00,Mabatini,32.9203425,-2.5266302
mwanza_businesses.6565,6565,6709,8520975578,Mtoni,,Mabatini Kusini,,,Mwanza,convenience,Nyamagana,Mo-Su 09:00-21:00;Mo-Fr 09:00-17:00,Mabatini,32.920367,-2.5264488
mwanza_businesses.6566,6566,6710,8520964002,Mtoni,,Mabatini Kusini,,,Mwanza,Small Cafeteria,Nyamagana,Mo-Su 09:00-21:00,Mabatini,32.9203765,-2.5264563
mwanza_businesses.6567,6567,6711,8520975842,,,Nyerere A,,,Mwanza,wholesale,Nyamagana,Mo-Sa 08:00-18:00,Mabatini,32.9204341,-2.527478
mwanza_businesses.6568,6568,6712,8520975720,Mtoni,,Mabatini Kusini,,,Mwanza,convenience,Nyamagana,Mo-Su 09:00-21:00,Mabatini,32.9204551,-2.5266418
mwanza_businesses.6569,6569,6713,8520975781,Nyerere A,,Nyerere A,,,Mwanza,convenience,Nyamagana,24/7,Mabatini,32.9204867,-2.5281657
mwanza_businesses.6570,6570,6714,8520963993,,,Nyerere A,,,Mwanza,gas,Nyamagana,Mo-Su 09:00-21:00,Mabatini,32.9209332,-2.5278051
mwanza_businesses.6571,6571,6715,8520975885,,,Mabatini Kasikazini,,,Mwanza,convenience,Nyamagana,24/7,Mabatini,32.9212473,-2.5267523
mwanza_businesses.6572,6572,6716,8520976050,Mabatini Darajani,,Nyerere A,Motorcycle Spare Parts,,Mwanza,motorcycle_repair,Nyamagana,24/7,Mabatini,32.9192877,-2.527323
mwanza_businesses.6573,6573,6717,8520976060,Mabatini Darajani,,Nyerere A,,,Mwanza,hairdresser,Nyamagana,Mo-Sa 09:00-20:00,Mabatini,32.9192128,-2.5271519
mwanza_businesses.6574,6574,6718,8520976091,Mabatini Darajani,,Nyerere A,Chelsea Saloon,,Mwanza,hairdresser,Nyamagana,Mo-Su 09:00-21:00;Mo-Sa 08:00-18:00,Mabatini,32.9191975,-2.5271659
mwanza_businesses.6575,6575,6719,8520976099,Nyerere A,,Mabatini Kaskazini,,,Mwanza,gas,Nyamagana,24/7,Mabatini,32.9209848,-2.5277569
mwanza_businesses.6576,6576,6720,8520976107,,,Nyerere A,,,Mwanza,agrarian,Nyamagana,Mo-Sa 08:00-18:00,Mabatini,32.9198342,-2.5270851
mwanza_businesses.6577,6577,6721,8520976109,,,Nyerere A,,,Mwanza,agrarian,Nyamagana,Mo-Sa 08:00-18:00,Mabatini,32.91952,-2.5267768
mwanza_businesses.6578,6578,6722,8520976143,Mtoni,,Mabatini Kusini,,,Mwanza,convenience,Nyamagana,Mo-Su 09:00-21:00,Mabatini,32.9207455,-2.5264489
mwanza_businesses.6579,6579,6723,8520976146,Nyerere A,,Nyerere A,,,Mwanza,convenience,Nyamagana,24/7,Mabatini,32.9211994,-2.5286648
mwanza_businesses.6580,6580,6724,8520976152,,,Nyerere A,,,Mwanza,agrarian,Nyamagana,Mo-Sa 08:00-18:00,Mabatini,32.9188768,-2.5264237
mwanza_businesses.6581,6581,6725,8520976166,,,Nyerere A,,,Mwanza,agrarian,Nyamagana,Mo-Sa 08:00-18:00,Mabatini,32.9191187,-2.526579
mwanza_businesses.6582,6582,6726,8520976209,,,Mabatuni Kasizini,,,Mwanza,convenience,Nyamagana,Mo-Sa 08:00-18:00;24/7,Mabatini,32.921135,-2.5269863
mwanza_businesses.6583,6583,6727,8520976244,Darajani,,Nyerere A,Crown Paints Tanzania Ltd,,Mwanza,paint,Nyamagana,Mo-Sa 09:00-20:00,Mabatini,32.9201895,-2.5280937
mwanza_businesses.6584,6584,6728,8520976247,Nyerere A,,Nyerere A,,,Mwanza,beverages,Nyamagana,Mo-Sa 08:00-18:00,Mabatini,32.9209547,-2.5284768
mwanza_businesses.6585,6585,6729,8520976271,Mabatini Darajani,,Nyerere A,,,Mwanza,kiosk,Nyamagana,24/7,Mabatini,32.9195842,-2.5274535
mwanza_businesses.6586,6586,6730,8520976281,Darajani,,Nyerere A,,,Mwanza,convenience,Nyamagana,Mo-Su 09:00-21:00;Mo-Sa 08:00-18:00,Mabatini,32.9191692,-2.5276048
mwanza_businesses.6587,6587,6731,8520976316,Mtoni,,Mabatini Kusini,,,Mwanza,vacant,Nyamagana,,Mabatini,32.9203629,-2.5264418
mwanza_businesses.6588,6588,6732,8520976361,Mirongo River,,Mabatini kaskazini,,,Mwanza,convenience,Nyamagana,Mo-Su 09:00-21:00,Mabatini,32.9197767,-2.5262107
mwanza_businesses.6589,6589,6733,8520976376,,,Nyerere A,,,Mwanza,car_repair,Nyamagana,Mo-Su 09:00-21:00,Mabatini,32.9187769,-2.5263597
mwanza_businesses.6590,6590,6734,8520976423,,,Nyerere A,,,Mwanza,agrarian,Nyamagana,Mo-Sa 08:00-18:00,Mabatini,32.9199607,-2.527103
mwanza_businesses.6591,6591,6735,8520976467,Mtoni Street,,Mabatini Kusini,,,Mwanza,convenience,Nyamagana,Mo-Su 09:00-21:00,Mabatini,32.9206408,-2.5262628
mwanza_businesses.6592,6592,6736,8520976481,,,Nyerere A,Magahasi Bar,,Mwanza,alcohol,Nyamagana,24/7,Mabatini,32.919272,-2.5266018
mwanza_businesses.6593,6593,6737,8520976484,,,Nyerere A,,,Mwanza,wholesale,Nyamagana,Mo-Sa 08:00-18:00,Mabatini,32.9203402,-2.5274043
mwanza_businesses.6594,6594,6738,8520976526,Mtoni Street,,Mabatini Kusini,,,Mwanza,convenience,Nyamagana,Mo-Su 09:00-21:00,Mabatini,32.920299,-2.5267026
mwanza_businesses.6595,6595,6739,8520976537,Mabatini Darajani,,Nyerere A,Mama Juwayriya Shop,,Mwanza,convenience,Nyamagana,Mo-Sa 08:00-18:00,Mabatini,32.9192264,-2.527189
mwanza_businesses.6596,6596,6740,8520976541,,,Nyerere A,,,Mwanza,convenience,Nyamagana,Mo-Sa 08:00-18:00,Mabatini,32.9193088,-2.5265963
mwanza_businesses.6597,6597,6741,8520976555,,,Nyerere A,,,Mwanza,car_repair,Nyamagana,Mo-Sa 08:00-18:00,Mabatini,32.9205133,-2.5276123
mwanza_businesses.6598,6598,6742,8520976571,Darajani,,Nyerere A,,,Mwanza,convenience,Nyamagana,Mo-Sa 09:00-20:00,Mabatini,32.9197858,-2.5275852
mwanza_businesses.6599,6599,6743,8520976588,Mtoni,,Mabatini Kusini,,,Mwanza,tailor,Nyamagana,Mo-Sa 08:00-18:00,Mabatini,32.9205638,-2.5265792
mwanza_businesses.6600,6600,6744,8520976589,Nyerere B,,Nyerere B,Sheby,,Mwanza,convenience,Nyamagana,Mo-Sa 08:00-18:00,Mabatini,32.9189295,-2.5278044
mwanza_businesses.6601,6601,6745,8520976623,NyerereRoad,,Nyerere A,,,Mwanza,convenience,Nyamagana,24/7,Mabatini,32.9210073,-2.5277223
mwanza_businesses.6602,6602,6746,8520976631,Mtoni Street,,Mabatini Kusini,,,Mwanza,convenience,Nyamagana,Mo-Su 09:00-21:00,Mabatini,32.9200456,-2.5262532
mwanza_businesses.6603,6603,6747,8520976644,,,Nyerere A,,,Mwanza,convenience,Nyamagana,24/7,Mabatini,32.9195342,-2.5267439
mwanza_businesses.6604,6604,6748,8520975959,Mtaa Wa Keruu,,Mabatini Kaskazini,,,Mwanza,convenience,Nyamagana,Mo-Su 09:00-21:00,Mabatini,32.9192662,-2.5253293
mwanza_businesses.6605,6605,6749,8520976135,Mtaa Wa Keruu,,Mabatini Kaskazini,Eagle Hair beauty,,Mwanza,beauty,Nyamagana,Mo-Su 09:00-21:00,Mabatini,32.9192877,-2.5253293
mwanza_businesses.6606,6606,6750,8520976511,,,Mabatini Kaskazini,,,Mwanza,vacant,Nyamagana,,Mabatini,32.9196845,-2.5253145
mwanza_businesses.6607,6607,6751,8520976304,,,Mabatini Kaskazini,,,Mwanza,vacant,Nyamagana,,Mabatini,32.9201138,-2.5253097
mwanza_businesses.6608,6608,6752,8520976117,,,Mabatini kaskazini,,,Mwanza,vacant,Nyamagana,,Mabatini,32.92024,-2.5253047
mwanza_businesses.6609,6609,6753,8520975753,,,Mabatini Kaskazini,George,,Mwanza,video,Nyamagana,Mo-Sa 08:00-18:00,Mabatini,32.920198,-2.5252998
mwanza_businesses.6610,6610,6754,8520975825,,,Mabatini Kaskazini,,,Mwanza,vacant,Nyamagana,,Mabatini,32.9197761,-2.5252941
mwanza_businesses.6611,6611,6755,8520964011,,,Mabatini kaskazini,,,Mwanza,vacant,Nyamagana,,Mabatini,32.9203391,-2.5252837
mwanza_businesses.6612,6612,6756,8520975745,,,Mabatini Kaskazini,,,Mwanza,convenience,Nyamagana,Mo-Sa 09:00-20:00,Mabatini,32.9200605,-2.5252824
mwanza_businesses.6613,6613,6757,8520976326,,,Mabatini Kaskazini,,,Mwanza,convenience,Nyamagana,Mo-Sa 09:00-20:00,Mabatini,32.9200958,-2.5252824
mwanza_businesses.6614,6614,6758,8520976612,,,Mabatini Kaskazini,,,Mwanza,vacant,Nyamagana,,Mabatini,32.9201311,-2.5252824
mwanza_businesses.6615,6615,6759,8520976054,Keruu,,Mabatini Kaskazini,,,Mwanza,vacant,Nyamagana,,Mabatini,32.919425,-2.5252583
mwanza_businesses.6616,6616,6760,8520976227,,,Mabatini Kaskazini,,,Mwanza,convenience,Nyamagana,Mo-Sa 09:00-20:00,Mabatini,32.9199925,-2.525254
mwanza_businesses.6617,6617,6761,8520976441,,,Mabatini Kaskazini,,,Mwanza,hairdresser,Nyamagana,Mo-Sa 09:00-20:00,Mabatini,32.9200253,-2.5252472
mwanza_businesses.6618,6618,6762,8520976604,,,Mabatini Kaskazini,,,Mwanza,convenience,Nyamagana,Mo-Sa 09:00-20:00,Mabatini,32.9196398,-2.5252408
mwanza_businesses.6619,6619,6763,8520976159,,,Mabatini Kaskazini,,,Mwanza,electronics,Nyamagana,Mo-Sa 09:00-20:00,Mabatini,32.9200073,-2.5252366
mwanza_businesses.6620,6620,6764,8520975890,,,Mabatini Kaskazini,,,Mwanza,convenience,Nyamagana,Mo-Sa 09:00-20:00,Mabatini,32.9195692,-2.5252291
mwanza_businesses.6621,6621,6765,8520976636,,,Mabatini Kaskazini,,,Mwanza,convenience,Nyamagana,Mo-Sa 09:00-20:00,Mabatini,32.9193965,-2.5252181
mwanza_businesses.6622,6622,6766,8520975994,,,Mabatini Kaskazini,,,Mwanza,convenience,Nyamagana,Mo-Sa 09:00-20:00,Mabatini,32.9196162,-2.5252174
mwanza_businesses.6623,6623,6767,8520976333,,,Mabatini Kaskazini,,,Mwanza,clothes,Nyamagana,Mo-Sa 08:00-18:00,Mabatini,32.9198774,-2.5252082
mwanza_businesses.6624,6624,6768,8520976157,,,Mabatini Kaskazini,John Maseason,,Mwanza,video,Nyamagana,Mo-Sa 09:00-20:00,Mabatini,32.9194056,-2.5251945
mwanza_businesses.6625,6625,6769,8520975787,,,Mabatini Kaskazini,,,Mwanza,vacant,Nyamagana,,Mabatini,32.9194611,-2.5251945
mwanza_businesses.6626,6626,6770,8520975582,,,Mabatini Kaskazini,,,Mwanza,beauty,Nyamagana,Mo-Sa 09:00-20:00,Mabatini,32.9194241,-2.5251945
mwanza_businesses.6627,6627,6771,8520975859,,,Mabatini Kaskazini,,,Mwanza,convenience,Nyamagana,Mo-Sa 09:00-20:00,Mabatini,32.9199194,-2.5251943
mwanza_businesses.6628,6628,6772,8520976262,,,Mabatini Kaskazini,,,Mwanza,alcohol,Nyamagana,Mo-Su 09:00-21:00,Mabatini,32.9199018,-2.5251767
mwanza_businesses.6629,6629,6773,8520976186,Mabatini Kaskazini,,Mabatini Kaskazini,,,Mwanza,hairdresser,Nyamagana,Mo-Sa 08:00-18:00,Mabatini,32.9204679,-2.525115
mwanza_businesses.6630,6630,6774,8520976369,Mabatini Kaskazini,,Mabatini Kaskazini,,,Mwanza,hairdresser,Nyamagana,Mo-Sa 08:00-18:00,Mabatini,32.9204464,-2.525115
mwanza_businesses.6631,6631,6775,8520975816,kaskazini,,kaskazini,,,Mwanza,tailor,Nyamagana,Mo-Sa 08:00-18:00,Mabatini,32.9202533,-2.5251107
mwanza_businesses.6632,6632,6776,8520976561,kaskazini,,kaskazini,,,Mwanza,clothes,Nyamagana,Mo-Sa 08:00-18:00,Mabatini,32.920297,-2.5251107
mwanza_businesses.6633,6633,6777,8520975950,Mabatini Kaskazini,,Mabatini Kaskazini,,,Mwanza,convenience,Nyamagana,Mo-Sa 08:00-18:00,Mabatini,32.9192035,-2.5250999
mwanza_businesses.6634,6634,6778,8520976639,Kaskazini,,Kaskazini,,,Mwanza,convenience,Nyamagana,Mo-Sa 08:00-18:00,Mabatini,32.9202533,-2.5250935
mwanza_businesses.6635,6635,6779,8520975585,Mabatini Kaskazini,,Mabatini Kaskazini,,,Mwanza,hairdresser,Nyamagana,Mo-Sa 08:00-18:00,Mabatini,32.9204464,-2.5250935
mwanza_businesses.6636,6636,6780,8520977219,,,Mabatini Kaskazini,Mama Shalom,,Mwanza,beauty,Nyamagana,Mo-Sa 08:00-18:00,Mabatini,32.9199547,-2.5252119
mwanza_businesses.6637,6637,6781,8520976197,Mabatini kaskazini,,Mabatini kaskazini,Best Ledies,,Mwanza,tailor,Nyamagana,Mo-Sa 08:00-18:00,Mabatini,32.9193111,-2.5250736
mwanza_businesses.6638,6638,6782,8520976259,Mabatini kaskazini,,Mabatini kaskazini,,,Mwanza,clothes,Nyamagana,Mo-Sa 08:00-18:00,Mabatini,32.9194384,-2.5250736
mwanza_businesses.6639,6639,6783,8520976325,Mabatini kaskazini,,Mabatini kaskazini,,,Mwanza,electronics,Nyamagana,Mo-Sa 08:00-18:00,Mabatini,32.9194566,-2.5250736
mwanza_businesses.6640,6640,6784,8520976532,Mabatini kaskazini,,Mabatini kaskazini,,,Mwanza,clothes,Nyamagana,Mo-Sa 08:00-18:00,Mabatini,32.9193475,-2.5250736
mwanza_businesses.6641,6641,6785,8520975919,Mabatini kaskazini,,Mabatini kaskazini,S.T Philomena,,Mwanza,tailor,Nyamagana,Mo-Sa 08:00-18:00,Mabatini,32.9195293,-2.5250373
mwanza_businesses.6642,6642,6786,8520975980,Mabatini Kaskazini,,Mabatini Kaskazini,Blessing,0752546296,Mwanza,stationery,Nyamagana,Mo-Sa 08:00-18:00,Mabatini,32.9201361,-2.5250332
mwanza_businesses.6643,6643,6787,8520976096,Mabatini kaskazini,,Mabatini kaskazini,,,Mwanza,clothes,Nyamagana,Mo-Sa 08:00-18:00,Mabatini,32.9196273,-2.5250189
mwanza_businesses.6644,6644,6788,8520976082,Mabatini kaskazini,,Mabatini kaskazini,Chrisant,,Mwanza,hairdresser,Nyamagana,Mo-Sa 08:00-18:00,Mabatini,32.919662,-2.5250189
mwanza_businesses.6645,6645,6789,8520976472,Mabatini kaskazini,,Mabatini kaskazini,,,Mwanza,clothes,Nyamagana,Mo-Sa 08:00-18:00,Mabatini,32.9196063,-2.5250175
mwanza_businesses.6646,6646,6790,8520975962,,,Mabatini kaskazini,,,Mwanza,convenience,Nyamagana,,Mabatini,32.919867,-2.5242575
mwanza_businesses.6647,6647,6791,8520963990,Kileruu,,Kileruu,Muha shop,0759377596,Mwanza,convenience,Nyamagana,Mo-Sa 09:00-20:00,Mabatini,32.9196295,-2.523777
mwanza_businesses.6648,6648,6792,8520975790,Kileruu,,Kileruu,,,Mwanza,vacant,Nyamagana,,Mabatini,32.9199387,-2.5237759
mwanza_businesses.6649,6649,6793,8520976023,,,Mabatini kaskazini,,,Mwanza,greengrocer,Nyamagana,Mo-Su 09:00-21:00,Mabatini,32.9199377,-2.5237362
mwanza_businesses.6650,6650,6794,8520976169,Mabatini Kilelu,,Mabatini,Labani Samson,,Mwanza,convenience,Nyamagana,Mo-Sa 09:00-20:00,Mabatini,32.9192877,-2.5237001
mwanza_businesses.6651,6651,6795,8520975893,,,Mabatini Kusini,,,Mwanza,convenience,Nyamagana,Mo-Su 09:00-21:00,Mabatini,32.9204011,-2.5236969
mwanza_businesses.6652,6652,6796,8520976502,,,Mabatini Kusini,,,Mwanza,convenience,Nyamagana,Mo-Su 09:00-21:00,Mabatini,32.9203676,-2.5236938
mwanza_businesses.6653,6653,6797,8520976289,Mabatini Kilelu,,Mabatini,Computer Center,,Mwanza,video,Nyamagana,Mo-Sa 09:00-20:00,Mabatini,32.9192777,-2.5236239
mwanza_businesses.6654,6654,6798,8520975610,Kreluu B,,Kreluu B,,,Mwanza,convenience,Nyamagana,Mo-Sa 09:00-20:00,Mabatini,32.9205108,-2.5235715
mwanza_businesses.6655,6655,6799,8520976543,Kreluu B,,Kreluu B,,,Mwanza,video,Nyamagana,Mo-Sa 08:00-18:00,Mabatini,32.920503,-2.523569
mwanza_businesses.6656,6656,6800,8520976067,Kreluu B,,Kreluu B,,,Mwanza,tailor,Nyamagana,Mo-Sa 08:00-18:00,Mabatini,32.9205083,-2.5235584
mwanza_businesses.6657,6657,6801,8520975850,Mabatini Kaskazini,,Mabatini Kaskazini,,,Mwanza,copyshop,Nyamagana,Mo-Sa 08:00-18:00,Mabatini,32.9205966,-2.5251578
mwanza_businesses.6658,6658,6802,8520975877,Mabatini Kaskazini,,Mabatini Kaskazini,,,Mwanza,clothes,Nyamagana,Mo-Sa 09:00-17:00,Mabatini,32.9206181,-2.5251578
mwanza_businesses.6659,6659,6803,8520975554,Mabatini Kaskazini,,Mabatini Kaskazini,,,Mwanza,beverages,Nyamagana,Mo-Sa 08:00-18:00,Mabatini,32.9207039,-2.5251578
mwanza_businesses.6660,6660,6804,8520975913,Mabatini Kaskazini,,Mabatini Kaskazini,Samson shop,,Mwanza,convenience,Nyamagana,Mo-Sa 08:00-18:00,Mabatini,32.9207897,-2.525115
mwanza_businesses.6661,6661,6805,8520976129,Mabatini Kaskazini,,Mabatini Kaskazini,,,Mwanza,convenience,Nyamagana,Mo-Sa 08:00-18:00,Mabatini,32.9208112,-2.525115
mwanza_businesses.6662,6662,6806,8520963987,,,Mabatini Kusini,God is Love,,Mwanza,hairdresser,Nyamagana,Mo-Su 09:00-21:00,Mabatini,32.920897,-2.5237216
mwanza_businesses.6663,6663,6807,8520976102,,,Mabatini Kusini,MURA SHOP,,Mwanza,convenience,Nyamagana,Mo-Su 09:00-21:00,Mabatini,32.920897,-2.523743
mwanza_businesses.6664,6664,6808,8520963996,,,Mabatini Kusini,,,Mwanza,convenience,Nyamagana,Mo-Sa 09:00-20:00;Mo-Su 09:00-21:00;Mo-Fr 09:00-17:00,Mabatini,32.9209185,-2.523743
mwanza_businesses.6665,6665,6809,8520975807,Mtoni,,Mabatini Kusini,,,Mwanza,beverages,Nyamagana,Mo-Su 09:00-21:00,Mabatini,32.9209313,-2.5252949
mwanza_businesses.6666,6666,6810,8520975722,,,Mabatini Kusini,,,Mwanza,convenience,Nyamagana,Mo-Su 09:00-21:00;Mo-Fr 09:00-17:00,Mabatini,32.9209945,-2.5238078
mwanza_businesses.6667,6667,6811,8520975983,Mtoni,,Mabatini Kusini,,,Mwanza,kiosk,Nyamagana,Mo-Sa 09:00-20:00,Mabatini,32.9210908,-2.5252506
mwanza_businesses.6668,6668,6812,8520975819,Mabatini Kaskazini,,Mabatini Kaskazini,,,Mwanza,convenience,Nyamagana,Mo-Sa 08:00-18:00,Mabatini,32.9212189,-2.5250935
mwanza_businesses.6669,6669,6813,8520975922,Kireruhu kanisani,,Kireruhu,Mama Jose Hair Dress,,Mwanza,hairdresser,Nyamagana,Mo-Su 09:00-21:00;Mo-Sa 09:00-20:00,Mabatini,32.9213036,-2.5250593
mwanza_businesses.6670,6670,6814,8520975757,Mtoni,,Mabatini Kusini,,,Mwanza,convenience,Nyamagana,Mo-Su 09:00-21:00,Mabatini,32.9213236,-2.525268
mwanza_businesses.6671,6671,6815,8520976026,Kireruhu kanisani,,Kireruhu,Mama Asha hairDress,,Mwanza,hairdresser,Nyamagana,Mo-Fr 09:00-17:00,Mabatini,32.9214192,-2.524981
mwanza_businesses.6672,6672,6816,8520975886,Kireruhu kanisani,,Kireruhu,Brother Chuse Furniture,,Mwanza,furniture,Nyamagana,Mo-Fr 09:00-17:00,Mabatini,32.9215505,-2.5247788
mwanza_businesses.6673,6673,6817,8520976093,Miembe Giza,,Majengo Mapya,Yanga Shop,,Mwanza,convenience,Nyamagana,Mo-Su 09:00-21:00,Mabatini,32.9217613,-2.5248826
mwanza_businesses.6674,6674,6818,8520975792,Jeshini,,Mabatini B,,,Mwanza,greengrocer,Nyamagana,Mo-Su 09:00-21:00,Mabatini,32.9217829,-2.5242359
mwanza_businesses.6675,6675,6819,8520975991,Mwembe Giza,,Mabatini,Bariki furniture,,Mwanza,furniture,Nyamagana,Mo-Sa 08:00-18:00,Mabatini,32.9219246,-2.5246388
mwanza_businesses.6676,6676,6820,8520976163,Miembe Giza,HaloPesa;Airtel Money;ZPESA;Tigo Pesa;MPESA,Majengo Mapya,,,Mwanza,convenience,Nyamagana,Mo-Sa 09:00-20:00;Mo-Sa 09:00-17:00,Mabatini,32.9221512,-2.5245113
mwanza_businesses.6677,6677,6821,8520975588,Miembe Giza,,Majengo Mapya,,,Mwanza,greengrocer,Nyamagana,24/7,Mabatini,32.9222218,-2.5244893
mwanza_businesses.6678,6678,6822,8520976061,Mabatini,,Mabatini,Jambo Jema shop,,Mwanza,convenience,Nyamagana,24/7,Mabatini,32.9223578,-2.5245832
mwanza_businesses.6679,6679,6823,8520976188,,,Mabatini,John's Studio,,Mwanza,video,Nyamagana,Mo-Su 09:00-21:00,Mabatini,32.9214835,-2.5251643
mwanza_businesses.6680,6680,6824,8520976196,Miembe Giza,,Majengo Mapya,,,Mwanza,convenience,Nyamagana,Mo-Sa 09:00-20:00,Mabatini,32.9221648,-2.5245472
mwanza_businesses.6681,6681,6825,8520976220,Miembe Giza,,Majengo Mapya,,,Mwanza,hairdresser,Nyamagana,Mo-Su 09:00-21:00,Mabatini,32.922469,-2.5247805
mwanza_businesses.6682,6682,6826,8520976230,Mabatini Kaskazini,,Mabatini Kaskazini,,,Mwanza,video,Nyamagana,Mo-Sa 09:00-17:00,Mabatini,32.9211461,-2.5251491
mwanza_businesses.6683,6683,6827,8520976265,Kireruhu kanisani,,Kireruhu,,,Mwanza,stationery,Nyamagana,Mo-Su 09:00-21:00,Mabatini,32.9218441,-2.5243244
mwanza_businesses.6684,6684,6828,8520976300,,,Mabatini Kusini,,,Mwanza,convenience,Nyamagana,Mo-Su 09:00-21:00,Mabatini,32.9209617,-2.5237983
mwanza_businesses.6685,6685,6829,8520976328,Miembe Giza,,Majengo Mapya,Mkurya Shop,,Mwanza,convenience,Nyamagana,Mo-Sa 09:00-20:00,Mabatini,32.9223477,-2.5247131
mwanza_businesses.6686,6686,6830,8520976338,Mabatini Kaskazini,,Mabatini Kaskazini,,,Mwanza,gas,Nyamagana,Mo-Sa 09:00-17:00,Mabatini,32.9207897,-2.5250935
mwanza_businesses.6687,6687,6831,8520976363,,,Mabatini Kusini,,,Mwanza,hairdresser,Nyamagana,Mo-Sa 08:00-18:00,Mabatini,32.921285,-2.5238947
mwanza_businesses.6688,6688,6832,8520976388,Mtoni,,Mabatini Kusini,,,Mwanza,convenience,Nyamagana,Mo-Su 09:00-21:00,Mabatini,32.9210994,-2.5257159
mwanza_businesses.6689,6689,6833,8520976390,Kireruhu kanisani,,Kireruhu,,,Mwanza,houseware,Nyamagana,Mo-Fr 08:00-18:00; Sa-Su 08:00-15:00,Mabatini,32.9213604,-2.5250717
mwanza_businesses.6690,6690,6834,8520976398,Mabatini Kaskazini,,Mabatini Kaskazini,,,Mwanza,beauty,Nyamagana,Mo-Sa 08:00-18:00,Mabatini,32.9208112,-2.5250935
mwanza_businesses.6691,6691,6835,8520976434,Kireruhu kanisani,,Kireruhu,,,Mwanza,kiosk,Nyamagana,Mo-Sa 09:00-20:00,Mabatini,32.9216438,-2.524673
mwanza_businesses.6692,6692,6836,8520976461,mtoni,,Mabatini Kusini,,,Mwanza,butcher,Nyamagana,Mo-Fr 09:00-17:00,Mabatini,32.9211574,-2.5253208
mwanza_businesses.6693,6693,6837,8520976468,,,Mabatini Kusini,,,Mwanza,hairdresser,Nyamagana,Mo-Sa 09:00-20:00;Mo-Su 09:00-21:00,Mabatini,32.9209399,-2.5237859
mwanza_businesses.6694,6694,6838,8520976495,Mabatini Kaskazini,,Mabatini Kaskazini,,,Mwanza,convenience,Nyamagana,Mo-Sa 08:00-18:00,Mabatini,32.9209307,-2.525171
mwanza_businesses.6695,6695,6839,8520976573,,,Mabatini,,,Mwanza,agrarian,Nyamagana,Mo-Sa 08:00-18:00,Mabatini,32.9220054,-2.5245942
mwanza_businesses.6696,6696,6840,8520976582,,,Mabatini Kusini,,,Mwanza,convenience,Nyamagana,Mo-Sa 08:00-18:00,Mabatini,32.9212716,-2.523883
mwanza_businesses.6697,6697,6841,8520976598,Kireruhu kanisani,,Kireruhu,,,Mwanza,tailor,Nyamagana,Mo-Fr 09:00-17:00,Mabatini,32.9215099,-2.524858
mwanza_businesses.6698,6698,6842,8520976641,Mwembe Giza,,Mabatini,,,Mwanza,convenience,Nyamagana,Mo-Su 09:00-21:00,Mabatini,32.9222849,-2.5245477
mwanza_businesses.6699,6699,6843,8520975747,Mwembe Giza,,Mabatini B,,,Mwanza,greengrocer,Nyamagana,Mo-Su 09:00-21:00,Mabatini,32.9227119,-2.524796
mwanza_businesses.6700,6700,6844,8520964013,Mwembe Giza,,Mabatini B,,,Mwanza,greengrocer,Nyamagana,Mo-Su 09:00-21:00,Mabatini,32.9227824,-2.5248238
mwanza_businesses.6701,6701,6845,8520975783,,,Miembe Giza,,,Mwanza,kiosk,Nyamagana,Mo-Su 09:00-21:00;Mo-Sa 08:00-18:00,Mabatini,32.9228542,-2.5248851
mwanza_businesses.6702,6702,6846,8520963980,Miembe Giza,,Majengo Mapya,,,Mwanza,beverages,Nyamagana,Mo-Fr 09:00-17:00,Mabatini,32.9228646,-2.5251641
mwanza_businesses.6703,6703,6847,8520975614,,,Mabatini,Big Daddy shop,,Mwanza,convenience,Nyamagana,Mo-Sa 08:00-18:00,Mabatini,32.9228926,-2.5251364
mwanza_businesses.6704,6704,6848,8520975562,,,Mabatini,Nasser Tailoring,,Mwanza,tailor,Nyamagana,Mo-Sa 08:00-18:00,Mabatini,32.9230213,-2.5254794
mwanza_businesses.6705,6705,6849,8520975764,,,Mabatini,,,Mwanza,fuel,Nyamagana,Mo-Su 09:00-21:00,Mabatini,32.9230448,-2.5254266
mwanza_businesses.6706,6706,6850,8520976016,Miembe Giza,,Majengo Mapya,,,Mwanza,video,Nyamagana,Mo-Sa 09:00-20:00,Mabatini,32.9226504,-2.5249045
mwanza_businesses.6707,6707,6851,8520976085,,,Mabatini,Mama J Shop,,Mwanza,convenience,Nyamagana,Mo-Su 09:00-21:00,Mabatini,32.9229569,-2.5251793
mwanza_businesses.6708,6708,6852,8520976137,,,Mabatini,,,Mwanza,greengrocer,Nyamagana,Mo-Su 09:00-21:00,Mabatini,32.9230481,-2.5252046
mwanza_businesses.6709,6709,6853,8520976236,,,Mabatini,Neema Beauty,,Mwanza,hairdresser,Nyamagana,Mo-Su 09:00-21:00,Mabatini,32.9230213,-2.5255008
mwanza_businesses.6710,6710,6854,8520976256,,,Miembe Giza,Maswe,,Mwanza,butcher,Nyamagana,Mo-Fr 08:00-18:00; Sa-Su 08:00-15:00,Mabatini,32.9228067,-2.5249006
mwanza_businesses.6711,6711,6855,8520976407,Miembe Giza,,Majengo Mapya,Dog Ras Shop,,Mwanza,convenience,Nyamagana,Mo-Sa 09:00-17:00,Mabatini,32.9230407,-2.5255147
mwanza_businesses.6712,6712,6856,8520976505,Mwembe Giza,,Mabatini,,,Mwanza,agrarian,Nyamagana,Mo-Su 09:00-21:00,Mabatini,32.9227418,-2.5250433
mwanza_businesses.6713,6713,6857,8520976607,Miembe Giza,,Majengo Mapya,,,Mwanza,convenience,Nyamagana,Mo-Fr 09:00-17:00,Mabatini,32.9229421,-2.5252026
mwanza_businesses.6714,6714,6858,8532228438,Mission,,Mkanyenye,,,Mwanza,stationery,Nyamagana,Mo-Sa 08:00-18:00,Mabatini,32.9078323,-2.5196626
mwanza_businesses.6715,6715,6859,8532227244,Mission,,Mkanyenye,,,Mwanza,bicycle,Nyamagana,Mo-Sa 08:00-18:00,Mabatini,32.9078636,-2.5196612
mwanza_businesses.6716,6716,6860,8532227374,Mission,,Mkanyenye,,,Mwanza,convenience,Nyamagana,Mo-Sa 08:00-18:00,Mabatini,32.9078759,-2.5196875
mwanza_businesses.6717,6717,6861,8532227674,Mission,,Mkanyenye,,,Mwanza,convenience,Nyamagana,Mo-Sa 08:00-18:00,Mabatini,32.9079853,-2.5196109
mwanza_businesses.6718,6718,6862,8532228895,,,Soko Kuu,,,Mwanza,convenience,Nyamagana,Mo-Fr 09:00-17:00,Mabatini,32.9082425,-2.5189907
mwanza_businesses.6719,6719,6863,8532229136,,,Soko Kuu,,,Mwanza,houseware,Nyamagana,Mo-Su 09:00-21:00,Mabatini,32.9082736,-2.5188436
mwanza_businesses.6720,6720,6864,8532227004,,,Soko Kuu,,,Mwanza,convenience,Nyamagana,Mo-Fr 09:00-17:00,Mabatini,32.9082932,-2.518824
mwanza_businesses.6721,6721,6865,8532226817,,,Soko Kuu,,,Mwanza,convenience,Nyamagana,Mo-Fr 09:00-17:00,Mabatini,32.9082932,-2.5188436
mwanza_businesses.6722,6722,6866,8532227429,,,Soko Kuu,,,Mwanza,clothes,Nyamagana,Mo-Fr 09:00-17:00,Mabatini,32.9083129,-2.5187847
mwanza_businesses.6723,6723,6867,8532228465,,,Soko Kuu,,,Mwanza,convenience,Nyamagana,Mo-Fr 09:00-17:00,Mabatini,32.9083325,-2.5187651
mwanza_businesses.6724,6724,6868,8532228519,,,Soko Kuu,,,Mwanza,convenience,Nyamagana,Mo-Sa 09:00-17:00,Mabatini,32.9083522,-2.5187455
mwanza_businesses.6725,6725,6869,8532226974,,,Unguja,Njiwa pori,,Mwanza,convenience,Nyamagana,Mo-Fr 09:00-17:00,Mabatini,32.9091475,-2.5195473
mwanza_businesses.6726,6726,6870,8532227508,Unguja Road,,Unguja,,,Mwanza,convenience,Nyamagana,Mo-Su 09:00-21:00,Mabatini,32.9099078,-2.519544
mwanza_businesses.6727,6727,6871,8532215202,Unguja A,,Unguja A,,,Mwanza,convenience,Nyamagana,,Mabatini,32.9121214,-2.5195984
mwanza_businesses.6728,6728,6872,8532229160,,,Unguja,Masubo The Great,,Mwanza,video,Nyamagana,Mo-Sa 09:00-20:00,Mabatini,32.9125714,-2.5186625
mwanza_businesses.6729,6729,6873,8532228732,Unguja A,,Unguja,,,Mwanza,convenience,Nyamagana,Mo-Su 09:00-21:00,Mabatini,32.9126121,-2.5188087
mwanza_businesses.6730,6730,6874,8532201409,Unguja A,,Unguja,,,Mwanza,hairdresser,Nyamagana,Mo-Su 09:00-21:00,Mabatini,32.913022,-2.5186196
mwanza_businesses.6731,6731,6875,8520976346,Unguja,,Unguja,Mlimani,,Mwanza,hairdresser,Nyamagana,Mo-Sa 08:00-18:00,Mabatini,32.9140733,-2.5194722
mwanza_businesses.6732,6732,6876,8532227165,,,Soko Kuu,,,Mwanza,vacant,Nyamagana,,Mabatini,32.9082935,-2.5175918
mwanza_businesses.6733,6733,6877,8532227591,,,Soko Kuu,,,Mwanza,vacant,Nyamagana,,Mabatini,32.908316,-2.5176031
mwanza_businesses.6734,6734,6878,8532227457,Soko Kuu,,Mbugani,,,Mwanza,vacant,Nyamagana,,Mabatini,32.9083611,-2.5176143
mwanza_businesses.6735,6735,6879,8532228492,,,Soko Kuu,,,Mwanza,vacant,Nyamagana,,Mabatini,32.9083832,-2.5176512
mwanza_businesses.6736,6736,6880,8532228415,Nyakabungo,,Nyakabungo,,,Mwanza,convenience,Nyamagana,Mo-Sa 08:00-18:00,Mabatini,32.9087734,-2.517119
mwanza_businesses.6737,6737,6881,8532226950,Nyakabungo,,Nyakabungo,,,Mwanza,beauty,Nyamagana,Mo-Sa 08:00-18:00,Mabatini,32.9087734,-2.5171833
mwanza_businesses.6738,6738,6882,8532227032,Nyakabungo,,Nyakabungo,,,Mwanza,hairdresser,Nyamagana,Mo-Sa 08:00-18:00,Mabatini,32.9088079,-2.5178562
mwanza_businesses.6739,6739,6883,8532227647,Nyakabungo,,Nyakabungo,,,Mwanza,convenience,Nyamagana,Mo-Sa 08:00-18:00,Mabatini,32.9088217,-2.5175687
mwanza_businesses.6740,6740,6884,8532227567,,,Mbugani,,,Mwanza,convenience,Nyamagana,Mo-Su 09:00-21:00,Mabatini,32.9095188,-2.5174554
mwanza_businesses.6741,6741,6885,8532228679,,,Soko Kuu,,,Mwanza,vacant,Nyamagana,,Mabatini,32.9083287,-2.5175968
mwanza_businesses.6742,6742,6886,8532228846,,,Nyakabungo,,,Mwanza,convenience,Nyamagana,Mo-Sa 08:00-18:00,Mabatini,32.9085374,-2.5171833
mwanza_businesses.6743,6743,6887,8532229030,Nyakabungo,,Nyakabungo,,,Mwanza,hairdresser,Nyamagana,Mo-Sa 08:00-18:00,Mabatini,32.9087734,-2.5171619
mwanza_businesses.6744,6744,6888,8532229082,,,Soko Kuu,,,Mwanza,convenience,Nyamagana,Mo-Sa 09:00-20:00;Mo-Sa 09:00-17:00,Mabatini,32.9083718,-2.5187258
mwanza_businesses.6745,6745,6889,8532229110,Nyakabungo,,Nyakabungo,,,Mwanza,convenience,Nyamagana,Mo-Sa 08:00-18:00,Mabatini,32.9084516,-2.517462
mwanza_businesses.6746,6746,6890,8532228922,,,Soko Kuu,,,Mwanza,convenience,Nyamagana,Mo-Fr 09:00-17:00,Mabatini,32.907958,-2.5172905
mwanza_businesses.6747,6747,6891,8532229164,,,Soko Kuu,,,Mwanza,bag,Nyamagana,Mo-Fr 09:00-17:00,Mabatini,32.9079366,-2.5172905
mwanza_businesses.6748,6748,6892,8532227219,Thaqaafa,,Rufiji,,,Mwanza,jewelry,Nyamagana,Mo-Sa 08:00-18:00,Mabatini,32.9071423,-2.5169823
mwanza_businesses.6749,6749,6893,8571606723,,,Lake,,,Mwanza,kiosk,Nyamagana,Mo-Sa 08:00-18:00,Mabatini,32.9070568,-2.5146538
mwanza_businesses.6750,6750,6894,8571607957,Nyakabungo,,Nyakabungo,,,Mwanza,convenience,Nyamagana,Mo-Sa 08:00-18:00,Mabatini,32.9083228,-2.5165402
mwanza_businesses.6751,6751,6895,8571608027,Nyakabungo,,Nyakabungo,,,Mwanza,cosmetics,Nyamagana,Mo-Sa 08:00-18:00,Mabatini,32.9083872,-2.5165831
mwanza_businesses.6752,6752,6896,8571608180,,,Lake,,,Mwanza,clothes,Nyamagana,Mo-Sa 09:00-20:00,Mabatini,32.9088163,-2.5161972
mwanza_businesses.6753,6753,6897,8571608241,,,Lake,,,Mwanza,convenience,Nyamagana,Mo-Sa 08:00-18:00,Mabatini,32.9091435,-2.5157142
mwanza_businesses.6754,6754,6898,8571608534,,,Lake,,,Mwanza,convenience,Nyamagana,Mo-Sa 08:00-18:00,Mabatini,32.9093654,-2.5154645
mwanza_businesses.6755,6755,6899,8571609805,,,Lake,,,Mwanza,convenience,Nyamagana,Mo-Sa 09:00-20:00,Mabatini,32.908988,-2.5161543
mwanza_businesses.6756,6756,6900,8571611338,,,Lake,,,Mwanza,convenience,Nyamagana,Mo-Sa 08:00-18:00,Mabatini,32.9089022,-2.5159614
mwanza_businesses.6757,6757,6901,8571611947,,,Lake,,,Mwanza,convenience,Nyamagana,Mo-Sa 08:00-18:00,Mabatini,32.908988,-2.5158113
mwanza_businesses.6758,6758,6902,8571613682,,,Lake,,,Mwanza,convenience,Nyamagana,Mo-Sa 09:00-20:00,Mabatini,32.9089451,-2.5166903
mwanza_businesses.6759,6759,6903,8571614464,,,Lake,,,Mwanza,gas,Nyamagana,Mo-Sa 09:00-20:00,Mabatini,32.9090464,-2.5159389
